/*--------------------------------*- C++ -*----------------------------------*\
  =========                 |
  \\      /  F ield         | OpenFOAM: The Open Source CFD Toolbox
   \\    /   O peration     | Website:  https://openfoam.org
    \\  /    A nd           | Version:  11
     \\/     M anipulation  |
\*---------------------------------------------------------------------------*/
FoamFile
{
    format      ascii;
    class       labelList;
    note        "nPoints: 44541 nCells: 40000 nFaces: 124400 nInternalFaces: 115600";
    location    "constant/polyMesh";
    object      neighbour;
}
// * * * * * * * * * * * * * * * * * * * * * * * * * * * * * * * * * * * * * //


115600
(
1
20
400
2
21
401
3
22
402
4
23
403
5
24
404
6
25
405
7
26
406
8
27
407
9
28
408
10
29
409
11
30
410
12
31
411
13
32
412
14
33
413
15
34
414
16
35
415
17
36
416
18
37
417
19
38
418
39
419
21
40
420
22
41
421
23
42
422
24
43
423
25
44
424
26
45
425
27
46
426
28
47
427
29
48
428
30
49
429
31
50
430
32
51
431
33
52
432
34
53
433
35
54
434
36
55
435
37
56
436
38
57
437
39
58
438
59
439
41
60
440
42
61
441
43
62
442
44
63
443
45
64
444
46
65
445
47
66
446
48
67
447
49
68
448
50
69
449
51
70
450
52
71
451
53
72
452
54
73
453
55
74
454
56
75
455
57
76
456
58
77
457
59
78
458
79
459
61
80
460
62
81
461
63
82
462
64
83
463
65
84
464
66
85
465
67
86
466
68
87
467
69
88
468
70
89
469
71
90
470
72
91
471
73
92
472
74
93
473
75
94
474
76
95
475
77
96
476
78
97
477
79
98
478
99
479
81
100
480
82
101
481
83
102
482
84
103
483
85
104
484
86
105
485
87
106
486
88
107
487
89
108
488
90
109
489
91
110
490
92
111
491
93
112
492
94
113
493
95
114
494
96
115
495
97
116
496
98
117
497
99
118
498
119
499
101
120
500
102
121
501
103
122
502
104
123
503
105
124
504
106
125
505
107
126
506
108
127
507
109
128
508
110
129
509
111
130
510
112
131
511
113
132
512
114
133
513
115
134
514
116
135
515
117
136
516
118
137
517
119
138
518
139
519
121
140
520
122
141
521
123
142
522
124
143
523
125
144
524
126
145
525
127
146
526
128
147
527
129
148
528
130
149
529
131
150
530
132
151
531
133
152
532
134
153
533
135
154
534
136
155
535
137
156
536
138
157
537
139
158
538
159
539
141
160
540
142
161
541
143
162
542
144
163
543
145
164
544
146
165
545
147
166
546
148
167
547
149
168
548
150
169
549
151
170
550
152
171
551
153
172
552
154
173
553
155
174
554
156
175
555
157
176
556
158
177
557
159
178
558
179
559
161
180
560
162
181
561
163
182
562
164
183
563
165
184
564
166
185
565
167
186
566
168
187
567
169
188
568
170
189
569
171
190
570
172
191
571
173
192
572
174
193
573
175
194
574
176
195
575
177
196
576
178
197
577
179
198
578
199
579
181
200
580
182
201
581
183
202
582
184
203
583
185
204
584
186
205
585
187
206
586
188
207
587
189
208
588
190
209
589
191
210
590
192
211
591
193
212
592
194
213
593
195
214
594
196
215
595
197
216
596
198
217
597
199
218
598
219
599
201
220
600
202
221
601
203
222
602
204
223
603
205
224
604
206
225
605
207
226
606
208
227
607
209
228
608
210
229
609
211
230
610
212
231
611
213
232
612
214
233
613
215
234
614
216
235
615
217
236
616
218
237
617
219
238
618
239
619
221
240
620
222
241
621
223
242
622
224
243
623
225
244
624
226
245
625
227
246
626
228
247
627
229
248
628
230
249
629
231
250
630
232
251
631
233
252
632
234
253
633
235
254
634
236
255
635
237
256
636
238
257
637
239
258
638
259
639
241
260
640
242
261
641
243
262
642
244
263
643
245
264
644
246
265
645
247
266
646
248
267
647
249
268
648
250
269
649
251
270
650
252
271
651
253
272
652
254
273
653
255
274
654
256
275
655
257
276
656
258
277
657
259
278
658
279
659
261
280
660
262
281
661
263
282
662
264
283
663
265
284
664
266
285
665
267
286
666
268
287
667
269
288
668
270
289
669
271
290
670
272
291
671
273
292
672
274
293
673
275
294
674
276
295
675
277
296
676
278
297
677
279
298
678
299
679
281
300
680
282
301
681
283
302
682
284
303
683
285
304
684
286
305
685
287
306
686
288
307
687
289
308
688
290
309
689
291
310
690
292
311
691
293
312
692
294
313
693
295
314
694
296
315
695
297
316
696
298
317
697
299
318
698
319
699
301
320
700
302
321
701
303
322
702
304
323
703
305
324
704
306
325
705
307
326
706
308
327
707
309
328
708
310
329
709
311
330
710
312
331
711
313
332
712
314
333
713
315
334
714
316
335
715
317
336
716
318
337
717
319
338
718
339
719
321
340
720
322
341
721
323
342
722
324
343
723
325
344
724
326
345
725
327
346
726
328
347
727
329
348
728
330
349
729
331
350
730
332
351
731
333
352
732
334
353
733
335
354
734
336
355
735
337
356
736
338
357
737
339
358
738
359
739
341
360
740
342
361
741
343
362
742
344
363
743
345
364
744
346
365
745
347
366
746
348
367
747
349
368
748
350
369
749
351
370
750
352
371
751
353
372
752
354
373
753
355
374
754
356
375
755
357
376
756
358
377
757
359
378
758
379
759
361
380
760
362
381
761
363
382
762
364
383
763
365
384
764
366
385
765
367
386
766
368
387
767
369
388
768
370
389
769
371
390
770
372
391
771
373
392
772
374
393
773
375
394
774
376
395
775
377
396
776
378
397
777
379
398
778
399
779
381
780
382
781
383
782
384
783
385
784
386
785
387
786
388
787
389
788
390
789
391
790
392
791
393
792
394
793
395
794
396
795
397
796
398
797
399
798
799
401
420
800
402
421
801
403
422
802
404
423
803
405
424
804
406
425
805
407
426
806
408
427
807
409
428
808
410
429
809
411
430
810
412
431
811
413
432
812
414
433
813
415
434
814
416
435
815
417
436
816
418
437
817
419
438
818
439
819
421
440
820
422
441
821
423
442
822
424
443
823
425
444
824
426
445
825
427
446
826
428
447
827
429
448
828
430
449
829
431
450
830
432
451
831
433
452
832
434
453
833
435
454
834
436
455
835
437
456
836
438
457
837
439
458
838
459
839
441
460
840
442
461
841
443
462
842
444
463
843
445
464
844
446
465
845
447
466
846
448
467
847
449
468
848
450
469
849
451
470
850
452
471
851
453
472
852
454
473
853
455
474
854
456
475
855
457
476
856
458
477
857
459
478
858
479
859
461
480
860
462
481
861
463
482
862
464
483
863
465
484
864
466
485
865
467
486
866
468
487
867
469
488
868
470
489
869
471
490
870
472
491
871
473
492
872
474
493
873
475
494
874
476
495
875
477
496
876
478
497
877
479
498
878
499
879
481
500
880
482
501
881
483
502
882
484
503
883
485
504
884
486
505
885
487
506
886
488
507
887
489
508
888
490
509
889
491
510
890
492
511
891
493
512
892
494
513
893
495
514
894
496
515
895
497
516
896
498
517
897
499
518
898
519
899
501
520
900
502
521
901
503
522
902
504
523
903
505
524
904
506
525
905
507
526
906
508
527
907
509
528
908
510
529
909
511
530
910
512
531
911
513
532
912
514
533
913
515
534
914
516
535
915
517
536
916
518
537
917
519
538
918
539
919
521
540
920
522
541
921
523
542
922
524
543
923
525
544
924
526
545
925
527
546
926
528
547
927
529
548
928
530
549
929
531
550
930
532
551
931
533
552
932
534
553
933
535
554
934
536
555
935
537
556
936
538
557
937
539
558
938
559
939
541
560
940
542
561
941
543
562
942
544
563
943
545
564
944
546
565
945
547
566
946
548
567
947
549
568
948
550
569
949
551
570
950
552
571
951
553
572
952
554
573
953
555
574
954
556
575
955
557
576
956
558
577
957
559
578
958
579
959
561
580
960
562
581
961
563
582
962
564
583
963
565
584
964
566
585
965
567
586
966
568
587
967
569
588
968
570
589
969
571
590
970
572
591
971
573
592
972
574
593
973
575
594
974
576
595
975
577
596
976
578
597
977
579
598
978
599
979
581
600
980
582
601
981
583
602
982
584
603
983
585
604
984
586
605
985
587
606
986
588
607
987
589
608
988
590
609
989
591
610
990
592
611
991
593
612
992
594
613
993
595
614
994
596
615
995
597
616
996
598
617
997
599
618
998
619
999
601
620
1000
602
621
1001
603
622
1002
604
623
1003
605
624
1004
606
625
1005
607
626
1006
608
627
1007
609
628
1008
610
629
1009
611
630
1010
612
631
1011
613
632
1012
614
633
1013
615
634
1014
616
635
1015
617
636
1016
618
637
1017
619
638
1018
639
1019
621
640
1020
622
641
1021
623
642
1022
624
643
1023
625
644
1024
626
645
1025
627
646
1026
628
647
1027
629
648
1028
630
649
1029
631
650
1030
632
651
1031
633
652
1032
634
653
1033
635
654
1034
636
655
1035
637
656
1036
638
657
1037
639
658
1038
659
1039
641
660
1040
642
661
1041
643
662
1042
644
663
1043
645
664
1044
646
665
1045
647
666
1046
648
667
1047
649
668
1048
650
669
1049
651
670
1050
652
671
1051
653
672
1052
654
673
1053
655
674
1054
656
675
1055
657
676
1056
658
677
1057
659
678
1058
679
1059
661
680
1060
662
681
1061
663
682
1062
664
683
1063
665
684
1064
666
685
1065
667
686
1066
668
687
1067
669
688
1068
670
689
1069
671
690
1070
672
691
1071
673
692
1072
674
693
1073
675
694
1074
676
695
1075
677
696
1076
678
697
1077
679
698
1078
699
1079
681
700
1080
682
701
1081
683
702
1082
684
703
1083
685
704
1084
686
705
1085
687
706
1086
688
707
1087
689
708
1088
690
709
1089
691
710
1090
692
711
1091
693
712
1092
694
713
1093
695
714
1094
696
715
1095
697
716
1096
698
717
1097
699
718
1098
719
1099
701
720
1100
702
721
1101
703
722
1102
704
723
1103
705
724
1104
706
725
1105
707
726
1106
708
727
1107
709
728
1108
710
729
1109
711
730
1110
712
731
1111
713
732
1112
714
733
1113
715
734
1114
716
735
1115
717
736
1116
718
737
1117
719
738
1118
739
1119
721
740
1120
722
741
1121
723
742
1122
724
743
1123
725
744
1124
726
745
1125
727
746
1126
728
747
1127
729
748
1128
730
749
1129
731
750
1130
732
751
1131
733
752
1132
734
753
1133
735
754
1134
736
755
1135
737
756
1136
738
757
1137
739
758
1138
759
1139
741
760
1140
742
761
1141
743
762
1142
744
763
1143
745
764
1144
746
765
1145
747
766
1146
748
767
1147
749
768
1148
750
769
1149
751
770
1150
752
771
1151
753
772
1152
754
773
1153
755
774
1154
756
775
1155
757
776
1156
758
777
1157
759
778
1158
779
1159
761
780
1160
762
781
1161
763
782
1162
764
783
1163
765
784
1164
766
785
1165
767
786
1166
768
787
1167
769
788
1168
770
789
1169
771
790
1170
772
791
1171
773
792
1172
774
793
1173
775
794
1174
776
795
1175
777
796
1176
778
797
1177
779
798
1178
799
1179
781
1180
782
1181
783
1182
784
1183
785
1184
786
1185
787
1186
788
1187
789
1188
790
1189
791
1190
792
1191
793
1192
794
1193
795
1194
796
1195
797
1196
798
1197
799
1198
1199
801
820
1200
802
821
1201
803
822
1202
804
823
1203
805
824
1204
806
825
1205
807
826
1206
808
827
1207
809
828
1208
810
829
1209
811
830
1210
812
831
1211
813
832
1212
814
833
1213
815
834
1214
816
835
1215
817
836
1216
818
837
1217
819
838
1218
839
1219
821
840
1220
822
841
1221
823
842
1222
824
843
1223
825
844
1224
826
845
1225
827
846
1226
828
847
1227
829
848
1228
830
849
1229
831
850
1230
832
851
1231
833
852
1232
834
853
1233
835
854
1234
836
855
1235
837
856
1236
838
857
1237
839
858
1238
859
1239
841
860
1240
842
861
1241
843
862
1242
844
863
1243
845
864
1244
846
865
1245
847
866
1246
848
867
1247
849
868
1248
850
869
1249
851
870
1250
852
871
1251
853
872
1252
854
873
1253
855
874
1254
856
875
1255
857
876
1256
858
877
1257
859
878
1258
879
1259
861
880
1260
862
881
1261
863
882
1262
864
883
1263
865
884
1264
866
885
1265
867
886
1266
868
887
1267
869
888
1268
870
889
1269
871
890
1270
872
891
1271
873
892
1272
874
893
1273
875
894
1274
876
895
1275
877
896
1276
878
897
1277
879
898
1278
899
1279
881
900
1280
882
901
1281
883
902
1282
884
903
1283
885
904
1284
886
905
1285
887
906
1286
888
907
1287
889
908
1288
890
909
1289
891
910
1290
892
911
1291
893
912
1292
894
913
1293
895
914
1294
896
915
1295
897
916
1296
898
917
1297
899
918
1298
919
1299
901
920
1300
902
921
1301
903
922
1302
904
923
1303
905
924
1304
906
925
1305
907
926
1306
908
927
1307
909
928
1308
910
929
1309
911
930
1310
912
931
1311
913
932
1312
914
933
1313
915
934
1314
916
935
1315
917
936
1316
918
937
1317
919
938
1318
939
1319
921
940
1320
922
941
1321
923
942
1322
924
943
1323
925
944
1324
926
945
1325
927
946
1326
928
947
1327
929
948
1328
930
949
1329
931
950
1330
932
951
1331
933
952
1332
934
953
1333
935
954
1334
936
955
1335
937
956
1336
938
957
1337
939
958
1338
959
1339
941
960
1340
942
961
1341
943
962
1342
944
963
1343
945
964
1344
946
965
1345
947
966
1346
948
967
1347
949
968
1348
950
969
1349
951
970
1350
952
971
1351
953
972
1352
954
973
1353
955
974
1354
956
975
1355
957
976
1356
958
977
1357
959
978
1358
979
1359
961
980
1360
962
981
1361
963
982
1362
964
983
1363
965
984
1364
966
985
1365
967
986
1366
968
987
1367
969
988
1368
970
989
1369
971
990
1370
972
991
1371
973
992
1372
974
993
1373
975
994
1374
976
995
1375
977
996
1376
978
997
1377
979
998
1378
999
1379
981
1000
1380
982
1001
1381
983
1002
1382
984
1003
1383
985
1004
1384
986
1005
1385
987
1006
1386
988
1007
1387
989
1008
1388
990
1009
1389
991
1010
1390
992
1011
1391
993
1012
1392
994
1013
1393
995
1014
1394
996
1015
1395
997
1016
1396
998
1017
1397
999
1018
1398
1019
1399
1001
1020
1400
1002
1021
1401
1003
1022
1402
1004
1023
1403
1005
1024
1404
1006
1025
1405
1007
1026
1406
1008
1027
1407
1009
1028
1408
1010
1029
1409
1011
1030
1410
1012
1031
1411
1013
1032
1412
1014
1033
1413
1015
1034
1414
1016
1035
1415
1017
1036
1416
1018
1037
1417
1019
1038
1418
1039
1419
1021
1040
1420
1022
1041
1421
1023
1042
1422
1024
1043
1423
1025
1044
1424
1026
1045
1425
1027
1046
1426
1028
1047
1427
1029
1048
1428
1030
1049
1429
1031
1050
1430
1032
1051
1431
1033
1052
1432
1034
1053
1433
1035
1054
1434
1036
1055
1435
1037
1056
1436
1038
1057
1437
1039
1058
1438
1059
1439
1041
1060
1440
1042
1061
1441
1043
1062
1442
1044
1063
1443
1045
1064
1444
1046
1065
1445
1047
1066
1446
1048
1067
1447
1049
1068
1448
1050
1069
1449
1051
1070
1450
1052
1071
1451
1053
1072
1452
1054
1073
1453
1055
1074
1454
1056
1075
1455
1057
1076
1456
1058
1077
1457
1059
1078
1458
1079
1459
1061
1080
1460
1062
1081
1461
1063
1082
1462
1064
1083
1463
1065
1084
1464
1066
1085
1465
1067
1086
1466
1068
1087
1467
1069
1088
1468
1070
1089
1469
1071
1090
1470
1072
1091
1471
1073
1092
1472
1074
1093
1473
1075
1094
1474
1076
1095
1475
1077
1096
1476
1078
1097
1477
1079
1098
1478
1099
1479
1081
1100
1480
1082
1101
1481
1083
1102
1482
1084
1103
1483
1085
1104
1484
1086
1105
1485
1087
1106
1486
1088
1107
1487
1089
1108
1488
1090
1109
1489
1091
1110
1490
1092
1111
1491
1093
1112
1492
1094
1113
1493
1095
1114
1494
1096
1115
1495
1097
1116
1496
1098
1117
1497
1099
1118
1498
1119
1499
1101
1120
1500
1102
1121
1501
1103
1122
1502
1104
1123
1503
1105
1124
1504
1106
1125
1505
1107
1126
1506
1108
1127
1507
1109
1128
1508
1110
1129
1509
1111
1130
1510
1112
1131
1511
1113
1132
1512
1114
1133
1513
1115
1134
1514
1116
1135
1515
1117
1136
1516
1118
1137
1517
1119
1138
1518
1139
1519
1121
1140
1520
1122
1141
1521
1123
1142
1522
1124
1143
1523
1125
1144
1524
1126
1145
1525
1127
1146
1526
1128
1147
1527
1129
1148
1528
1130
1149
1529
1131
1150
1530
1132
1151
1531
1133
1152
1532
1134
1153
1533
1135
1154
1534
1136
1155
1535
1137
1156
1536
1138
1157
1537
1139
1158
1538
1159
1539
1141
1160
1540
1142
1161
1541
1143
1162
1542
1144
1163
1543
1145
1164
1544
1146
1165
1545
1147
1166
1546
1148
1167
1547
1149
1168
1548
1150
1169
1549
1151
1170
1550
1152
1171
1551
1153
1172
1552
1154
1173
1553
1155
1174
1554
1156
1175
1555
1157
1176
1556
1158
1177
1557
1159
1178
1558
1179
1559
1161
1180
1560
1162
1181
1561
1163
1182
1562
1164
1183
1563
1165
1184
1564
1166
1185
1565
1167
1186
1566
1168
1187
1567
1169
1188
1568
1170
1189
1569
1171
1190
1570
1172
1191
1571
1173
1192
1572
1174
1193
1573
1175
1194
1574
1176
1195
1575
1177
1196
1576
1178
1197
1577
1179
1198
1578
1199
1579
1181
1580
1182
1581
1183
1582
1184
1583
1185
1584
1186
1585
1187
1586
1188
1587
1189
1588
1190
1589
1191
1590
1192
1591
1193
1592
1194
1593
1195
1594
1196
1595
1197
1596
1198
1597
1199
1598
1599
1201
1220
1600
1202
1221
1601
1203
1222
1602
1204
1223
1603
1205
1224
1604
1206
1225
1605
1207
1226
1606
1208
1227
1607
1209
1228
1608
1210
1229
1609
1211
1230
1610
1212
1231
1611
1213
1232
1612
1214
1233
1613
1215
1234
1614
1216
1235
1615
1217
1236
1616
1218
1237
1617
1219
1238
1618
1239
1619
1221
1240
1620
1222
1241
1621
1223
1242
1622
1224
1243
1623
1225
1244
1624
1226
1245
1625
1227
1246
1626
1228
1247
1627
1229
1248
1628
1230
1249
1629
1231
1250
1630
1232
1251
1631
1233
1252
1632
1234
1253
1633
1235
1254
1634
1236
1255
1635
1237
1256
1636
1238
1257
1637
1239
1258
1638
1259
1639
1241
1260
1640
1242
1261
1641
1243
1262
1642
1244
1263
1643
1245
1264
1644
1246
1265
1645
1247
1266
1646
1248
1267
1647
1249
1268
1648
1250
1269
1649
1251
1270
1650
1252
1271
1651
1253
1272
1652
1254
1273
1653
1255
1274
1654
1256
1275
1655
1257
1276
1656
1258
1277
1657
1259
1278
1658
1279
1659
1261
1280
1660
1262
1281
1661
1263
1282
1662
1264
1283
1663
1265
1284
1664
1266
1285
1665
1267
1286
1666
1268
1287
1667
1269
1288
1668
1270
1289
1669
1271
1290
1670
1272
1291
1671
1273
1292
1672
1274
1293
1673
1275
1294
1674
1276
1295
1675
1277
1296
1676
1278
1297
1677
1279
1298
1678
1299
1679
1281
1300
1680
1282
1301
1681
1283
1302
1682
1284
1303
1683
1285
1304
1684
1286
1305
1685
1287
1306
1686
1288
1307
1687
1289
1308
1688
1290
1309
1689
1291
1310
1690
1292
1311
1691
1293
1312
1692
1294
1313
1693
1295
1314
1694
1296
1315
1695
1297
1316
1696
1298
1317
1697
1299
1318
1698
1319
1699
1301
1320
1700
1302
1321
1701
1303
1322
1702
1304
1323
1703
1305
1324
1704
1306
1325
1705
1307
1326
1706
1308
1327
1707
1309
1328
1708
1310
1329
1709
1311
1330
1710
1312
1331
1711
1313
1332
1712
1314
1333
1713
1315
1334
1714
1316
1335
1715
1317
1336
1716
1318
1337
1717
1319
1338
1718
1339
1719
1321
1340
1720
1322
1341
1721
1323
1342
1722
1324
1343
1723
1325
1344
1724
1326
1345
1725
1327
1346
1726
1328
1347
1727
1329
1348
1728
1330
1349
1729
1331
1350
1730
1332
1351
1731
1333
1352
1732
1334
1353
1733
1335
1354
1734
1336
1355
1735
1337
1356
1736
1338
1357
1737
1339
1358
1738
1359
1739
1341
1360
1740
1342
1361
1741
1343
1362
1742
1344
1363
1743
1345
1364
1744
1346
1365
1745
1347
1366
1746
1348
1367
1747
1349
1368
1748
1350
1369
1749
1351
1370
1750
1352
1371
1751
1353
1372
1752
1354
1373
1753
1355
1374
1754
1356
1375
1755
1357
1376
1756
1358
1377
1757
1359
1378
1758
1379
1759
1361
1380
1760
1362
1381
1761
1363
1382
1762
1364
1383
1763
1365
1384
1764
1366
1385
1765
1367
1386
1766
1368
1387
1767
1369
1388
1768
1370
1389
1769
1371
1390
1770
1372
1391
1771
1373
1392
1772
1374
1393
1773
1375
1394
1774
1376
1395
1775
1377
1396
1776
1378
1397
1777
1379
1398
1778
1399
1779
1381
1400
1780
1382
1401
1781
1383
1402
1782
1384
1403
1783
1385
1404
1784
1386
1405
1785
1387
1406
1786
1388
1407
1787
1389
1408
1788
1390
1409
1789
1391
1410
1790
1392
1411
1791
1393
1412
1792
1394
1413
1793
1395
1414
1794
1396
1415
1795
1397
1416
1796
1398
1417
1797
1399
1418
1798
1419
1799
1401
1420
1800
1402
1421
1801
1403
1422
1802
1404
1423
1803
1405
1424
1804
1406
1425
1805
1407
1426
1806
1408
1427
1807
1409
1428
1808
1410
1429
1809
1411
1430
1810
1412
1431
1811
1413
1432
1812
1414
1433
1813
1415
1434
1814
1416
1435
1815
1417
1436
1816
1418
1437
1817
1419
1438
1818
1439
1819
1421
1440
1820
1422
1441
1821
1423
1442
1822
1424
1443
1823
1425
1444
1824
1426
1445
1825
1427
1446
1826
1428
1447
1827
1429
1448
1828
1430
1449
1829
1431
1450
1830
1432
1451
1831
1433
1452
1832
1434
1453
1833
1435
1454
1834
1436
1455
1835
1437
1456
1836
1438
1457
1837
1439
1458
1838
1459
1839
1441
1460
1840
1442
1461
1841
1443
1462
1842
1444
1463
1843
1445
1464
1844
1446
1465
1845
1447
1466
1846
1448
1467
1847
1449
1468
1848
1450
1469
1849
1451
1470
1850
1452
1471
1851
1453
1472
1852
1454
1473
1853
1455
1474
1854
1456
1475
1855
1457
1476
1856
1458
1477
1857
1459
1478
1858
1479
1859
1461
1480
1860
1462
1481
1861
1463
1482
1862
1464
1483
1863
1465
1484
1864
1466
1485
1865
1467
1486
1866
1468
1487
1867
1469
1488
1868
1470
1489
1869
1471
1490
1870
1472
1491
1871
1473
1492
1872
1474
1493
1873
1475
1494
1874
1476
1495
1875
1477
1496
1876
1478
1497
1877
1479
1498
1878
1499
1879
1481
1500
1880
1482
1501
1881
1483
1502
1882
1484
1503
1883
1485
1504
1884
1486
1505
1885
1487
1506
1886
1488
1507
1887
1489
1508
1888
1490
1509
1889
1491
1510
1890
1492
1511
1891
1493
1512
1892
1494
1513
1893
1495
1514
1894
1496
1515
1895
1497
1516
1896
1498
1517
1897
1499
1518
1898
1519
1899
1501
1520
1900
1502
1521
1901
1503
1522
1902
1504
1523
1903
1505
1524
1904
1506
1525
1905
1507
1526
1906
1508
1527
1907
1509
1528
1908
1510
1529
1909
1511
1530
1910
1512
1531
1911
1513
1532
1912
1514
1533
1913
1515
1534
1914
1516
1535
1915
1517
1536
1916
1518
1537
1917
1519
1538
1918
1539
1919
1521
1540
1920
1522
1541
1921
1523
1542
1922
1524
1543
1923
1525
1544
1924
1526
1545
1925
1527
1546
1926
1528
1547
1927
1529
1548
1928
1530
1549
1929
1531
1550
1930
1532
1551
1931
1533
1552
1932
1534
1553
1933
1535
1554
1934
1536
1555
1935
1537
1556
1936
1538
1557
1937
1539
1558
1938
1559
1939
1541
1560
1940
1542
1561
1941
1543
1562
1942
1544
1563
1943
1545
1564
1944
1546
1565
1945
1547
1566
1946
1548
1567
1947
1549
1568
1948
1550
1569
1949
1551
1570
1950
1552
1571
1951
1553
1572
1952
1554
1573
1953
1555
1574
1954
1556
1575
1955
1557
1576
1956
1558
1577
1957
1559
1578
1958
1579
1959
1561
1580
1960
1562
1581
1961
1563
1582
1962
1564
1583
1963
1565
1584
1964
1566
1585
1965
1567
1586
1966
1568
1587
1967
1569
1588
1968
1570
1589
1969
1571
1590
1970
1572
1591
1971
1573
1592
1972
1574
1593
1973
1575
1594
1974
1576
1595
1975
1577
1596
1976
1578
1597
1977
1579
1598
1978
1599
1979
1581
1980
1582
1981
1583
1982
1584
1983
1585
1984
1586
1985
1587
1986
1588
1987
1589
1988
1590
1989
1591
1990
1592
1991
1593
1992
1594
1993
1595
1994
1596
1995
1597
1996
1598
1997
1599
1998
1999
1601
1620
2000
1602
1621
2001
1603
1622
2002
1604
1623
2003
1605
1624
2004
1606
1625
2005
1607
1626
2006
1608
1627
2007
1609
1628
2008
1610
1629
2009
1611
1630
2010
1612
1631
2011
1613
1632
2012
1614
1633
2013
1615
1634
2014
1616
1635
2015
1617
1636
2016
1618
1637
2017
1619
1638
2018
1639
2019
1621
1640
2020
1622
1641
2021
1623
1642
2022
1624
1643
2023
1625
1644
2024
1626
1645
2025
1627
1646
2026
1628
1647
2027
1629
1648
2028
1630
1649
2029
1631
1650
2030
1632
1651
2031
1633
1652
2032
1634
1653
2033
1635
1654
2034
1636
1655
2035
1637
1656
2036
1638
1657
2037
1639
1658
2038
1659
2039
1641
1660
2040
1642
1661
2041
1643
1662
2042
1644
1663
2043
1645
1664
2044
1646
1665
2045
1647
1666
2046
1648
1667
2047
1649
1668
2048
1650
1669
2049
1651
1670
2050
1652
1671
2051
1653
1672
2052
1654
1673
2053
1655
1674
2054
1656
1675
2055
1657
1676
2056
1658
1677
2057
1659
1678
2058
1679
2059
1661
1680
2060
1662
1681
2061
1663
1682
2062
1664
1683
2063
1665
1684
2064
1666
1685
2065
1667
1686
2066
1668
1687
2067
1669
1688
2068
1670
1689
2069
1671
1690
2070
1672
1691
2071
1673
1692
2072
1674
1693
2073
1675
1694
2074
1676
1695
2075
1677
1696
2076
1678
1697
2077
1679
1698
2078
1699
2079
1681
1700
2080
1682
1701
2081
1683
1702
2082
1684
1703
2083
1685
1704
2084
1686
1705
2085
1687
1706
2086
1688
1707
2087
1689
1708
2088
1690
1709
2089
1691
1710
2090
1692
1711
2091
1693
1712
2092
1694
1713
2093
1695
1714
2094
1696
1715
2095
1697
1716
2096
1698
1717
2097
1699
1718
2098
1719
2099
1701
1720
2100
1702
1721
2101
1703
1722
2102
1704
1723
2103
1705
1724
2104
1706
1725
2105
1707
1726
2106
1708
1727
2107
1709
1728
2108
1710
1729
2109
1711
1730
2110
1712
1731
2111
1713
1732
2112
1714
1733
2113
1715
1734
2114
1716
1735
2115
1717
1736
2116
1718
1737
2117
1719
1738
2118
1739
2119
1721
1740
2120
1722
1741
2121
1723
1742
2122
1724
1743
2123
1725
1744
2124
1726
1745
2125
1727
1746
2126
1728
1747
2127
1729
1748
2128
1730
1749
2129
1731
1750
2130
1732
1751
2131
1733
1752
2132
1734
1753
2133
1735
1754
2134
1736
1755
2135
1737
1756
2136
1738
1757
2137
1739
1758
2138
1759
2139
1741
1760
2140
1742
1761
2141
1743
1762
2142
1744
1763
2143
1745
1764
2144
1746
1765
2145
1747
1766
2146
1748
1767
2147
1749
1768
2148
1750
1769
2149
1751
1770
2150
1752
1771
2151
1753
1772
2152
1754
1773
2153
1755
1774
2154
1756
1775
2155
1757
1776
2156
1758
1777
2157
1759
1778
2158
1779
2159
1761
1780
2160
1762
1781
2161
1763
1782
2162
1764
1783
2163
1765
1784
2164
1766
1785
2165
1767
1786
2166
1768
1787
2167
1769
1788
2168
1770
1789
2169
1771
1790
2170
1772
1791
2171
1773
1792
2172
1774
1793
2173
1775
1794
2174
1776
1795
2175
1777
1796
2176
1778
1797
2177
1779
1798
2178
1799
2179
1781
1800
2180
1782
1801
2181
1783
1802
2182
1784
1803
2183
1785
1804
2184
1786
1805
2185
1787
1806
2186
1788
1807
2187
1789
1808
2188
1790
1809
2189
1791
1810
2190
1792
1811
2191
1793
1812
2192
1794
1813
2193
1795
1814
2194
1796
1815
2195
1797
1816
2196
1798
1817
2197
1799
1818
2198
1819
2199
1801
1820
2200
1802
1821
2201
1803
1822
2202
1804
1823
2203
1805
1824
2204
1806
1825
2205
1807
1826
2206
1808
1827
2207
1809
1828
2208
1810
1829
2209
1811
1830
2210
1812
1831
2211
1813
1832
2212
1814
1833
2213
1815
1834
2214
1816
1835
2215
1817
1836
2216
1818
1837
2217
1819
1838
2218
1839
2219
1821
1840
2220
1822
1841
2221
1823
1842
2222
1824
1843
2223
1825
1844
2224
1826
1845
2225
1827
1846
2226
1828
1847
2227
1829
1848
2228
1830
1849
2229
1831
1850
2230
1832
1851
2231
1833
1852
2232
1834
1853
2233
1835
1854
2234
1836
1855
2235
1837
1856
2236
1838
1857
2237
1839
1858
2238
1859
2239
1841
1860
2240
1842
1861
2241
1843
1862
2242
1844
1863
2243
1845
1864
2244
1846
1865
2245
1847
1866
2246
1848
1867
2247
1849
1868
2248
1850
1869
2249
1851
1870
2250
1852
1871
2251
1853
1872
2252
1854
1873
2253
1855
1874
2254
1856
1875
2255
1857
1876
2256
1858
1877
2257
1859
1878
2258
1879
2259
1861
1880
2260
1862
1881
2261
1863
1882
2262
1864
1883
2263
1865
1884
2264
1866
1885
2265
1867
1886
2266
1868
1887
2267
1869
1888
2268
1870
1889
2269
1871
1890
2270
1872
1891
2271
1873
1892
2272
1874
1893
2273
1875
1894
2274
1876
1895
2275
1877
1896
2276
1878
1897
2277
1879
1898
2278
1899
2279
1881
1900
2280
1882
1901
2281
1883
1902
2282
1884
1903
2283
1885
1904
2284
1886
1905
2285
1887
1906
2286
1888
1907
2287
1889
1908
2288
1890
1909
2289
1891
1910
2290
1892
1911
2291
1893
1912
2292
1894
1913
2293
1895
1914
2294
1896
1915
2295
1897
1916
2296
1898
1917
2297
1899
1918
2298
1919
2299
1901
1920
2300
1902
1921
2301
1903
1922
2302
1904
1923
2303
1905
1924
2304
1906
1925
2305
1907
1926
2306
1908
1927
2307
1909
1928
2308
1910
1929
2309
1911
1930
2310
1912
1931
2311
1913
1932
2312
1914
1933
2313
1915
1934
2314
1916
1935
2315
1917
1936
2316
1918
1937
2317
1919
1938
2318
1939
2319
1921
1940
2320
1922
1941
2321
1923
1942
2322
1924
1943
2323
1925
1944
2324
1926
1945
2325
1927
1946
2326
1928
1947
2327
1929
1948
2328
1930
1949
2329
1931
1950
2330
1932
1951
2331
1933
1952
2332
1934
1953
2333
1935
1954
2334
1936
1955
2335
1937
1956
2336
1938
1957
2337
1939
1958
2338
1959
2339
1941
1960
2340
1942
1961
2341
1943
1962
2342
1944
1963
2343
1945
1964
2344
1946
1965
2345
1947
1966
2346
1948
1967
2347
1949
1968
2348
1950
1969
2349
1951
1970
2350
1952
1971
2351
1953
1972
2352
1954
1973
2353
1955
1974
2354
1956
1975
2355
1957
1976
2356
1958
1977
2357
1959
1978
2358
1979
2359
1961
1980
2360
1962
1981
2361
1963
1982
2362
1964
1983
2363
1965
1984
2364
1966
1985
2365
1967
1986
2366
1968
1987
2367
1969
1988
2368
1970
1989
2369
1971
1990
2370
1972
1991
2371
1973
1992
2372
1974
1993
2373
1975
1994
2374
1976
1995
2375
1977
1996
2376
1978
1997
2377
1979
1998
2378
1999
2379
1981
2380
1982
2381
1983
2382
1984
2383
1985
2384
1986
2385
1987
2386
1988
2387
1989
2388
1990
2389
1991
2390
1992
2391
1993
2392
1994
2393
1995
2394
1996
2395
1997
2396
1998
2397
1999
2398
2399
2001
2020
2400
2002
2021
2401
2003
2022
2402
2004
2023
2403
2005
2024
2404
2006
2025
2405
2007
2026
2406
2008
2027
2407
2009
2028
2408
2010
2029
2409
2011
2030
2410
2012
2031
2411
2013
2032
2412
2014
2033
2413
2015
2034
2414
2016
2035
2415
2017
2036
2416
2018
2037
2417
2019
2038
2418
2039
2419
2021
2040
2420
2022
2041
2421
2023
2042
2422
2024
2043
2423
2025
2044
2424
2026
2045
2425
2027
2046
2426
2028
2047
2427
2029
2048
2428
2030
2049
2429
2031
2050
2430
2032
2051
2431
2033
2052
2432
2034
2053
2433
2035
2054
2434
2036
2055
2435
2037
2056
2436
2038
2057
2437
2039
2058
2438
2059
2439
2041
2060
2440
2042
2061
2441
2043
2062
2442
2044
2063
2443
2045
2064
2444
2046
2065
2445
2047
2066
2446
2048
2067
2447
2049
2068
2448
2050
2069
2449
2051
2070
2450
2052
2071
2451
2053
2072
2452
2054
2073
2453
2055
2074
2454
2056
2075
2455
2057
2076
2456
2058
2077
2457
2059
2078
2458
2079
2459
2061
2080
2460
2062
2081
2461
2063
2082
2462
2064
2083
2463
2065
2084
2464
2066
2085
2465
2067
2086
2466
2068
2087
2467
2069
2088
2468
2070
2089
2469
2071
2090
2470
2072
2091
2471
2073
2092
2472
2074
2093
2473
2075
2094
2474
2076
2095
2475
2077
2096
2476
2078
2097
2477
2079
2098
2478
2099
2479
2081
2100
2480
2082
2101
2481
2083
2102
2482
2084
2103
2483
2085
2104
2484
2086
2105
2485
2087
2106
2486
2088
2107
2487
2089
2108
2488
2090
2109
2489
2091
2110
2490
2092
2111
2491
2093
2112
2492
2094
2113
2493
2095
2114
2494
2096
2115
2495
2097
2116
2496
2098
2117
2497
2099
2118
2498
2119
2499
2101
2120
2500
2102
2121
2501
2103
2122
2502
2104
2123
2503
2105
2124
2504
2106
2125
2505
2107
2126
2506
2108
2127
2507
2109
2128
2508
2110
2129
2509
2111
2130
2510
2112
2131
2511
2113
2132
2512
2114
2133
2513
2115
2134
2514
2116
2135
2515
2117
2136
2516
2118
2137
2517
2119
2138
2518
2139
2519
2121
2140
2520
2122
2141
2521
2123
2142
2522
2124
2143
2523
2125
2144
2524
2126
2145
2525
2127
2146
2526
2128
2147
2527
2129
2148
2528
2130
2149
2529
2131
2150
2530
2132
2151
2531
2133
2152
2532
2134
2153
2533
2135
2154
2534
2136
2155
2535
2137
2156
2536
2138
2157
2537
2139
2158
2538
2159
2539
2141
2160
2540
2142
2161
2541
2143
2162
2542
2144
2163
2543
2145
2164
2544
2146
2165
2545
2147
2166
2546
2148
2167
2547
2149
2168
2548
2150
2169
2549
2151
2170
2550
2152
2171
2551
2153
2172
2552
2154
2173
2553
2155
2174
2554
2156
2175
2555
2157
2176
2556
2158
2177
2557
2159
2178
2558
2179
2559
2161
2180
2560
2162
2181
2561
2163
2182
2562
2164
2183
2563
2165
2184
2564
2166
2185
2565
2167
2186
2566
2168
2187
2567
2169
2188
2568
2170
2189
2569
2171
2190
2570
2172
2191
2571
2173
2192
2572
2174
2193
2573
2175
2194
2574
2176
2195
2575
2177
2196
2576
2178
2197
2577
2179
2198
2578
2199
2579
2181
2200
2580
2182
2201
2581
2183
2202
2582
2184
2203
2583
2185
2204
2584
2186
2205
2585
2187
2206
2586
2188
2207
2587
2189
2208
2588
2190
2209
2589
2191
2210
2590
2192
2211
2591
2193
2212
2592
2194
2213
2593
2195
2214
2594
2196
2215
2595
2197
2216
2596
2198
2217
2597
2199
2218
2598
2219
2599
2201
2220
2600
2202
2221
2601
2203
2222
2602
2204
2223
2603
2205
2224
2604
2206
2225
2605
2207
2226
2606
2208
2227
2607
2209
2228
2608
2210
2229
2609
2211
2230
2610
2212
2231
2611
2213
2232
2612
2214
2233
2613
2215
2234
2614
2216
2235
2615
2217
2236
2616
2218
2237
2617
2219
2238
2618
2239
2619
2221
2240
2620
2222
2241
2621
2223
2242
2622
2224
2243
2623
2225
2244
2624
2226
2245
2625
2227
2246
2626
2228
2247
2627
2229
2248
2628
2230
2249
2629
2231
2250
2630
2232
2251
2631
2233
2252
2632
2234
2253
2633
2235
2254
2634
2236
2255
2635
2237
2256
2636
2238
2257
2637
2239
2258
2638
2259
2639
2241
2260
2640
2242
2261
2641
2243
2262
2642
2244
2263
2643
2245
2264
2644
2246
2265
2645
2247
2266
2646
2248
2267
2647
2249
2268
2648
2250
2269
2649
2251
2270
2650
2252
2271
2651
2253
2272
2652
2254
2273
2653
2255
2274
2654
2256
2275
2655
2257
2276
2656
2258
2277
2657
2259
2278
2658
2279
2659
2261
2280
2660
2262
2281
2661
2263
2282
2662
2264
2283
2663
2265
2284
2664
2266
2285
2665
2267
2286
2666
2268
2287
2667
2269
2288
2668
2270
2289
2669
2271
2290
2670
2272
2291
2671
2273
2292
2672
2274
2293
2673
2275
2294
2674
2276
2295
2675
2277
2296
2676
2278
2297
2677
2279
2298
2678
2299
2679
2281
2300
2680
2282
2301
2681
2283
2302
2682
2284
2303
2683
2285
2304
2684
2286
2305
2685
2287
2306
2686
2288
2307
2687
2289
2308
2688
2290
2309
2689
2291
2310
2690
2292
2311
2691
2293
2312
2692
2294
2313
2693
2295
2314
2694
2296
2315
2695
2297
2316
2696
2298
2317
2697
2299
2318
2698
2319
2699
2301
2320
2700
2302
2321
2701
2303
2322
2702
2304
2323
2703
2305
2324
2704
2306
2325
2705
2307
2326
2706
2308
2327
2707
2309
2328
2708
2310
2329
2709
2311
2330
2710
2312
2331
2711
2313
2332
2712
2314
2333
2713
2315
2334
2714
2316
2335
2715
2317
2336
2716
2318
2337
2717
2319
2338
2718
2339
2719
2321
2340
2720
2322
2341
2721
2323
2342
2722
2324
2343
2723
2325
2344
2724
2326
2345
2725
2327
2346
2726
2328
2347
2727
2329
2348
2728
2330
2349
2729
2331
2350
2730
2332
2351
2731
2333
2352
2732
2334
2353
2733
2335
2354
2734
2336
2355
2735
2337
2356
2736
2338
2357
2737
2339
2358
2738
2359
2739
2341
2360
2740
2342
2361
2741
2343
2362
2742
2344
2363
2743
2345
2364
2744
2346
2365
2745
2347
2366
2746
2348
2367
2747
2349
2368
2748
2350
2369
2749
2351
2370
2750
2352
2371
2751
2353
2372
2752
2354
2373
2753
2355
2374
2754
2356
2375
2755
2357
2376
2756
2358
2377
2757
2359
2378
2758
2379
2759
2361
2380
2760
2362
2381
2761
2363
2382
2762
2364
2383
2763
2365
2384
2764
2366
2385
2765
2367
2386
2766
2368
2387
2767
2369
2388
2768
2370
2389
2769
2371
2390
2770
2372
2391
2771
2373
2392
2772
2374
2393
2773
2375
2394
2774
2376
2395
2775
2377
2396
2776
2378
2397
2777
2379
2398
2778
2399
2779
2381
2780
2382
2781
2383
2782
2384
2783
2385
2784
2386
2785
2387
2786
2388
2787
2389
2788
2390
2789
2391
2790
2392
2791
2393
2792
2394
2793
2395
2794
2396
2795
2397
2796
2398
2797
2399
2798
2799
2401
2420
2800
2402
2421
2801
2403
2422
2802
2404
2423
2803
2405
2424
2804
2406
2425
2805
2407
2426
2806
2408
2427
2807
2409
2428
2808
2410
2429
2809
2411
2430
2810
2412
2431
2811
2413
2432
2812
2414
2433
2813
2415
2434
2814
2416
2435
2815
2417
2436
2816
2418
2437
2817
2419
2438
2818
2439
2819
2421
2440
2820
2422
2441
2821
2423
2442
2822
2424
2443
2823
2425
2444
2824
2426
2445
2825
2427
2446
2826
2428
2447
2827
2429
2448
2828
2430
2449
2829
2431
2450
2830
2432
2451
2831
2433
2452
2832
2434
2453
2833
2435
2454
2834
2436
2455
2835
2437
2456
2836
2438
2457
2837
2439
2458
2838
2459
2839
2441
2460
2840
2442
2461
2841
2443
2462
2842
2444
2463
2843
2445
2464
2844
2446
2465
2845
2447
2466
2846
2448
2467
2847
2449
2468
2848
2450
2469
2849
2451
2470
2850
2452
2471
2851
2453
2472
2852
2454
2473
2853
2455
2474
2854
2456
2475
2855
2457
2476
2856
2458
2477
2857
2459
2478
2858
2479
2859
2461
2480
2860
2462
2481
2861
2463
2482
2862
2464
2483
2863
2465
2484
2864
2466
2485
2865
2467
2486
2866
2468
2487
2867
2469
2488
2868
2470
2489
2869
2471
2490
2870
2472
2491
2871
2473
2492
2872
2474
2493
2873
2475
2494
2874
2476
2495
2875
2477
2496
2876
2478
2497
2877
2479
2498
2878
2499
2879
2481
2500
2880
2482
2501
2881
2483
2502
2882
2484
2503
2883
2485
2504
2884
2486
2505
2885
2487
2506
2886
2488
2507
2887
2489
2508
2888
2490
2509
2889
2491
2510
2890
2492
2511
2891
2493
2512
2892
2494
2513
2893
2495
2514
2894
2496
2515
2895
2497
2516
2896
2498
2517
2897
2499
2518
2898
2519
2899
2501
2520
2900
2502
2521
2901
2503
2522
2902
2504
2523
2903
2505
2524
2904
2506
2525
2905
2507
2526
2906
2508
2527
2907
2509
2528
2908
2510
2529
2909
2511
2530
2910
2512
2531
2911
2513
2532
2912
2514
2533
2913
2515
2534
2914
2516
2535
2915
2517
2536
2916
2518
2537
2917
2519
2538
2918
2539
2919
2521
2540
2920
2522
2541
2921
2523
2542
2922
2524
2543
2923
2525
2544
2924
2526
2545
2925
2527
2546
2926
2528
2547
2927
2529
2548
2928
2530
2549
2929
2531
2550
2930
2532
2551
2931
2533
2552
2932
2534
2553
2933
2535
2554
2934
2536
2555
2935
2537
2556
2936
2538
2557
2937
2539
2558
2938
2559
2939
2541
2560
2940
2542
2561
2941
2543
2562
2942
2544
2563
2943
2545
2564
2944
2546
2565
2945
2547
2566
2946
2548
2567
2947
2549
2568
2948
2550
2569
2949
2551
2570
2950
2552
2571
2951
2553
2572
2952
2554
2573
2953
2555
2574
2954
2556
2575
2955
2557
2576
2956
2558
2577
2957
2559
2578
2958
2579
2959
2561
2580
2960
2562
2581
2961
2563
2582
2962
2564
2583
2963
2565
2584
2964
2566
2585
2965
2567
2586
2966
2568
2587
2967
2569
2588
2968
2570
2589
2969
2571
2590
2970
2572
2591
2971
2573
2592
2972
2574
2593
2973
2575
2594
2974
2576
2595
2975
2577
2596
2976
2578
2597
2977
2579
2598
2978
2599
2979
2581
2600
2980
2582
2601
2981
2583
2602
2982
2584
2603
2983
2585
2604
2984
2586
2605
2985
2587
2606
2986
2588
2607
2987
2589
2608
2988
2590
2609
2989
2591
2610
2990
2592
2611
2991
2593
2612
2992
2594
2613
2993
2595
2614
2994
2596
2615
2995
2597
2616
2996
2598
2617
2997
2599
2618
2998
2619
2999
2601
2620
3000
2602
2621
3001
2603
2622
3002
2604
2623
3003
2605
2624
3004
2606
2625
3005
2607
2626
3006
2608
2627
3007
2609
2628
3008
2610
2629
3009
2611
2630
3010
2612
2631
3011
2613
2632
3012
2614
2633
3013
2615
2634
3014
2616
2635
3015
2617
2636
3016
2618
2637
3017
2619
2638
3018
2639
3019
2621
2640
3020
2622
2641
3021
2623
2642
3022
2624
2643
3023
2625
2644
3024
2626
2645
3025
2627
2646
3026
2628
2647
3027
2629
2648
3028
2630
2649
3029
2631
2650
3030
2632
2651
3031
2633
2652
3032
2634
2653
3033
2635
2654
3034
2636
2655
3035
2637
2656
3036
2638
2657
3037
2639
2658
3038
2659
3039
2641
2660
3040
2642
2661
3041
2643
2662
3042
2644
2663
3043
2645
2664
3044
2646
2665
3045
2647
2666
3046
2648
2667
3047
2649
2668
3048
2650
2669
3049
2651
2670
3050
2652
2671
3051
2653
2672
3052
2654
2673
3053
2655
2674
3054
2656
2675
3055
2657
2676
3056
2658
2677
3057
2659
2678
3058
2679
3059
2661
2680
3060
2662
2681
3061
2663
2682
3062
2664
2683
3063
2665
2684
3064
2666
2685
3065
2667
2686
3066
2668
2687
3067
2669
2688
3068
2670
2689
3069
2671
2690
3070
2672
2691
3071
2673
2692
3072
2674
2693
3073
2675
2694
3074
2676
2695
3075
2677
2696
3076
2678
2697
3077
2679
2698
3078
2699
3079
2681
2700
3080
2682
2701
3081
2683
2702
3082
2684
2703
3083
2685
2704
3084
2686
2705
3085
2687
2706
3086
2688
2707
3087
2689
2708
3088
2690
2709
3089
2691
2710
3090
2692
2711
3091
2693
2712
3092
2694
2713
3093
2695
2714
3094
2696
2715
3095
2697
2716
3096
2698
2717
3097
2699
2718
3098
2719
3099
2701
2720
3100
2702
2721
3101
2703
2722
3102
2704
2723
3103
2705
2724
3104
2706
2725
3105
2707
2726
3106
2708
2727
3107
2709
2728
3108
2710
2729
3109
2711
2730
3110
2712
2731
3111
2713
2732
3112
2714
2733
3113
2715
2734
3114
2716
2735
3115
2717
2736
3116
2718
2737
3117
2719
2738
3118
2739
3119
2721
2740
3120
2722
2741
3121
2723
2742
3122
2724
2743
3123
2725
2744
3124
2726
2745
3125
2727
2746
3126
2728
2747
3127
2729
2748
3128
2730
2749
3129
2731
2750
3130
2732
2751
3131
2733
2752
3132
2734
2753
3133
2735
2754
3134
2736
2755
3135
2737
2756
3136
2738
2757
3137
2739
2758
3138
2759
3139
2741
2760
3140
2742
2761
3141
2743
2762
3142
2744
2763
3143
2745
2764
3144
2746
2765
3145
2747
2766
3146
2748
2767
3147
2749
2768
3148
2750
2769
3149
2751
2770
3150
2752
2771
3151
2753
2772
3152
2754
2773
3153
2755
2774
3154
2756
2775
3155
2757
2776
3156
2758
2777
3157
2759
2778
3158
2779
3159
2761
2780
3160
2762
2781
3161
2763
2782
3162
2764
2783
3163
2765
2784
3164
2766
2785
3165
2767
2786
3166
2768
2787
3167
2769
2788
3168
2770
2789
3169
2771
2790
3170
2772
2791
3171
2773
2792
3172
2774
2793
3173
2775
2794
3174
2776
2795
3175
2777
2796
3176
2778
2797
3177
2779
2798
3178
2799
3179
2781
3180
2782
3181
2783
3182
2784
3183
2785
3184
2786
3185
2787
3186
2788
3187
2789
3188
2790
3189
2791
3190
2792
3191
2793
3192
2794
3193
2795
3194
2796
3195
2797
3196
2798
3197
2799
3198
3199
2801
2820
3200
2802
2821
3201
2803
2822
3202
2804
2823
3203
2805
2824
3204
2806
2825
3205
2807
2826
3206
2808
2827
3207
2809
2828
3208
2810
2829
3209
2811
2830
3210
2812
2831
3211
2813
2832
3212
2814
2833
3213
2815
2834
3214
2816
2835
3215
2817
2836
3216
2818
2837
3217
2819
2838
3218
2839
3219
2821
2840
3220
2822
2841
3221
2823
2842
3222
2824
2843
3223
2825
2844
3224
2826
2845
3225
2827
2846
3226
2828
2847
3227
2829
2848
3228
2830
2849
3229
2831
2850
3230
2832
2851
3231
2833
2852
3232
2834
2853
3233
2835
2854
3234
2836
2855
3235
2837
2856
3236
2838
2857
3237
2839
2858
3238
2859
3239
2841
2860
3240
2842
2861
3241
2843
2862
3242
2844
2863
3243
2845
2864
3244
2846
2865
3245
2847
2866
3246
2848
2867
3247
2849
2868
3248
2850
2869
3249
2851
2870
3250
2852
2871
3251
2853
2872
3252
2854
2873
3253
2855
2874
3254
2856
2875
3255
2857
2876
3256
2858
2877
3257
2859
2878
3258
2879
3259
2861
2880
3260
2862
2881
3261
2863
2882
3262
2864
2883
3263
2865
2884
3264
2866
2885
3265
2867
2886
3266
2868
2887
3267
2869
2888
3268
2870
2889
3269
2871
2890
3270
2872
2891
3271
2873
2892
3272
2874
2893
3273
2875
2894
3274
2876
2895
3275
2877
2896
3276
2878
2897
3277
2879
2898
3278
2899
3279
2881
2900
3280
2882
2901
3281
2883
2902
3282
2884
2903
3283
2885
2904
3284
2886
2905
3285
2887
2906
3286
2888
2907
3287
2889
2908
3288
2890
2909
3289
2891
2910
3290
2892
2911
3291
2893
2912
3292
2894
2913
3293
2895
2914
3294
2896
2915
3295
2897
2916
3296
2898
2917
3297
2899
2918
3298
2919
3299
2901
2920
3300
2902
2921
3301
2903
2922
3302
2904
2923
3303
2905
2924
3304
2906
2925
3305
2907
2926
3306
2908
2927
3307
2909
2928
3308
2910
2929
3309
2911
2930
3310
2912
2931
3311
2913
2932
3312
2914
2933
3313
2915
2934
3314
2916
2935
3315
2917
2936
3316
2918
2937
3317
2919
2938
3318
2939
3319
2921
2940
3320
2922
2941
3321
2923
2942
3322
2924
2943
3323
2925
2944
3324
2926
2945
3325
2927
2946
3326
2928
2947
3327
2929
2948
3328
2930
2949
3329
2931
2950
3330
2932
2951
3331
2933
2952
3332
2934
2953
3333
2935
2954
3334
2936
2955
3335
2937
2956
3336
2938
2957
3337
2939
2958
3338
2959
3339
2941
2960
3340
2942
2961
3341
2943
2962
3342
2944
2963
3343
2945
2964
3344
2946
2965
3345
2947
2966
3346
2948
2967
3347
2949
2968
3348
2950
2969
3349
2951
2970
3350
2952
2971
3351
2953
2972
3352
2954
2973
3353
2955
2974
3354
2956
2975
3355
2957
2976
3356
2958
2977
3357
2959
2978
3358
2979
3359
2961
2980
3360
2962
2981
3361
2963
2982
3362
2964
2983
3363
2965
2984
3364
2966
2985
3365
2967
2986
3366
2968
2987
3367
2969
2988
3368
2970
2989
3369
2971
2990
3370
2972
2991
3371
2973
2992
3372
2974
2993
3373
2975
2994
3374
2976
2995
3375
2977
2996
3376
2978
2997
3377
2979
2998
3378
2999
3379
2981
3000
3380
2982
3001
3381
2983
3002
3382
2984
3003
3383
2985
3004
3384
2986
3005
3385
2987
3006
3386
2988
3007
3387
2989
3008
3388
2990
3009
3389
2991
3010
3390
2992
3011
3391
2993
3012
3392
2994
3013
3393
2995
3014
3394
2996
3015
3395
2997
3016
3396
2998
3017
3397
2999
3018
3398
3019
3399
3001
3020
3400
3002
3021
3401
3003
3022
3402
3004
3023
3403
3005
3024
3404
3006
3025
3405
3007
3026
3406
3008
3027
3407
3009
3028
3408
3010
3029
3409
3011
3030
3410
3012
3031
3411
3013
3032
3412
3014
3033
3413
3015
3034
3414
3016
3035
3415
3017
3036
3416
3018
3037
3417
3019
3038
3418
3039
3419
3021
3040
3420
3022
3041
3421
3023
3042
3422
3024
3043
3423
3025
3044
3424
3026
3045
3425
3027
3046
3426
3028
3047
3427
3029
3048
3428
3030
3049
3429
3031
3050
3430
3032
3051
3431
3033
3052
3432
3034
3053
3433
3035
3054
3434
3036
3055
3435
3037
3056
3436
3038
3057
3437
3039
3058
3438
3059
3439
3041
3060
3440
3042
3061
3441
3043
3062
3442
3044
3063
3443
3045
3064
3444
3046
3065
3445
3047
3066
3446
3048
3067
3447
3049
3068
3448
3050
3069
3449
3051
3070
3450
3052
3071
3451
3053
3072
3452
3054
3073
3453
3055
3074
3454
3056
3075
3455
3057
3076
3456
3058
3077
3457
3059
3078
3458
3079
3459
3061
3080
3460
3062
3081
3461
3063
3082
3462
3064
3083
3463
3065
3084
3464
3066
3085
3465
3067
3086
3466
3068
3087
3467
3069
3088
3468
3070
3089
3469
3071
3090
3470
3072
3091
3471
3073
3092
3472
3074
3093
3473
3075
3094
3474
3076
3095
3475
3077
3096
3476
3078
3097
3477
3079
3098
3478
3099
3479
3081
3100
3480
3082
3101
3481
3083
3102
3482
3084
3103
3483
3085
3104
3484
3086
3105
3485
3087
3106
3486
3088
3107
3487
3089
3108
3488
3090
3109
3489
3091
3110
3490
3092
3111
3491
3093
3112
3492
3094
3113
3493
3095
3114
3494
3096
3115
3495
3097
3116
3496
3098
3117
3497
3099
3118
3498
3119
3499
3101
3120
3500
3102
3121
3501
3103
3122
3502
3104
3123
3503
3105
3124
3504
3106
3125
3505
3107
3126
3506
3108
3127
3507
3109
3128
3508
3110
3129
3509
3111
3130
3510
3112
3131
3511
3113
3132
3512
3114
3133
3513
3115
3134
3514
3116
3135
3515
3117
3136
3516
3118
3137
3517
3119
3138
3518
3139
3519
3121
3140
3520
3122
3141
3521
3123
3142
3522
3124
3143
3523
3125
3144
3524
3126
3145
3525
3127
3146
3526
3128
3147
3527
3129
3148
3528
3130
3149
3529
3131
3150
3530
3132
3151
3531
3133
3152
3532
3134
3153
3533
3135
3154
3534
3136
3155
3535
3137
3156
3536
3138
3157
3537
3139
3158
3538
3159
3539
3141
3160
3540
3142
3161
3541
3143
3162
3542
3144
3163
3543
3145
3164
3544
3146
3165
3545
3147
3166
3546
3148
3167
3547
3149
3168
3548
3150
3169
3549
3151
3170
3550
3152
3171
3551
3153
3172
3552
3154
3173
3553
3155
3174
3554
3156
3175
3555
3157
3176
3556
3158
3177
3557
3159
3178
3558
3179
3559
3161
3180
3560
3162
3181
3561
3163
3182
3562
3164
3183
3563
3165
3184
3564
3166
3185
3565
3167
3186
3566
3168
3187
3567
3169
3188
3568
3170
3189
3569
3171
3190
3570
3172
3191
3571
3173
3192
3572
3174
3193
3573
3175
3194
3574
3176
3195
3575
3177
3196
3576
3178
3197
3577
3179
3198
3578
3199
3579
3181
3580
3182
3581
3183
3582
3184
3583
3185
3584
3186
3585
3187
3586
3188
3587
3189
3588
3190
3589
3191
3590
3192
3591
3193
3592
3194
3593
3195
3594
3196
3595
3197
3596
3198
3597
3199
3598
3599
3201
3220
3600
3202
3221
3601
3203
3222
3602
3204
3223
3603
3205
3224
3604
3206
3225
3605
3207
3226
3606
3208
3227
3607
3209
3228
3608
3210
3229
3609
3211
3230
3610
3212
3231
3611
3213
3232
3612
3214
3233
3613
3215
3234
3614
3216
3235
3615
3217
3236
3616
3218
3237
3617
3219
3238
3618
3239
3619
3221
3240
3620
3222
3241
3621
3223
3242
3622
3224
3243
3623
3225
3244
3624
3226
3245
3625
3227
3246
3626
3228
3247
3627
3229
3248
3628
3230
3249
3629
3231
3250
3630
3232
3251
3631
3233
3252
3632
3234
3253
3633
3235
3254
3634
3236
3255
3635
3237
3256
3636
3238
3257
3637
3239
3258
3638
3259
3639
3241
3260
3640
3242
3261
3641
3243
3262
3642
3244
3263
3643
3245
3264
3644
3246
3265
3645
3247
3266
3646
3248
3267
3647
3249
3268
3648
3250
3269
3649
3251
3270
3650
3252
3271
3651
3253
3272
3652
3254
3273
3653
3255
3274
3654
3256
3275
3655
3257
3276
3656
3258
3277
3657
3259
3278
3658
3279
3659
3261
3280
3660
3262
3281
3661
3263
3282
3662
3264
3283
3663
3265
3284
3664
3266
3285
3665
3267
3286
3666
3268
3287
3667
3269
3288
3668
3270
3289
3669
3271
3290
3670
3272
3291
3671
3273
3292
3672
3274
3293
3673
3275
3294
3674
3276
3295
3675
3277
3296
3676
3278
3297
3677
3279
3298
3678
3299
3679
3281
3300
3680
3282
3301
3681
3283
3302
3682
3284
3303
3683
3285
3304
3684
3286
3305
3685
3287
3306
3686
3288
3307
3687
3289
3308
3688
3290
3309
3689
3291
3310
3690
3292
3311
3691
3293
3312
3692
3294
3313
3693
3295
3314
3694
3296
3315
3695
3297
3316
3696
3298
3317
3697
3299
3318
3698
3319
3699
3301
3320
3700
3302
3321
3701
3303
3322
3702
3304
3323
3703
3305
3324
3704
3306
3325
3705
3307
3326
3706
3308
3327
3707
3309
3328
3708
3310
3329
3709
3311
3330
3710
3312
3331
3711
3313
3332
3712
3314
3333
3713
3315
3334
3714
3316
3335
3715
3317
3336
3716
3318
3337
3717
3319
3338
3718
3339
3719
3321
3340
3720
3322
3341
3721
3323
3342
3722
3324
3343
3723
3325
3344
3724
3326
3345
3725
3327
3346
3726
3328
3347
3727
3329
3348
3728
3330
3349
3729
3331
3350
3730
3332
3351
3731
3333
3352
3732
3334
3353
3733
3335
3354
3734
3336
3355
3735
3337
3356
3736
3338
3357
3737
3339
3358
3738
3359
3739
3341
3360
3740
3342
3361
3741
3343
3362
3742
3344
3363
3743
3345
3364
3744
3346
3365
3745
3347
3366
3746
3348
3367
3747
3349
3368
3748
3350
3369
3749
3351
3370
3750
3352
3371
3751
3353
3372
3752
3354
3373
3753
3355
3374
3754
3356
3375
3755
3357
3376
3756
3358
3377
3757
3359
3378
3758
3379
3759
3361
3380
3760
3362
3381
3761
3363
3382
3762
3364
3383
3763
3365
3384
3764
3366
3385
3765
3367
3386
3766
3368
3387
3767
3369
3388
3768
3370
3389
3769
3371
3390
3770
3372
3391
3771
3373
3392
3772
3374
3393
3773
3375
3394
3774
3376
3395
3775
3377
3396
3776
3378
3397
3777
3379
3398
3778
3399
3779
3381
3400
3780
3382
3401
3781
3383
3402
3782
3384
3403
3783
3385
3404
3784
3386
3405
3785
3387
3406
3786
3388
3407
3787
3389
3408
3788
3390
3409
3789
3391
3410
3790
3392
3411
3791
3393
3412
3792
3394
3413
3793
3395
3414
3794
3396
3415
3795
3397
3416
3796
3398
3417
3797
3399
3418
3798
3419
3799
3401
3420
3800
3402
3421
3801
3403
3422
3802
3404
3423
3803
3405
3424
3804
3406
3425
3805
3407
3426
3806
3408
3427
3807
3409
3428
3808
3410
3429
3809
3411
3430
3810
3412
3431
3811
3413
3432
3812
3414
3433
3813
3415
3434
3814
3416
3435
3815
3417
3436
3816
3418
3437
3817
3419
3438
3818
3439
3819
3421
3440
3820
3422
3441
3821
3423
3442
3822
3424
3443
3823
3425
3444
3824
3426
3445
3825
3427
3446
3826
3428
3447
3827
3429
3448
3828
3430
3449
3829
3431
3450
3830
3432
3451
3831
3433
3452
3832
3434
3453
3833
3435
3454
3834
3436
3455
3835
3437
3456
3836
3438
3457
3837
3439
3458
3838
3459
3839
3441
3460
3840
3442
3461
3841
3443
3462
3842
3444
3463
3843
3445
3464
3844
3446
3465
3845
3447
3466
3846
3448
3467
3847
3449
3468
3848
3450
3469
3849
3451
3470
3850
3452
3471
3851
3453
3472
3852
3454
3473
3853
3455
3474
3854
3456
3475
3855
3457
3476
3856
3458
3477
3857
3459
3478
3858
3479
3859
3461
3480
3860
3462
3481
3861
3463
3482
3862
3464
3483
3863
3465
3484
3864
3466
3485
3865
3467
3486
3866
3468
3487
3867
3469
3488
3868
3470
3489
3869
3471
3490
3870
3472
3491
3871
3473
3492
3872
3474
3493
3873
3475
3494
3874
3476
3495
3875
3477
3496
3876
3478
3497
3877
3479
3498
3878
3499
3879
3481
3500
3880
3482
3501
3881
3483
3502
3882
3484
3503
3883
3485
3504
3884
3486
3505
3885
3487
3506
3886
3488
3507
3887
3489
3508
3888
3490
3509
3889
3491
3510
3890
3492
3511
3891
3493
3512
3892
3494
3513
3893
3495
3514
3894
3496
3515
3895
3497
3516
3896
3498
3517
3897
3499
3518
3898
3519
3899
3501
3520
3900
3502
3521
3901
3503
3522
3902
3504
3523
3903
3505
3524
3904
3506
3525
3905
3507
3526
3906
3508
3527
3907
3509
3528
3908
3510
3529
3909
3511
3530
3910
3512
3531
3911
3513
3532
3912
3514
3533
3913
3515
3534
3914
3516
3535
3915
3517
3536
3916
3518
3537
3917
3519
3538
3918
3539
3919
3521
3540
3920
3522
3541
3921
3523
3542
3922
3524
3543
3923
3525
3544
3924
3526
3545
3925
3527
3546
3926
3528
3547
3927
3529
3548
3928
3530
3549
3929
3531
3550
3930
3532
3551
3931
3533
3552
3932
3534
3553
3933
3535
3554
3934
3536
3555
3935
3537
3556
3936
3538
3557
3937
3539
3558
3938
3559
3939
3541
3560
3940
3542
3561
3941
3543
3562
3942
3544
3563
3943
3545
3564
3944
3546
3565
3945
3547
3566
3946
3548
3567
3947
3549
3568
3948
3550
3569
3949
3551
3570
3950
3552
3571
3951
3553
3572
3952
3554
3573
3953
3555
3574
3954
3556
3575
3955
3557
3576
3956
3558
3577
3957
3559
3578
3958
3579
3959
3561
3580
3960
3562
3581
3961
3563
3582
3962
3564
3583
3963
3565
3584
3964
3566
3585
3965
3567
3586
3966
3568
3587
3967
3569
3588
3968
3570
3589
3969
3571
3590
3970
3572
3591
3971
3573
3592
3972
3574
3593
3973
3575
3594
3974
3576
3595
3975
3577
3596
3976
3578
3597
3977
3579
3598
3978
3599
3979
3581
3980
3582
3981
3583
3982
3584
3983
3585
3984
3586
3985
3587
3986
3588
3987
3589
3988
3590
3989
3591
3990
3592
3991
3593
3992
3594
3993
3595
3994
3596
3995
3597
3996
3598
3997
3599
3998
3999
3601
3620
4000
3602
3621
4001
3603
3622
4002
3604
3623
4003
3605
3624
4004
3606
3625
4005
3607
3626
4006
3608
3627
4007
3609
3628
4008
3610
3629
4009
3611
3630
4010
3612
3631
4011
3613
3632
4012
3614
3633
4013
3615
3634
4014
3616
3635
4015
3617
3636
4016
3618
3637
4017
3619
3638
4018
3639
4019
3621
3640
4020
3622
3641
4021
3623
3642
4022
3624
3643
4023
3625
3644
4024
3626
3645
4025
3627
3646
4026
3628
3647
4027
3629
3648
4028
3630
3649
4029
3631
3650
4030
3632
3651
4031
3633
3652
4032
3634
3653
4033
3635
3654
4034
3636
3655
4035
3637
3656
4036
3638
3657
4037
3639
3658
4038
3659
4039
3641
3660
4040
3642
3661
4041
3643
3662
4042
3644
3663
4043
3645
3664
4044
3646
3665
4045
3647
3666
4046
3648
3667
4047
3649
3668
4048
3650
3669
4049
3651
3670
4050
3652
3671
4051
3653
3672
4052
3654
3673
4053
3655
3674
4054
3656
3675
4055
3657
3676
4056
3658
3677
4057
3659
3678
4058
3679
4059
3661
3680
4060
3662
3681
4061
3663
3682
4062
3664
3683
4063
3665
3684
4064
3666
3685
4065
3667
3686
4066
3668
3687
4067
3669
3688
4068
3670
3689
4069
3671
3690
4070
3672
3691
4071
3673
3692
4072
3674
3693
4073
3675
3694
4074
3676
3695
4075
3677
3696
4076
3678
3697
4077
3679
3698
4078
3699
4079
3681
3700
4080
3682
3701
4081
3683
3702
4082
3684
3703
4083
3685
3704
4084
3686
3705
4085
3687
3706
4086
3688
3707
4087
3689
3708
4088
3690
3709
4089
3691
3710
4090
3692
3711
4091
3693
3712
4092
3694
3713
4093
3695
3714
4094
3696
3715
4095
3697
3716
4096
3698
3717
4097
3699
3718
4098
3719
4099
3701
3720
4100
3702
3721
4101
3703
3722
4102
3704
3723
4103
3705
3724
4104
3706
3725
4105
3707
3726
4106
3708
3727
4107
3709
3728
4108
3710
3729
4109
3711
3730
4110
3712
3731
4111
3713
3732
4112
3714
3733
4113
3715
3734
4114
3716
3735
4115
3717
3736
4116
3718
3737
4117
3719
3738
4118
3739
4119
3721
3740
4120
3722
3741
4121
3723
3742
4122
3724
3743
4123
3725
3744
4124
3726
3745
4125
3727
3746
4126
3728
3747
4127
3729
3748
4128
3730
3749
4129
3731
3750
4130
3732
3751
4131
3733
3752
4132
3734
3753
4133
3735
3754
4134
3736
3755
4135
3737
3756
4136
3738
3757
4137
3739
3758
4138
3759
4139
3741
3760
4140
3742
3761
4141
3743
3762
4142
3744
3763
4143
3745
3764
4144
3746
3765
4145
3747
3766
4146
3748
3767
4147
3749
3768
4148
3750
3769
4149
3751
3770
4150
3752
3771
4151
3753
3772
4152
3754
3773
4153
3755
3774
4154
3756
3775
4155
3757
3776
4156
3758
3777
4157
3759
3778
4158
3779
4159
3761
3780
4160
3762
3781
4161
3763
3782
4162
3764
3783
4163
3765
3784
4164
3766
3785
4165
3767
3786
4166
3768
3787
4167
3769
3788
4168
3770
3789
4169
3771
3790
4170
3772
3791
4171
3773
3792
4172
3774
3793
4173
3775
3794
4174
3776
3795
4175
3777
3796
4176
3778
3797
4177
3779
3798
4178
3799
4179
3781
3800
4180
3782
3801
4181
3783
3802
4182
3784
3803
4183
3785
3804
4184
3786
3805
4185
3787
3806
4186
3788
3807
4187
3789
3808
4188
3790
3809
4189
3791
3810
4190
3792
3811
4191
3793
3812
4192
3794
3813
4193
3795
3814
4194
3796
3815
4195
3797
3816
4196
3798
3817
4197
3799
3818
4198
3819
4199
3801
3820
4200
3802
3821
4201
3803
3822
4202
3804
3823
4203
3805
3824
4204
3806
3825
4205
3807
3826
4206
3808
3827
4207
3809
3828
4208
3810
3829
4209
3811
3830
4210
3812
3831
4211
3813
3832
4212
3814
3833
4213
3815
3834
4214
3816
3835
4215
3817
3836
4216
3818
3837
4217
3819
3838
4218
3839
4219
3821
3840
4220
3822
3841
4221
3823
3842
4222
3824
3843
4223
3825
3844
4224
3826
3845
4225
3827
3846
4226
3828
3847
4227
3829
3848
4228
3830
3849
4229
3831
3850
4230
3832
3851
4231
3833
3852
4232
3834
3853
4233
3835
3854
4234
3836
3855
4235
3837
3856
4236
3838
3857
4237
3839
3858
4238
3859
4239
3841
3860
4240
3842
3861
4241
3843
3862
4242
3844
3863
4243
3845
3864
4244
3846
3865
4245
3847
3866
4246
3848
3867
4247
3849
3868
4248
3850
3869
4249
3851
3870
4250
3852
3871
4251
3853
3872
4252
3854
3873
4253
3855
3874
4254
3856
3875
4255
3857
3876
4256
3858
3877
4257
3859
3878
4258
3879
4259
3861
3880
4260
3862
3881
4261
3863
3882
4262
3864
3883
4263
3865
3884
4264
3866
3885
4265
3867
3886
4266
3868
3887
4267
3869
3888
4268
3870
3889
4269
3871
3890
4270
3872
3891
4271
3873
3892
4272
3874
3893
4273
3875
3894
4274
3876
3895
4275
3877
3896
4276
3878
3897
4277
3879
3898
4278
3899
4279
3881
3900
4280
3882
3901
4281
3883
3902
4282
3884
3903
4283
3885
3904
4284
3886
3905
4285
3887
3906
4286
3888
3907
4287
3889
3908
4288
3890
3909
4289
3891
3910
4290
3892
3911
4291
3893
3912
4292
3894
3913
4293
3895
3914
4294
3896
3915
4295
3897
3916
4296
3898
3917
4297
3899
3918
4298
3919
4299
3901
3920
4300
3902
3921
4301
3903
3922
4302
3904
3923
4303
3905
3924
4304
3906
3925
4305
3907
3926
4306
3908
3927
4307
3909
3928
4308
3910
3929
4309
3911
3930
4310
3912
3931
4311
3913
3932
4312
3914
3933
4313
3915
3934
4314
3916
3935
4315
3917
3936
4316
3918
3937
4317
3919
3938
4318
3939
4319
3921
3940
4320
3922
3941
4321
3923
3942
4322
3924
3943
4323
3925
3944
4324
3926
3945
4325
3927
3946
4326
3928
3947
4327
3929
3948
4328
3930
3949
4329
3931
3950
4330
3932
3951
4331
3933
3952
4332
3934
3953
4333
3935
3954
4334
3936
3955
4335
3937
3956
4336
3938
3957
4337
3939
3958
4338
3959
4339
3941
3960
4340
3942
3961
4341
3943
3962
4342
3944
3963
4343
3945
3964
4344
3946
3965
4345
3947
3966
4346
3948
3967
4347
3949
3968
4348
3950
3969
4349
3951
3970
4350
3952
3971
4351
3953
3972
4352
3954
3973
4353
3955
3974
4354
3956
3975
4355
3957
3976
4356
3958
3977
4357
3959
3978
4358
3979
4359
3961
3980
4360
3962
3981
4361
3963
3982
4362
3964
3983
4363
3965
3984
4364
3966
3985
4365
3967
3986
4366
3968
3987
4367
3969
3988
4368
3970
3989
4369
3971
3990
4370
3972
3991
4371
3973
3992
4372
3974
3993
4373
3975
3994
4374
3976
3995
4375
3977
3996
4376
3978
3997
4377
3979
3998
4378
3999
4379
3981
4380
3982
4381
3983
4382
3984
4383
3985
4384
3986
4385
3987
4386
3988
4387
3989
4388
3990
4389
3991
4390
3992
4391
3993
4392
3994
4393
3995
4394
3996
4395
3997
4396
3998
4397
3999
4398
4399
4001
4020
4400
4002
4021
4401
4003
4022
4402
4004
4023
4403
4005
4024
4404
4006
4025
4405
4007
4026
4406
4008
4027
4407
4009
4028
4408
4010
4029
4409
4011
4030
4410
4012
4031
4411
4013
4032
4412
4014
4033
4413
4015
4034
4414
4016
4035
4415
4017
4036
4416
4018
4037
4417
4019
4038
4418
4039
4419
4021
4040
4420
4022
4041
4421
4023
4042
4422
4024
4043
4423
4025
4044
4424
4026
4045
4425
4027
4046
4426
4028
4047
4427
4029
4048
4428
4030
4049
4429
4031
4050
4430
4032
4051
4431
4033
4052
4432
4034
4053
4433
4035
4054
4434
4036
4055
4435
4037
4056
4436
4038
4057
4437
4039
4058
4438
4059
4439
4041
4060
4440
4042
4061
4441
4043
4062
4442
4044
4063
4443
4045
4064
4444
4046
4065
4445
4047
4066
4446
4048
4067
4447
4049
4068
4448
4050
4069
4449
4051
4070
4450
4052
4071
4451
4053
4072
4452
4054
4073
4453
4055
4074
4454
4056
4075
4455
4057
4076
4456
4058
4077
4457
4059
4078
4458
4079
4459
4061
4080
4460
4062
4081
4461
4063
4082
4462
4064
4083
4463
4065
4084
4464
4066
4085
4465
4067
4086
4466
4068
4087
4467
4069
4088
4468
4070
4089
4469
4071
4090
4470
4072
4091
4471
4073
4092
4472
4074
4093
4473
4075
4094
4474
4076
4095
4475
4077
4096
4476
4078
4097
4477
4079
4098
4478
4099
4479
4081
4100
4480
4082
4101
4481
4083
4102
4482
4084
4103
4483
4085
4104
4484
4086
4105
4485
4087
4106
4486
4088
4107
4487
4089
4108
4488
4090
4109
4489
4091
4110
4490
4092
4111
4491
4093
4112
4492
4094
4113
4493
4095
4114
4494
4096
4115
4495
4097
4116
4496
4098
4117
4497
4099
4118
4498
4119
4499
4101
4120
4500
4102
4121
4501
4103
4122
4502
4104
4123
4503
4105
4124
4504
4106
4125
4505
4107
4126
4506
4108
4127
4507
4109
4128
4508
4110
4129
4509
4111
4130
4510
4112
4131
4511
4113
4132
4512
4114
4133
4513
4115
4134
4514
4116
4135
4515
4117
4136
4516
4118
4137
4517
4119
4138
4518
4139
4519
4121
4140
4520
4122
4141
4521
4123
4142
4522
4124
4143
4523
4125
4144
4524
4126
4145
4525
4127
4146
4526
4128
4147
4527
4129
4148
4528
4130
4149
4529
4131
4150
4530
4132
4151
4531
4133
4152
4532
4134
4153
4533
4135
4154
4534
4136
4155
4535
4137
4156
4536
4138
4157
4537
4139
4158
4538
4159
4539
4141
4160
4540
4142
4161
4541
4143
4162
4542
4144
4163
4543
4145
4164
4544
4146
4165
4545
4147
4166
4546
4148
4167
4547
4149
4168
4548
4150
4169
4549
4151
4170
4550
4152
4171
4551
4153
4172
4552
4154
4173
4553
4155
4174
4554
4156
4175
4555
4157
4176
4556
4158
4177
4557
4159
4178
4558
4179
4559
4161
4180
4560
4162
4181
4561
4163
4182
4562
4164
4183
4563
4165
4184
4564
4166
4185
4565
4167
4186
4566
4168
4187
4567
4169
4188
4568
4170
4189
4569
4171
4190
4570
4172
4191
4571
4173
4192
4572
4174
4193
4573
4175
4194
4574
4176
4195
4575
4177
4196
4576
4178
4197
4577
4179
4198
4578
4199
4579
4181
4200
4580
4182
4201
4581
4183
4202
4582
4184
4203
4583
4185
4204
4584
4186
4205
4585
4187
4206
4586
4188
4207
4587
4189
4208
4588
4190
4209
4589
4191
4210
4590
4192
4211
4591
4193
4212
4592
4194
4213
4593
4195
4214
4594
4196
4215
4595
4197
4216
4596
4198
4217
4597
4199
4218
4598
4219
4599
4201
4220
4600
4202
4221
4601
4203
4222
4602
4204
4223
4603
4205
4224
4604
4206
4225
4605
4207
4226
4606
4208
4227
4607
4209
4228
4608
4210
4229
4609
4211
4230
4610
4212
4231
4611
4213
4232
4612
4214
4233
4613
4215
4234
4614
4216
4235
4615
4217
4236
4616
4218
4237
4617
4219
4238
4618
4239
4619
4221
4240
4620
4222
4241
4621
4223
4242
4622
4224
4243
4623
4225
4244
4624
4226
4245
4625
4227
4246
4626
4228
4247
4627
4229
4248
4628
4230
4249
4629
4231
4250
4630
4232
4251
4631
4233
4252
4632
4234
4253
4633
4235
4254
4634
4236
4255
4635
4237
4256
4636
4238
4257
4637
4239
4258
4638
4259
4639
4241
4260
4640
4242
4261
4641
4243
4262
4642
4244
4263
4643
4245
4264
4644
4246
4265
4645
4247
4266
4646
4248
4267
4647
4249
4268
4648
4250
4269
4649
4251
4270
4650
4252
4271
4651
4253
4272
4652
4254
4273
4653
4255
4274
4654
4256
4275
4655
4257
4276
4656
4258
4277
4657
4259
4278
4658
4279
4659
4261
4280
4660
4262
4281
4661
4263
4282
4662
4264
4283
4663
4265
4284
4664
4266
4285
4665
4267
4286
4666
4268
4287
4667
4269
4288
4668
4270
4289
4669
4271
4290
4670
4272
4291
4671
4273
4292
4672
4274
4293
4673
4275
4294
4674
4276
4295
4675
4277
4296
4676
4278
4297
4677
4279
4298
4678
4299
4679
4281
4300
4680
4282
4301
4681
4283
4302
4682
4284
4303
4683
4285
4304
4684
4286
4305
4685
4287
4306
4686
4288
4307
4687
4289
4308
4688
4290
4309
4689
4291
4310
4690
4292
4311
4691
4293
4312
4692
4294
4313
4693
4295
4314
4694
4296
4315
4695
4297
4316
4696
4298
4317
4697
4299
4318
4698
4319
4699
4301
4320
4700
4302
4321
4701
4303
4322
4702
4304
4323
4703
4305
4324
4704
4306
4325
4705
4307
4326
4706
4308
4327
4707
4309
4328
4708
4310
4329
4709
4311
4330
4710
4312
4331
4711
4313
4332
4712
4314
4333
4713
4315
4334
4714
4316
4335
4715
4317
4336
4716
4318
4337
4717
4319
4338
4718
4339
4719
4321
4340
4720
4322
4341
4721
4323
4342
4722
4324
4343
4723
4325
4344
4724
4326
4345
4725
4327
4346
4726
4328
4347
4727
4329
4348
4728
4330
4349
4729
4331
4350
4730
4332
4351
4731
4333
4352
4732
4334
4353
4733
4335
4354
4734
4336
4355
4735
4337
4356
4736
4338
4357
4737
4339
4358
4738
4359
4739
4341
4360
4740
4342
4361
4741
4343
4362
4742
4344
4363
4743
4345
4364
4744
4346
4365
4745
4347
4366
4746
4348
4367
4747
4349
4368
4748
4350
4369
4749
4351
4370
4750
4352
4371
4751
4353
4372
4752
4354
4373
4753
4355
4374
4754
4356
4375
4755
4357
4376
4756
4358
4377
4757
4359
4378
4758
4379
4759
4361
4380
4760
4362
4381
4761
4363
4382
4762
4364
4383
4763
4365
4384
4764
4366
4385
4765
4367
4386
4766
4368
4387
4767
4369
4388
4768
4370
4389
4769
4371
4390
4770
4372
4391
4771
4373
4392
4772
4374
4393
4773
4375
4394
4774
4376
4395
4775
4377
4396
4776
4378
4397
4777
4379
4398
4778
4399
4779
4381
4780
4382
4781
4383
4782
4384
4783
4385
4784
4386
4785
4387
4786
4388
4787
4389
4788
4390
4789
4391
4790
4392
4791
4393
4792
4394
4793
4395
4794
4396
4795
4397
4796
4398
4797
4399
4798
4799
4401
4420
4800
4402
4421
4801
4403
4422
4802
4404
4423
4803
4405
4424
4804
4406
4425
4805
4407
4426
4806
4408
4427
4807
4409
4428
4808
4410
4429
4809
4411
4430
4810
4412
4431
4811
4413
4432
4812
4414
4433
4813
4415
4434
4814
4416
4435
4815
4417
4436
4816
4418
4437
4817
4419
4438
4818
4439
4819
4421
4440
4820
4422
4441
4821
4423
4442
4822
4424
4443
4823
4425
4444
4824
4426
4445
4825
4427
4446
4826
4428
4447
4827
4429
4448
4828
4430
4449
4829
4431
4450
4830
4432
4451
4831
4433
4452
4832
4434
4453
4833
4435
4454
4834
4436
4455
4835
4437
4456
4836
4438
4457
4837
4439
4458
4838
4459
4839
4441
4460
4840
4442
4461
4841
4443
4462
4842
4444
4463
4843
4445
4464
4844
4446
4465
4845
4447
4466
4846
4448
4467
4847
4449
4468
4848
4450
4469
4849
4451
4470
4850
4452
4471
4851
4453
4472
4852
4454
4473
4853
4455
4474
4854
4456
4475
4855
4457
4476
4856
4458
4477
4857
4459
4478
4858
4479
4859
4461
4480
4860
4462
4481
4861
4463
4482
4862
4464
4483
4863
4465
4484
4864
4466
4485
4865
4467
4486
4866
4468
4487
4867
4469
4488
4868
4470
4489
4869
4471
4490
4870
4472
4491
4871
4473
4492
4872
4474
4493
4873
4475
4494
4874
4476
4495
4875
4477
4496
4876
4478
4497
4877
4479
4498
4878
4499
4879
4481
4500
4880
4482
4501
4881
4483
4502
4882
4484
4503
4883
4485
4504
4884
4486
4505
4885
4487
4506
4886
4488
4507
4887
4489
4508
4888
4490
4509
4889
4491
4510
4890
4492
4511
4891
4493
4512
4892
4494
4513
4893
4495
4514
4894
4496
4515
4895
4497
4516
4896
4498
4517
4897
4499
4518
4898
4519
4899
4501
4520
4900
4502
4521
4901
4503
4522
4902
4504
4523
4903
4505
4524
4904
4506
4525
4905
4507
4526
4906
4508
4527
4907
4509
4528
4908
4510
4529
4909
4511
4530
4910
4512
4531
4911
4513
4532
4912
4514
4533
4913
4515
4534
4914
4516
4535
4915
4517
4536
4916
4518
4537
4917
4519
4538
4918
4539
4919
4521
4540
4920
4522
4541
4921
4523
4542
4922
4524
4543
4923
4525
4544
4924
4526
4545
4925
4527
4546
4926
4528
4547
4927
4529
4548
4928
4530
4549
4929
4531
4550
4930
4532
4551
4931
4533
4552
4932
4534
4553
4933
4535
4554
4934
4536
4555
4935
4537
4556
4936
4538
4557
4937
4539
4558
4938
4559
4939
4541
4560
4940
4542
4561
4941
4543
4562
4942
4544
4563
4943
4545
4564
4944
4546
4565
4945
4547
4566
4946
4548
4567
4947
4549
4568
4948
4550
4569
4949
4551
4570
4950
4552
4571
4951
4553
4572
4952
4554
4573
4953
4555
4574
4954
4556
4575
4955
4557
4576
4956
4558
4577
4957
4559
4578
4958
4579
4959
4561
4580
4960
4562
4581
4961
4563
4582
4962
4564
4583
4963
4565
4584
4964
4566
4585
4965
4567
4586
4966
4568
4587
4967
4569
4588
4968
4570
4589
4969
4571
4590
4970
4572
4591
4971
4573
4592
4972
4574
4593
4973
4575
4594
4974
4576
4595
4975
4577
4596
4976
4578
4597
4977
4579
4598
4978
4599
4979
4581
4600
4980
4582
4601
4981
4583
4602
4982
4584
4603
4983
4585
4604
4984
4586
4605
4985
4587
4606
4986
4588
4607
4987
4589
4608
4988
4590
4609
4989
4591
4610
4990
4592
4611
4991
4593
4612
4992
4594
4613
4993
4595
4614
4994
4596
4615
4995
4597
4616
4996
4598
4617
4997
4599
4618
4998
4619
4999
4601
4620
5000
4602
4621
5001
4603
4622
5002
4604
4623
5003
4605
4624
5004
4606
4625
5005
4607
4626
5006
4608
4627
5007
4609
4628
5008
4610
4629
5009
4611
4630
5010
4612
4631
5011
4613
4632
5012
4614
4633
5013
4615
4634
5014
4616
4635
5015
4617
4636
5016
4618
4637
5017
4619
4638
5018
4639
5019
4621
4640
5020
4622
4641
5021
4623
4642
5022
4624
4643
5023
4625
4644
5024
4626
4645
5025
4627
4646
5026
4628
4647
5027
4629
4648
5028
4630
4649
5029
4631
4650
5030
4632
4651
5031
4633
4652
5032
4634
4653
5033
4635
4654
5034
4636
4655
5035
4637
4656
5036
4638
4657
5037
4639
4658
5038
4659
5039
4641
4660
5040
4642
4661
5041
4643
4662
5042
4644
4663
5043
4645
4664
5044
4646
4665
5045
4647
4666
5046
4648
4667
5047
4649
4668
5048
4650
4669
5049
4651
4670
5050
4652
4671
5051
4653
4672
5052
4654
4673
5053
4655
4674
5054
4656
4675
5055
4657
4676
5056
4658
4677
5057
4659
4678
5058
4679
5059
4661
4680
5060
4662
4681
5061
4663
4682
5062
4664
4683
5063
4665
4684
5064
4666
4685
5065
4667
4686
5066
4668
4687
5067
4669
4688
5068
4670
4689
5069
4671
4690
5070
4672
4691
5071
4673
4692
5072
4674
4693
5073
4675
4694
5074
4676
4695
5075
4677
4696
5076
4678
4697
5077
4679
4698
5078
4699
5079
4681
4700
5080
4682
4701
5081
4683
4702
5082
4684
4703
5083
4685
4704
5084
4686
4705
5085
4687
4706
5086
4688
4707
5087
4689
4708
5088
4690
4709
5089
4691
4710
5090
4692
4711
5091
4693
4712
5092
4694
4713
5093
4695
4714
5094
4696
4715
5095
4697
4716
5096
4698
4717
5097
4699
4718
5098
4719
5099
4701
4720
5100
4702
4721
5101
4703
4722
5102
4704
4723
5103
4705
4724
5104
4706
4725
5105
4707
4726
5106
4708
4727
5107
4709
4728
5108
4710
4729
5109
4711
4730
5110
4712
4731
5111
4713
4732
5112
4714
4733
5113
4715
4734
5114
4716
4735
5115
4717
4736
5116
4718
4737
5117
4719
4738
5118
4739
5119
4721
4740
5120
4722
4741
5121
4723
4742
5122
4724
4743
5123
4725
4744
5124
4726
4745
5125
4727
4746
5126
4728
4747
5127
4729
4748
5128
4730
4749
5129
4731
4750
5130
4732
4751
5131
4733
4752
5132
4734
4753
5133
4735
4754
5134
4736
4755
5135
4737
4756
5136
4738
4757
5137
4739
4758
5138
4759
5139
4741
4760
5140
4742
4761
5141
4743
4762
5142
4744
4763
5143
4745
4764
5144
4746
4765
5145
4747
4766
5146
4748
4767
5147
4749
4768
5148
4750
4769
5149
4751
4770
5150
4752
4771
5151
4753
4772
5152
4754
4773
5153
4755
4774
5154
4756
4775
5155
4757
4776
5156
4758
4777
5157
4759
4778
5158
4779
5159
4761
4780
5160
4762
4781
5161
4763
4782
5162
4764
4783
5163
4765
4784
5164
4766
4785
5165
4767
4786
5166
4768
4787
5167
4769
4788
5168
4770
4789
5169
4771
4790
5170
4772
4791
5171
4773
4792
5172
4774
4793
5173
4775
4794
5174
4776
4795
5175
4777
4796
5176
4778
4797
5177
4779
4798
5178
4799
5179
4781
5180
4782
5181
4783
5182
4784
5183
4785
5184
4786
5185
4787
5186
4788
5187
4789
5188
4790
5189
4791
5190
4792
5191
4793
5192
4794
5193
4795
5194
4796
5195
4797
5196
4798
5197
4799
5198
5199
4801
4820
5200
4802
4821
5201
4803
4822
5202
4804
4823
5203
4805
4824
5204
4806
4825
5205
4807
4826
5206
4808
4827
5207
4809
4828
5208
4810
4829
5209
4811
4830
5210
4812
4831
5211
4813
4832
5212
4814
4833
5213
4815
4834
5214
4816
4835
5215
4817
4836
5216
4818
4837
5217
4819
4838
5218
4839
5219
4821
4840
5220
4822
4841
5221
4823
4842
5222
4824
4843
5223
4825
4844
5224
4826
4845
5225
4827
4846
5226
4828
4847
5227
4829
4848
5228
4830
4849
5229
4831
4850
5230
4832
4851
5231
4833
4852
5232
4834
4853
5233
4835
4854
5234
4836
4855
5235
4837
4856
5236
4838
4857
5237
4839
4858
5238
4859
5239
4841
4860
5240
4842
4861
5241
4843
4862
5242
4844
4863
5243
4845
4864
5244
4846
4865
5245
4847
4866
5246
4848
4867
5247
4849
4868
5248
4850
4869
5249
4851
4870
5250
4852
4871
5251
4853
4872
5252
4854
4873
5253
4855
4874
5254
4856
4875
5255
4857
4876
5256
4858
4877
5257
4859
4878
5258
4879
5259
4861
4880
5260
4862
4881
5261
4863
4882
5262
4864
4883
5263
4865
4884
5264
4866
4885
5265
4867
4886
5266
4868
4887
5267
4869
4888
5268
4870
4889
5269
4871
4890
5270
4872
4891
5271
4873
4892
5272
4874
4893
5273
4875
4894
5274
4876
4895
5275
4877
4896
5276
4878
4897
5277
4879
4898
5278
4899
5279
4881
4900
5280
4882
4901
5281
4883
4902
5282
4884
4903
5283
4885
4904
5284
4886
4905
5285
4887
4906
5286
4888
4907
5287
4889
4908
5288
4890
4909
5289
4891
4910
5290
4892
4911
5291
4893
4912
5292
4894
4913
5293
4895
4914
5294
4896
4915
5295
4897
4916
5296
4898
4917
5297
4899
4918
5298
4919
5299
4901
4920
5300
4902
4921
5301
4903
4922
5302
4904
4923
5303
4905
4924
5304
4906
4925
5305
4907
4926
5306
4908
4927
5307
4909
4928
5308
4910
4929
5309
4911
4930
5310
4912
4931
5311
4913
4932
5312
4914
4933
5313
4915
4934
5314
4916
4935
5315
4917
4936
5316
4918
4937
5317
4919
4938
5318
4939
5319
4921
4940
5320
4922
4941
5321
4923
4942
5322
4924
4943
5323
4925
4944
5324
4926
4945
5325
4927
4946
5326
4928
4947
5327
4929
4948
5328
4930
4949
5329
4931
4950
5330
4932
4951
5331
4933
4952
5332
4934
4953
5333
4935
4954
5334
4936
4955
5335
4937
4956
5336
4938
4957
5337
4939
4958
5338
4959
5339
4941
4960
5340
4942
4961
5341
4943
4962
5342
4944
4963
5343
4945
4964
5344
4946
4965
5345
4947
4966
5346
4948
4967
5347
4949
4968
5348
4950
4969
5349
4951
4970
5350
4952
4971
5351
4953
4972
5352
4954
4973
5353
4955
4974
5354
4956
4975
5355
4957
4976
5356
4958
4977
5357
4959
4978
5358
4979
5359
4961
4980
5360
4962
4981
5361
4963
4982
5362
4964
4983
5363
4965
4984
5364
4966
4985
5365
4967
4986
5366
4968
4987
5367
4969
4988
5368
4970
4989
5369
4971
4990
5370
4972
4991
5371
4973
4992
5372
4974
4993
5373
4975
4994
5374
4976
4995
5375
4977
4996
5376
4978
4997
5377
4979
4998
5378
4999
5379
4981
5000
5380
4982
5001
5381
4983
5002
5382
4984
5003
5383
4985
5004
5384
4986
5005
5385
4987
5006
5386
4988
5007
5387
4989
5008
5388
4990
5009
5389
4991
5010
5390
4992
5011
5391
4993
5012
5392
4994
5013
5393
4995
5014
5394
4996
5015
5395
4997
5016
5396
4998
5017
5397
4999
5018
5398
5019
5399
5001
5020
5400
5002
5021
5401
5003
5022
5402
5004
5023
5403
5005
5024
5404
5006
5025
5405
5007
5026
5406
5008
5027
5407
5009
5028
5408
5010
5029
5409
5011
5030
5410
5012
5031
5411
5013
5032
5412
5014
5033
5413
5015
5034
5414
5016
5035
5415
5017
5036
5416
5018
5037
5417
5019
5038
5418
5039
5419
5021
5040
5420
5022
5041
5421
5023
5042
5422
5024
5043
5423
5025
5044
5424
5026
5045
5425
5027
5046
5426
5028
5047
5427
5029
5048
5428
5030
5049
5429
5031
5050
5430
5032
5051
5431
5033
5052
5432
5034
5053
5433
5035
5054
5434
5036
5055
5435
5037
5056
5436
5038
5057
5437
5039
5058
5438
5059
5439
5041
5060
5440
5042
5061
5441
5043
5062
5442
5044
5063
5443
5045
5064
5444
5046
5065
5445
5047
5066
5446
5048
5067
5447
5049
5068
5448
5050
5069
5449
5051
5070
5450
5052
5071
5451
5053
5072
5452
5054
5073
5453
5055
5074
5454
5056
5075
5455
5057
5076
5456
5058
5077
5457
5059
5078
5458
5079
5459
5061
5080
5460
5062
5081
5461
5063
5082
5462
5064
5083
5463
5065
5084
5464
5066
5085
5465
5067
5086
5466
5068
5087
5467
5069
5088
5468
5070
5089
5469
5071
5090
5470
5072
5091
5471
5073
5092
5472
5074
5093
5473
5075
5094
5474
5076
5095
5475
5077
5096
5476
5078
5097
5477
5079
5098
5478
5099
5479
5081
5100
5480
5082
5101
5481
5083
5102
5482
5084
5103
5483
5085
5104
5484
5086
5105
5485
5087
5106
5486
5088
5107
5487
5089
5108
5488
5090
5109
5489
5091
5110
5490
5092
5111
5491
5093
5112
5492
5094
5113
5493
5095
5114
5494
5096
5115
5495
5097
5116
5496
5098
5117
5497
5099
5118
5498
5119
5499
5101
5120
5500
5102
5121
5501
5103
5122
5502
5104
5123
5503
5105
5124
5504
5106
5125
5505
5107
5126
5506
5108
5127
5507
5109
5128
5508
5110
5129
5509
5111
5130
5510
5112
5131
5511
5113
5132
5512
5114
5133
5513
5115
5134
5514
5116
5135
5515
5117
5136
5516
5118
5137
5517
5119
5138
5518
5139
5519
5121
5140
5520
5122
5141
5521
5123
5142
5522
5124
5143
5523
5125
5144
5524
5126
5145
5525
5127
5146
5526
5128
5147
5527
5129
5148
5528
5130
5149
5529
5131
5150
5530
5132
5151
5531
5133
5152
5532
5134
5153
5533
5135
5154
5534
5136
5155
5535
5137
5156
5536
5138
5157
5537
5139
5158
5538
5159
5539
5141
5160
5540
5142
5161
5541
5143
5162
5542
5144
5163
5543
5145
5164
5544
5146
5165
5545
5147
5166
5546
5148
5167
5547
5149
5168
5548
5150
5169
5549
5151
5170
5550
5152
5171
5551
5153
5172
5552
5154
5173
5553
5155
5174
5554
5156
5175
5555
5157
5176
5556
5158
5177
5557
5159
5178
5558
5179
5559
5161
5180
5560
5162
5181
5561
5163
5182
5562
5164
5183
5563
5165
5184
5564
5166
5185
5565
5167
5186
5566
5168
5187
5567
5169
5188
5568
5170
5189
5569
5171
5190
5570
5172
5191
5571
5173
5192
5572
5174
5193
5573
5175
5194
5574
5176
5195
5575
5177
5196
5576
5178
5197
5577
5179
5198
5578
5199
5579
5181
5580
5182
5581
5183
5582
5184
5583
5185
5584
5186
5585
5187
5586
5188
5587
5189
5588
5190
5589
5191
5590
5192
5591
5193
5592
5194
5593
5195
5594
5196
5595
5197
5596
5198
5597
5199
5598
5599
5201
5220
5600
5202
5221
5601
5203
5222
5602
5204
5223
5603
5205
5224
5604
5206
5225
5605
5207
5226
5606
5208
5227
5607
5209
5228
5608
5210
5229
5609
5211
5230
5610
5212
5231
5611
5213
5232
5612
5214
5233
5613
5215
5234
5614
5216
5235
5615
5217
5236
5616
5218
5237
5617
5219
5238
5618
5239
5619
5221
5240
5620
5222
5241
5621
5223
5242
5622
5224
5243
5623
5225
5244
5624
5226
5245
5625
5227
5246
5626
5228
5247
5627
5229
5248
5628
5230
5249
5629
5231
5250
5630
5232
5251
5631
5233
5252
5632
5234
5253
5633
5235
5254
5634
5236
5255
5635
5237
5256
5636
5238
5257
5637
5239
5258
5638
5259
5639
5241
5260
5640
5242
5261
5641
5243
5262
5642
5244
5263
5643
5245
5264
5644
5246
5265
5645
5247
5266
5646
5248
5267
5647
5249
5268
5648
5250
5269
5649
5251
5270
5650
5252
5271
5651
5253
5272
5652
5254
5273
5653
5255
5274
5654
5256
5275
5655
5257
5276
5656
5258
5277
5657
5259
5278
5658
5279
5659
5261
5280
5660
5262
5281
5661
5263
5282
5662
5264
5283
5663
5265
5284
5664
5266
5285
5665
5267
5286
5666
5268
5287
5667
5269
5288
5668
5270
5289
5669
5271
5290
5670
5272
5291
5671
5273
5292
5672
5274
5293
5673
5275
5294
5674
5276
5295
5675
5277
5296
5676
5278
5297
5677
5279
5298
5678
5299
5679
5281
5300
5680
5282
5301
5681
5283
5302
5682
5284
5303
5683
5285
5304
5684
5286
5305
5685
5287
5306
5686
5288
5307
5687
5289
5308
5688
5290
5309
5689
5291
5310
5690
5292
5311
5691
5293
5312
5692
5294
5313
5693
5295
5314
5694
5296
5315
5695
5297
5316
5696
5298
5317
5697
5299
5318
5698
5319
5699
5301
5320
5700
5302
5321
5701
5303
5322
5702
5304
5323
5703
5305
5324
5704
5306
5325
5705
5307
5326
5706
5308
5327
5707
5309
5328
5708
5310
5329
5709
5311
5330
5710
5312
5331
5711
5313
5332
5712
5314
5333
5713
5315
5334
5714
5316
5335
5715
5317
5336
5716
5318
5337
5717
5319
5338
5718
5339
5719
5321
5340
5720
5322
5341
5721
5323
5342
5722
5324
5343
5723
5325
5344
5724
5326
5345
5725
5327
5346
5726
5328
5347
5727
5329
5348
5728
5330
5349
5729
5331
5350
5730
5332
5351
5731
5333
5352
5732
5334
5353
5733
5335
5354
5734
5336
5355
5735
5337
5356
5736
5338
5357
5737
5339
5358
5738
5359
5739
5341
5360
5740
5342
5361
5741
5343
5362
5742
5344
5363
5743
5345
5364
5744
5346
5365
5745
5347
5366
5746
5348
5367
5747
5349
5368
5748
5350
5369
5749
5351
5370
5750
5352
5371
5751
5353
5372
5752
5354
5373
5753
5355
5374
5754
5356
5375
5755
5357
5376
5756
5358
5377
5757
5359
5378
5758
5379
5759
5361
5380
5760
5362
5381
5761
5363
5382
5762
5364
5383
5763
5365
5384
5764
5366
5385
5765
5367
5386
5766
5368
5387
5767
5369
5388
5768
5370
5389
5769
5371
5390
5770
5372
5391
5771
5373
5392
5772
5374
5393
5773
5375
5394
5774
5376
5395
5775
5377
5396
5776
5378
5397
5777
5379
5398
5778
5399
5779
5381
5400
5780
5382
5401
5781
5383
5402
5782
5384
5403
5783
5385
5404
5784
5386
5405
5785
5387
5406
5786
5388
5407
5787
5389
5408
5788
5390
5409
5789
5391
5410
5790
5392
5411
5791
5393
5412
5792
5394
5413
5793
5395
5414
5794
5396
5415
5795
5397
5416
5796
5398
5417
5797
5399
5418
5798
5419
5799
5401
5420
5800
5402
5421
5801
5403
5422
5802
5404
5423
5803
5405
5424
5804
5406
5425
5805
5407
5426
5806
5408
5427
5807
5409
5428
5808
5410
5429
5809
5411
5430
5810
5412
5431
5811
5413
5432
5812
5414
5433
5813
5415
5434
5814
5416
5435
5815
5417
5436
5816
5418
5437
5817
5419
5438
5818
5439
5819
5421
5440
5820
5422
5441
5821
5423
5442
5822
5424
5443
5823
5425
5444
5824
5426
5445
5825
5427
5446
5826
5428
5447
5827
5429
5448
5828
5430
5449
5829
5431
5450
5830
5432
5451
5831
5433
5452
5832
5434
5453
5833
5435
5454
5834
5436
5455
5835
5437
5456
5836
5438
5457
5837
5439
5458
5838
5459
5839
5441
5460
5840
5442
5461
5841
5443
5462
5842
5444
5463
5843
5445
5464
5844
5446
5465
5845
5447
5466
5846
5448
5467
5847
5449
5468
5848
5450
5469
5849
5451
5470
5850
5452
5471
5851
5453
5472
5852
5454
5473
5853
5455
5474
5854
5456
5475
5855
5457
5476
5856
5458
5477
5857
5459
5478
5858
5479
5859
5461
5480
5860
5462
5481
5861
5463
5482
5862
5464
5483
5863
5465
5484
5864
5466
5485
5865
5467
5486
5866
5468
5487
5867
5469
5488
5868
5470
5489
5869
5471
5490
5870
5472
5491
5871
5473
5492
5872
5474
5493
5873
5475
5494
5874
5476
5495
5875
5477
5496
5876
5478
5497
5877
5479
5498
5878
5499
5879
5481
5500
5880
5482
5501
5881
5483
5502
5882
5484
5503
5883
5485
5504
5884
5486
5505
5885
5487
5506
5886
5488
5507
5887
5489
5508
5888
5490
5509
5889
5491
5510
5890
5492
5511
5891
5493
5512
5892
5494
5513
5893
5495
5514
5894
5496
5515
5895
5497
5516
5896
5498
5517
5897
5499
5518
5898
5519
5899
5501
5520
5900
5502
5521
5901
5503
5522
5902
5504
5523
5903
5505
5524
5904
5506
5525
5905
5507
5526
5906
5508
5527
5907
5509
5528
5908
5510
5529
5909
5511
5530
5910
5512
5531
5911
5513
5532
5912
5514
5533
5913
5515
5534
5914
5516
5535
5915
5517
5536
5916
5518
5537
5917
5519
5538
5918
5539
5919
5521
5540
5920
5522
5541
5921
5523
5542
5922
5524
5543
5923
5525
5544
5924
5526
5545
5925
5527
5546
5926
5528
5547
5927
5529
5548
5928
5530
5549
5929
5531
5550
5930
5532
5551
5931
5533
5552
5932
5534
5553
5933
5535
5554
5934
5536
5555
5935
5537
5556
5936
5538
5557
5937
5539
5558
5938
5559
5939
5541
5560
5940
5542
5561
5941
5543
5562
5942
5544
5563
5943
5545
5564
5944
5546
5565
5945
5547
5566
5946
5548
5567
5947
5549
5568
5948
5550
5569
5949
5551
5570
5950
5552
5571
5951
5553
5572
5952
5554
5573
5953
5555
5574
5954
5556
5575
5955
5557
5576
5956
5558
5577
5957
5559
5578
5958
5579
5959
5561
5580
5960
5562
5581
5961
5563
5582
5962
5564
5583
5963
5565
5584
5964
5566
5585
5965
5567
5586
5966
5568
5587
5967
5569
5588
5968
5570
5589
5969
5571
5590
5970
5572
5591
5971
5573
5592
5972
5574
5593
5973
5575
5594
5974
5576
5595
5975
5577
5596
5976
5578
5597
5977
5579
5598
5978
5599
5979
5581
5980
5582
5981
5583
5982
5584
5983
5585
5984
5586
5985
5587
5986
5588
5987
5589
5988
5590
5989
5591
5990
5592
5991
5593
5992
5594
5993
5595
5994
5596
5995
5597
5996
5598
5997
5599
5998
5999
5601
5620
6000
5602
5621
6001
5603
5622
6002
5604
5623
6003
5605
5624
6004
5606
5625
6005
5607
5626
6006
5608
5627
6007
5609
5628
6008
5610
5629
6009
5611
5630
6010
5612
5631
6011
5613
5632
6012
5614
5633
6013
5615
5634
6014
5616
5635
6015
5617
5636
6016
5618
5637
6017
5619
5638
6018
5639
6019
5621
5640
6020
5622
5641
6021
5623
5642
6022
5624
5643
6023
5625
5644
6024
5626
5645
6025
5627
5646
6026
5628
5647
6027
5629
5648
6028
5630
5649
6029
5631
5650
6030
5632
5651
6031
5633
5652
6032
5634
5653
6033
5635
5654
6034
5636
5655
6035
5637
5656
6036
5638
5657
6037
5639
5658
6038
5659
6039
5641
5660
6040
5642
5661
6041
5643
5662
6042
5644
5663
6043
5645
5664
6044
5646
5665
6045
5647
5666
6046
5648
5667
6047
5649
5668
6048
5650
5669
6049
5651
5670
6050
5652
5671
6051
5653
5672
6052
5654
5673
6053
5655
5674
6054
5656
5675
6055
5657
5676
6056
5658
5677
6057
5659
5678
6058
5679
6059
5661
5680
6060
5662
5681
6061
5663
5682
6062
5664
5683
6063
5665
5684
6064
5666
5685
6065
5667
5686
6066
5668
5687
6067
5669
5688
6068
5670
5689
6069
5671
5690
6070
5672
5691
6071
5673
5692
6072
5674
5693
6073
5675
5694
6074
5676
5695
6075
5677
5696
6076
5678
5697
6077
5679
5698
6078
5699
6079
5681
5700
6080
5682
5701
6081
5683
5702
6082
5684
5703
6083
5685
5704
6084
5686
5705
6085
5687
5706
6086
5688
5707
6087
5689
5708
6088
5690
5709
6089
5691
5710
6090
5692
5711
6091
5693
5712
6092
5694
5713
6093
5695
5714
6094
5696
5715
6095
5697
5716
6096
5698
5717
6097
5699
5718
6098
5719
6099
5701
5720
6100
5702
5721
6101
5703
5722
6102
5704
5723
6103
5705
5724
6104
5706
5725
6105
5707
5726
6106
5708
5727
6107
5709
5728
6108
5710
5729
6109
5711
5730
6110
5712
5731
6111
5713
5732
6112
5714
5733
6113
5715
5734
6114
5716
5735
6115
5717
5736
6116
5718
5737
6117
5719
5738
6118
5739
6119
5721
5740
6120
5722
5741
6121
5723
5742
6122
5724
5743
6123
5725
5744
6124
5726
5745
6125
5727
5746
6126
5728
5747
6127
5729
5748
6128
5730
5749
6129
5731
5750
6130
5732
5751
6131
5733
5752
6132
5734
5753
6133
5735
5754
6134
5736
5755
6135
5737
5756
6136
5738
5757
6137
5739
5758
6138
5759
6139
5741
5760
6140
5742
5761
6141
5743
5762
6142
5744
5763
6143
5745
5764
6144
5746
5765
6145
5747
5766
6146
5748
5767
6147
5749
5768
6148
5750
5769
6149
5751
5770
6150
5752
5771
6151
5753
5772
6152
5754
5773
6153
5755
5774
6154
5756
5775
6155
5757
5776
6156
5758
5777
6157
5759
5778
6158
5779
6159
5761
5780
6160
5762
5781
6161
5763
5782
6162
5764
5783
6163
5765
5784
6164
5766
5785
6165
5767
5786
6166
5768
5787
6167
5769
5788
6168
5770
5789
6169
5771
5790
6170
5772
5791
6171
5773
5792
6172
5774
5793
6173
5775
5794
6174
5776
5795
6175
5777
5796
6176
5778
5797
6177
5779
5798
6178
5799
6179
5781
5800
6180
5782
5801
6181
5783
5802
6182
5784
5803
6183
5785
5804
6184
5786
5805
6185
5787
5806
6186
5788
5807
6187
5789
5808
6188
5790
5809
6189
5791
5810
6190
5792
5811
6191
5793
5812
6192
5794
5813
6193
5795
5814
6194
5796
5815
6195
5797
5816
6196
5798
5817
6197
5799
5818
6198
5819
6199
5801
5820
6200
5802
5821
6201
5803
5822
6202
5804
5823
6203
5805
5824
6204
5806
5825
6205
5807
5826
6206
5808
5827
6207
5809
5828
6208
5810
5829
6209
5811
5830
6210
5812
5831
6211
5813
5832
6212
5814
5833
6213
5815
5834
6214
5816
5835
6215
5817
5836
6216
5818
5837
6217
5819
5838
6218
5839
6219
5821
5840
6220
5822
5841
6221
5823
5842
6222
5824
5843
6223
5825
5844
6224
5826
5845
6225
5827
5846
6226
5828
5847
6227
5829
5848
6228
5830
5849
6229
5831
5850
6230
5832
5851
6231
5833
5852
6232
5834
5853
6233
5835
5854
6234
5836
5855
6235
5837
5856
6236
5838
5857
6237
5839
5858
6238
5859
6239
5841
5860
6240
5842
5861
6241
5843
5862
6242
5844
5863
6243
5845
5864
6244
5846
5865
6245
5847
5866
6246
5848
5867
6247
5849
5868
6248
5850
5869
6249
5851
5870
6250
5852
5871
6251
5853
5872
6252
5854
5873
6253
5855
5874
6254
5856
5875
6255
5857
5876
6256
5858
5877
6257
5859
5878
6258
5879
6259
5861
5880
6260
5862
5881
6261
5863
5882
6262
5864
5883
6263
5865
5884
6264
5866
5885
6265
5867
5886
6266
5868
5887
6267
5869
5888
6268
5870
5889
6269
5871
5890
6270
5872
5891
6271
5873
5892
6272
5874
5893
6273
5875
5894
6274
5876
5895
6275
5877
5896
6276
5878
5897
6277
5879
5898
6278
5899
6279
5881
5900
6280
5882
5901
6281
5883
5902
6282
5884
5903
6283
5885
5904
6284
5886
5905
6285
5887
5906
6286
5888
5907
6287
5889
5908
6288
5890
5909
6289
5891
5910
6290
5892
5911
6291
5893
5912
6292
5894
5913
6293
5895
5914
6294
5896
5915
6295
5897
5916
6296
5898
5917
6297
5899
5918
6298
5919
6299
5901
5920
6300
5902
5921
6301
5903
5922
6302
5904
5923
6303
5905
5924
6304
5906
5925
6305
5907
5926
6306
5908
5927
6307
5909
5928
6308
5910
5929
6309
5911
5930
6310
5912
5931
6311
5913
5932
6312
5914
5933
6313
5915
5934
6314
5916
5935
6315
5917
5936
6316
5918
5937
6317
5919
5938
6318
5939
6319
5921
5940
6320
5922
5941
6321
5923
5942
6322
5924
5943
6323
5925
5944
6324
5926
5945
6325
5927
5946
6326
5928
5947
6327
5929
5948
6328
5930
5949
6329
5931
5950
6330
5932
5951
6331
5933
5952
6332
5934
5953
6333
5935
5954
6334
5936
5955
6335
5937
5956
6336
5938
5957
6337
5939
5958
6338
5959
6339
5941
5960
6340
5942
5961
6341
5943
5962
6342
5944
5963
6343
5945
5964
6344
5946
5965
6345
5947
5966
6346
5948
5967
6347
5949
5968
6348
5950
5969
6349
5951
5970
6350
5952
5971
6351
5953
5972
6352
5954
5973
6353
5955
5974
6354
5956
5975
6355
5957
5976
6356
5958
5977
6357
5959
5978
6358
5979
6359
5961
5980
6360
5962
5981
6361
5963
5982
6362
5964
5983
6363
5965
5984
6364
5966
5985
6365
5967
5986
6366
5968
5987
6367
5969
5988
6368
5970
5989
6369
5971
5990
6370
5972
5991
6371
5973
5992
6372
5974
5993
6373
5975
5994
6374
5976
5995
6375
5977
5996
6376
5978
5997
6377
5979
5998
6378
5999
6379
5981
6380
5982
6381
5983
6382
5984
6383
5985
6384
5986
6385
5987
6386
5988
6387
5989
6388
5990
6389
5991
6390
5992
6391
5993
6392
5994
6393
5995
6394
5996
6395
5997
6396
5998
6397
5999
6398
6399
6001
6020
6400
6002
6021
6401
6003
6022
6402
6004
6023
6403
6005
6024
6404
6006
6025
6405
6007
6026
6406
6008
6027
6407
6009
6028
6408
6010
6029
6409
6011
6030
6410
6012
6031
6411
6013
6032
6412
6014
6033
6413
6015
6034
6414
6016
6035
6415
6017
6036
6416
6018
6037
6417
6019
6038
6418
6039
6419
6021
6040
6420
6022
6041
6421
6023
6042
6422
6024
6043
6423
6025
6044
6424
6026
6045
6425
6027
6046
6426
6028
6047
6427
6029
6048
6428
6030
6049
6429
6031
6050
6430
6032
6051
6431
6033
6052
6432
6034
6053
6433
6035
6054
6434
6036
6055
6435
6037
6056
6436
6038
6057
6437
6039
6058
6438
6059
6439
6041
6060
6440
6042
6061
6441
6043
6062
6442
6044
6063
6443
6045
6064
6444
6046
6065
6445
6047
6066
6446
6048
6067
6447
6049
6068
6448
6050
6069
6449
6051
6070
6450
6052
6071
6451
6053
6072
6452
6054
6073
6453
6055
6074
6454
6056
6075
6455
6057
6076
6456
6058
6077
6457
6059
6078
6458
6079
6459
6061
6080
6460
6062
6081
6461
6063
6082
6462
6064
6083
6463
6065
6084
6464
6066
6085
6465
6067
6086
6466
6068
6087
6467
6069
6088
6468
6070
6089
6469
6071
6090
6470
6072
6091
6471
6073
6092
6472
6074
6093
6473
6075
6094
6474
6076
6095
6475
6077
6096
6476
6078
6097
6477
6079
6098
6478
6099
6479
6081
6100
6480
6082
6101
6481
6083
6102
6482
6084
6103
6483
6085
6104
6484
6086
6105
6485
6087
6106
6486
6088
6107
6487
6089
6108
6488
6090
6109
6489
6091
6110
6490
6092
6111
6491
6093
6112
6492
6094
6113
6493
6095
6114
6494
6096
6115
6495
6097
6116
6496
6098
6117
6497
6099
6118
6498
6119
6499
6101
6120
6500
6102
6121
6501
6103
6122
6502
6104
6123
6503
6105
6124
6504
6106
6125
6505
6107
6126
6506
6108
6127
6507
6109
6128
6508
6110
6129
6509
6111
6130
6510
6112
6131
6511
6113
6132
6512
6114
6133
6513
6115
6134
6514
6116
6135
6515
6117
6136
6516
6118
6137
6517
6119
6138
6518
6139
6519
6121
6140
6520
6122
6141
6521
6123
6142
6522
6124
6143
6523
6125
6144
6524
6126
6145
6525
6127
6146
6526
6128
6147
6527
6129
6148
6528
6130
6149
6529
6131
6150
6530
6132
6151
6531
6133
6152
6532
6134
6153
6533
6135
6154
6534
6136
6155
6535
6137
6156
6536
6138
6157
6537
6139
6158
6538
6159
6539
6141
6160
6540
6142
6161
6541
6143
6162
6542
6144
6163
6543
6145
6164
6544
6146
6165
6545
6147
6166
6546
6148
6167
6547
6149
6168
6548
6150
6169
6549
6151
6170
6550
6152
6171
6551
6153
6172
6552
6154
6173
6553
6155
6174
6554
6156
6175
6555
6157
6176
6556
6158
6177
6557
6159
6178
6558
6179
6559
6161
6180
6560
6162
6181
6561
6163
6182
6562
6164
6183
6563
6165
6184
6564
6166
6185
6565
6167
6186
6566
6168
6187
6567
6169
6188
6568
6170
6189
6569
6171
6190
6570
6172
6191
6571
6173
6192
6572
6174
6193
6573
6175
6194
6574
6176
6195
6575
6177
6196
6576
6178
6197
6577
6179
6198
6578
6199
6579
6181
6200
6580
6182
6201
6581
6183
6202
6582
6184
6203
6583
6185
6204
6584
6186
6205
6585
6187
6206
6586
6188
6207
6587
6189
6208
6588
6190
6209
6589
6191
6210
6590
6192
6211
6591
6193
6212
6592
6194
6213
6593
6195
6214
6594
6196
6215
6595
6197
6216
6596
6198
6217
6597
6199
6218
6598
6219
6599
6201
6220
6600
6202
6221
6601
6203
6222
6602
6204
6223
6603
6205
6224
6604
6206
6225
6605
6207
6226
6606
6208
6227
6607
6209
6228
6608
6210
6229
6609
6211
6230
6610
6212
6231
6611
6213
6232
6612
6214
6233
6613
6215
6234
6614
6216
6235
6615
6217
6236
6616
6218
6237
6617
6219
6238
6618
6239
6619
6221
6240
6620
6222
6241
6621
6223
6242
6622
6224
6243
6623
6225
6244
6624
6226
6245
6625
6227
6246
6626
6228
6247
6627
6229
6248
6628
6230
6249
6629
6231
6250
6630
6232
6251
6631
6233
6252
6632
6234
6253
6633
6235
6254
6634
6236
6255
6635
6237
6256
6636
6238
6257
6637
6239
6258
6638
6259
6639
6241
6260
6640
6242
6261
6641
6243
6262
6642
6244
6263
6643
6245
6264
6644
6246
6265
6645
6247
6266
6646
6248
6267
6647
6249
6268
6648
6250
6269
6649
6251
6270
6650
6252
6271
6651
6253
6272
6652
6254
6273
6653
6255
6274
6654
6256
6275
6655
6257
6276
6656
6258
6277
6657
6259
6278
6658
6279
6659
6261
6280
6660
6262
6281
6661
6263
6282
6662
6264
6283
6663
6265
6284
6664
6266
6285
6665
6267
6286
6666
6268
6287
6667
6269
6288
6668
6270
6289
6669
6271
6290
6670
6272
6291
6671
6273
6292
6672
6274
6293
6673
6275
6294
6674
6276
6295
6675
6277
6296
6676
6278
6297
6677
6279
6298
6678
6299
6679
6281
6300
6680
6282
6301
6681
6283
6302
6682
6284
6303
6683
6285
6304
6684
6286
6305
6685
6287
6306
6686
6288
6307
6687
6289
6308
6688
6290
6309
6689
6291
6310
6690
6292
6311
6691
6293
6312
6692
6294
6313
6693
6295
6314
6694
6296
6315
6695
6297
6316
6696
6298
6317
6697
6299
6318
6698
6319
6699
6301
6320
6700
6302
6321
6701
6303
6322
6702
6304
6323
6703
6305
6324
6704
6306
6325
6705
6307
6326
6706
6308
6327
6707
6309
6328
6708
6310
6329
6709
6311
6330
6710
6312
6331
6711
6313
6332
6712
6314
6333
6713
6315
6334
6714
6316
6335
6715
6317
6336
6716
6318
6337
6717
6319
6338
6718
6339
6719
6321
6340
6720
6322
6341
6721
6323
6342
6722
6324
6343
6723
6325
6344
6724
6326
6345
6725
6327
6346
6726
6328
6347
6727
6329
6348
6728
6330
6349
6729
6331
6350
6730
6332
6351
6731
6333
6352
6732
6334
6353
6733
6335
6354
6734
6336
6355
6735
6337
6356
6736
6338
6357
6737
6339
6358
6738
6359
6739
6341
6360
6740
6342
6361
6741
6343
6362
6742
6344
6363
6743
6345
6364
6744
6346
6365
6745
6347
6366
6746
6348
6367
6747
6349
6368
6748
6350
6369
6749
6351
6370
6750
6352
6371
6751
6353
6372
6752
6354
6373
6753
6355
6374
6754
6356
6375
6755
6357
6376
6756
6358
6377
6757
6359
6378
6758
6379
6759
6361
6380
6760
6362
6381
6761
6363
6382
6762
6364
6383
6763
6365
6384
6764
6366
6385
6765
6367
6386
6766
6368
6387
6767
6369
6388
6768
6370
6389
6769
6371
6390
6770
6372
6391
6771
6373
6392
6772
6374
6393
6773
6375
6394
6774
6376
6395
6775
6377
6396
6776
6378
6397
6777
6379
6398
6778
6399
6779
6381
6780
6382
6781
6383
6782
6384
6783
6385
6784
6386
6785
6387
6786
6388
6787
6389
6788
6390
6789
6391
6790
6392
6791
6393
6792
6394
6793
6395
6794
6396
6795
6397
6796
6398
6797
6399
6798
6799
6401
6420
6800
6402
6421
6801
6403
6422
6802
6404
6423
6803
6405
6424
6804
6406
6425
6805
6407
6426
6806
6408
6427
6807
6409
6428
6808
6410
6429
6809
6411
6430
6810
6412
6431
6811
6413
6432
6812
6414
6433
6813
6415
6434
6814
6416
6435
6815
6417
6436
6816
6418
6437
6817
6419
6438
6818
6439
6819
6421
6440
6820
6422
6441
6821
6423
6442
6822
6424
6443
6823
6425
6444
6824
6426
6445
6825
6427
6446
6826
6428
6447
6827
6429
6448
6828
6430
6449
6829
6431
6450
6830
6432
6451
6831
6433
6452
6832
6434
6453
6833
6435
6454
6834
6436
6455
6835
6437
6456
6836
6438
6457
6837
6439
6458
6838
6459
6839
6441
6460
6840
6442
6461
6841
6443
6462
6842
6444
6463
6843
6445
6464
6844
6446
6465
6845
6447
6466
6846
6448
6467
6847
6449
6468
6848
6450
6469
6849
6451
6470
6850
6452
6471
6851
6453
6472
6852
6454
6473
6853
6455
6474
6854
6456
6475
6855
6457
6476
6856
6458
6477
6857
6459
6478
6858
6479
6859
6461
6480
6860
6462
6481
6861
6463
6482
6862
6464
6483
6863
6465
6484
6864
6466
6485
6865
6467
6486
6866
6468
6487
6867
6469
6488
6868
6470
6489
6869
6471
6490
6870
6472
6491
6871
6473
6492
6872
6474
6493
6873
6475
6494
6874
6476
6495
6875
6477
6496
6876
6478
6497
6877
6479
6498
6878
6499
6879
6481
6500
6880
6482
6501
6881
6483
6502
6882
6484
6503
6883
6485
6504
6884
6486
6505
6885
6487
6506
6886
6488
6507
6887
6489
6508
6888
6490
6509
6889
6491
6510
6890
6492
6511
6891
6493
6512
6892
6494
6513
6893
6495
6514
6894
6496
6515
6895
6497
6516
6896
6498
6517
6897
6499
6518
6898
6519
6899
6501
6520
6900
6502
6521
6901
6503
6522
6902
6504
6523
6903
6505
6524
6904
6506
6525
6905
6507
6526
6906
6508
6527
6907
6509
6528
6908
6510
6529
6909
6511
6530
6910
6512
6531
6911
6513
6532
6912
6514
6533
6913
6515
6534
6914
6516
6535
6915
6517
6536
6916
6518
6537
6917
6519
6538
6918
6539
6919
6521
6540
6920
6522
6541
6921
6523
6542
6922
6524
6543
6923
6525
6544
6924
6526
6545
6925
6527
6546
6926
6528
6547
6927
6529
6548
6928
6530
6549
6929
6531
6550
6930
6532
6551
6931
6533
6552
6932
6534
6553
6933
6535
6554
6934
6536
6555
6935
6537
6556
6936
6538
6557
6937
6539
6558
6938
6559
6939
6541
6560
6940
6542
6561
6941
6543
6562
6942
6544
6563
6943
6545
6564
6944
6546
6565
6945
6547
6566
6946
6548
6567
6947
6549
6568
6948
6550
6569
6949
6551
6570
6950
6552
6571
6951
6553
6572
6952
6554
6573
6953
6555
6574
6954
6556
6575
6955
6557
6576
6956
6558
6577
6957
6559
6578
6958
6579
6959
6561
6580
6960
6562
6581
6961
6563
6582
6962
6564
6583
6963
6565
6584
6964
6566
6585
6965
6567
6586
6966
6568
6587
6967
6569
6588
6968
6570
6589
6969
6571
6590
6970
6572
6591
6971
6573
6592
6972
6574
6593
6973
6575
6594
6974
6576
6595
6975
6577
6596
6976
6578
6597
6977
6579
6598
6978
6599
6979
6581
6600
6980
6582
6601
6981
6583
6602
6982
6584
6603
6983
6585
6604
6984
6586
6605
6985
6587
6606
6986
6588
6607
6987
6589
6608
6988
6590
6609
6989
6591
6610
6990
6592
6611
6991
6593
6612
6992
6594
6613
6993
6595
6614
6994
6596
6615
6995
6597
6616
6996
6598
6617
6997
6599
6618
6998
6619
6999
6601
6620
7000
6602
6621
7001
6603
6622
7002
6604
6623
7003
6605
6624
7004
6606
6625
7005
6607
6626
7006
6608
6627
7007
6609
6628
7008
6610
6629
7009
6611
6630
7010
6612
6631
7011
6613
6632
7012
6614
6633
7013
6615
6634
7014
6616
6635
7015
6617
6636
7016
6618
6637
7017
6619
6638
7018
6639
7019
6621
6640
7020
6622
6641
7021
6623
6642
7022
6624
6643
7023
6625
6644
7024
6626
6645
7025
6627
6646
7026
6628
6647
7027
6629
6648
7028
6630
6649
7029
6631
6650
7030
6632
6651
7031
6633
6652
7032
6634
6653
7033
6635
6654
7034
6636
6655
7035
6637
6656
7036
6638
6657
7037
6639
6658
7038
6659
7039
6641
6660
7040
6642
6661
7041
6643
6662
7042
6644
6663
7043
6645
6664
7044
6646
6665
7045
6647
6666
7046
6648
6667
7047
6649
6668
7048
6650
6669
7049
6651
6670
7050
6652
6671
7051
6653
6672
7052
6654
6673
7053
6655
6674
7054
6656
6675
7055
6657
6676
7056
6658
6677
7057
6659
6678
7058
6679
7059
6661
6680
7060
6662
6681
7061
6663
6682
7062
6664
6683
7063
6665
6684
7064
6666
6685
7065
6667
6686
7066
6668
6687
7067
6669
6688
7068
6670
6689
7069
6671
6690
7070
6672
6691
7071
6673
6692
7072
6674
6693
7073
6675
6694
7074
6676
6695
7075
6677
6696
7076
6678
6697
7077
6679
6698
7078
6699
7079
6681
6700
7080
6682
6701
7081
6683
6702
7082
6684
6703
7083
6685
6704
7084
6686
6705
7085
6687
6706
7086
6688
6707
7087
6689
6708
7088
6690
6709
7089
6691
6710
7090
6692
6711
7091
6693
6712
7092
6694
6713
7093
6695
6714
7094
6696
6715
7095
6697
6716
7096
6698
6717
7097
6699
6718
7098
6719
7099
6701
6720
7100
6702
6721
7101
6703
6722
7102
6704
6723
7103
6705
6724
7104
6706
6725
7105
6707
6726
7106
6708
6727
7107
6709
6728
7108
6710
6729
7109
6711
6730
7110
6712
6731
7111
6713
6732
7112
6714
6733
7113
6715
6734
7114
6716
6735
7115
6717
6736
7116
6718
6737
7117
6719
6738
7118
6739
7119
6721
6740
7120
6722
6741
7121
6723
6742
7122
6724
6743
7123
6725
6744
7124
6726
6745
7125
6727
6746
7126
6728
6747
7127
6729
6748
7128
6730
6749
7129
6731
6750
7130
6732
6751
7131
6733
6752
7132
6734
6753
7133
6735
6754
7134
6736
6755
7135
6737
6756
7136
6738
6757
7137
6739
6758
7138
6759
7139
6741
6760
7140
6742
6761
7141
6743
6762
7142
6744
6763
7143
6745
6764
7144
6746
6765
7145
6747
6766
7146
6748
6767
7147
6749
6768
7148
6750
6769
7149
6751
6770
7150
6752
6771
7151
6753
6772
7152
6754
6773
7153
6755
6774
7154
6756
6775
7155
6757
6776
7156
6758
6777
7157
6759
6778
7158
6779
7159
6761
6780
7160
6762
6781
7161
6763
6782
7162
6764
6783
7163
6765
6784
7164
6766
6785
7165
6767
6786
7166
6768
6787
7167
6769
6788
7168
6770
6789
7169
6771
6790
7170
6772
6791
7171
6773
6792
7172
6774
6793
7173
6775
6794
7174
6776
6795
7175
6777
6796
7176
6778
6797
7177
6779
6798
7178
6799
7179
6781
7180
6782
7181
6783
7182
6784
7183
6785
7184
6786
7185
6787
7186
6788
7187
6789
7188
6790
7189
6791
7190
6792
7191
6793
7192
6794
7193
6795
7194
6796
7195
6797
7196
6798
7197
6799
7198
7199
6801
6820
7200
6802
6821
7201
6803
6822
7202
6804
6823
7203
6805
6824
7204
6806
6825
7205
6807
6826
7206
6808
6827
7207
6809
6828
7208
6810
6829
7209
6811
6830
7210
6812
6831
7211
6813
6832
7212
6814
6833
7213
6815
6834
7214
6816
6835
7215
6817
6836
7216
6818
6837
7217
6819
6838
7218
6839
7219
6821
6840
7220
6822
6841
7221
6823
6842
7222
6824
6843
7223
6825
6844
7224
6826
6845
7225
6827
6846
7226
6828
6847
7227
6829
6848
7228
6830
6849
7229
6831
6850
7230
6832
6851
7231
6833
6852
7232
6834
6853
7233
6835
6854
7234
6836
6855
7235
6837
6856
7236
6838
6857
7237
6839
6858
7238
6859
7239
6841
6860
7240
6842
6861
7241
6843
6862
7242
6844
6863
7243
6845
6864
7244
6846
6865
7245
6847
6866
7246
6848
6867
7247
6849
6868
7248
6850
6869
7249
6851
6870
7250
6852
6871
7251
6853
6872
7252
6854
6873
7253
6855
6874
7254
6856
6875
7255
6857
6876
7256
6858
6877
7257
6859
6878
7258
6879
7259
6861
6880
7260
6862
6881
7261
6863
6882
7262
6864
6883
7263
6865
6884
7264
6866
6885
7265
6867
6886
7266
6868
6887
7267
6869
6888
7268
6870
6889
7269
6871
6890
7270
6872
6891
7271
6873
6892
7272
6874
6893
7273
6875
6894
7274
6876
6895
7275
6877
6896
7276
6878
6897
7277
6879
6898
7278
6899
7279
6881
6900
7280
6882
6901
7281
6883
6902
7282
6884
6903
7283
6885
6904
7284
6886
6905
7285
6887
6906
7286
6888
6907
7287
6889
6908
7288
6890
6909
7289
6891
6910
7290
6892
6911
7291
6893
6912
7292
6894
6913
7293
6895
6914
7294
6896
6915
7295
6897
6916
7296
6898
6917
7297
6899
6918
7298
6919
7299
6901
6920
7300
6902
6921
7301
6903
6922
7302
6904
6923
7303
6905
6924
7304
6906
6925
7305
6907
6926
7306
6908
6927
7307
6909
6928
7308
6910
6929
7309
6911
6930
7310
6912
6931
7311
6913
6932
7312
6914
6933
7313
6915
6934
7314
6916
6935
7315
6917
6936
7316
6918
6937
7317
6919
6938
7318
6939
7319
6921
6940
7320
6922
6941
7321
6923
6942
7322
6924
6943
7323
6925
6944
7324
6926
6945
7325
6927
6946
7326
6928
6947
7327
6929
6948
7328
6930
6949
7329
6931
6950
7330
6932
6951
7331
6933
6952
7332
6934
6953
7333
6935
6954
7334
6936
6955
7335
6937
6956
7336
6938
6957
7337
6939
6958
7338
6959
7339
6941
6960
7340
6942
6961
7341
6943
6962
7342
6944
6963
7343
6945
6964
7344
6946
6965
7345
6947
6966
7346
6948
6967
7347
6949
6968
7348
6950
6969
7349
6951
6970
7350
6952
6971
7351
6953
6972
7352
6954
6973
7353
6955
6974
7354
6956
6975
7355
6957
6976
7356
6958
6977
7357
6959
6978
7358
6979
7359
6961
6980
7360
6962
6981
7361
6963
6982
7362
6964
6983
7363
6965
6984
7364
6966
6985
7365
6967
6986
7366
6968
6987
7367
6969
6988
7368
6970
6989
7369
6971
6990
7370
6972
6991
7371
6973
6992
7372
6974
6993
7373
6975
6994
7374
6976
6995
7375
6977
6996
7376
6978
6997
7377
6979
6998
7378
6999
7379
6981
7000
7380
6982
7001
7381
6983
7002
7382
6984
7003
7383
6985
7004
7384
6986
7005
7385
6987
7006
7386
6988
7007
7387
6989
7008
7388
6990
7009
7389
6991
7010
7390
6992
7011
7391
6993
7012
7392
6994
7013
7393
6995
7014
7394
6996
7015
7395
6997
7016
7396
6998
7017
7397
6999
7018
7398
7019
7399
7001
7020
7400
7002
7021
7401
7003
7022
7402
7004
7023
7403
7005
7024
7404
7006
7025
7405
7007
7026
7406
7008
7027
7407
7009
7028
7408
7010
7029
7409
7011
7030
7410
7012
7031
7411
7013
7032
7412
7014
7033
7413
7015
7034
7414
7016
7035
7415
7017
7036
7416
7018
7037
7417
7019
7038
7418
7039
7419
7021
7040
7420
7022
7041
7421
7023
7042
7422
7024
7043
7423
7025
7044
7424
7026
7045
7425
7027
7046
7426
7028
7047
7427
7029
7048
7428
7030
7049
7429
7031
7050
7430
7032
7051
7431
7033
7052
7432
7034
7053
7433
7035
7054
7434
7036
7055
7435
7037
7056
7436
7038
7057
7437
7039
7058
7438
7059
7439
7041
7060
7440
7042
7061
7441
7043
7062
7442
7044
7063
7443
7045
7064
7444
7046
7065
7445
7047
7066
7446
7048
7067
7447
7049
7068
7448
7050
7069
7449
7051
7070
7450
7052
7071
7451
7053
7072
7452
7054
7073
7453
7055
7074
7454
7056
7075
7455
7057
7076
7456
7058
7077
7457
7059
7078
7458
7079
7459
7061
7080
7460
7062
7081
7461
7063
7082
7462
7064
7083
7463
7065
7084
7464
7066
7085
7465
7067
7086
7466
7068
7087
7467
7069
7088
7468
7070
7089
7469
7071
7090
7470
7072
7091
7471
7073
7092
7472
7074
7093
7473
7075
7094
7474
7076
7095
7475
7077
7096
7476
7078
7097
7477
7079
7098
7478
7099
7479
7081
7100
7480
7082
7101
7481
7083
7102
7482
7084
7103
7483
7085
7104
7484
7086
7105
7485
7087
7106
7486
7088
7107
7487
7089
7108
7488
7090
7109
7489
7091
7110
7490
7092
7111
7491
7093
7112
7492
7094
7113
7493
7095
7114
7494
7096
7115
7495
7097
7116
7496
7098
7117
7497
7099
7118
7498
7119
7499
7101
7120
7500
7102
7121
7501
7103
7122
7502
7104
7123
7503
7105
7124
7504
7106
7125
7505
7107
7126
7506
7108
7127
7507
7109
7128
7508
7110
7129
7509
7111
7130
7510
7112
7131
7511
7113
7132
7512
7114
7133
7513
7115
7134
7514
7116
7135
7515
7117
7136
7516
7118
7137
7517
7119
7138
7518
7139
7519
7121
7140
7520
7122
7141
7521
7123
7142
7522
7124
7143
7523
7125
7144
7524
7126
7145
7525
7127
7146
7526
7128
7147
7527
7129
7148
7528
7130
7149
7529
7131
7150
7530
7132
7151
7531
7133
7152
7532
7134
7153
7533
7135
7154
7534
7136
7155
7535
7137
7156
7536
7138
7157
7537
7139
7158
7538
7159
7539
7141
7160
7540
7142
7161
7541
7143
7162
7542
7144
7163
7543
7145
7164
7544
7146
7165
7545
7147
7166
7546
7148
7167
7547
7149
7168
7548
7150
7169
7549
7151
7170
7550
7152
7171
7551
7153
7172
7552
7154
7173
7553
7155
7174
7554
7156
7175
7555
7157
7176
7556
7158
7177
7557
7159
7178
7558
7179
7559
7161
7180
7560
7162
7181
7561
7163
7182
7562
7164
7183
7563
7165
7184
7564
7166
7185
7565
7167
7186
7566
7168
7187
7567
7169
7188
7568
7170
7189
7569
7171
7190
7570
7172
7191
7571
7173
7192
7572
7174
7193
7573
7175
7194
7574
7176
7195
7575
7177
7196
7576
7178
7197
7577
7179
7198
7578
7199
7579
7181
7580
7182
7581
7183
7582
7184
7583
7185
7584
7186
7585
7187
7586
7188
7587
7189
7588
7190
7589
7191
7590
7192
7591
7193
7592
7194
7593
7195
7594
7196
7595
7197
7596
7198
7597
7199
7598
7599
7201
7220
7600
7202
7221
7601
7203
7222
7602
7204
7223
7603
7205
7224
7604
7206
7225
7605
7207
7226
7606
7208
7227
7607
7209
7228
7608
7210
7229
7609
7211
7230
7610
7212
7231
7611
7213
7232
7612
7214
7233
7613
7215
7234
7614
7216
7235
7615
7217
7236
7616
7218
7237
7617
7219
7238
7618
7239
7619
7221
7240
7620
7222
7241
7621
7223
7242
7622
7224
7243
7623
7225
7244
7624
7226
7245
7625
7227
7246
7626
7228
7247
7627
7229
7248
7628
7230
7249
7629
7231
7250
7630
7232
7251
7631
7233
7252
7632
7234
7253
7633
7235
7254
7634
7236
7255
7635
7237
7256
7636
7238
7257
7637
7239
7258
7638
7259
7639
7241
7260
7640
7242
7261
7641
7243
7262
7642
7244
7263
7643
7245
7264
7644
7246
7265
7645
7247
7266
7646
7248
7267
7647
7249
7268
7648
7250
7269
7649
7251
7270
7650
7252
7271
7651
7253
7272
7652
7254
7273
7653
7255
7274
7654
7256
7275
7655
7257
7276
7656
7258
7277
7657
7259
7278
7658
7279
7659
7261
7280
7660
7262
7281
7661
7263
7282
7662
7264
7283
7663
7265
7284
7664
7266
7285
7665
7267
7286
7666
7268
7287
7667
7269
7288
7668
7270
7289
7669
7271
7290
7670
7272
7291
7671
7273
7292
7672
7274
7293
7673
7275
7294
7674
7276
7295
7675
7277
7296
7676
7278
7297
7677
7279
7298
7678
7299
7679
7281
7300
7680
7282
7301
7681
7283
7302
7682
7284
7303
7683
7285
7304
7684
7286
7305
7685
7287
7306
7686
7288
7307
7687
7289
7308
7688
7290
7309
7689
7291
7310
7690
7292
7311
7691
7293
7312
7692
7294
7313
7693
7295
7314
7694
7296
7315
7695
7297
7316
7696
7298
7317
7697
7299
7318
7698
7319
7699
7301
7320
7700
7302
7321
7701
7303
7322
7702
7304
7323
7703
7305
7324
7704
7306
7325
7705
7307
7326
7706
7308
7327
7707
7309
7328
7708
7310
7329
7709
7311
7330
7710
7312
7331
7711
7313
7332
7712
7314
7333
7713
7315
7334
7714
7316
7335
7715
7317
7336
7716
7318
7337
7717
7319
7338
7718
7339
7719
7321
7340
7720
7322
7341
7721
7323
7342
7722
7324
7343
7723
7325
7344
7724
7326
7345
7725
7327
7346
7726
7328
7347
7727
7329
7348
7728
7330
7349
7729
7331
7350
7730
7332
7351
7731
7333
7352
7732
7334
7353
7733
7335
7354
7734
7336
7355
7735
7337
7356
7736
7338
7357
7737
7339
7358
7738
7359
7739
7341
7360
7740
7342
7361
7741
7343
7362
7742
7344
7363
7743
7345
7364
7744
7346
7365
7745
7347
7366
7746
7348
7367
7747
7349
7368
7748
7350
7369
7749
7351
7370
7750
7352
7371
7751
7353
7372
7752
7354
7373
7753
7355
7374
7754
7356
7375
7755
7357
7376
7756
7358
7377
7757
7359
7378
7758
7379
7759
7361
7380
7760
7362
7381
7761
7363
7382
7762
7364
7383
7763
7365
7384
7764
7366
7385
7765
7367
7386
7766
7368
7387
7767
7369
7388
7768
7370
7389
7769
7371
7390
7770
7372
7391
7771
7373
7392
7772
7374
7393
7773
7375
7394
7774
7376
7395
7775
7377
7396
7776
7378
7397
7777
7379
7398
7778
7399
7779
7381
7400
7780
7382
7401
7781
7383
7402
7782
7384
7403
7783
7385
7404
7784
7386
7405
7785
7387
7406
7786
7388
7407
7787
7389
7408
7788
7390
7409
7789
7391
7410
7790
7392
7411
7791
7393
7412
7792
7394
7413
7793
7395
7414
7794
7396
7415
7795
7397
7416
7796
7398
7417
7797
7399
7418
7798
7419
7799
7401
7420
7800
7402
7421
7801
7403
7422
7802
7404
7423
7803
7405
7424
7804
7406
7425
7805
7407
7426
7806
7408
7427
7807
7409
7428
7808
7410
7429
7809
7411
7430
7810
7412
7431
7811
7413
7432
7812
7414
7433
7813
7415
7434
7814
7416
7435
7815
7417
7436
7816
7418
7437
7817
7419
7438
7818
7439
7819
7421
7440
7820
7422
7441
7821
7423
7442
7822
7424
7443
7823
7425
7444
7824
7426
7445
7825
7427
7446
7826
7428
7447
7827
7429
7448
7828
7430
7449
7829
7431
7450
7830
7432
7451
7831
7433
7452
7832
7434
7453
7833
7435
7454
7834
7436
7455
7835
7437
7456
7836
7438
7457
7837
7439
7458
7838
7459
7839
7441
7460
7840
7442
7461
7841
7443
7462
7842
7444
7463
7843
7445
7464
7844
7446
7465
7845
7447
7466
7846
7448
7467
7847
7449
7468
7848
7450
7469
7849
7451
7470
7850
7452
7471
7851
7453
7472
7852
7454
7473
7853
7455
7474
7854
7456
7475
7855
7457
7476
7856
7458
7477
7857
7459
7478
7858
7479
7859
7461
7480
7860
7462
7481
7861
7463
7482
7862
7464
7483
7863
7465
7484
7864
7466
7485
7865
7467
7486
7866
7468
7487
7867
7469
7488
7868
7470
7489
7869
7471
7490
7870
7472
7491
7871
7473
7492
7872
7474
7493
7873
7475
7494
7874
7476
7495
7875
7477
7496
7876
7478
7497
7877
7479
7498
7878
7499
7879
7481
7500
7880
7482
7501
7881
7483
7502
7882
7484
7503
7883
7485
7504
7884
7486
7505
7885
7487
7506
7886
7488
7507
7887
7489
7508
7888
7490
7509
7889
7491
7510
7890
7492
7511
7891
7493
7512
7892
7494
7513
7893
7495
7514
7894
7496
7515
7895
7497
7516
7896
7498
7517
7897
7499
7518
7898
7519
7899
7501
7520
7900
7502
7521
7901
7503
7522
7902
7504
7523
7903
7505
7524
7904
7506
7525
7905
7507
7526
7906
7508
7527
7907
7509
7528
7908
7510
7529
7909
7511
7530
7910
7512
7531
7911
7513
7532
7912
7514
7533
7913
7515
7534
7914
7516
7535
7915
7517
7536
7916
7518
7537
7917
7519
7538
7918
7539
7919
7521
7540
7920
7522
7541
7921
7523
7542
7922
7524
7543
7923
7525
7544
7924
7526
7545
7925
7527
7546
7926
7528
7547
7927
7529
7548
7928
7530
7549
7929
7531
7550
7930
7532
7551
7931
7533
7552
7932
7534
7553
7933
7535
7554
7934
7536
7555
7935
7537
7556
7936
7538
7557
7937
7539
7558
7938
7559
7939
7541
7560
7940
7542
7561
7941
7543
7562
7942
7544
7563
7943
7545
7564
7944
7546
7565
7945
7547
7566
7946
7548
7567
7947
7549
7568
7948
7550
7569
7949
7551
7570
7950
7552
7571
7951
7553
7572
7952
7554
7573
7953
7555
7574
7954
7556
7575
7955
7557
7576
7956
7558
7577
7957
7559
7578
7958
7579
7959
7561
7580
7960
7562
7581
7961
7563
7582
7962
7564
7583
7963
7565
7584
7964
7566
7585
7965
7567
7586
7966
7568
7587
7967
7569
7588
7968
7570
7589
7969
7571
7590
7970
7572
7591
7971
7573
7592
7972
7574
7593
7973
7575
7594
7974
7576
7595
7975
7577
7596
7976
7578
7597
7977
7579
7598
7978
7599
7979
7581
7980
7582
7981
7583
7982
7584
7983
7585
7984
7586
7985
7587
7986
7588
7987
7589
7988
7590
7989
7591
7990
7592
7991
7593
7992
7594
7993
7595
7994
7596
7995
7597
7996
7598
7997
7599
7998
7999
7601
7620
8000
7602
7621
8001
7603
7622
8002
7604
7623
8003
7605
7624
8004
7606
7625
8005
7607
7626
8006
7608
7627
8007
7609
7628
8008
7610
7629
8009
7611
7630
8010
7612
7631
8011
7613
7632
8012
7614
7633
8013
7615
7634
8014
7616
7635
8015
7617
7636
8016
7618
7637
8017
7619
7638
8018
7639
8019
7621
7640
8020
7622
7641
8021
7623
7642
8022
7624
7643
8023
7625
7644
8024
7626
7645
8025
7627
7646
8026
7628
7647
8027
7629
7648
8028
7630
7649
8029
7631
7650
8030
7632
7651
8031
7633
7652
8032
7634
7653
8033
7635
7654
8034
7636
7655
8035
7637
7656
8036
7638
7657
8037
7639
7658
8038
7659
8039
7641
7660
8040
7642
7661
8041
7643
7662
8042
7644
7663
8043
7645
7664
8044
7646
7665
8045
7647
7666
8046
7648
7667
8047
7649
7668
8048
7650
7669
8049
7651
7670
8050
7652
7671
8051
7653
7672
8052
7654
7673
8053
7655
7674
8054
7656
7675
8055
7657
7676
8056
7658
7677
8057
7659
7678
8058
7679
8059
7661
7680
8060
7662
7681
8061
7663
7682
8062
7664
7683
8063
7665
7684
8064
7666
7685
8065
7667
7686
8066
7668
7687
8067
7669
7688
8068
7670
7689
8069
7671
7690
8070
7672
7691
8071
7673
7692
8072
7674
7693
8073
7675
7694
8074
7676
7695
8075
7677
7696
8076
7678
7697
8077
7679
7698
8078
7699
8079
7681
7700
8080
7682
7701
8081
7683
7702
8082
7684
7703
8083
7685
7704
8084
7686
7705
8085
7687
7706
8086
7688
7707
8087
7689
7708
8088
7690
7709
8089
7691
7710
8090
7692
7711
8091
7693
7712
8092
7694
7713
8093
7695
7714
8094
7696
7715
8095
7697
7716
8096
7698
7717
8097
7699
7718
8098
7719
8099
7701
7720
8100
7702
7721
8101
7703
7722
8102
7704
7723
8103
7705
7724
8104
7706
7725
8105
7707
7726
8106
7708
7727
8107
7709
7728
8108
7710
7729
8109
7711
7730
8110
7712
7731
8111
7713
7732
8112
7714
7733
8113
7715
7734
8114
7716
7735
8115
7717
7736
8116
7718
7737
8117
7719
7738
8118
7739
8119
7721
7740
8120
7722
7741
8121
7723
7742
8122
7724
7743
8123
7725
7744
8124
7726
7745
8125
7727
7746
8126
7728
7747
8127
7729
7748
8128
7730
7749
8129
7731
7750
8130
7732
7751
8131
7733
7752
8132
7734
7753
8133
7735
7754
8134
7736
7755
8135
7737
7756
8136
7738
7757
8137
7739
7758
8138
7759
8139
7741
7760
8140
7742
7761
8141
7743
7762
8142
7744
7763
8143
7745
7764
8144
7746
7765
8145
7747
7766
8146
7748
7767
8147
7749
7768
8148
7750
7769
8149
7751
7770
8150
7752
7771
8151
7753
7772
8152
7754
7773
8153
7755
7774
8154
7756
7775
8155
7757
7776
8156
7758
7777
8157
7759
7778
8158
7779
8159
7761
7780
8160
7762
7781
8161
7763
7782
8162
7764
7783
8163
7765
7784
8164
7766
7785
8165
7767
7786
8166
7768
7787
8167
7769
7788
8168
7770
7789
8169
7771
7790
8170
7772
7791
8171
7773
7792
8172
7774
7793
8173
7775
7794
8174
7776
7795
8175
7777
7796
8176
7778
7797
8177
7779
7798
8178
7799
8179
7781
7800
8180
7782
7801
8181
7783
7802
8182
7784
7803
8183
7785
7804
8184
7786
7805
8185
7787
7806
8186
7788
7807
8187
7789
7808
8188
7790
7809
8189
7791
7810
8190
7792
7811
8191
7793
7812
8192
7794
7813
8193
7795
7814
8194
7796
7815
8195
7797
7816
8196
7798
7817
8197
7799
7818
8198
7819
8199
7801
7820
8200
7802
7821
8201
7803
7822
8202
7804
7823
8203
7805
7824
8204
7806
7825
8205
7807
7826
8206
7808
7827
8207
7809
7828
8208
7810
7829
8209
7811
7830
8210
7812
7831
8211
7813
7832
8212
7814
7833
8213
7815
7834
8214
7816
7835
8215
7817
7836
8216
7818
7837
8217
7819
7838
8218
7839
8219
7821
7840
8220
7822
7841
8221
7823
7842
8222
7824
7843
8223
7825
7844
8224
7826
7845
8225
7827
7846
8226
7828
7847
8227
7829
7848
8228
7830
7849
8229
7831
7850
8230
7832
7851
8231
7833
7852
8232
7834
7853
8233
7835
7854
8234
7836
7855
8235
7837
7856
8236
7838
7857
8237
7839
7858
8238
7859
8239
7841
7860
8240
7842
7861
8241
7843
7862
8242
7844
7863
8243
7845
7864
8244
7846
7865
8245
7847
7866
8246
7848
7867
8247
7849
7868
8248
7850
7869
8249
7851
7870
8250
7852
7871
8251
7853
7872
8252
7854
7873
8253
7855
7874
8254
7856
7875
8255
7857
7876
8256
7858
7877
8257
7859
7878
8258
7879
8259
7861
7880
8260
7862
7881
8261
7863
7882
8262
7864
7883
8263
7865
7884
8264
7866
7885
8265
7867
7886
8266
7868
7887
8267
7869
7888
8268
7870
7889
8269
7871
7890
8270
7872
7891
8271
7873
7892
8272
7874
7893
8273
7875
7894
8274
7876
7895
8275
7877
7896
8276
7878
7897
8277
7879
7898
8278
7899
8279
7881
7900
8280
7882
7901
8281
7883
7902
8282
7884
7903
8283
7885
7904
8284
7886
7905
8285
7887
7906
8286
7888
7907
8287
7889
7908
8288
7890
7909
8289
7891
7910
8290
7892
7911
8291
7893
7912
8292
7894
7913
8293
7895
7914
8294
7896
7915
8295
7897
7916
8296
7898
7917
8297
7899
7918
8298
7919
8299
7901
7920
8300
7902
7921
8301
7903
7922
8302
7904
7923
8303
7905
7924
8304
7906
7925
8305
7907
7926
8306
7908
7927
8307
7909
7928
8308
7910
7929
8309
7911
7930
8310
7912
7931
8311
7913
7932
8312
7914
7933
8313
7915
7934
8314
7916
7935
8315
7917
7936
8316
7918
7937
8317
7919
7938
8318
7939
8319
7921
7940
8320
7922
7941
8321
7923
7942
8322
7924
7943
8323
7925
7944
8324
7926
7945
8325
7927
7946
8326
7928
7947
8327
7929
7948
8328
7930
7949
8329
7931
7950
8330
7932
7951
8331
7933
7952
8332
7934
7953
8333
7935
7954
8334
7936
7955
8335
7937
7956
8336
7938
7957
8337
7939
7958
8338
7959
8339
7941
7960
8340
7942
7961
8341
7943
7962
8342
7944
7963
8343
7945
7964
8344
7946
7965
8345
7947
7966
8346
7948
7967
8347
7949
7968
8348
7950
7969
8349
7951
7970
8350
7952
7971
8351
7953
7972
8352
7954
7973
8353
7955
7974
8354
7956
7975
8355
7957
7976
8356
7958
7977
8357
7959
7978
8358
7979
8359
7961
7980
8360
7962
7981
8361
7963
7982
8362
7964
7983
8363
7965
7984
8364
7966
7985
8365
7967
7986
8366
7968
7987
8367
7969
7988
8368
7970
7989
8369
7971
7990
8370
7972
7991
8371
7973
7992
8372
7974
7993
8373
7975
7994
8374
7976
7995
8375
7977
7996
8376
7978
7997
8377
7979
7998
8378
7999
8379
7981
8380
7982
8381
7983
8382
7984
8383
7985
8384
7986
8385
7987
8386
7988
8387
7989
8388
7990
8389
7991
8390
7992
8391
7993
8392
7994
8393
7995
8394
7996
8395
7997
8396
7998
8397
7999
8398
8399
8001
8020
8400
8002
8021
8401
8003
8022
8402
8004
8023
8403
8005
8024
8404
8006
8025
8405
8007
8026
8406
8008
8027
8407
8009
8028
8408
8010
8029
8409
8011
8030
8410
8012
8031
8411
8013
8032
8412
8014
8033
8413
8015
8034
8414
8016
8035
8415
8017
8036
8416
8018
8037
8417
8019
8038
8418
8039
8419
8021
8040
8420
8022
8041
8421
8023
8042
8422
8024
8043
8423
8025
8044
8424
8026
8045
8425
8027
8046
8426
8028
8047
8427
8029
8048
8428
8030
8049
8429
8031
8050
8430
8032
8051
8431
8033
8052
8432
8034
8053
8433
8035
8054
8434
8036
8055
8435
8037
8056
8436
8038
8057
8437
8039
8058
8438
8059
8439
8041
8060
8440
8042
8061
8441
8043
8062
8442
8044
8063
8443
8045
8064
8444
8046
8065
8445
8047
8066
8446
8048
8067
8447
8049
8068
8448
8050
8069
8449
8051
8070
8450
8052
8071
8451
8053
8072
8452
8054
8073
8453
8055
8074
8454
8056
8075
8455
8057
8076
8456
8058
8077
8457
8059
8078
8458
8079
8459
8061
8080
8460
8062
8081
8461
8063
8082
8462
8064
8083
8463
8065
8084
8464
8066
8085
8465
8067
8086
8466
8068
8087
8467
8069
8088
8468
8070
8089
8469
8071
8090
8470
8072
8091
8471
8073
8092
8472
8074
8093
8473
8075
8094
8474
8076
8095
8475
8077
8096
8476
8078
8097
8477
8079
8098
8478
8099
8479
8081
8100
8480
8082
8101
8481
8083
8102
8482
8084
8103
8483
8085
8104
8484
8086
8105
8485
8087
8106
8486
8088
8107
8487
8089
8108
8488
8090
8109
8489
8091
8110
8490
8092
8111
8491
8093
8112
8492
8094
8113
8493
8095
8114
8494
8096
8115
8495
8097
8116
8496
8098
8117
8497
8099
8118
8498
8119
8499
8101
8120
8500
8102
8121
8501
8103
8122
8502
8104
8123
8503
8105
8124
8504
8106
8125
8505
8107
8126
8506
8108
8127
8507
8109
8128
8508
8110
8129
8509
8111
8130
8510
8112
8131
8511
8113
8132
8512
8114
8133
8513
8115
8134
8514
8116
8135
8515
8117
8136
8516
8118
8137
8517
8119
8138
8518
8139
8519
8121
8140
8520
8122
8141
8521
8123
8142
8522
8124
8143
8523
8125
8144
8524
8126
8145
8525
8127
8146
8526
8128
8147
8527
8129
8148
8528
8130
8149
8529
8131
8150
8530
8132
8151
8531
8133
8152
8532
8134
8153
8533
8135
8154
8534
8136
8155
8535
8137
8156
8536
8138
8157
8537
8139
8158
8538
8159
8539
8141
8160
8540
8142
8161
8541
8143
8162
8542
8144
8163
8543
8145
8164
8544
8146
8165
8545
8147
8166
8546
8148
8167
8547
8149
8168
8548
8150
8169
8549
8151
8170
8550
8152
8171
8551
8153
8172
8552
8154
8173
8553
8155
8174
8554
8156
8175
8555
8157
8176
8556
8158
8177
8557
8159
8178
8558
8179
8559
8161
8180
8560
8162
8181
8561
8163
8182
8562
8164
8183
8563
8165
8184
8564
8166
8185
8565
8167
8186
8566
8168
8187
8567
8169
8188
8568
8170
8189
8569
8171
8190
8570
8172
8191
8571
8173
8192
8572
8174
8193
8573
8175
8194
8574
8176
8195
8575
8177
8196
8576
8178
8197
8577
8179
8198
8578
8199
8579
8181
8200
8580
8182
8201
8581
8183
8202
8582
8184
8203
8583
8185
8204
8584
8186
8205
8585
8187
8206
8586
8188
8207
8587
8189
8208
8588
8190
8209
8589
8191
8210
8590
8192
8211
8591
8193
8212
8592
8194
8213
8593
8195
8214
8594
8196
8215
8595
8197
8216
8596
8198
8217
8597
8199
8218
8598
8219
8599
8201
8220
8600
8202
8221
8601
8203
8222
8602
8204
8223
8603
8205
8224
8604
8206
8225
8605
8207
8226
8606
8208
8227
8607
8209
8228
8608
8210
8229
8609
8211
8230
8610
8212
8231
8611
8213
8232
8612
8214
8233
8613
8215
8234
8614
8216
8235
8615
8217
8236
8616
8218
8237
8617
8219
8238
8618
8239
8619
8221
8240
8620
8222
8241
8621
8223
8242
8622
8224
8243
8623
8225
8244
8624
8226
8245
8625
8227
8246
8626
8228
8247
8627
8229
8248
8628
8230
8249
8629
8231
8250
8630
8232
8251
8631
8233
8252
8632
8234
8253
8633
8235
8254
8634
8236
8255
8635
8237
8256
8636
8238
8257
8637
8239
8258
8638
8259
8639
8241
8260
8640
8242
8261
8641
8243
8262
8642
8244
8263
8643
8245
8264
8644
8246
8265
8645
8247
8266
8646
8248
8267
8647
8249
8268
8648
8250
8269
8649
8251
8270
8650
8252
8271
8651
8253
8272
8652
8254
8273
8653
8255
8274
8654
8256
8275
8655
8257
8276
8656
8258
8277
8657
8259
8278
8658
8279
8659
8261
8280
8660
8262
8281
8661
8263
8282
8662
8264
8283
8663
8265
8284
8664
8266
8285
8665
8267
8286
8666
8268
8287
8667
8269
8288
8668
8270
8289
8669
8271
8290
8670
8272
8291
8671
8273
8292
8672
8274
8293
8673
8275
8294
8674
8276
8295
8675
8277
8296
8676
8278
8297
8677
8279
8298
8678
8299
8679
8281
8300
8680
8282
8301
8681
8283
8302
8682
8284
8303
8683
8285
8304
8684
8286
8305
8685
8287
8306
8686
8288
8307
8687
8289
8308
8688
8290
8309
8689
8291
8310
8690
8292
8311
8691
8293
8312
8692
8294
8313
8693
8295
8314
8694
8296
8315
8695
8297
8316
8696
8298
8317
8697
8299
8318
8698
8319
8699
8301
8320
8700
8302
8321
8701
8303
8322
8702
8304
8323
8703
8305
8324
8704
8306
8325
8705
8307
8326
8706
8308
8327
8707
8309
8328
8708
8310
8329
8709
8311
8330
8710
8312
8331
8711
8313
8332
8712
8314
8333
8713
8315
8334
8714
8316
8335
8715
8317
8336
8716
8318
8337
8717
8319
8338
8718
8339
8719
8321
8340
8720
8322
8341
8721
8323
8342
8722
8324
8343
8723
8325
8344
8724
8326
8345
8725
8327
8346
8726
8328
8347
8727
8329
8348
8728
8330
8349
8729
8331
8350
8730
8332
8351
8731
8333
8352
8732
8334
8353
8733
8335
8354
8734
8336
8355
8735
8337
8356
8736
8338
8357
8737
8339
8358
8738
8359
8739
8341
8360
8740
8342
8361
8741
8343
8362
8742
8344
8363
8743
8345
8364
8744
8346
8365
8745
8347
8366
8746
8348
8367
8747
8349
8368
8748
8350
8369
8749
8351
8370
8750
8352
8371
8751
8353
8372
8752
8354
8373
8753
8355
8374
8754
8356
8375
8755
8357
8376
8756
8358
8377
8757
8359
8378
8758
8379
8759
8361
8380
8760
8362
8381
8761
8363
8382
8762
8364
8383
8763
8365
8384
8764
8366
8385
8765
8367
8386
8766
8368
8387
8767
8369
8388
8768
8370
8389
8769
8371
8390
8770
8372
8391
8771
8373
8392
8772
8374
8393
8773
8375
8394
8774
8376
8395
8775
8377
8396
8776
8378
8397
8777
8379
8398
8778
8399
8779
8381
8780
8382
8781
8383
8782
8384
8783
8385
8784
8386
8785
8387
8786
8388
8787
8389
8788
8390
8789
8391
8790
8392
8791
8393
8792
8394
8793
8395
8794
8396
8795
8397
8796
8398
8797
8399
8798
8799
8401
8420
8800
8402
8421
8801
8403
8422
8802
8404
8423
8803
8405
8424
8804
8406
8425
8805
8407
8426
8806
8408
8427
8807
8409
8428
8808
8410
8429
8809
8411
8430
8810
8412
8431
8811
8413
8432
8812
8414
8433
8813
8415
8434
8814
8416
8435
8815
8417
8436
8816
8418
8437
8817
8419
8438
8818
8439
8819
8421
8440
8820
8422
8441
8821
8423
8442
8822
8424
8443
8823
8425
8444
8824
8426
8445
8825
8427
8446
8826
8428
8447
8827
8429
8448
8828
8430
8449
8829
8431
8450
8830
8432
8451
8831
8433
8452
8832
8434
8453
8833
8435
8454
8834
8436
8455
8835
8437
8456
8836
8438
8457
8837
8439
8458
8838
8459
8839
8441
8460
8840
8442
8461
8841
8443
8462
8842
8444
8463
8843
8445
8464
8844
8446
8465
8845
8447
8466
8846
8448
8467
8847
8449
8468
8848
8450
8469
8849
8451
8470
8850
8452
8471
8851
8453
8472
8852
8454
8473
8853
8455
8474
8854
8456
8475
8855
8457
8476
8856
8458
8477
8857
8459
8478
8858
8479
8859
8461
8480
8860
8462
8481
8861
8463
8482
8862
8464
8483
8863
8465
8484
8864
8466
8485
8865
8467
8486
8866
8468
8487
8867
8469
8488
8868
8470
8489
8869
8471
8490
8870
8472
8491
8871
8473
8492
8872
8474
8493
8873
8475
8494
8874
8476
8495
8875
8477
8496
8876
8478
8497
8877
8479
8498
8878
8499
8879
8481
8500
8880
8482
8501
8881
8483
8502
8882
8484
8503
8883
8485
8504
8884
8486
8505
8885
8487
8506
8886
8488
8507
8887
8489
8508
8888
8490
8509
8889
8491
8510
8890
8492
8511
8891
8493
8512
8892
8494
8513
8893
8495
8514
8894
8496
8515
8895
8497
8516
8896
8498
8517
8897
8499
8518
8898
8519
8899
8501
8520
8900
8502
8521
8901
8503
8522
8902
8504
8523
8903
8505
8524
8904
8506
8525
8905
8507
8526
8906
8508
8527
8907
8509
8528
8908
8510
8529
8909
8511
8530
8910
8512
8531
8911
8513
8532
8912
8514
8533
8913
8515
8534
8914
8516
8535
8915
8517
8536
8916
8518
8537
8917
8519
8538
8918
8539
8919
8521
8540
8920
8522
8541
8921
8523
8542
8922
8524
8543
8923
8525
8544
8924
8526
8545
8925
8527
8546
8926
8528
8547
8927
8529
8548
8928
8530
8549
8929
8531
8550
8930
8532
8551
8931
8533
8552
8932
8534
8553
8933
8535
8554
8934
8536
8555
8935
8537
8556
8936
8538
8557
8937
8539
8558
8938
8559
8939
8541
8560
8940
8542
8561
8941
8543
8562
8942
8544
8563
8943
8545
8564
8944
8546
8565
8945
8547
8566
8946
8548
8567
8947
8549
8568
8948
8550
8569
8949
8551
8570
8950
8552
8571
8951
8553
8572
8952
8554
8573
8953
8555
8574
8954
8556
8575
8955
8557
8576
8956
8558
8577
8957
8559
8578
8958
8579
8959
8561
8580
8960
8562
8581
8961
8563
8582
8962
8564
8583
8963
8565
8584
8964
8566
8585
8965
8567
8586
8966
8568
8587
8967
8569
8588
8968
8570
8589
8969
8571
8590
8970
8572
8591
8971
8573
8592
8972
8574
8593
8973
8575
8594
8974
8576
8595
8975
8577
8596
8976
8578
8597
8977
8579
8598
8978
8599
8979
8581
8600
8980
8582
8601
8981
8583
8602
8982
8584
8603
8983
8585
8604
8984
8586
8605
8985
8587
8606
8986
8588
8607
8987
8589
8608
8988
8590
8609
8989
8591
8610
8990
8592
8611
8991
8593
8612
8992
8594
8613
8993
8595
8614
8994
8596
8615
8995
8597
8616
8996
8598
8617
8997
8599
8618
8998
8619
8999
8601
8620
9000
8602
8621
9001
8603
8622
9002
8604
8623
9003
8605
8624
9004
8606
8625
9005
8607
8626
9006
8608
8627
9007
8609
8628
9008
8610
8629
9009
8611
8630
9010
8612
8631
9011
8613
8632
9012
8614
8633
9013
8615
8634
9014
8616
8635
9015
8617
8636
9016
8618
8637
9017
8619
8638
9018
8639
9019
8621
8640
9020
8622
8641
9021
8623
8642
9022
8624
8643
9023
8625
8644
9024
8626
8645
9025
8627
8646
9026
8628
8647
9027
8629
8648
9028
8630
8649
9029
8631
8650
9030
8632
8651
9031
8633
8652
9032
8634
8653
9033
8635
8654
9034
8636
8655
9035
8637
8656
9036
8638
8657
9037
8639
8658
9038
8659
9039
8641
8660
9040
8642
8661
9041
8643
8662
9042
8644
8663
9043
8645
8664
9044
8646
8665
9045
8647
8666
9046
8648
8667
9047
8649
8668
9048
8650
8669
9049
8651
8670
9050
8652
8671
9051
8653
8672
9052
8654
8673
9053
8655
8674
9054
8656
8675
9055
8657
8676
9056
8658
8677
9057
8659
8678
9058
8679
9059
8661
8680
9060
8662
8681
9061
8663
8682
9062
8664
8683
9063
8665
8684
9064
8666
8685
9065
8667
8686
9066
8668
8687
9067
8669
8688
9068
8670
8689
9069
8671
8690
9070
8672
8691
9071
8673
8692
9072
8674
8693
9073
8675
8694
9074
8676
8695
9075
8677
8696
9076
8678
8697
9077
8679
8698
9078
8699
9079
8681
8700
9080
8682
8701
9081
8683
8702
9082
8684
8703
9083
8685
8704
9084
8686
8705
9085
8687
8706
9086
8688
8707
9087
8689
8708
9088
8690
8709
9089
8691
8710
9090
8692
8711
9091
8693
8712
9092
8694
8713
9093
8695
8714
9094
8696
8715
9095
8697
8716
9096
8698
8717
9097
8699
8718
9098
8719
9099
8701
8720
9100
8702
8721
9101
8703
8722
9102
8704
8723
9103
8705
8724
9104
8706
8725
9105
8707
8726
9106
8708
8727
9107
8709
8728
9108
8710
8729
9109
8711
8730
9110
8712
8731
9111
8713
8732
9112
8714
8733
9113
8715
8734
9114
8716
8735
9115
8717
8736
9116
8718
8737
9117
8719
8738
9118
8739
9119
8721
8740
9120
8722
8741
9121
8723
8742
9122
8724
8743
9123
8725
8744
9124
8726
8745
9125
8727
8746
9126
8728
8747
9127
8729
8748
9128
8730
8749
9129
8731
8750
9130
8732
8751
9131
8733
8752
9132
8734
8753
9133
8735
8754
9134
8736
8755
9135
8737
8756
9136
8738
8757
9137
8739
8758
9138
8759
9139
8741
8760
9140
8742
8761
9141
8743
8762
9142
8744
8763
9143
8745
8764
9144
8746
8765
9145
8747
8766
9146
8748
8767
9147
8749
8768
9148
8750
8769
9149
8751
8770
9150
8752
8771
9151
8753
8772
9152
8754
8773
9153
8755
8774
9154
8756
8775
9155
8757
8776
9156
8758
8777
9157
8759
8778
9158
8779
9159
8761
8780
9160
8762
8781
9161
8763
8782
9162
8764
8783
9163
8765
8784
9164
8766
8785
9165
8767
8786
9166
8768
8787
9167
8769
8788
9168
8770
8789
9169
8771
8790
9170
8772
8791
9171
8773
8792
9172
8774
8793
9173
8775
8794
9174
8776
8795
9175
8777
8796
9176
8778
8797
9177
8779
8798
9178
8799
9179
8781
9180
8782
9181
8783
9182
8784
9183
8785
9184
8786
9185
8787
9186
8788
9187
8789
9188
8790
9189
8791
9190
8792
9191
8793
9192
8794
9193
8795
9194
8796
9195
8797
9196
8798
9197
8799
9198
9199
8801
8820
9200
8802
8821
9201
8803
8822
9202
8804
8823
9203
8805
8824
9204
8806
8825
9205
8807
8826
9206
8808
8827
9207
8809
8828
9208
8810
8829
9209
8811
8830
9210
8812
8831
9211
8813
8832
9212
8814
8833
9213
8815
8834
9214
8816
8835
9215
8817
8836
9216
8818
8837
9217
8819
8838
9218
8839
9219
8821
8840
9220
8822
8841
9221
8823
8842
9222
8824
8843
9223
8825
8844
9224
8826
8845
9225
8827
8846
9226
8828
8847
9227
8829
8848
9228
8830
8849
9229
8831
8850
9230
8832
8851
9231
8833
8852
9232
8834
8853
9233
8835
8854
9234
8836
8855
9235
8837
8856
9236
8838
8857
9237
8839
8858
9238
8859
9239
8841
8860
9240
8842
8861
9241
8843
8862
9242
8844
8863
9243
8845
8864
9244
8846
8865
9245
8847
8866
9246
8848
8867
9247
8849
8868
9248
8850
8869
9249
8851
8870
9250
8852
8871
9251
8853
8872
9252
8854
8873
9253
8855
8874
9254
8856
8875
9255
8857
8876
9256
8858
8877
9257
8859
8878
9258
8879
9259
8861
8880
9260
8862
8881
9261
8863
8882
9262
8864
8883
9263
8865
8884
9264
8866
8885
9265
8867
8886
9266
8868
8887
9267
8869
8888
9268
8870
8889
9269
8871
8890
9270
8872
8891
9271
8873
8892
9272
8874
8893
9273
8875
8894
9274
8876
8895
9275
8877
8896
9276
8878
8897
9277
8879
8898
9278
8899
9279
8881
8900
9280
8882
8901
9281
8883
8902
9282
8884
8903
9283
8885
8904
9284
8886
8905
9285
8887
8906
9286
8888
8907
9287
8889
8908
9288
8890
8909
9289
8891
8910
9290
8892
8911
9291
8893
8912
9292
8894
8913
9293
8895
8914
9294
8896
8915
9295
8897
8916
9296
8898
8917
9297
8899
8918
9298
8919
9299
8901
8920
9300
8902
8921
9301
8903
8922
9302
8904
8923
9303
8905
8924
9304
8906
8925
9305
8907
8926
9306
8908
8927
9307
8909
8928
9308
8910
8929
9309
8911
8930
9310
8912
8931
9311
8913
8932
9312
8914
8933
9313
8915
8934
9314
8916
8935
9315
8917
8936
9316
8918
8937
9317
8919
8938
9318
8939
9319
8921
8940
9320
8922
8941
9321
8923
8942
9322
8924
8943
9323
8925
8944
9324
8926
8945
9325
8927
8946
9326
8928
8947
9327
8929
8948
9328
8930
8949
9329
8931
8950
9330
8932
8951
9331
8933
8952
9332
8934
8953
9333
8935
8954
9334
8936
8955
9335
8937
8956
9336
8938
8957
9337
8939
8958
9338
8959
9339
8941
8960
9340
8942
8961
9341
8943
8962
9342
8944
8963
9343
8945
8964
9344
8946
8965
9345
8947
8966
9346
8948
8967
9347
8949
8968
9348
8950
8969
9349
8951
8970
9350
8952
8971
9351
8953
8972
9352
8954
8973
9353
8955
8974
9354
8956
8975
9355
8957
8976
9356
8958
8977
9357
8959
8978
9358
8979
9359
8961
8980
9360
8962
8981
9361
8963
8982
9362
8964
8983
9363
8965
8984
9364
8966
8985
9365
8967
8986
9366
8968
8987
9367
8969
8988
9368
8970
8989
9369
8971
8990
9370
8972
8991
9371
8973
8992
9372
8974
8993
9373
8975
8994
9374
8976
8995
9375
8977
8996
9376
8978
8997
9377
8979
8998
9378
8999
9379
8981
9000
9380
8982
9001
9381
8983
9002
9382
8984
9003
9383
8985
9004
9384
8986
9005
9385
8987
9006
9386
8988
9007
9387
8989
9008
9388
8990
9009
9389
8991
9010
9390
8992
9011
9391
8993
9012
9392
8994
9013
9393
8995
9014
9394
8996
9015
9395
8997
9016
9396
8998
9017
9397
8999
9018
9398
9019
9399
9001
9020
9400
9002
9021
9401
9003
9022
9402
9004
9023
9403
9005
9024
9404
9006
9025
9405
9007
9026
9406
9008
9027
9407
9009
9028
9408
9010
9029
9409
9011
9030
9410
9012
9031
9411
9013
9032
9412
9014
9033
9413
9015
9034
9414
9016
9035
9415
9017
9036
9416
9018
9037
9417
9019
9038
9418
9039
9419
9021
9040
9420
9022
9041
9421
9023
9042
9422
9024
9043
9423
9025
9044
9424
9026
9045
9425
9027
9046
9426
9028
9047
9427
9029
9048
9428
9030
9049
9429
9031
9050
9430
9032
9051
9431
9033
9052
9432
9034
9053
9433
9035
9054
9434
9036
9055
9435
9037
9056
9436
9038
9057
9437
9039
9058
9438
9059
9439
9041
9060
9440
9042
9061
9441
9043
9062
9442
9044
9063
9443
9045
9064
9444
9046
9065
9445
9047
9066
9446
9048
9067
9447
9049
9068
9448
9050
9069
9449
9051
9070
9450
9052
9071
9451
9053
9072
9452
9054
9073
9453
9055
9074
9454
9056
9075
9455
9057
9076
9456
9058
9077
9457
9059
9078
9458
9079
9459
9061
9080
9460
9062
9081
9461
9063
9082
9462
9064
9083
9463
9065
9084
9464
9066
9085
9465
9067
9086
9466
9068
9087
9467
9069
9088
9468
9070
9089
9469
9071
9090
9470
9072
9091
9471
9073
9092
9472
9074
9093
9473
9075
9094
9474
9076
9095
9475
9077
9096
9476
9078
9097
9477
9079
9098
9478
9099
9479
9081
9100
9480
9082
9101
9481
9083
9102
9482
9084
9103
9483
9085
9104
9484
9086
9105
9485
9087
9106
9486
9088
9107
9487
9089
9108
9488
9090
9109
9489
9091
9110
9490
9092
9111
9491
9093
9112
9492
9094
9113
9493
9095
9114
9494
9096
9115
9495
9097
9116
9496
9098
9117
9497
9099
9118
9498
9119
9499
9101
9120
9500
9102
9121
9501
9103
9122
9502
9104
9123
9503
9105
9124
9504
9106
9125
9505
9107
9126
9506
9108
9127
9507
9109
9128
9508
9110
9129
9509
9111
9130
9510
9112
9131
9511
9113
9132
9512
9114
9133
9513
9115
9134
9514
9116
9135
9515
9117
9136
9516
9118
9137
9517
9119
9138
9518
9139
9519
9121
9140
9520
9122
9141
9521
9123
9142
9522
9124
9143
9523
9125
9144
9524
9126
9145
9525
9127
9146
9526
9128
9147
9527
9129
9148
9528
9130
9149
9529
9131
9150
9530
9132
9151
9531
9133
9152
9532
9134
9153
9533
9135
9154
9534
9136
9155
9535
9137
9156
9536
9138
9157
9537
9139
9158
9538
9159
9539
9141
9160
9540
9142
9161
9541
9143
9162
9542
9144
9163
9543
9145
9164
9544
9146
9165
9545
9147
9166
9546
9148
9167
9547
9149
9168
9548
9150
9169
9549
9151
9170
9550
9152
9171
9551
9153
9172
9552
9154
9173
9553
9155
9174
9554
9156
9175
9555
9157
9176
9556
9158
9177
9557
9159
9178
9558
9179
9559
9161
9180
9560
9162
9181
9561
9163
9182
9562
9164
9183
9563
9165
9184
9564
9166
9185
9565
9167
9186
9566
9168
9187
9567
9169
9188
9568
9170
9189
9569
9171
9190
9570
9172
9191
9571
9173
9192
9572
9174
9193
9573
9175
9194
9574
9176
9195
9575
9177
9196
9576
9178
9197
9577
9179
9198
9578
9199
9579
9181
9580
9182
9581
9183
9582
9184
9583
9185
9584
9186
9585
9187
9586
9188
9587
9189
9588
9190
9589
9191
9590
9192
9591
9193
9592
9194
9593
9195
9594
9196
9595
9197
9596
9198
9597
9199
9598
9599
9201
9220
9600
9202
9221
9601
9203
9222
9602
9204
9223
9603
9205
9224
9604
9206
9225
9605
9207
9226
9606
9208
9227
9607
9209
9228
9608
9210
9229
9609
9211
9230
9610
9212
9231
9611
9213
9232
9612
9214
9233
9613
9215
9234
9614
9216
9235
9615
9217
9236
9616
9218
9237
9617
9219
9238
9618
9239
9619
9221
9240
9620
9222
9241
9621
9223
9242
9622
9224
9243
9623
9225
9244
9624
9226
9245
9625
9227
9246
9626
9228
9247
9627
9229
9248
9628
9230
9249
9629
9231
9250
9630
9232
9251
9631
9233
9252
9632
9234
9253
9633
9235
9254
9634
9236
9255
9635
9237
9256
9636
9238
9257
9637
9239
9258
9638
9259
9639
9241
9260
9640
9242
9261
9641
9243
9262
9642
9244
9263
9643
9245
9264
9644
9246
9265
9645
9247
9266
9646
9248
9267
9647
9249
9268
9648
9250
9269
9649
9251
9270
9650
9252
9271
9651
9253
9272
9652
9254
9273
9653
9255
9274
9654
9256
9275
9655
9257
9276
9656
9258
9277
9657
9259
9278
9658
9279
9659
9261
9280
9660
9262
9281
9661
9263
9282
9662
9264
9283
9663
9265
9284
9664
9266
9285
9665
9267
9286
9666
9268
9287
9667
9269
9288
9668
9270
9289
9669
9271
9290
9670
9272
9291
9671
9273
9292
9672
9274
9293
9673
9275
9294
9674
9276
9295
9675
9277
9296
9676
9278
9297
9677
9279
9298
9678
9299
9679
9281
9300
9680
9282
9301
9681
9283
9302
9682
9284
9303
9683
9285
9304
9684
9286
9305
9685
9287
9306
9686
9288
9307
9687
9289
9308
9688
9290
9309
9689
9291
9310
9690
9292
9311
9691
9293
9312
9692
9294
9313
9693
9295
9314
9694
9296
9315
9695
9297
9316
9696
9298
9317
9697
9299
9318
9698
9319
9699
9301
9320
9700
9302
9321
9701
9303
9322
9702
9304
9323
9703
9305
9324
9704
9306
9325
9705
9307
9326
9706
9308
9327
9707
9309
9328
9708
9310
9329
9709
9311
9330
9710
9312
9331
9711
9313
9332
9712
9314
9333
9713
9315
9334
9714
9316
9335
9715
9317
9336
9716
9318
9337
9717
9319
9338
9718
9339
9719
9321
9340
9720
9322
9341
9721
9323
9342
9722
9324
9343
9723
9325
9344
9724
9326
9345
9725
9327
9346
9726
9328
9347
9727
9329
9348
9728
9330
9349
9729
9331
9350
9730
9332
9351
9731
9333
9352
9732
9334
9353
9733
9335
9354
9734
9336
9355
9735
9337
9356
9736
9338
9357
9737
9339
9358
9738
9359
9739
9341
9360
9740
9342
9361
9741
9343
9362
9742
9344
9363
9743
9345
9364
9744
9346
9365
9745
9347
9366
9746
9348
9367
9747
9349
9368
9748
9350
9369
9749
9351
9370
9750
9352
9371
9751
9353
9372
9752
9354
9373
9753
9355
9374
9754
9356
9375
9755
9357
9376
9756
9358
9377
9757
9359
9378
9758
9379
9759
9361
9380
9760
9362
9381
9761
9363
9382
9762
9364
9383
9763
9365
9384
9764
9366
9385
9765
9367
9386
9766
9368
9387
9767
9369
9388
9768
9370
9389
9769
9371
9390
9770
9372
9391
9771
9373
9392
9772
9374
9393
9773
9375
9394
9774
9376
9395
9775
9377
9396
9776
9378
9397
9777
9379
9398
9778
9399
9779
9381
9400
9780
9382
9401
9781
9383
9402
9782
9384
9403
9783
9385
9404
9784
9386
9405
9785
9387
9406
9786
9388
9407
9787
9389
9408
9788
9390
9409
9789
9391
9410
9790
9392
9411
9791
9393
9412
9792
9394
9413
9793
9395
9414
9794
9396
9415
9795
9397
9416
9796
9398
9417
9797
9399
9418
9798
9419
9799
9401
9420
9800
9402
9421
9801
9403
9422
9802
9404
9423
9803
9405
9424
9804
9406
9425
9805
9407
9426
9806
9408
9427
9807
9409
9428
9808
9410
9429
9809
9411
9430
9810
9412
9431
9811
9413
9432
9812
9414
9433
9813
9415
9434
9814
9416
9435
9815
9417
9436
9816
9418
9437
9817
9419
9438
9818
9439
9819
9421
9440
9820
9422
9441
9821
9423
9442
9822
9424
9443
9823
9425
9444
9824
9426
9445
9825
9427
9446
9826
9428
9447
9827
9429
9448
9828
9430
9449
9829
9431
9450
9830
9432
9451
9831
9433
9452
9832
9434
9453
9833
9435
9454
9834
9436
9455
9835
9437
9456
9836
9438
9457
9837
9439
9458
9838
9459
9839
9441
9460
9840
9442
9461
9841
9443
9462
9842
9444
9463
9843
9445
9464
9844
9446
9465
9845
9447
9466
9846
9448
9467
9847
9449
9468
9848
9450
9469
9849
9451
9470
9850
9452
9471
9851
9453
9472
9852
9454
9473
9853
9455
9474
9854
9456
9475
9855
9457
9476
9856
9458
9477
9857
9459
9478
9858
9479
9859
9461
9480
9860
9462
9481
9861
9463
9482
9862
9464
9483
9863
9465
9484
9864
9466
9485
9865
9467
9486
9866
9468
9487
9867
9469
9488
9868
9470
9489
9869
9471
9490
9870
9472
9491
9871
9473
9492
9872
9474
9493
9873
9475
9494
9874
9476
9495
9875
9477
9496
9876
9478
9497
9877
9479
9498
9878
9499
9879
9481
9500
9880
9482
9501
9881
9483
9502
9882
9484
9503
9883
9485
9504
9884
9486
9505
9885
9487
9506
9886
9488
9507
9887
9489
9508
9888
9490
9509
9889
9491
9510
9890
9492
9511
9891
9493
9512
9892
9494
9513
9893
9495
9514
9894
9496
9515
9895
9497
9516
9896
9498
9517
9897
9499
9518
9898
9519
9899
9501
9520
9900
9502
9521
9901
9503
9522
9902
9504
9523
9903
9505
9524
9904
9506
9525
9905
9507
9526
9906
9508
9527
9907
9509
9528
9908
9510
9529
9909
9511
9530
9910
9512
9531
9911
9513
9532
9912
9514
9533
9913
9515
9534
9914
9516
9535
9915
9517
9536
9916
9518
9537
9917
9519
9538
9918
9539
9919
9521
9540
9920
9522
9541
9921
9523
9542
9922
9524
9543
9923
9525
9544
9924
9526
9545
9925
9527
9546
9926
9528
9547
9927
9529
9548
9928
9530
9549
9929
9531
9550
9930
9532
9551
9931
9533
9552
9932
9534
9553
9933
9535
9554
9934
9536
9555
9935
9537
9556
9936
9538
9557
9937
9539
9558
9938
9559
9939
9541
9560
9940
9542
9561
9941
9543
9562
9942
9544
9563
9943
9545
9564
9944
9546
9565
9945
9547
9566
9946
9548
9567
9947
9549
9568
9948
9550
9569
9949
9551
9570
9950
9552
9571
9951
9553
9572
9952
9554
9573
9953
9555
9574
9954
9556
9575
9955
9557
9576
9956
9558
9577
9957
9559
9578
9958
9579
9959
9561
9580
9960
9562
9581
9961
9563
9582
9962
9564
9583
9963
9565
9584
9964
9566
9585
9965
9567
9586
9966
9568
9587
9967
9569
9588
9968
9570
9589
9969
9571
9590
9970
9572
9591
9971
9573
9592
9972
9574
9593
9973
9575
9594
9974
9576
9595
9975
9577
9596
9976
9578
9597
9977
9579
9598
9978
9599
9979
9581
9980
9582
9981
9583
9982
9584
9983
9585
9984
9586
9985
9587
9986
9588
9987
9589
9988
9590
9989
9591
9990
9592
9991
9593
9992
9594
9993
9595
9994
9596
9995
9597
9996
9598
9997
9599
9998
9999
9601
9620
10000
9602
9621
10001
9603
9622
10002
9604
9623
10003
9605
9624
10004
9606
9625
10005
9607
9626
10006
9608
9627
10007
9609
9628
10008
9610
9629
10009
9611
9630
10010
9612
9631
10011
9613
9632
10012
9614
9633
10013
9615
9634
10014
9616
9635
10015
9617
9636
10016
9618
9637
10017
9619
9638
10018
9639
10019
9621
9640
10020
9622
9641
10021
9623
9642
10022
9624
9643
10023
9625
9644
10024
9626
9645
10025
9627
9646
10026
9628
9647
10027
9629
9648
10028
9630
9649
10029
9631
9650
10030
9632
9651
10031
9633
9652
10032
9634
9653
10033
9635
9654
10034
9636
9655
10035
9637
9656
10036
9638
9657
10037
9639
9658
10038
9659
10039
9641
9660
10040
9642
9661
10041
9643
9662
10042
9644
9663
10043
9645
9664
10044
9646
9665
10045
9647
9666
10046
9648
9667
10047
9649
9668
10048
9650
9669
10049
9651
9670
10050
9652
9671
10051
9653
9672
10052
9654
9673
10053
9655
9674
10054
9656
9675
10055
9657
9676
10056
9658
9677
10057
9659
9678
10058
9679
10059
9661
9680
10060
9662
9681
10061
9663
9682
10062
9664
9683
10063
9665
9684
10064
9666
9685
10065
9667
9686
10066
9668
9687
10067
9669
9688
10068
9670
9689
10069
9671
9690
10070
9672
9691
10071
9673
9692
10072
9674
9693
10073
9675
9694
10074
9676
9695
10075
9677
9696
10076
9678
9697
10077
9679
9698
10078
9699
10079
9681
9700
10080
9682
9701
10081
9683
9702
10082
9684
9703
10083
9685
9704
10084
9686
9705
10085
9687
9706
10086
9688
9707
10087
9689
9708
10088
9690
9709
10089
9691
9710
10090
9692
9711
10091
9693
9712
10092
9694
9713
10093
9695
9714
10094
9696
9715
10095
9697
9716
10096
9698
9717
10097
9699
9718
10098
9719
10099
9701
9720
10100
9702
9721
10101
9703
9722
10102
9704
9723
10103
9705
9724
10104
9706
9725
10105
9707
9726
10106
9708
9727
10107
9709
9728
10108
9710
9729
10109
9711
9730
10110
9712
9731
10111
9713
9732
10112
9714
9733
10113
9715
9734
10114
9716
9735
10115
9717
9736
10116
9718
9737
10117
9719
9738
10118
9739
10119
9721
9740
10120
9722
9741
10121
9723
9742
10122
9724
9743
10123
9725
9744
10124
9726
9745
10125
9727
9746
10126
9728
9747
10127
9729
9748
10128
9730
9749
10129
9731
9750
10130
9732
9751
10131
9733
9752
10132
9734
9753
10133
9735
9754
10134
9736
9755
10135
9737
9756
10136
9738
9757
10137
9739
9758
10138
9759
10139
9741
9760
10140
9742
9761
10141
9743
9762
10142
9744
9763
10143
9745
9764
10144
9746
9765
10145
9747
9766
10146
9748
9767
10147
9749
9768
10148
9750
9769
10149
9751
9770
10150
9752
9771
10151
9753
9772
10152
9754
9773
10153
9755
9774
10154
9756
9775
10155
9757
9776
10156
9758
9777
10157
9759
9778
10158
9779
10159
9761
9780
10160
9762
9781
10161
9763
9782
10162
9764
9783
10163
9765
9784
10164
9766
9785
10165
9767
9786
10166
9768
9787
10167
9769
9788
10168
9770
9789
10169
9771
9790
10170
9772
9791
10171
9773
9792
10172
9774
9793
10173
9775
9794
10174
9776
9795
10175
9777
9796
10176
9778
9797
10177
9779
9798
10178
9799
10179
9781
9800
10180
9782
9801
10181
9783
9802
10182
9784
9803
10183
9785
9804
10184
9786
9805
10185
9787
9806
10186
9788
9807
10187
9789
9808
10188
9790
9809
10189
9791
9810
10190
9792
9811
10191
9793
9812
10192
9794
9813
10193
9795
9814
10194
9796
9815
10195
9797
9816
10196
9798
9817
10197
9799
9818
10198
9819
10199
9801
9820
10200
9802
9821
10201
9803
9822
10202
9804
9823
10203
9805
9824
10204
9806
9825
10205
9807
9826
10206
9808
9827
10207
9809
9828
10208
9810
9829
10209
9811
9830
10210
9812
9831
10211
9813
9832
10212
9814
9833
10213
9815
9834
10214
9816
9835
10215
9817
9836
10216
9818
9837
10217
9819
9838
10218
9839
10219
9821
9840
10220
9822
9841
10221
9823
9842
10222
9824
9843
10223
9825
9844
10224
9826
9845
10225
9827
9846
10226
9828
9847
10227
9829
9848
10228
9830
9849
10229
9831
9850
10230
9832
9851
10231
9833
9852
10232
9834
9853
10233
9835
9854
10234
9836
9855
10235
9837
9856
10236
9838
9857
10237
9839
9858
10238
9859
10239
9841
9860
10240
9842
9861
10241
9843
9862
10242
9844
9863
10243
9845
9864
10244
9846
9865
10245
9847
9866
10246
9848
9867
10247
9849
9868
10248
9850
9869
10249
9851
9870
10250
9852
9871
10251
9853
9872
10252
9854
9873
10253
9855
9874
10254
9856
9875
10255
9857
9876
10256
9858
9877
10257
9859
9878
10258
9879
10259
9861
9880
10260
9862
9881
10261
9863
9882
10262
9864
9883
10263
9865
9884
10264
9866
9885
10265
9867
9886
10266
9868
9887
10267
9869
9888
10268
9870
9889
10269
9871
9890
10270
9872
9891
10271
9873
9892
10272
9874
9893
10273
9875
9894
10274
9876
9895
10275
9877
9896
10276
9878
9897
10277
9879
9898
10278
9899
10279
9881
9900
10280
9882
9901
10281
9883
9902
10282
9884
9903
10283
9885
9904
10284
9886
9905
10285
9887
9906
10286
9888
9907
10287
9889
9908
10288
9890
9909
10289
9891
9910
10290
9892
9911
10291
9893
9912
10292
9894
9913
10293
9895
9914
10294
9896
9915
10295
9897
9916
10296
9898
9917
10297
9899
9918
10298
9919
10299
9901
9920
10300
9902
9921
10301
9903
9922
10302
9904
9923
10303
9905
9924
10304
9906
9925
10305
9907
9926
10306
9908
9927
10307
9909
9928
10308
9910
9929
10309
9911
9930
10310
9912
9931
10311
9913
9932
10312
9914
9933
10313
9915
9934
10314
9916
9935
10315
9917
9936
10316
9918
9937
10317
9919
9938
10318
9939
10319
9921
9940
10320
9922
9941
10321
9923
9942
10322
9924
9943
10323
9925
9944
10324
9926
9945
10325
9927
9946
10326
9928
9947
10327
9929
9948
10328
9930
9949
10329
9931
9950
10330
9932
9951
10331
9933
9952
10332
9934
9953
10333
9935
9954
10334
9936
9955
10335
9937
9956
10336
9938
9957
10337
9939
9958
10338
9959
10339
9941
9960
10340
9942
9961
10341
9943
9962
10342
9944
9963
10343
9945
9964
10344
9946
9965
10345
9947
9966
10346
9948
9967
10347
9949
9968
10348
9950
9969
10349
9951
9970
10350
9952
9971
10351
9953
9972
10352
9954
9973
10353
9955
9974
10354
9956
9975
10355
9957
9976
10356
9958
9977
10357
9959
9978
10358
9979
10359
9961
9980
10360
9962
9981
10361
9963
9982
10362
9964
9983
10363
9965
9984
10364
9966
9985
10365
9967
9986
10366
9968
9987
10367
9969
9988
10368
9970
9989
10369
9971
9990
10370
9972
9991
10371
9973
9992
10372
9974
9993
10373
9975
9994
10374
9976
9995
10375
9977
9996
10376
9978
9997
10377
9979
9998
10378
9999
10379
9981
10380
9982
10381
9983
10382
9984
10383
9985
10384
9986
10385
9987
10386
9988
10387
9989
10388
9990
10389
9991
10390
9992
10391
9993
10392
9994
10393
9995
10394
9996
10395
9997
10396
9998
10397
9999
10398
10399
10001
10020
10400
10002
10021
10401
10003
10022
10402
10004
10023
10403
10005
10024
10404
10006
10025
10405
10007
10026
10406
10008
10027
10407
10009
10028
10408
10010
10029
10409
10011
10030
10410
10012
10031
10411
10013
10032
10412
10014
10033
10413
10015
10034
10414
10016
10035
10415
10017
10036
10416
10018
10037
10417
10019
10038
10418
10039
10419
10021
10040
10420
10022
10041
10421
10023
10042
10422
10024
10043
10423
10025
10044
10424
10026
10045
10425
10027
10046
10426
10028
10047
10427
10029
10048
10428
10030
10049
10429
10031
10050
10430
10032
10051
10431
10033
10052
10432
10034
10053
10433
10035
10054
10434
10036
10055
10435
10037
10056
10436
10038
10057
10437
10039
10058
10438
10059
10439
10041
10060
10440
10042
10061
10441
10043
10062
10442
10044
10063
10443
10045
10064
10444
10046
10065
10445
10047
10066
10446
10048
10067
10447
10049
10068
10448
10050
10069
10449
10051
10070
10450
10052
10071
10451
10053
10072
10452
10054
10073
10453
10055
10074
10454
10056
10075
10455
10057
10076
10456
10058
10077
10457
10059
10078
10458
10079
10459
10061
10080
10460
10062
10081
10461
10063
10082
10462
10064
10083
10463
10065
10084
10464
10066
10085
10465
10067
10086
10466
10068
10087
10467
10069
10088
10468
10070
10089
10469
10071
10090
10470
10072
10091
10471
10073
10092
10472
10074
10093
10473
10075
10094
10474
10076
10095
10475
10077
10096
10476
10078
10097
10477
10079
10098
10478
10099
10479
10081
10100
10480
10082
10101
10481
10083
10102
10482
10084
10103
10483
10085
10104
10484
10086
10105
10485
10087
10106
10486
10088
10107
10487
10089
10108
10488
10090
10109
10489
10091
10110
10490
10092
10111
10491
10093
10112
10492
10094
10113
10493
10095
10114
10494
10096
10115
10495
10097
10116
10496
10098
10117
10497
10099
10118
10498
10119
10499
10101
10120
10500
10102
10121
10501
10103
10122
10502
10104
10123
10503
10105
10124
10504
10106
10125
10505
10107
10126
10506
10108
10127
10507
10109
10128
10508
10110
10129
10509
10111
10130
10510
10112
10131
10511
10113
10132
10512
10114
10133
10513
10115
10134
10514
10116
10135
10515
10117
10136
10516
10118
10137
10517
10119
10138
10518
10139
10519
10121
10140
10520
10122
10141
10521
10123
10142
10522
10124
10143
10523
10125
10144
10524
10126
10145
10525
10127
10146
10526
10128
10147
10527
10129
10148
10528
10130
10149
10529
10131
10150
10530
10132
10151
10531
10133
10152
10532
10134
10153
10533
10135
10154
10534
10136
10155
10535
10137
10156
10536
10138
10157
10537
10139
10158
10538
10159
10539
10141
10160
10540
10142
10161
10541
10143
10162
10542
10144
10163
10543
10145
10164
10544
10146
10165
10545
10147
10166
10546
10148
10167
10547
10149
10168
10548
10150
10169
10549
10151
10170
10550
10152
10171
10551
10153
10172
10552
10154
10173
10553
10155
10174
10554
10156
10175
10555
10157
10176
10556
10158
10177
10557
10159
10178
10558
10179
10559
10161
10180
10560
10162
10181
10561
10163
10182
10562
10164
10183
10563
10165
10184
10564
10166
10185
10565
10167
10186
10566
10168
10187
10567
10169
10188
10568
10170
10189
10569
10171
10190
10570
10172
10191
10571
10173
10192
10572
10174
10193
10573
10175
10194
10574
10176
10195
10575
10177
10196
10576
10178
10197
10577
10179
10198
10578
10199
10579
10181
10200
10580
10182
10201
10581
10183
10202
10582
10184
10203
10583
10185
10204
10584
10186
10205
10585
10187
10206
10586
10188
10207
10587
10189
10208
10588
10190
10209
10589
10191
10210
10590
10192
10211
10591
10193
10212
10592
10194
10213
10593
10195
10214
10594
10196
10215
10595
10197
10216
10596
10198
10217
10597
10199
10218
10598
10219
10599
10201
10220
10600
10202
10221
10601
10203
10222
10602
10204
10223
10603
10205
10224
10604
10206
10225
10605
10207
10226
10606
10208
10227
10607
10209
10228
10608
10210
10229
10609
10211
10230
10610
10212
10231
10611
10213
10232
10612
10214
10233
10613
10215
10234
10614
10216
10235
10615
10217
10236
10616
10218
10237
10617
10219
10238
10618
10239
10619
10221
10240
10620
10222
10241
10621
10223
10242
10622
10224
10243
10623
10225
10244
10624
10226
10245
10625
10227
10246
10626
10228
10247
10627
10229
10248
10628
10230
10249
10629
10231
10250
10630
10232
10251
10631
10233
10252
10632
10234
10253
10633
10235
10254
10634
10236
10255
10635
10237
10256
10636
10238
10257
10637
10239
10258
10638
10259
10639
10241
10260
10640
10242
10261
10641
10243
10262
10642
10244
10263
10643
10245
10264
10644
10246
10265
10645
10247
10266
10646
10248
10267
10647
10249
10268
10648
10250
10269
10649
10251
10270
10650
10252
10271
10651
10253
10272
10652
10254
10273
10653
10255
10274
10654
10256
10275
10655
10257
10276
10656
10258
10277
10657
10259
10278
10658
10279
10659
10261
10280
10660
10262
10281
10661
10263
10282
10662
10264
10283
10663
10265
10284
10664
10266
10285
10665
10267
10286
10666
10268
10287
10667
10269
10288
10668
10270
10289
10669
10271
10290
10670
10272
10291
10671
10273
10292
10672
10274
10293
10673
10275
10294
10674
10276
10295
10675
10277
10296
10676
10278
10297
10677
10279
10298
10678
10299
10679
10281
10300
10680
10282
10301
10681
10283
10302
10682
10284
10303
10683
10285
10304
10684
10286
10305
10685
10287
10306
10686
10288
10307
10687
10289
10308
10688
10290
10309
10689
10291
10310
10690
10292
10311
10691
10293
10312
10692
10294
10313
10693
10295
10314
10694
10296
10315
10695
10297
10316
10696
10298
10317
10697
10299
10318
10698
10319
10699
10301
10320
10700
10302
10321
10701
10303
10322
10702
10304
10323
10703
10305
10324
10704
10306
10325
10705
10307
10326
10706
10308
10327
10707
10309
10328
10708
10310
10329
10709
10311
10330
10710
10312
10331
10711
10313
10332
10712
10314
10333
10713
10315
10334
10714
10316
10335
10715
10317
10336
10716
10318
10337
10717
10319
10338
10718
10339
10719
10321
10340
10720
10322
10341
10721
10323
10342
10722
10324
10343
10723
10325
10344
10724
10326
10345
10725
10327
10346
10726
10328
10347
10727
10329
10348
10728
10330
10349
10729
10331
10350
10730
10332
10351
10731
10333
10352
10732
10334
10353
10733
10335
10354
10734
10336
10355
10735
10337
10356
10736
10338
10357
10737
10339
10358
10738
10359
10739
10341
10360
10740
10342
10361
10741
10343
10362
10742
10344
10363
10743
10345
10364
10744
10346
10365
10745
10347
10366
10746
10348
10367
10747
10349
10368
10748
10350
10369
10749
10351
10370
10750
10352
10371
10751
10353
10372
10752
10354
10373
10753
10355
10374
10754
10356
10375
10755
10357
10376
10756
10358
10377
10757
10359
10378
10758
10379
10759
10361
10380
10760
10362
10381
10761
10363
10382
10762
10364
10383
10763
10365
10384
10764
10366
10385
10765
10367
10386
10766
10368
10387
10767
10369
10388
10768
10370
10389
10769
10371
10390
10770
10372
10391
10771
10373
10392
10772
10374
10393
10773
10375
10394
10774
10376
10395
10775
10377
10396
10776
10378
10397
10777
10379
10398
10778
10399
10779
10381
10780
10382
10781
10383
10782
10384
10783
10385
10784
10386
10785
10387
10786
10388
10787
10389
10788
10390
10789
10391
10790
10392
10791
10393
10792
10394
10793
10395
10794
10396
10795
10397
10796
10398
10797
10399
10798
10799
10401
10420
10800
10402
10421
10801
10403
10422
10802
10404
10423
10803
10405
10424
10804
10406
10425
10805
10407
10426
10806
10408
10427
10807
10409
10428
10808
10410
10429
10809
10411
10430
10810
10412
10431
10811
10413
10432
10812
10414
10433
10813
10415
10434
10814
10416
10435
10815
10417
10436
10816
10418
10437
10817
10419
10438
10818
10439
10819
10421
10440
10820
10422
10441
10821
10423
10442
10822
10424
10443
10823
10425
10444
10824
10426
10445
10825
10427
10446
10826
10428
10447
10827
10429
10448
10828
10430
10449
10829
10431
10450
10830
10432
10451
10831
10433
10452
10832
10434
10453
10833
10435
10454
10834
10436
10455
10835
10437
10456
10836
10438
10457
10837
10439
10458
10838
10459
10839
10441
10460
10840
10442
10461
10841
10443
10462
10842
10444
10463
10843
10445
10464
10844
10446
10465
10845
10447
10466
10846
10448
10467
10847
10449
10468
10848
10450
10469
10849
10451
10470
10850
10452
10471
10851
10453
10472
10852
10454
10473
10853
10455
10474
10854
10456
10475
10855
10457
10476
10856
10458
10477
10857
10459
10478
10858
10479
10859
10461
10480
10860
10462
10481
10861
10463
10482
10862
10464
10483
10863
10465
10484
10864
10466
10485
10865
10467
10486
10866
10468
10487
10867
10469
10488
10868
10470
10489
10869
10471
10490
10870
10472
10491
10871
10473
10492
10872
10474
10493
10873
10475
10494
10874
10476
10495
10875
10477
10496
10876
10478
10497
10877
10479
10498
10878
10499
10879
10481
10500
10880
10482
10501
10881
10483
10502
10882
10484
10503
10883
10485
10504
10884
10486
10505
10885
10487
10506
10886
10488
10507
10887
10489
10508
10888
10490
10509
10889
10491
10510
10890
10492
10511
10891
10493
10512
10892
10494
10513
10893
10495
10514
10894
10496
10515
10895
10497
10516
10896
10498
10517
10897
10499
10518
10898
10519
10899
10501
10520
10900
10502
10521
10901
10503
10522
10902
10504
10523
10903
10505
10524
10904
10506
10525
10905
10507
10526
10906
10508
10527
10907
10509
10528
10908
10510
10529
10909
10511
10530
10910
10512
10531
10911
10513
10532
10912
10514
10533
10913
10515
10534
10914
10516
10535
10915
10517
10536
10916
10518
10537
10917
10519
10538
10918
10539
10919
10521
10540
10920
10522
10541
10921
10523
10542
10922
10524
10543
10923
10525
10544
10924
10526
10545
10925
10527
10546
10926
10528
10547
10927
10529
10548
10928
10530
10549
10929
10531
10550
10930
10532
10551
10931
10533
10552
10932
10534
10553
10933
10535
10554
10934
10536
10555
10935
10537
10556
10936
10538
10557
10937
10539
10558
10938
10559
10939
10541
10560
10940
10542
10561
10941
10543
10562
10942
10544
10563
10943
10545
10564
10944
10546
10565
10945
10547
10566
10946
10548
10567
10947
10549
10568
10948
10550
10569
10949
10551
10570
10950
10552
10571
10951
10553
10572
10952
10554
10573
10953
10555
10574
10954
10556
10575
10955
10557
10576
10956
10558
10577
10957
10559
10578
10958
10579
10959
10561
10580
10960
10562
10581
10961
10563
10582
10962
10564
10583
10963
10565
10584
10964
10566
10585
10965
10567
10586
10966
10568
10587
10967
10569
10588
10968
10570
10589
10969
10571
10590
10970
10572
10591
10971
10573
10592
10972
10574
10593
10973
10575
10594
10974
10576
10595
10975
10577
10596
10976
10578
10597
10977
10579
10598
10978
10599
10979
10581
10600
10980
10582
10601
10981
10583
10602
10982
10584
10603
10983
10585
10604
10984
10586
10605
10985
10587
10606
10986
10588
10607
10987
10589
10608
10988
10590
10609
10989
10591
10610
10990
10592
10611
10991
10593
10612
10992
10594
10613
10993
10595
10614
10994
10596
10615
10995
10597
10616
10996
10598
10617
10997
10599
10618
10998
10619
10999
10601
10620
11000
10602
10621
11001
10603
10622
11002
10604
10623
11003
10605
10624
11004
10606
10625
11005
10607
10626
11006
10608
10627
11007
10609
10628
11008
10610
10629
11009
10611
10630
11010
10612
10631
11011
10613
10632
11012
10614
10633
11013
10615
10634
11014
10616
10635
11015
10617
10636
11016
10618
10637
11017
10619
10638
11018
10639
11019
10621
10640
11020
10622
10641
11021
10623
10642
11022
10624
10643
11023
10625
10644
11024
10626
10645
11025
10627
10646
11026
10628
10647
11027
10629
10648
11028
10630
10649
11029
10631
10650
11030
10632
10651
11031
10633
10652
11032
10634
10653
11033
10635
10654
11034
10636
10655
11035
10637
10656
11036
10638
10657
11037
10639
10658
11038
10659
11039
10641
10660
11040
10642
10661
11041
10643
10662
11042
10644
10663
11043
10645
10664
11044
10646
10665
11045
10647
10666
11046
10648
10667
11047
10649
10668
11048
10650
10669
11049
10651
10670
11050
10652
10671
11051
10653
10672
11052
10654
10673
11053
10655
10674
11054
10656
10675
11055
10657
10676
11056
10658
10677
11057
10659
10678
11058
10679
11059
10661
10680
11060
10662
10681
11061
10663
10682
11062
10664
10683
11063
10665
10684
11064
10666
10685
11065
10667
10686
11066
10668
10687
11067
10669
10688
11068
10670
10689
11069
10671
10690
11070
10672
10691
11071
10673
10692
11072
10674
10693
11073
10675
10694
11074
10676
10695
11075
10677
10696
11076
10678
10697
11077
10679
10698
11078
10699
11079
10681
10700
11080
10682
10701
11081
10683
10702
11082
10684
10703
11083
10685
10704
11084
10686
10705
11085
10687
10706
11086
10688
10707
11087
10689
10708
11088
10690
10709
11089
10691
10710
11090
10692
10711
11091
10693
10712
11092
10694
10713
11093
10695
10714
11094
10696
10715
11095
10697
10716
11096
10698
10717
11097
10699
10718
11098
10719
11099
10701
10720
11100
10702
10721
11101
10703
10722
11102
10704
10723
11103
10705
10724
11104
10706
10725
11105
10707
10726
11106
10708
10727
11107
10709
10728
11108
10710
10729
11109
10711
10730
11110
10712
10731
11111
10713
10732
11112
10714
10733
11113
10715
10734
11114
10716
10735
11115
10717
10736
11116
10718
10737
11117
10719
10738
11118
10739
11119
10721
10740
11120
10722
10741
11121
10723
10742
11122
10724
10743
11123
10725
10744
11124
10726
10745
11125
10727
10746
11126
10728
10747
11127
10729
10748
11128
10730
10749
11129
10731
10750
11130
10732
10751
11131
10733
10752
11132
10734
10753
11133
10735
10754
11134
10736
10755
11135
10737
10756
11136
10738
10757
11137
10739
10758
11138
10759
11139
10741
10760
11140
10742
10761
11141
10743
10762
11142
10744
10763
11143
10745
10764
11144
10746
10765
11145
10747
10766
11146
10748
10767
11147
10749
10768
11148
10750
10769
11149
10751
10770
11150
10752
10771
11151
10753
10772
11152
10754
10773
11153
10755
10774
11154
10756
10775
11155
10757
10776
11156
10758
10777
11157
10759
10778
11158
10779
11159
10761
10780
11160
10762
10781
11161
10763
10782
11162
10764
10783
11163
10765
10784
11164
10766
10785
11165
10767
10786
11166
10768
10787
11167
10769
10788
11168
10770
10789
11169
10771
10790
11170
10772
10791
11171
10773
10792
11172
10774
10793
11173
10775
10794
11174
10776
10795
11175
10777
10796
11176
10778
10797
11177
10779
10798
11178
10799
11179
10781
11180
10782
11181
10783
11182
10784
11183
10785
11184
10786
11185
10787
11186
10788
11187
10789
11188
10790
11189
10791
11190
10792
11191
10793
11192
10794
11193
10795
11194
10796
11195
10797
11196
10798
11197
10799
11198
11199
10801
10820
11200
10802
10821
11201
10803
10822
11202
10804
10823
11203
10805
10824
11204
10806
10825
11205
10807
10826
11206
10808
10827
11207
10809
10828
11208
10810
10829
11209
10811
10830
11210
10812
10831
11211
10813
10832
11212
10814
10833
11213
10815
10834
11214
10816
10835
11215
10817
10836
11216
10818
10837
11217
10819
10838
11218
10839
11219
10821
10840
11220
10822
10841
11221
10823
10842
11222
10824
10843
11223
10825
10844
11224
10826
10845
11225
10827
10846
11226
10828
10847
11227
10829
10848
11228
10830
10849
11229
10831
10850
11230
10832
10851
11231
10833
10852
11232
10834
10853
11233
10835
10854
11234
10836
10855
11235
10837
10856
11236
10838
10857
11237
10839
10858
11238
10859
11239
10841
10860
11240
10842
10861
11241
10843
10862
11242
10844
10863
11243
10845
10864
11244
10846
10865
11245
10847
10866
11246
10848
10867
11247
10849
10868
11248
10850
10869
11249
10851
10870
11250
10852
10871
11251
10853
10872
11252
10854
10873
11253
10855
10874
11254
10856
10875
11255
10857
10876
11256
10858
10877
11257
10859
10878
11258
10879
11259
10861
10880
11260
10862
10881
11261
10863
10882
11262
10864
10883
11263
10865
10884
11264
10866
10885
11265
10867
10886
11266
10868
10887
11267
10869
10888
11268
10870
10889
11269
10871
10890
11270
10872
10891
11271
10873
10892
11272
10874
10893
11273
10875
10894
11274
10876
10895
11275
10877
10896
11276
10878
10897
11277
10879
10898
11278
10899
11279
10881
10900
11280
10882
10901
11281
10883
10902
11282
10884
10903
11283
10885
10904
11284
10886
10905
11285
10887
10906
11286
10888
10907
11287
10889
10908
11288
10890
10909
11289
10891
10910
11290
10892
10911
11291
10893
10912
11292
10894
10913
11293
10895
10914
11294
10896
10915
11295
10897
10916
11296
10898
10917
11297
10899
10918
11298
10919
11299
10901
10920
11300
10902
10921
11301
10903
10922
11302
10904
10923
11303
10905
10924
11304
10906
10925
11305
10907
10926
11306
10908
10927
11307
10909
10928
11308
10910
10929
11309
10911
10930
11310
10912
10931
11311
10913
10932
11312
10914
10933
11313
10915
10934
11314
10916
10935
11315
10917
10936
11316
10918
10937
11317
10919
10938
11318
10939
11319
10921
10940
11320
10922
10941
11321
10923
10942
11322
10924
10943
11323
10925
10944
11324
10926
10945
11325
10927
10946
11326
10928
10947
11327
10929
10948
11328
10930
10949
11329
10931
10950
11330
10932
10951
11331
10933
10952
11332
10934
10953
11333
10935
10954
11334
10936
10955
11335
10937
10956
11336
10938
10957
11337
10939
10958
11338
10959
11339
10941
10960
11340
10942
10961
11341
10943
10962
11342
10944
10963
11343
10945
10964
11344
10946
10965
11345
10947
10966
11346
10948
10967
11347
10949
10968
11348
10950
10969
11349
10951
10970
11350
10952
10971
11351
10953
10972
11352
10954
10973
11353
10955
10974
11354
10956
10975
11355
10957
10976
11356
10958
10977
11357
10959
10978
11358
10979
11359
10961
10980
11360
10962
10981
11361
10963
10982
11362
10964
10983
11363
10965
10984
11364
10966
10985
11365
10967
10986
11366
10968
10987
11367
10969
10988
11368
10970
10989
11369
10971
10990
11370
10972
10991
11371
10973
10992
11372
10974
10993
11373
10975
10994
11374
10976
10995
11375
10977
10996
11376
10978
10997
11377
10979
10998
11378
10999
11379
10981
11000
11380
10982
11001
11381
10983
11002
11382
10984
11003
11383
10985
11004
11384
10986
11005
11385
10987
11006
11386
10988
11007
11387
10989
11008
11388
10990
11009
11389
10991
11010
11390
10992
11011
11391
10993
11012
11392
10994
11013
11393
10995
11014
11394
10996
11015
11395
10997
11016
11396
10998
11017
11397
10999
11018
11398
11019
11399
11001
11020
11400
11002
11021
11401
11003
11022
11402
11004
11023
11403
11005
11024
11404
11006
11025
11405
11007
11026
11406
11008
11027
11407
11009
11028
11408
11010
11029
11409
11011
11030
11410
11012
11031
11411
11013
11032
11412
11014
11033
11413
11015
11034
11414
11016
11035
11415
11017
11036
11416
11018
11037
11417
11019
11038
11418
11039
11419
11021
11040
11420
11022
11041
11421
11023
11042
11422
11024
11043
11423
11025
11044
11424
11026
11045
11425
11027
11046
11426
11028
11047
11427
11029
11048
11428
11030
11049
11429
11031
11050
11430
11032
11051
11431
11033
11052
11432
11034
11053
11433
11035
11054
11434
11036
11055
11435
11037
11056
11436
11038
11057
11437
11039
11058
11438
11059
11439
11041
11060
11440
11042
11061
11441
11043
11062
11442
11044
11063
11443
11045
11064
11444
11046
11065
11445
11047
11066
11446
11048
11067
11447
11049
11068
11448
11050
11069
11449
11051
11070
11450
11052
11071
11451
11053
11072
11452
11054
11073
11453
11055
11074
11454
11056
11075
11455
11057
11076
11456
11058
11077
11457
11059
11078
11458
11079
11459
11061
11080
11460
11062
11081
11461
11063
11082
11462
11064
11083
11463
11065
11084
11464
11066
11085
11465
11067
11086
11466
11068
11087
11467
11069
11088
11468
11070
11089
11469
11071
11090
11470
11072
11091
11471
11073
11092
11472
11074
11093
11473
11075
11094
11474
11076
11095
11475
11077
11096
11476
11078
11097
11477
11079
11098
11478
11099
11479
11081
11100
11480
11082
11101
11481
11083
11102
11482
11084
11103
11483
11085
11104
11484
11086
11105
11485
11087
11106
11486
11088
11107
11487
11089
11108
11488
11090
11109
11489
11091
11110
11490
11092
11111
11491
11093
11112
11492
11094
11113
11493
11095
11114
11494
11096
11115
11495
11097
11116
11496
11098
11117
11497
11099
11118
11498
11119
11499
11101
11120
11500
11102
11121
11501
11103
11122
11502
11104
11123
11503
11105
11124
11504
11106
11125
11505
11107
11126
11506
11108
11127
11507
11109
11128
11508
11110
11129
11509
11111
11130
11510
11112
11131
11511
11113
11132
11512
11114
11133
11513
11115
11134
11514
11116
11135
11515
11117
11136
11516
11118
11137
11517
11119
11138
11518
11139
11519
11121
11140
11520
11122
11141
11521
11123
11142
11522
11124
11143
11523
11125
11144
11524
11126
11145
11525
11127
11146
11526
11128
11147
11527
11129
11148
11528
11130
11149
11529
11131
11150
11530
11132
11151
11531
11133
11152
11532
11134
11153
11533
11135
11154
11534
11136
11155
11535
11137
11156
11536
11138
11157
11537
11139
11158
11538
11159
11539
11141
11160
11540
11142
11161
11541
11143
11162
11542
11144
11163
11543
11145
11164
11544
11146
11165
11545
11147
11166
11546
11148
11167
11547
11149
11168
11548
11150
11169
11549
11151
11170
11550
11152
11171
11551
11153
11172
11552
11154
11173
11553
11155
11174
11554
11156
11175
11555
11157
11176
11556
11158
11177
11557
11159
11178
11558
11179
11559
11161
11180
11560
11162
11181
11561
11163
11182
11562
11164
11183
11563
11165
11184
11564
11166
11185
11565
11167
11186
11566
11168
11187
11567
11169
11188
11568
11170
11189
11569
11171
11190
11570
11172
11191
11571
11173
11192
11572
11174
11193
11573
11175
11194
11574
11176
11195
11575
11177
11196
11576
11178
11197
11577
11179
11198
11578
11199
11579
11181
11580
11182
11581
11183
11582
11184
11583
11185
11584
11186
11585
11187
11586
11188
11587
11189
11588
11190
11589
11191
11590
11192
11591
11193
11592
11194
11593
11195
11594
11196
11595
11197
11596
11198
11597
11199
11598
11599
11201
11220
11600
11202
11221
11601
11203
11222
11602
11204
11223
11603
11205
11224
11604
11206
11225
11605
11207
11226
11606
11208
11227
11607
11209
11228
11608
11210
11229
11609
11211
11230
11610
11212
11231
11611
11213
11232
11612
11214
11233
11613
11215
11234
11614
11216
11235
11615
11217
11236
11616
11218
11237
11617
11219
11238
11618
11239
11619
11221
11240
11620
11222
11241
11621
11223
11242
11622
11224
11243
11623
11225
11244
11624
11226
11245
11625
11227
11246
11626
11228
11247
11627
11229
11248
11628
11230
11249
11629
11231
11250
11630
11232
11251
11631
11233
11252
11632
11234
11253
11633
11235
11254
11634
11236
11255
11635
11237
11256
11636
11238
11257
11637
11239
11258
11638
11259
11639
11241
11260
11640
11242
11261
11641
11243
11262
11642
11244
11263
11643
11245
11264
11644
11246
11265
11645
11247
11266
11646
11248
11267
11647
11249
11268
11648
11250
11269
11649
11251
11270
11650
11252
11271
11651
11253
11272
11652
11254
11273
11653
11255
11274
11654
11256
11275
11655
11257
11276
11656
11258
11277
11657
11259
11278
11658
11279
11659
11261
11280
11660
11262
11281
11661
11263
11282
11662
11264
11283
11663
11265
11284
11664
11266
11285
11665
11267
11286
11666
11268
11287
11667
11269
11288
11668
11270
11289
11669
11271
11290
11670
11272
11291
11671
11273
11292
11672
11274
11293
11673
11275
11294
11674
11276
11295
11675
11277
11296
11676
11278
11297
11677
11279
11298
11678
11299
11679
11281
11300
11680
11282
11301
11681
11283
11302
11682
11284
11303
11683
11285
11304
11684
11286
11305
11685
11287
11306
11686
11288
11307
11687
11289
11308
11688
11290
11309
11689
11291
11310
11690
11292
11311
11691
11293
11312
11692
11294
11313
11693
11295
11314
11694
11296
11315
11695
11297
11316
11696
11298
11317
11697
11299
11318
11698
11319
11699
11301
11320
11700
11302
11321
11701
11303
11322
11702
11304
11323
11703
11305
11324
11704
11306
11325
11705
11307
11326
11706
11308
11327
11707
11309
11328
11708
11310
11329
11709
11311
11330
11710
11312
11331
11711
11313
11332
11712
11314
11333
11713
11315
11334
11714
11316
11335
11715
11317
11336
11716
11318
11337
11717
11319
11338
11718
11339
11719
11321
11340
11720
11322
11341
11721
11323
11342
11722
11324
11343
11723
11325
11344
11724
11326
11345
11725
11327
11346
11726
11328
11347
11727
11329
11348
11728
11330
11349
11729
11331
11350
11730
11332
11351
11731
11333
11352
11732
11334
11353
11733
11335
11354
11734
11336
11355
11735
11337
11356
11736
11338
11357
11737
11339
11358
11738
11359
11739
11341
11360
11740
11342
11361
11741
11343
11362
11742
11344
11363
11743
11345
11364
11744
11346
11365
11745
11347
11366
11746
11348
11367
11747
11349
11368
11748
11350
11369
11749
11351
11370
11750
11352
11371
11751
11353
11372
11752
11354
11373
11753
11355
11374
11754
11356
11375
11755
11357
11376
11756
11358
11377
11757
11359
11378
11758
11379
11759
11361
11380
11760
11362
11381
11761
11363
11382
11762
11364
11383
11763
11365
11384
11764
11366
11385
11765
11367
11386
11766
11368
11387
11767
11369
11388
11768
11370
11389
11769
11371
11390
11770
11372
11391
11771
11373
11392
11772
11374
11393
11773
11375
11394
11774
11376
11395
11775
11377
11396
11776
11378
11397
11777
11379
11398
11778
11399
11779
11381
11400
11780
11382
11401
11781
11383
11402
11782
11384
11403
11783
11385
11404
11784
11386
11405
11785
11387
11406
11786
11388
11407
11787
11389
11408
11788
11390
11409
11789
11391
11410
11790
11392
11411
11791
11393
11412
11792
11394
11413
11793
11395
11414
11794
11396
11415
11795
11397
11416
11796
11398
11417
11797
11399
11418
11798
11419
11799
11401
11420
11800
11402
11421
11801
11403
11422
11802
11404
11423
11803
11405
11424
11804
11406
11425
11805
11407
11426
11806
11408
11427
11807
11409
11428
11808
11410
11429
11809
11411
11430
11810
11412
11431
11811
11413
11432
11812
11414
11433
11813
11415
11434
11814
11416
11435
11815
11417
11436
11816
11418
11437
11817
11419
11438
11818
11439
11819
11421
11440
11820
11422
11441
11821
11423
11442
11822
11424
11443
11823
11425
11444
11824
11426
11445
11825
11427
11446
11826
11428
11447
11827
11429
11448
11828
11430
11449
11829
11431
11450
11830
11432
11451
11831
11433
11452
11832
11434
11453
11833
11435
11454
11834
11436
11455
11835
11437
11456
11836
11438
11457
11837
11439
11458
11838
11459
11839
11441
11460
11840
11442
11461
11841
11443
11462
11842
11444
11463
11843
11445
11464
11844
11446
11465
11845
11447
11466
11846
11448
11467
11847
11449
11468
11848
11450
11469
11849
11451
11470
11850
11452
11471
11851
11453
11472
11852
11454
11473
11853
11455
11474
11854
11456
11475
11855
11457
11476
11856
11458
11477
11857
11459
11478
11858
11479
11859
11461
11480
11860
11462
11481
11861
11463
11482
11862
11464
11483
11863
11465
11484
11864
11466
11485
11865
11467
11486
11866
11468
11487
11867
11469
11488
11868
11470
11489
11869
11471
11490
11870
11472
11491
11871
11473
11492
11872
11474
11493
11873
11475
11494
11874
11476
11495
11875
11477
11496
11876
11478
11497
11877
11479
11498
11878
11499
11879
11481
11500
11880
11482
11501
11881
11483
11502
11882
11484
11503
11883
11485
11504
11884
11486
11505
11885
11487
11506
11886
11488
11507
11887
11489
11508
11888
11490
11509
11889
11491
11510
11890
11492
11511
11891
11493
11512
11892
11494
11513
11893
11495
11514
11894
11496
11515
11895
11497
11516
11896
11498
11517
11897
11499
11518
11898
11519
11899
11501
11520
11900
11502
11521
11901
11503
11522
11902
11504
11523
11903
11505
11524
11904
11506
11525
11905
11507
11526
11906
11508
11527
11907
11509
11528
11908
11510
11529
11909
11511
11530
11910
11512
11531
11911
11513
11532
11912
11514
11533
11913
11515
11534
11914
11516
11535
11915
11517
11536
11916
11518
11537
11917
11519
11538
11918
11539
11919
11521
11540
11920
11522
11541
11921
11523
11542
11922
11524
11543
11923
11525
11544
11924
11526
11545
11925
11527
11546
11926
11528
11547
11927
11529
11548
11928
11530
11549
11929
11531
11550
11930
11532
11551
11931
11533
11552
11932
11534
11553
11933
11535
11554
11934
11536
11555
11935
11537
11556
11936
11538
11557
11937
11539
11558
11938
11559
11939
11541
11560
11940
11542
11561
11941
11543
11562
11942
11544
11563
11943
11545
11564
11944
11546
11565
11945
11547
11566
11946
11548
11567
11947
11549
11568
11948
11550
11569
11949
11551
11570
11950
11552
11571
11951
11553
11572
11952
11554
11573
11953
11555
11574
11954
11556
11575
11955
11557
11576
11956
11558
11577
11957
11559
11578
11958
11579
11959
11561
11580
11960
11562
11581
11961
11563
11582
11962
11564
11583
11963
11565
11584
11964
11566
11585
11965
11567
11586
11966
11568
11587
11967
11569
11588
11968
11570
11589
11969
11571
11590
11970
11572
11591
11971
11573
11592
11972
11574
11593
11973
11575
11594
11974
11576
11595
11975
11577
11596
11976
11578
11597
11977
11579
11598
11978
11599
11979
11581
11980
11582
11981
11583
11982
11584
11983
11585
11984
11586
11985
11587
11986
11588
11987
11589
11988
11590
11989
11591
11990
11592
11991
11593
11992
11594
11993
11595
11994
11596
11995
11597
11996
11598
11997
11599
11998
11999
11601
11620
12000
11602
11621
12001
11603
11622
12002
11604
11623
12003
11605
11624
12004
11606
11625
12005
11607
11626
12006
11608
11627
12007
11609
11628
12008
11610
11629
12009
11611
11630
12010
11612
11631
12011
11613
11632
12012
11614
11633
12013
11615
11634
12014
11616
11635
12015
11617
11636
12016
11618
11637
12017
11619
11638
12018
11639
12019
11621
11640
12020
11622
11641
12021
11623
11642
12022
11624
11643
12023
11625
11644
12024
11626
11645
12025
11627
11646
12026
11628
11647
12027
11629
11648
12028
11630
11649
12029
11631
11650
12030
11632
11651
12031
11633
11652
12032
11634
11653
12033
11635
11654
12034
11636
11655
12035
11637
11656
12036
11638
11657
12037
11639
11658
12038
11659
12039
11641
11660
12040
11642
11661
12041
11643
11662
12042
11644
11663
12043
11645
11664
12044
11646
11665
12045
11647
11666
12046
11648
11667
12047
11649
11668
12048
11650
11669
12049
11651
11670
12050
11652
11671
12051
11653
11672
12052
11654
11673
12053
11655
11674
12054
11656
11675
12055
11657
11676
12056
11658
11677
12057
11659
11678
12058
11679
12059
11661
11680
12060
11662
11681
12061
11663
11682
12062
11664
11683
12063
11665
11684
12064
11666
11685
12065
11667
11686
12066
11668
11687
12067
11669
11688
12068
11670
11689
12069
11671
11690
12070
11672
11691
12071
11673
11692
12072
11674
11693
12073
11675
11694
12074
11676
11695
12075
11677
11696
12076
11678
11697
12077
11679
11698
12078
11699
12079
11681
11700
12080
11682
11701
12081
11683
11702
12082
11684
11703
12083
11685
11704
12084
11686
11705
12085
11687
11706
12086
11688
11707
12087
11689
11708
12088
11690
11709
12089
11691
11710
12090
11692
11711
12091
11693
11712
12092
11694
11713
12093
11695
11714
12094
11696
11715
12095
11697
11716
12096
11698
11717
12097
11699
11718
12098
11719
12099
11701
11720
12100
11702
11721
12101
11703
11722
12102
11704
11723
12103
11705
11724
12104
11706
11725
12105
11707
11726
12106
11708
11727
12107
11709
11728
12108
11710
11729
12109
11711
11730
12110
11712
11731
12111
11713
11732
12112
11714
11733
12113
11715
11734
12114
11716
11735
12115
11717
11736
12116
11718
11737
12117
11719
11738
12118
11739
12119
11721
11740
12120
11722
11741
12121
11723
11742
12122
11724
11743
12123
11725
11744
12124
11726
11745
12125
11727
11746
12126
11728
11747
12127
11729
11748
12128
11730
11749
12129
11731
11750
12130
11732
11751
12131
11733
11752
12132
11734
11753
12133
11735
11754
12134
11736
11755
12135
11737
11756
12136
11738
11757
12137
11739
11758
12138
11759
12139
11741
11760
12140
11742
11761
12141
11743
11762
12142
11744
11763
12143
11745
11764
12144
11746
11765
12145
11747
11766
12146
11748
11767
12147
11749
11768
12148
11750
11769
12149
11751
11770
12150
11752
11771
12151
11753
11772
12152
11754
11773
12153
11755
11774
12154
11756
11775
12155
11757
11776
12156
11758
11777
12157
11759
11778
12158
11779
12159
11761
11780
12160
11762
11781
12161
11763
11782
12162
11764
11783
12163
11765
11784
12164
11766
11785
12165
11767
11786
12166
11768
11787
12167
11769
11788
12168
11770
11789
12169
11771
11790
12170
11772
11791
12171
11773
11792
12172
11774
11793
12173
11775
11794
12174
11776
11795
12175
11777
11796
12176
11778
11797
12177
11779
11798
12178
11799
12179
11781
11800
12180
11782
11801
12181
11783
11802
12182
11784
11803
12183
11785
11804
12184
11786
11805
12185
11787
11806
12186
11788
11807
12187
11789
11808
12188
11790
11809
12189
11791
11810
12190
11792
11811
12191
11793
11812
12192
11794
11813
12193
11795
11814
12194
11796
11815
12195
11797
11816
12196
11798
11817
12197
11799
11818
12198
11819
12199
11801
11820
12200
11802
11821
12201
11803
11822
12202
11804
11823
12203
11805
11824
12204
11806
11825
12205
11807
11826
12206
11808
11827
12207
11809
11828
12208
11810
11829
12209
11811
11830
12210
11812
11831
12211
11813
11832
12212
11814
11833
12213
11815
11834
12214
11816
11835
12215
11817
11836
12216
11818
11837
12217
11819
11838
12218
11839
12219
11821
11840
12220
11822
11841
12221
11823
11842
12222
11824
11843
12223
11825
11844
12224
11826
11845
12225
11827
11846
12226
11828
11847
12227
11829
11848
12228
11830
11849
12229
11831
11850
12230
11832
11851
12231
11833
11852
12232
11834
11853
12233
11835
11854
12234
11836
11855
12235
11837
11856
12236
11838
11857
12237
11839
11858
12238
11859
12239
11841
11860
12240
11842
11861
12241
11843
11862
12242
11844
11863
12243
11845
11864
12244
11846
11865
12245
11847
11866
12246
11848
11867
12247
11849
11868
12248
11850
11869
12249
11851
11870
12250
11852
11871
12251
11853
11872
12252
11854
11873
12253
11855
11874
12254
11856
11875
12255
11857
11876
12256
11858
11877
12257
11859
11878
12258
11879
12259
11861
11880
12260
11862
11881
12261
11863
11882
12262
11864
11883
12263
11865
11884
12264
11866
11885
12265
11867
11886
12266
11868
11887
12267
11869
11888
12268
11870
11889
12269
11871
11890
12270
11872
11891
12271
11873
11892
12272
11874
11893
12273
11875
11894
12274
11876
11895
12275
11877
11896
12276
11878
11897
12277
11879
11898
12278
11899
12279
11881
11900
12280
11882
11901
12281
11883
11902
12282
11884
11903
12283
11885
11904
12284
11886
11905
12285
11887
11906
12286
11888
11907
12287
11889
11908
12288
11890
11909
12289
11891
11910
12290
11892
11911
12291
11893
11912
12292
11894
11913
12293
11895
11914
12294
11896
11915
12295
11897
11916
12296
11898
11917
12297
11899
11918
12298
11919
12299
11901
11920
12300
11902
11921
12301
11903
11922
12302
11904
11923
12303
11905
11924
12304
11906
11925
12305
11907
11926
12306
11908
11927
12307
11909
11928
12308
11910
11929
12309
11911
11930
12310
11912
11931
12311
11913
11932
12312
11914
11933
12313
11915
11934
12314
11916
11935
12315
11917
11936
12316
11918
11937
12317
11919
11938
12318
11939
12319
11921
11940
12320
11922
11941
12321
11923
11942
12322
11924
11943
12323
11925
11944
12324
11926
11945
12325
11927
11946
12326
11928
11947
12327
11929
11948
12328
11930
11949
12329
11931
11950
12330
11932
11951
12331
11933
11952
12332
11934
11953
12333
11935
11954
12334
11936
11955
12335
11937
11956
12336
11938
11957
12337
11939
11958
12338
11959
12339
11941
11960
12340
11942
11961
12341
11943
11962
12342
11944
11963
12343
11945
11964
12344
11946
11965
12345
11947
11966
12346
11948
11967
12347
11949
11968
12348
11950
11969
12349
11951
11970
12350
11952
11971
12351
11953
11972
12352
11954
11973
12353
11955
11974
12354
11956
11975
12355
11957
11976
12356
11958
11977
12357
11959
11978
12358
11979
12359
11961
11980
12360
11962
11981
12361
11963
11982
12362
11964
11983
12363
11965
11984
12364
11966
11985
12365
11967
11986
12366
11968
11987
12367
11969
11988
12368
11970
11989
12369
11971
11990
12370
11972
11991
12371
11973
11992
12372
11974
11993
12373
11975
11994
12374
11976
11995
12375
11977
11996
12376
11978
11997
12377
11979
11998
12378
11999
12379
11981
12380
11982
12381
11983
12382
11984
12383
11985
12384
11986
12385
11987
12386
11988
12387
11989
12388
11990
12389
11991
12390
11992
12391
11993
12392
11994
12393
11995
12394
11996
12395
11997
12396
11998
12397
11999
12398
12399
12001
12020
12400
12002
12021
12401
12003
12022
12402
12004
12023
12403
12005
12024
12404
12006
12025
12405
12007
12026
12406
12008
12027
12407
12009
12028
12408
12010
12029
12409
12011
12030
12410
12012
12031
12411
12013
12032
12412
12014
12033
12413
12015
12034
12414
12016
12035
12415
12017
12036
12416
12018
12037
12417
12019
12038
12418
12039
12419
12021
12040
12420
12022
12041
12421
12023
12042
12422
12024
12043
12423
12025
12044
12424
12026
12045
12425
12027
12046
12426
12028
12047
12427
12029
12048
12428
12030
12049
12429
12031
12050
12430
12032
12051
12431
12033
12052
12432
12034
12053
12433
12035
12054
12434
12036
12055
12435
12037
12056
12436
12038
12057
12437
12039
12058
12438
12059
12439
12041
12060
12440
12042
12061
12441
12043
12062
12442
12044
12063
12443
12045
12064
12444
12046
12065
12445
12047
12066
12446
12048
12067
12447
12049
12068
12448
12050
12069
12449
12051
12070
12450
12052
12071
12451
12053
12072
12452
12054
12073
12453
12055
12074
12454
12056
12075
12455
12057
12076
12456
12058
12077
12457
12059
12078
12458
12079
12459
12061
12080
12460
12062
12081
12461
12063
12082
12462
12064
12083
12463
12065
12084
12464
12066
12085
12465
12067
12086
12466
12068
12087
12467
12069
12088
12468
12070
12089
12469
12071
12090
12470
12072
12091
12471
12073
12092
12472
12074
12093
12473
12075
12094
12474
12076
12095
12475
12077
12096
12476
12078
12097
12477
12079
12098
12478
12099
12479
12081
12100
12480
12082
12101
12481
12083
12102
12482
12084
12103
12483
12085
12104
12484
12086
12105
12485
12087
12106
12486
12088
12107
12487
12089
12108
12488
12090
12109
12489
12091
12110
12490
12092
12111
12491
12093
12112
12492
12094
12113
12493
12095
12114
12494
12096
12115
12495
12097
12116
12496
12098
12117
12497
12099
12118
12498
12119
12499
12101
12120
12500
12102
12121
12501
12103
12122
12502
12104
12123
12503
12105
12124
12504
12106
12125
12505
12107
12126
12506
12108
12127
12507
12109
12128
12508
12110
12129
12509
12111
12130
12510
12112
12131
12511
12113
12132
12512
12114
12133
12513
12115
12134
12514
12116
12135
12515
12117
12136
12516
12118
12137
12517
12119
12138
12518
12139
12519
12121
12140
12520
12122
12141
12521
12123
12142
12522
12124
12143
12523
12125
12144
12524
12126
12145
12525
12127
12146
12526
12128
12147
12527
12129
12148
12528
12130
12149
12529
12131
12150
12530
12132
12151
12531
12133
12152
12532
12134
12153
12533
12135
12154
12534
12136
12155
12535
12137
12156
12536
12138
12157
12537
12139
12158
12538
12159
12539
12141
12160
12540
12142
12161
12541
12143
12162
12542
12144
12163
12543
12145
12164
12544
12146
12165
12545
12147
12166
12546
12148
12167
12547
12149
12168
12548
12150
12169
12549
12151
12170
12550
12152
12171
12551
12153
12172
12552
12154
12173
12553
12155
12174
12554
12156
12175
12555
12157
12176
12556
12158
12177
12557
12159
12178
12558
12179
12559
12161
12180
12560
12162
12181
12561
12163
12182
12562
12164
12183
12563
12165
12184
12564
12166
12185
12565
12167
12186
12566
12168
12187
12567
12169
12188
12568
12170
12189
12569
12171
12190
12570
12172
12191
12571
12173
12192
12572
12174
12193
12573
12175
12194
12574
12176
12195
12575
12177
12196
12576
12178
12197
12577
12179
12198
12578
12199
12579
12181
12200
12580
12182
12201
12581
12183
12202
12582
12184
12203
12583
12185
12204
12584
12186
12205
12585
12187
12206
12586
12188
12207
12587
12189
12208
12588
12190
12209
12589
12191
12210
12590
12192
12211
12591
12193
12212
12592
12194
12213
12593
12195
12214
12594
12196
12215
12595
12197
12216
12596
12198
12217
12597
12199
12218
12598
12219
12599
12201
12220
12600
12202
12221
12601
12203
12222
12602
12204
12223
12603
12205
12224
12604
12206
12225
12605
12207
12226
12606
12208
12227
12607
12209
12228
12608
12210
12229
12609
12211
12230
12610
12212
12231
12611
12213
12232
12612
12214
12233
12613
12215
12234
12614
12216
12235
12615
12217
12236
12616
12218
12237
12617
12219
12238
12618
12239
12619
12221
12240
12620
12222
12241
12621
12223
12242
12622
12224
12243
12623
12225
12244
12624
12226
12245
12625
12227
12246
12626
12228
12247
12627
12229
12248
12628
12230
12249
12629
12231
12250
12630
12232
12251
12631
12233
12252
12632
12234
12253
12633
12235
12254
12634
12236
12255
12635
12237
12256
12636
12238
12257
12637
12239
12258
12638
12259
12639
12241
12260
12640
12242
12261
12641
12243
12262
12642
12244
12263
12643
12245
12264
12644
12246
12265
12645
12247
12266
12646
12248
12267
12647
12249
12268
12648
12250
12269
12649
12251
12270
12650
12252
12271
12651
12253
12272
12652
12254
12273
12653
12255
12274
12654
12256
12275
12655
12257
12276
12656
12258
12277
12657
12259
12278
12658
12279
12659
12261
12280
12660
12262
12281
12661
12263
12282
12662
12264
12283
12663
12265
12284
12664
12266
12285
12665
12267
12286
12666
12268
12287
12667
12269
12288
12668
12270
12289
12669
12271
12290
12670
12272
12291
12671
12273
12292
12672
12274
12293
12673
12275
12294
12674
12276
12295
12675
12277
12296
12676
12278
12297
12677
12279
12298
12678
12299
12679
12281
12300
12680
12282
12301
12681
12283
12302
12682
12284
12303
12683
12285
12304
12684
12286
12305
12685
12287
12306
12686
12288
12307
12687
12289
12308
12688
12290
12309
12689
12291
12310
12690
12292
12311
12691
12293
12312
12692
12294
12313
12693
12295
12314
12694
12296
12315
12695
12297
12316
12696
12298
12317
12697
12299
12318
12698
12319
12699
12301
12320
12700
12302
12321
12701
12303
12322
12702
12304
12323
12703
12305
12324
12704
12306
12325
12705
12307
12326
12706
12308
12327
12707
12309
12328
12708
12310
12329
12709
12311
12330
12710
12312
12331
12711
12313
12332
12712
12314
12333
12713
12315
12334
12714
12316
12335
12715
12317
12336
12716
12318
12337
12717
12319
12338
12718
12339
12719
12321
12340
12720
12322
12341
12721
12323
12342
12722
12324
12343
12723
12325
12344
12724
12326
12345
12725
12327
12346
12726
12328
12347
12727
12329
12348
12728
12330
12349
12729
12331
12350
12730
12332
12351
12731
12333
12352
12732
12334
12353
12733
12335
12354
12734
12336
12355
12735
12337
12356
12736
12338
12357
12737
12339
12358
12738
12359
12739
12341
12360
12740
12342
12361
12741
12343
12362
12742
12344
12363
12743
12345
12364
12744
12346
12365
12745
12347
12366
12746
12348
12367
12747
12349
12368
12748
12350
12369
12749
12351
12370
12750
12352
12371
12751
12353
12372
12752
12354
12373
12753
12355
12374
12754
12356
12375
12755
12357
12376
12756
12358
12377
12757
12359
12378
12758
12379
12759
12361
12380
12760
12362
12381
12761
12363
12382
12762
12364
12383
12763
12365
12384
12764
12366
12385
12765
12367
12386
12766
12368
12387
12767
12369
12388
12768
12370
12389
12769
12371
12390
12770
12372
12391
12771
12373
12392
12772
12374
12393
12773
12375
12394
12774
12376
12395
12775
12377
12396
12776
12378
12397
12777
12379
12398
12778
12399
12779
12381
12780
12382
12781
12383
12782
12384
12783
12385
12784
12386
12785
12387
12786
12388
12787
12389
12788
12390
12789
12391
12790
12392
12791
12393
12792
12394
12793
12395
12794
12396
12795
12397
12796
12398
12797
12399
12798
12799
12401
12420
12800
12402
12421
12801
12403
12422
12802
12404
12423
12803
12405
12424
12804
12406
12425
12805
12407
12426
12806
12408
12427
12807
12409
12428
12808
12410
12429
12809
12411
12430
12810
12412
12431
12811
12413
12432
12812
12414
12433
12813
12415
12434
12814
12416
12435
12815
12417
12436
12816
12418
12437
12817
12419
12438
12818
12439
12819
12421
12440
12820
12422
12441
12821
12423
12442
12822
12424
12443
12823
12425
12444
12824
12426
12445
12825
12427
12446
12826
12428
12447
12827
12429
12448
12828
12430
12449
12829
12431
12450
12830
12432
12451
12831
12433
12452
12832
12434
12453
12833
12435
12454
12834
12436
12455
12835
12437
12456
12836
12438
12457
12837
12439
12458
12838
12459
12839
12441
12460
12840
12442
12461
12841
12443
12462
12842
12444
12463
12843
12445
12464
12844
12446
12465
12845
12447
12466
12846
12448
12467
12847
12449
12468
12848
12450
12469
12849
12451
12470
12850
12452
12471
12851
12453
12472
12852
12454
12473
12853
12455
12474
12854
12456
12475
12855
12457
12476
12856
12458
12477
12857
12459
12478
12858
12479
12859
12461
12480
12860
12462
12481
12861
12463
12482
12862
12464
12483
12863
12465
12484
12864
12466
12485
12865
12467
12486
12866
12468
12487
12867
12469
12488
12868
12470
12489
12869
12471
12490
12870
12472
12491
12871
12473
12492
12872
12474
12493
12873
12475
12494
12874
12476
12495
12875
12477
12496
12876
12478
12497
12877
12479
12498
12878
12499
12879
12481
12500
12880
12482
12501
12881
12483
12502
12882
12484
12503
12883
12485
12504
12884
12486
12505
12885
12487
12506
12886
12488
12507
12887
12489
12508
12888
12490
12509
12889
12491
12510
12890
12492
12511
12891
12493
12512
12892
12494
12513
12893
12495
12514
12894
12496
12515
12895
12497
12516
12896
12498
12517
12897
12499
12518
12898
12519
12899
12501
12520
12900
12502
12521
12901
12503
12522
12902
12504
12523
12903
12505
12524
12904
12506
12525
12905
12507
12526
12906
12508
12527
12907
12509
12528
12908
12510
12529
12909
12511
12530
12910
12512
12531
12911
12513
12532
12912
12514
12533
12913
12515
12534
12914
12516
12535
12915
12517
12536
12916
12518
12537
12917
12519
12538
12918
12539
12919
12521
12540
12920
12522
12541
12921
12523
12542
12922
12524
12543
12923
12525
12544
12924
12526
12545
12925
12527
12546
12926
12528
12547
12927
12529
12548
12928
12530
12549
12929
12531
12550
12930
12532
12551
12931
12533
12552
12932
12534
12553
12933
12535
12554
12934
12536
12555
12935
12537
12556
12936
12538
12557
12937
12539
12558
12938
12559
12939
12541
12560
12940
12542
12561
12941
12543
12562
12942
12544
12563
12943
12545
12564
12944
12546
12565
12945
12547
12566
12946
12548
12567
12947
12549
12568
12948
12550
12569
12949
12551
12570
12950
12552
12571
12951
12553
12572
12952
12554
12573
12953
12555
12574
12954
12556
12575
12955
12557
12576
12956
12558
12577
12957
12559
12578
12958
12579
12959
12561
12580
12960
12562
12581
12961
12563
12582
12962
12564
12583
12963
12565
12584
12964
12566
12585
12965
12567
12586
12966
12568
12587
12967
12569
12588
12968
12570
12589
12969
12571
12590
12970
12572
12591
12971
12573
12592
12972
12574
12593
12973
12575
12594
12974
12576
12595
12975
12577
12596
12976
12578
12597
12977
12579
12598
12978
12599
12979
12581
12600
12980
12582
12601
12981
12583
12602
12982
12584
12603
12983
12585
12604
12984
12586
12605
12985
12587
12606
12986
12588
12607
12987
12589
12608
12988
12590
12609
12989
12591
12610
12990
12592
12611
12991
12593
12612
12992
12594
12613
12993
12595
12614
12994
12596
12615
12995
12597
12616
12996
12598
12617
12997
12599
12618
12998
12619
12999
12601
12620
13000
12602
12621
13001
12603
12622
13002
12604
12623
13003
12605
12624
13004
12606
12625
13005
12607
12626
13006
12608
12627
13007
12609
12628
13008
12610
12629
13009
12611
12630
13010
12612
12631
13011
12613
12632
13012
12614
12633
13013
12615
12634
13014
12616
12635
13015
12617
12636
13016
12618
12637
13017
12619
12638
13018
12639
13019
12621
12640
13020
12622
12641
13021
12623
12642
13022
12624
12643
13023
12625
12644
13024
12626
12645
13025
12627
12646
13026
12628
12647
13027
12629
12648
13028
12630
12649
13029
12631
12650
13030
12632
12651
13031
12633
12652
13032
12634
12653
13033
12635
12654
13034
12636
12655
13035
12637
12656
13036
12638
12657
13037
12639
12658
13038
12659
13039
12641
12660
13040
12642
12661
13041
12643
12662
13042
12644
12663
13043
12645
12664
13044
12646
12665
13045
12647
12666
13046
12648
12667
13047
12649
12668
13048
12650
12669
13049
12651
12670
13050
12652
12671
13051
12653
12672
13052
12654
12673
13053
12655
12674
13054
12656
12675
13055
12657
12676
13056
12658
12677
13057
12659
12678
13058
12679
13059
12661
12680
13060
12662
12681
13061
12663
12682
13062
12664
12683
13063
12665
12684
13064
12666
12685
13065
12667
12686
13066
12668
12687
13067
12669
12688
13068
12670
12689
13069
12671
12690
13070
12672
12691
13071
12673
12692
13072
12674
12693
13073
12675
12694
13074
12676
12695
13075
12677
12696
13076
12678
12697
13077
12679
12698
13078
12699
13079
12681
12700
13080
12682
12701
13081
12683
12702
13082
12684
12703
13083
12685
12704
13084
12686
12705
13085
12687
12706
13086
12688
12707
13087
12689
12708
13088
12690
12709
13089
12691
12710
13090
12692
12711
13091
12693
12712
13092
12694
12713
13093
12695
12714
13094
12696
12715
13095
12697
12716
13096
12698
12717
13097
12699
12718
13098
12719
13099
12701
12720
13100
12702
12721
13101
12703
12722
13102
12704
12723
13103
12705
12724
13104
12706
12725
13105
12707
12726
13106
12708
12727
13107
12709
12728
13108
12710
12729
13109
12711
12730
13110
12712
12731
13111
12713
12732
13112
12714
12733
13113
12715
12734
13114
12716
12735
13115
12717
12736
13116
12718
12737
13117
12719
12738
13118
12739
13119
12721
12740
13120
12722
12741
13121
12723
12742
13122
12724
12743
13123
12725
12744
13124
12726
12745
13125
12727
12746
13126
12728
12747
13127
12729
12748
13128
12730
12749
13129
12731
12750
13130
12732
12751
13131
12733
12752
13132
12734
12753
13133
12735
12754
13134
12736
12755
13135
12737
12756
13136
12738
12757
13137
12739
12758
13138
12759
13139
12741
12760
13140
12742
12761
13141
12743
12762
13142
12744
12763
13143
12745
12764
13144
12746
12765
13145
12747
12766
13146
12748
12767
13147
12749
12768
13148
12750
12769
13149
12751
12770
13150
12752
12771
13151
12753
12772
13152
12754
12773
13153
12755
12774
13154
12756
12775
13155
12757
12776
13156
12758
12777
13157
12759
12778
13158
12779
13159
12761
12780
13160
12762
12781
13161
12763
12782
13162
12764
12783
13163
12765
12784
13164
12766
12785
13165
12767
12786
13166
12768
12787
13167
12769
12788
13168
12770
12789
13169
12771
12790
13170
12772
12791
13171
12773
12792
13172
12774
12793
13173
12775
12794
13174
12776
12795
13175
12777
12796
13176
12778
12797
13177
12779
12798
13178
12799
13179
12781
13180
12782
13181
12783
13182
12784
13183
12785
13184
12786
13185
12787
13186
12788
13187
12789
13188
12790
13189
12791
13190
12792
13191
12793
13192
12794
13193
12795
13194
12796
13195
12797
13196
12798
13197
12799
13198
13199
12801
12820
13200
12802
12821
13201
12803
12822
13202
12804
12823
13203
12805
12824
13204
12806
12825
13205
12807
12826
13206
12808
12827
13207
12809
12828
13208
12810
12829
13209
12811
12830
13210
12812
12831
13211
12813
12832
13212
12814
12833
13213
12815
12834
13214
12816
12835
13215
12817
12836
13216
12818
12837
13217
12819
12838
13218
12839
13219
12821
12840
13220
12822
12841
13221
12823
12842
13222
12824
12843
13223
12825
12844
13224
12826
12845
13225
12827
12846
13226
12828
12847
13227
12829
12848
13228
12830
12849
13229
12831
12850
13230
12832
12851
13231
12833
12852
13232
12834
12853
13233
12835
12854
13234
12836
12855
13235
12837
12856
13236
12838
12857
13237
12839
12858
13238
12859
13239
12841
12860
13240
12842
12861
13241
12843
12862
13242
12844
12863
13243
12845
12864
13244
12846
12865
13245
12847
12866
13246
12848
12867
13247
12849
12868
13248
12850
12869
13249
12851
12870
13250
12852
12871
13251
12853
12872
13252
12854
12873
13253
12855
12874
13254
12856
12875
13255
12857
12876
13256
12858
12877
13257
12859
12878
13258
12879
13259
12861
12880
13260
12862
12881
13261
12863
12882
13262
12864
12883
13263
12865
12884
13264
12866
12885
13265
12867
12886
13266
12868
12887
13267
12869
12888
13268
12870
12889
13269
12871
12890
13270
12872
12891
13271
12873
12892
13272
12874
12893
13273
12875
12894
13274
12876
12895
13275
12877
12896
13276
12878
12897
13277
12879
12898
13278
12899
13279
12881
12900
13280
12882
12901
13281
12883
12902
13282
12884
12903
13283
12885
12904
13284
12886
12905
13285
12887
12906
13286
12888
12907
13287
12889
12908
13288
12890
12909
13289
12891
12910
13290
12892
12911
13291
12893
12912
13292
12894
12913
13293
12895
12914
13294
12896
12915
13295
12897
12916
13296
12898
12917
13297
12899
12918
13298
12919
13299
12901
12920
13300
12902
12921
13301
12903
12922
13302
12904
12923
13303
12905
12924
13304
12906
12925
13305
12907
12926
13306
12908
12927
13307
12909
12928
13308
12910
12929
13309
12911
12930
13310
12912
12931
13311
12913
12932
13312
12914
12933
13313
12915
12934
13314
12916
12935
13315
12917
12936
13316
12918
12937
13317
12919
12938
13318
12939
13319
12921
12940
13320
12922
12941
13321
12923
12942
13322
12924
12943
13323
12925
12944
13324
12926
12945
13325
12927
12946
13326
12928
12947
13327
12929
12948
13328
12930
12949
13329
12931
12950
13330
12932
12951
13331
12933
12952
13332
12934
12953
13333
12935
12954
13334
12936
12955
13335
12937
12956
13336
12938
12957
13337
12939
12958
13338
12959
13339
12941
12960
13340
12942
12961
13341
12943
12962
13342
12944
12963
13343
12945
12964
13344
12946
12965
13345
12947
12966
13346
12948
12967
13347
12949
12968
13348
12950
12969
13349
12951
12970
13350
12952
12971
13351
12953
12972
13352
12954
12973
13353
12955
12974
13354
12956
12975
13355
12957
12976
13356
12958
12977
13357
12959
12978
13358
12979
13359
12961
12980
13360
12962
12981
13361
12963
12982
13362
12964
12983
13363
12965
12984
13364
12966
12985
13365
12967
12986
13366
12968
12987
13367
12969
12988
13368
12970
12989
13369
12971
12990
13370
12972
12991
13371
12973
12992
13372
12974
12993
13373
12975
12994
13374
12976
12995
13375
12977
12996
13376
12978
12997
13377
12979
12998
13378
12999
13379
12981
13000
13380
12982
13001
13381
12983
13002
13382
12984
13003
13383
12985
13004
13384
12986
13005
13385
12987
13006
13386
12988
13007
13387
12989
13008
13388
12990
13009
13389
12991
13010
13390
12992
13011
13391
12993
13012
13392
12994
13013
13393
12995
13014
13394
12996
13015
13395
12997
13016
13396
12998
13017
13397
12999
13018
13398
13019
13399
13001
13020
13400
13002
13021
13401
13003
13022
13402
13004
13023
13403
13005
13024
13404
13006
13025
13405
13007
13026
13406
13008
13027
13407
13009
13028
13408
13010
13029
13409
13011
13030
13410
13012
13031
13411
13013
13032
13412
13014
13033
13413
13015
13034
13414
13016
13035
13415
13017
13036
13416
13018
13037
13417
13019
13038
13418
13039
13419
13021
13040
13420
13022
13041
13421
13023
13042
13422
13024
13043
13423
13025
13044
13424
13026
13045
13425
13027
13046
13426
13028
13047
13427
13029
13048
13428
13030
13049
13429
13031
13050
13430
13032
13051
13431
13033
13052
13432
13034
13053
13433
13035
13054
13434
13036
13055
13435
13037
13056
13436
13038
13057
13437
13039
13058
13438
13059
13439
13041
13060
13440
13042
13061
13441
13043
13062
13442
13044
13063
13443
13045
13064
13444
13046
13065
13445
13047
13066
13446
13048
13067
13447
13049
13068
13448
13050
13069
13449
13051
13070
13450
13052
13071
13451
13053
13072
13452
13054
13073
13453
13055
13074
13454
13056
13075
13455
13057
13076
13456
13058
13077
13457
13059
13078
13458
13079
13459
13061
13080
13460
13062
13081
13461
13063
13082
13462
13064
13083
13463
13065
13084
13464
13066
13085
13465
13067
13086
13466
13068
13087
13467
13069
13088
13468
13070
13089
13469
13071
13090
13470
13072
13091
13471
13073
13092
13472
13074
13093
13473
13075
13094
13474
13076
13095
13475
13077
13096
13476
13078
13097
13477
13079
13098
13478
13099
13479
13081
13100
13480
13082
13101
13481
13083
13102
13482
13084
13103
13483
13085
13104
13484
13086
13105
13485
13087
13106
13486
13088
13107
13487
13089
13108
13488
13090
13109
13489
13091
13110
13490
13092
13111
13491
13093
13112
13492
13094
13113
13493
13095
13114
13494
13096
13115
13495
13097
13116
13496
13098
13117
13497
13099
13118
13498
13119
13499
13101
13120
13500
13102
13121
13501
13103
13122
13502
13104
13123
13503
13105
13124
13504
13106
13125
13505
13107
13126
13506
13108
13127
13507
13109
13128
13508
13110
13129
13509
13111
13130
13510
13112
13131
13511
13113
13132
13512
13114
13133
13513
13115
13134
13514
13116
13135
13515
13117
13136
13516
13118
13137
13517
13119
13138
13518
13139
13519
13121
13140
13520
13122
13141
13521
13123
13142
13522
13124
13143
13523
13125
13144
13524
13126
13145
13525
13127
13146
13526
13128
13147
13527
13129
13148
13528
13130
13149
13529
13131
13150
13530
13132
13151
13531
13133
13152
13532
13134
13153
13533
13135
13154
13534
13136
13155
13535
13137
13156
13536
13138
13157
13537
13139
13158
13538
13159
13539
13141
13160
13540
13142
13161
13541
13143
13162
13542
13144
13163
13543
13145
13164
13544
13146
13165
13545
13147
13166
13546
13148
13167
13547
13149
13168
13548
13150
13169
13549
13151
13170
13550
13152
13171
13551
13153
13172
13552
13154
13173
13553
13155
13174
13554
13156
13175
13555
13157
13176
13556
13158
13177
13557
13159
13178
13558
13179
13559
13161
13180
13560
13162
13181
13561
13163
13182
13562
13164
13183
13563
13165
13184
13564
13166
13185
13565
13167
13186
13566
13168
13187
13567
13169
13188
13568
13170
13189
13569
13171
13190
13570
13172
13191
13571
13173
13192
13572
13174
13193
13573
13175
13194
13574
13176
13195
13575
13177
13196
13576
13178
13197
13577
13179
13198
13578
13199
13579
13181
13580
13182
13581
13183
13582
13184
13583
13185
13584
13186
13585
13187
13586
13188
13587
13189
13588
13190
13589
13191
13590
13192
13591
13193
13592
13194
13593
13195
13594
13196
13595
13197
13596
13198
13597
13199
13598
13599
13201
13220
13600
13202
13221
13601
13203
13222
13602
13204
13223
13603
13205
13224
13604
13206
13225
13605
13207
13226
13606
13208
13227
13607
13209
13228
13608
13210
13229
13609
13211
13230
13610
13212
13231
13611
13213
13232
13612
13214
13233
13613
13215
13234
13614
13216
13235
13615
13217
13236
13616
13218
13237
13617
13219
13238
13618
13239
13619
13221
13240
13620
13222
13241
13621
13223
13242
13622
13224
13243
13623
13225
13244
13624
13226
13245
13625
13227
13246
13626
13228
13247
13627
13229
13248
13628
13230
13249
13629
13231
13250
13630
13232
13251
13631
13233
13252
13632
13234
13253
13633
13235
13254
13634
13236
13255
13635
13237
13256
13636
13238
13257
13637
13239
13258
13638
13259
13639
13241
13260
13640
13242
13261
13641
13243
13262
13642
13244
13263
13643
13245
13264
13644
13246
13265
13645
13247
13266
13646
13248
13267
13647
13249
13268
13648
13250
13269
13649
13251
13270
13650
13252
13271
13651
13253
13272
13652
13254
13273
13653
13255
13274
13654
13256
13275
13655
13257
13276
13656
13258
13277
13657
13259
13278
13658
13279
13659
13261
13280
13660
13262
13281
13661
13263
13282
13662
13264
13283
13663
13265
13284
13664
13266
13285
13665
13267
13286
13666
13268
13287
13667
13269
13288
13668
13270
13289
13669
13271
13290
13670
13272
13291
13671
13273
13292
13672
13274
13293
13673
13275
13294
13674
13276
13295
13675
13277
13296
13676
13278
13297
13677
13279
13298
13678
13299
13679
13281
13300
13680
13282
13301
13681
13283
13302
13682
13284
13303
13683
13285
13304
13684
13286
13305
13685
13287
13306
13686
13288
13307
13687
13289
13308
13688
13290
13309
13689
13291
13310
13690
13292
13311
13691
13293
13312
13692
13294
13313
13693
13295
13314
13694
13296
13315
13695
13297
13316
13696
13298
13317
13697
13299
13318
13698
13319
13699
13301
13320
13700
13302
13321
13701
13303
13322
13702
13304
13323
13703
13305
13324
13704
13306
13325
13705
13307
13326
13706
13308
13327
13707
13309
13328
13708
13310
13329
13709
13311
13330
13710
13312
13331
13711
13313
13332
13712
13314
13333
13713
13315
13334
13714
13316
13335
13715
13317
13336
13716
13318
13337
13717
13319
13338
13718
13339
13719
13321
13340
13720
13322
13341
13721
13323
13342
13722
13324
13343
13723
13325
13344
13724
13326
13345
13725
13327
13346
13726
13328
13347
13727
13329
13348
13728
13330
13349
13729
13331
13350
13730
13332
13351
13731
13333
13352
13732
13334
13353
13733
13335
13354
13734
13336
13355
13735
13337
13356
13736
13338
13357
13737
13339
13358
13738
13359
13739
13341
13360
13740
13342
13361
13741
13343
13362
13742
13344
13363
13743
13345
13364
13744
13346
13365
13745
13347
13366
13746
13348
13367
13747
13349
13368
13748
13350
13369
13749
13351
13370
13750
13352
13371
13751
13353
13372
13752
13354
13373
13753
13355
13374
13754
13356
13375
13755
13357
13376
13756
13358
13377
13757
13359
13378
13758
13379
13759
13361
13380
13760
13362
13381
13761
13363
13382
13762
13364
13383
13763
13365
13384
13764
13366
13385
13765
13367
13386
13766
13368
13387
13767
13369
13388
13768
13370
13389
13769
13371
13390
13770
13372
13391
13771
13373
13392
13772
13374
13393
13773
13375
13394
13774
13376
13395
13775
13377
13396
13776
13378
13397
13777
13379
13398
13778
13399
13779
13381
13400
13780
13382
13401
13781
13383
13402
13782
13384
13403
13783
13385
13404
13784
13386
13405
13785
13387
13406
13786
13388
13407
13787
13389
13408
13788
13390
13409
13789
13391
13410
13790
13392
13411
13791
13393
13412
13792
13394
13413
13793
13395
13414
13794
13396
13415
13795
13397
13416
13796
13398
13417
13797
13399
13418
13798
13419
13799
13401
13420
13800
13402
13421
13801
13403
13422
13802
13404
13423
13803
13405
13424
13804
13406
13425
13805
13407
13426
13806
13408
13427
13807
13409
13428
13808
13410
13429
13809
13411
13430
13810
13412
13431
13811
13413
13432
13812
13414
13433
13813
13415
13434
13814
13416
13435
13815
13417
13436
13816
13418
13437
13817
13419
13438
13818
13439
13819
13421
13440
13820
13422
13441
13821
13423
13442
13822
13424
13443
13823
13425
13444
13824
13426
13445
13825
13427
13446
13826
13428
13447
13827
13429
13448
13828
13430
13449
13829
13431
13450
13830
13432
13451
13831
13433
13452
13832
13434
13453
13833
13435
13454
13834
13436
13455
13835
13437
13456
13836
13438
13457
13837
13439
13458
13838
13459
13839
13441
13460
13840
13442
13461
13841
13443
13462
13842
13444
13463
13843
13445
13464
13844
13446
13465
13845
13447
13466
13846
13448
13467
13847
13449
13468
13848
13450
13469
13849
13451
13470
13850
13452
13471
13851
13453
13472
13852
13454
13473
13853
13455
13474
13854
13456
13475
13855
13457
13476
13856
13458
13477
13857
13459
13478
13858
13479
13859
13461
13480
13860
13462
13481
13861
13463
13482
13862
13464
13483
13863
13465
13484
13864
13466
13485
13865
13467
13486
13866
13468
13487
13867
13469
13488
13868
13470
13489
13869
13471
13490
13870
13472
13491
13871
13473
13492
13872
13474
13493
13873
13475
13494
13874
13476
13495
13875
13477
13496
13876
13478
13497
13877
13479
13498
13878
13499
13879
13481
13500
13880
13482
13501
13881
13483
13502
13882
13484
13503
13883
13485
13504
13884
13486
13505
13885
13487
13506
13886
13488
13507
13887
13489
13508
13888
13490
13509
13889
13491
13510
13890
13492
13511
13891
13493
13512
13892
13494
13513
13893
13495
13514
13894
13496
13515
13895
13497
13516
13896
13498
13517
13897
13499
13518
13898
13519
13899
13501
13520
13900
13502
13521
13901
13503
13522
13902
13504
13523
13903
13505
13524
13904
13506
13525
13905
13507
13526
13906
13508
13527
13907
13509
13528
13908
13510
13529
13909
13511
13530
13910
13512
13531
13911
13513
13532
13912
13514
13533
13913
13515
13534
13914
13516
13535
13915
13517
13536
13916
13518
13537
13917
13519
13538
13918
13539
13919
13521
13540
13920
13522
13541
13921
13523
13542
13922
13524
13543
13923
13525
13544
13924
13526
13545
13925
13527
13546
13926
13528
13547
13927
13529
13548
13928
13530
13549
13929
13531
13550
13930
13532
13551
13931
13533
13552
13932
13534
13553
13933
13535
13554
13934
13536
13555
13935
13537
13556
13936
13538
13557
13937
13539
13558
13938
13559
13939
13541
13560
13940
13542
13561
13941
13543
13562
13942
13544
13563
13943
13545
13564
13944
13546
13565
13945
13547
13566
13946
13548
13567
13947
13549
13568
13948
13550
13569
13949
13551
13570
13950
13552
13571
13951
13553
13572
13952
13554
13573
13953
13555
13574
13954
13556
13575
13955
13557
13576
13956
13558
13577
13957
13559
13578
13958
13579
13959
13561
13580
13960
13562
13581
13961
13563
13582
13962
13564
13583
13963
13565
13584
13964
13566
13585
13965
13567
13586
13966
13568
13587
13967
13569
13588
13968
13570
13589
13969
13571
13590
13970
13572
13591
13971
13573
13592
13972
13574
13593
13973
13575
13594
13974
13576
13595
13975
13577
13596
13976
13578
13597
13977
13579
13598
13978
13599
13979
13581
13980
13582
13981
13583
13982
13584
13983
13585
13984
13586
13985
13587
13986
13588
13987
13589
13988
13590
13989
13591
13990
13592
13991
13593
13992
13594
13993
13595
13994
13596
13995
13597
13996
13598
13997
13599
13998
13999
13601
13620
14000
13602
13621
14001
13603
13622
14002
13604
13623
14003
13605
13624
14004
13606
13625
14005
13607
13626
14006
13608
13627
14007
13609
13628
14008
13610
13629
14009
13611
13630
14010
13612
13631
14011
13613
13632
14012
13614
13633
14013
13615
13634
14014
13616
13635
14015
13617
13636
14016
13618
13637
14017
13619
13638
14018
13639
14019
13621
13640
14020
13622
13641
14021
13623
13642
14022
13624
13643
14023
13625
13644
14024
13626
13645
14025
13627
13646
14026
13628
13647
14027
13629
13648
14028
13630
13649
14029
13631
13650
14030
13632
13651
14031
13633
13652
14032
13634
13653
14033
13635
13654
14034
13636
13655
14035
13637
13656
14036
13638
13657
14037
13639
13658
14038
13659
14039
13641
13660
14040
13642
13661
14041
13643
13662
14042
13644
13663
14043
13645
13664
14044
13646
13665
14045
13647
13666
14046
13648
13667
14047
13649
13668
14048
13650
13669
14049
13651
13670
14050
13652
13671
14051
13653
13672
14052
13654
13673
14053
13655
13674
14054
13656
13675
14055
13657
13676
14056
13658
13677
14057
13659
13678
14058
13679
14059
13661
13680
14060
13662
13681
14061
13663
13682
14062
13664
13683
14063
13665
13684
14064
13666
13685
14065
13667
13686
14066
13668
13687
14067
13669
13688
14068
13670
13689
14069
13671
13690
14070
13672
13691
14071
13673
13692
14072
13674
13693
14073
13675
13694
14074
13676
13695
14075
13677
13696
14076
13678
13697
14077
13679
13698
14078
13699
14079
13681
13700
14080
13682
13701
14081
13683
13702
14082
13684
13703
14083
13685
13704
14084
13686
13705
14085
13687
13706
14086
13688
13707
14087
13689
13708
14088
13690
13709
14089
13691
13710
14090
13692
13711
14091
13693
13712
14092
13694
13713
14093
13695
13714
14094
13696
13715
14095
13697
13716
14096
13698
13717
14097
13699
13718
14098
13719
14099
13701
13720
14100
13702
13721
14101
13703
13722
14102
13704
13723
14103
13705
13724
14104
13706
13725
14105
13707
13726
14106
13708
13727
14107
13709
13728
14108
13710
13729
14109
13711
13730
14110
13712
13731
14111
13713
13732
14112
13714
13733
14113
13715
13734
14114
13716
13735
14115
13717
13736
14116
13718
13737
14117
13719
13738
14118
13739
14119
13721
13740
14120
13722
13741
14121
13723
13742
14122
13724
13743
14123
13725
13744
14124
13726
13745
14125
13727
13746
14126
13728
13747
14127
13729
13748
14128
13730
13749
14129
13731
13750
14130
13732
13751
14131
13733
13752
14132
13734
13753
14133
13735
13754
14134
13736
13755
14135
13737
13756
14136
13738
13757
14137
13739
13758
14138
13759
14139
13741
13760
14140
13742
13761
14141
13743
13762
14142
13744
13763
14143
13745
13764
14144
13746
13765
14145
13747
13766
14146
13748
13767
14147
13749
13768
14148
13750
13769
14149
13751
13770
14150
13752
13771
14151
13753
13772
14152
13754
13773
14153
13755
13774
14154
13756
13775
14155
13757
13776
14156
13758
13777
14157
13759
13778
14158
13779
14159
13761
13780
14160
13762
13781
14161
13763
13782
14162
13764
13783
14163
13765
13784
14164
13766
13785
14165
13767
13786
14166
13768
13787
14167
13769
13788
14168
13770
13789
14169
13771
13790
14170
13772
13791
14171
13773
13792
14172
13774
13793
14173
13775
13794
14174
13776
13795
14175
13777
13796
14176
13778
13797
14177
13779
13798
14178
13799
14179
13781
13800
14180
13782
13801
14181
13783
13802
14182
13784
13803
14183
13785
13804
14184
13786
13805
14185
13787
13806
14186
13788
13807
14187
13789
13808
14188
13790
13809
14189
13791
13810
14190
13792
13811
14191
13793
13812
14192
13794
13813
14193
13795
13814
14194
13796
13815
14195
13797
13816
14196
13798
13817
14197
13799
13818
14198
13819
14199
13801
13820
14200
13802
13821
14201
13803
13822
14202
13804
13823
14203
13805
13824
14204
13806
13825
14205
13807
13826
14206
13808
13827
14207
13809
13828
14208
13810
13829
14209
13811
13830
14210
13812
13831
14211
13813
13832
14212
13814
13833
14213
13815
13834
14214
13816
13835
14215
13817
13836
14216
13818
13837
14217
13819
13838
14218
13839
14219
13821
13840
14220
13822
13841
14221
13823
13842
14222
13824
13843
14223
13825
13844
14224
13826
13845
14225
13827
13846
14226
13828
13847
14227
13829
13848
14228
13830
13849
14229
13831
13850
14230
13832
13851
14231
13833
13852
14232
13834
13853
14233
13835
13854
14234
13836
13855
14235
13837
13856
14236
13838
13857
14237
13839
13858
14238
13859
14239
13841
13860
14240
13842
13861
14241
13843
13862
14242
13844
13863
14243
13845
13864
14244
13846
13865
14245
13847
13866
14246
13848
13867
14247
13849
13868
14248
13850
13869
14249
13851
13870
14250
13852
13871
14251
13853
13872
14252
13854
13873
14253
13855
13874
14254
13856
13875
14255
13857
13876
14256
13858
13877
14257
13859
13878
14258
13879
14259
13861
13880
14260
13862
13881
14261
13863
13882
14262
13864
13883
14263
13865
13884
14264
13866
13885
14265
13867
13886
14266
13868
13887
14267
13869
13888
14268
13870
13889
14269
13871
13890
14270
13872
13891
14271
13873
13892
14272
13874
13893
14273
13875
13894
14274
13876
13895
14275
13877
13896
14276
13878
13897
14277
13879
13898
14278
13899
14279
13881
13900
14280
13882
13901
14281
13883
13902
14282
13884
13903
14283
13885
13904
14284
13886
13905
14285
13887
13906
14286
13888
13907
14287
13889
13908
14288
13890
13909
14289
13891
13910
14290
13892
13911
14291
13893
13912
14292
13894
13913
14293
13895
13914
14294
13896
13915
14295
13897
13916
14296
13898
13917
14297
13899
13918
14298
13919
14299
13901
13920
14300
13902
13921
14301
13903
13922
14302
13904
13923
14303
13905
13924
14304
13906
13925
14305
13907
13926
14306
13908
13927
14307
13909
13928
14308
13910
13929
14309
13911
13930
14310
13912
13931
14311
13913
13932
14312
13914
13933
14313
13915
13934
14314
13916
13935
14315
13917
13936
14316
13918
13937
14317
13919
13938
14318
13939
14319
13921
13940
14320
13922
13941
14321
13923
13942
14322
13924
13943
14323
13925
13944
14324
13926
13945
14325
13927
13946
14326
13928
13947
14327
13929
13948
14328
13930
13949
14329
13931
13950
14330
13932
13951
14331
13933
13952
14332
13934
13953
14333
13935
13954
14334
13936
13955
14335
13937
13956
14336
13938
13957
14337
13939
13958
14338
13959
14339
13941
13960
14340
13942
13961
14341
13943
13962
14342
13944
13963
14343
13945
13964
14344
13946
13965
14345
13947
13966
14346
13948
13967
14347
13949
13968
14348
13950
13969
14349
13951
13970
14350
13952
13971
14351
13953
13972
14352
13954
13973
14353
13955
13974
14354
13956
13975
14355
13957
13976
14356
13958
13977
14357
13959
13978
14358
13979
14359
13961
13980
14360
13962
13981
14361
13963
13982
14362
13964
13983
14363
13965
13984
14364
13966
13985
14365
13967
13986
14366
13968
13987
14367
13969
13988
14368
13970
13989
14369
13971
13990
14370
13972
13991
14371
13973
13992
14372
13974
13993
14373
13975
13994
14374
13976
13995
14375
13977
13996
14376
13978
13997
14377
13979
13998
14378
13999
14379
13981
14380
13982
14381
13983
14382
13984
14383
13985
14384
13986
14385
13987
14386
13988
14387
13989
14388
13990
14389
13991
14390
13992
14391
13993
14392
13994
14393
13995
14394
13996
14395
13997
14396
13998
14397
13999
14398
14399
14001
14020
14400
14002
14021
14401
14003
14022
14402
14004
14023
14403
14005
14024
14404
14006
14025
14405
14007
14026
14406
14008
14027
14407
14009
14028
14408
14010
14029
14409
14011
14030
14410
14012
14031
14411
14013
14032
14412
14014
14033
14413
14015
14034
14414
14016
14035
14415
14017
14036
14416
14018
14037
14417
14019
14038
14418
14039
14419
14021
14040
14420
14022
14041
14421
14023
14042
14422
14024
14043
14423
14025
14044
14424
14026
14045
14425
14027
14046
14426
14028
14047
14427
14029
14048
14428
14030
14049
14429
14031
14050
14430
14032
14051
14431
14033
14052
14432
14034
14053
14433
14035
14054
14434
14036
14055
14435
14037
14056
14436
14038
14057
14437
14039
14058
14438
14059
14439
14041
14060
14440
14042
14061
14441
14043
14062
14442
14044
14063
14443
14045
14064
14444
14046
14065
14445
14047
14066
14446
14048
14067
14447
14049
14068
14448
14050
14069
14449
14051
14070
14450
14052
14071
14451
14053
14072
14452
14054
14073
14453
14055
14074
14454
14056
14075
14455
14057
14076
14456
14058
14077
14457
14059
14078
14458
14079
14459
14061
14080
14460
14062
14081
14461
14063
14082
14462
14064
14083
14463
14065
14084
14464
14066
14085
14465
14067
14086
14466
14068
14087
14467
14069
14088
14468
14070
14089
14469
14071
14090
14470
14072
14091
14471
14073
14092
14472
14074
14093
14473
14075
14094
14474
14076
14095
14475
14077
14096
14476
14078
14097
14477
14079
14098
14478
14099
14479
14081
14100
14480
14082
14101
14481
14083
14102
14482
14084
14103
14483
14085
14104
14484
14086
14105
14485
14087
14106
14486
14088
14107
14487
14089
14108
14488
14090
14109
14489
14091
14110
14490
14092
14111
14491
14093
14112
14492
14094
14113
14493
14095
14114
14494
14096
14115
14495
14097
14116
14496
14098
14117
14497
14099
14118
14498
14119
14499
14101
14120
14500
14102
14121
14501
14103
14122
14502
14104
14123
14503
14105
14124
14504
14106
14125
14505
14107
14126
14506
14108
14127
14507
14109
14128
14508
14110
14129
14509
14111
14130
14510
14112
14131
14511
14113
14132
14512
14114
14133
14513
14115
14134
14514
14116
14135
14515
14117
14136
14516
14118
14137
14517
14119
14138
14518
14139
14519
14121
14140
14520
14122
14141
14521
14123
14142
14522
14124
14143
14523
14125
14144
14524
14126
14145
14525
14127
14146
14526
14128
14147
14527
14129
14148
14528
14130
14149
14529
14131
14150
14530
14132
14151
14531
14133
14152
14532
14134
14153
14533
14135
14154
14534
14136
14155
14535
14137
14156
14536
14138
14157
14537
14139
14158
14538
14159
14539
14141
14160
14540
14142
14161
14541
14143
14162
14542
14144
14163
14543
14145
14164
14544
14146
14165
14545
14147
14166
14546
14148
14167
14547
14149
14168
14548
14150
14169
14549
14151
14170
14550
14152
14171
14551
14153
14172
14552
14154
14173
14553
14155
14174
14554
14156
14175
14555
14157
14176
14556
14158
14177
14557
14159
14178
14558
14179
14559
14161
14180
14560
14162
14181
14561
14163
14182
14562
14164
14183
14563
14165
14184
14564
14166
14185
14565
14167
14186
14566
14168
14187
14567
14169
14188
14568
14170
14189
14569
14171
14190
14570
14172
14191
14571
14173
14192
14572
14174
14193
14573
14175
14194
14574
14176
14195
14575
14177
14196
14576
14178
14197
14577
14179
14198
14578
14199
14579
14181
14200
14580
14182
14201
14581
14183
14202
14582
14184
14203
14583
14185
14204
14584
14186
14205
14585
14187
14206
14586
14188
14207
14587
14189
14208
14588
14190
14209
14589
14191
14210
14590
14192
14211
14591
14193
14212
14592
14194
14213
14593
14195
14214
14594
14196
14215
14595
14197
14216
14596
14198
14217
14597
14199
14218
14598
14219
14599
14201
14220
14600
14202
14221
14601
14203
14222
14602
14204
14223
14603
14205
14224
14604
14206
14225
14605
14207
14226
14606
14208
14227
14607
14209
14228
14608
14210
14229
14609
14211
14230
14610
14212
14231
14611
14213
14232
14612
14214
14233
14613
14215
14234
14614
14216
14235
14615
14217
14236
14616
14218
14237
14617
14219
14238
14618
14239
14619
14221
14240
14620
14222
14241
14621
14223
14242
14622
14224
14243
14623
14225
14244
14624
14226
14245
14625
14227
14246
14626
14228
14247
14627
14229
14248
14628
14230
14249
14629
14231
14250
14630
14232
14251
14631
14233
14252
14632
14234
14253
14633
14235
14254
14634
14236
14255
14635
14237
14256
14636
14238
14257
14637
14239
14258
14638
14259
14639
14241
14260
14640
14242
14261
14641
14243
14262
14642
14244
14263
14643
14245
14264
14644
14246
14265
14645
14247
14266
14646
14248
14267
14647
14249
14268
14648
14250
14269
14649
14251
14270
14650
14252
14271
14651
14253
14272
14652
14254
14273
14653
14255
14274
14654
14256
14275
14655
14257
14276
14656
14258
14277
14657
14259
14278
14658
14279
14659
14261
14280
14660
14262
14281
14661
14263
14282
14662
14264
14283
14663
14265
14284
14664
14266
14285
14665
14267
14286
14666
14268
14287
14667
14269
14288
14668
14270
14289
14669
14271
14290
14670
14272
14291
14671
14273
14292
14672
14274
14293
14673
14275
14294
14674
14276
14295
14675
14277
14296
14676
14278
14297
14677
14279
14298
14678
14299
14679
14281
14300
14680
14282
14301
14681
14283
14302
14682
14284
14303
14683
14285
14304
14684
14286
14305
14685
14287
14306
14686
14288
14307
14687
14289
14308
14688
14290
14309
14689
14291
14310
14690
14292
14311
14691
14293
14312
14692
14294
14313
14693
14295
14314
14694
14296
14315
14695
14297
14316
14696
14298
14317
14697
14299
14318
14698
14319
14699
14301
14320
14700
14302
14321
14701
14303
14322
14702
14304
14323
14703
14305
14324
14704
14306
14325
14705
14307
14326
14706
14308
14327
14707
14309
14328
14708
14310
14329
14709
14311
14330
14710
14312
14331
14711
14313
14332
14712
14314
14333
14713
14315
14334
14714
14316
14335
14715
14317
14336
14716
14318
14337
14717
14319
14338
14718
14339
14719
14321
14340
14720
14322
14341
14721
14323
14342
14722
14324
14343
14723
14325
14344
14724
14326
14345
14725
14327
14346
14726
14328
14347
14727
14329
14348
14728
14330
14349
14729
14331
14350
14730
14332
14351
14731
14333
14352
14732
14334
14353
14733
14335
14354
14734
14336
14355
14735
14337
14356
14736
14338
14357
14737
14339
14358
14738
14359
14739
14341
14360
14740
14342
14361
14741
14343
14362
14742
14344
14363
14743
14345
14364
14744
14346
14365
14745
14347
14366
14746
14348
14367
14747
14349
14368
14748
14350
14369
14749
14351
14370
14750
14352
14371
14751
14353
14372
14752
14354
14373
14753
14355
14374
14754
14356
14375
14755
14357
14376
14756
14358
14377
14757
14359
14378
14758
14379
14759
14361
14380
14760
14362
14381
14761
14363
14382
14762
14364
14383
14763
14365
14384
14764
14366
14385
14765
14367
14386
14766
14368
14387
14767
14369
14388
14768
14370
14389
14769
14371
14390
14770
14372
14391
14771
14373
14392
14772
14374
14393
14773
14375
14394
14774
14376
14395
14775
14377
14396
14776
14378
14397
14777
14379
14398
14778
14399
14779
14381
14780
14382
14781
14383
14782
14384
14783
14385
14784
14386
14785
14387
14786
14388
14787
14389
14788
14390
14789
14391
14790
14392
14791
14393
14792
14394
14793
14395
14794
14396
14795
14397
14796
14398
14797
14399
14798
14799
14401
14420
14800
14402
14421
14801
14403
14422
14802
14404
14423
14803
14405
14424
14804
14406
14425
14805
14407
14426
14806
14408
14427
14807
14409
14428
14808
14410
14429
14809
14411
14430
14810
14412
14431
14811
14413
14432
14812
14414
14433
14813
14415
14434
14814
14416
14435
14815
14417
14436
14816
14418
14437
14817
14419
14438
14818
14439
14819
14421
14440
14820
14422
14441
14821
14423
14442
14822
14424
14443
14823
14425
14444
14824
14426
14445
14825
14427
14446
14826
14428
14447
14827
14429
14448
14828
14430
14449
14829
14431
14450
14830
14432
14451
14831
14433
14452
14832
14434
14453
14833
14435
14454
14834
14436
14455
14835
14437
14456
14836
14438
14457
14837
14439
14458
14838
14459
14839
14441
14460
14840
14442
14461
14841
14443
14462
14842
14444
14463
14843
14445
14464
14844
14446
14465
14845
14447
14466
14846
14448
14467
14847
14449
14468
14848
14450
14469
14849
14451
14470
14850
14452
14471
14851
14453
14472
14852
14454
14473
14853
14455
14474
14854
14456
14475
14855
14457
14476
14856
14458
14477
14857
14459
14478
14858
14479
14859
14461
14480
14860
14462
14481
14861
14463
14482
14862
14464
14483
14863
14465
14484
14864
14466
14485
14865
14467
14486
14866
14468
14487
14867
14469
14488
14868
14470
14489
14869
14471
14490
14870
14472
14491
14871
14473
14492
14872
14474
14493
14873
14475
14494
14874
14476
14495
14875
14477
14496
14876
14478
14497
14877
14479
14498
14878
14499
14879
14481
14500
14880
14482
14501
14881
14483
14502
14882
14484
14503
14883
14485
14504
14884
14486
14505
14885
14487
14506
14886
14488
14507
14887
14489
14508
14888
14490
14509
14889
14491
14510
14890
14492
14511
14891
14493
14512
14892
14494
14513
14893
14495
14514
14894
14496
14515
14895
14497
14516
14896
14498
14517
14897
14499
14518
14898
14519
14899
14501
14520
14900
14502
14521
14901
14503
14522
14902
14504
14523
14903
14505
14524
14904
14506
14525
14905
14507
14526
14906
14508
14527
14907
14509
14528
14908
14510
14529
14909
14511
14530
14910
14512
14531
14911
14513
14532
14912
14514
14533
14913
14515
14534
14914
14516
14535
14915
14517
14536
14916
14518
14537
14917
14519
14538
14918
14539
14919
14521
14540
14920
14522
14541
14921
14523
14542
14922
14524
14543
14923
14525
14544
14924
14526
14545
14925
14527
14546
14926
14528
14547
14927
14529
14548
14928
14530
14549
14929
14531
14550
14930
14532
14551
14931
14533
14552
14932
14534
14553
14933
14535
14554
14934
14536
14555
14935
14537
14556
14936
14538
14557
14937
14539
14558
14938
14559
14939
14541
14560
14940
14542
14561
14941
14543
14562
14942
14544
14563
14943
14545
14564
14944
14546
14565
14945
14547
14566
14946
14548
14567
14947
14549
14568
14948
14550
14569
14949
14551
14570
14950
14552
14571
14951
14553
14572
14952
14554
14573
14953
14555
14574
14954
14556
14575
14955
14557
14576
14956
14558
14577
14957
14559
14578
14958
14579
14959
14561
14580
14960
14562
14581
14961
14563
14582
14962
14564
14583
14963
14565
14584
14964
14566
14585
14965
14567
14586
14966
14568
14587
14967
14569
14588
14968
14570
14589
14969
14571
14590
14970
14572
14591
14971
14573
14592
14972
14574
14593
14973
14575
14594
14974
14576
14595
14975
14577
14596
14976
14578
14597
14977
14579
14598
14978
14599
14979
14581
14600
14980
14582
14601
14981
14583
14602
14982
14584
14603
14983
14585
14604
14984
14586
14605
14985
14587
14606
14986
14588
14607
14987
14589
14608
14988
14590
14609
14989
14591
14610
14990
14592
14611
14991
14593
14612
14992
14594
14613
14993
14595
14614
14994
14596
14615
14995
14597
14616
14996
14598
14617
14997
14599
14618
14998
14619
14999
14601
14620
15000
14602
14621
15001
14603
14622
15002
14604
14623
15003
14605
14624
15004
14606
14625
15005
14607
14626
15006
14608
14627
15007
14609
14628
15008
14610
14629
15009
14611
14630
15010
14612
14631
15011
14613
14632
15012
14614
14633
15013
14615
14634
15014
14616
14635
15015
14617
14636
15016
14618
14637
15017
14619
14638
15018
14639
15019
14621
14640
15020
14622
14641
15021
14623
14642
15022
14624
14643
15023
14625
14644
15024
14626
14645
15025
14627
14646
15026
14628
14647
15027
14629
14648
15028
14630
14649
15029
14631
14650
15030
14632
14651
15031
14633
14652
15032
14634
14653
15033
14635
14654
15034
14636
14655
15035
14637
14656
15036
14638
14657
15037
14639
14658
15038
14659
15039
14641
14660
15040
14642
14661
15041
14643
14662
15042
14644
14663
15043
14645
14664
15044
14646
14665
15045
14647
14666
15046
14648
14667
15047
14649
14668
15048
14650
14669
15049
14651
14670
15050
14652
14671
15051
14653
14672
15052
14654
14673
15053
14655
14674
15054
14656
14675
15055
14657
14676
15056
14658
14677
15057
14659
14678
15058
14679
15059
14661
14680
15060
14662
14681
15061
14663
14682
15062
14664
14683
15063
14665
14684
15064
14666
14685
15065
14667
14686
15066
14668
14687
15067
14669
14688
15068
14670
14689
15069
14671
14690
15070
14672
14691
15071
14673
14692
15072
14674
14693
15073
14675
14694
15074
14676
14695
15075
14677
14696
15076
14678
14697
15077
14679
14698
15078
14699
15079
14681
14700
15080
14682
14701
15081
14683
14702
15082
14684
14703
15083
14685
14704
15084
14686
14705
15085
14687
14706
15086
14688
14707
15087
14689
14708
15088
14690
14709
15089
14691
14710
15090
14692
14711
15091
14693
14712
15092
14694
14713
15093
14695
14714
15094
14696
14715
15095
14697
14716
15096
14698
14717
15097
14699
14718
15098
14719
15099
14701
14720
15100
14702
14721
15101
14703
14722
15102
14704
14723
15103
14705
14724
15104
14706
14725
15105
14707
14726
15106
14708
14727
15107
14709
14728
15108
14710
14729
15109
14711
14730
15110
14712
14731
15111
14713
14732
15112
14714
14733
15113
14715
14734
15114
14716
14735
15115
14717
14736
15116
14718
14737
15117
14719
14738
15118
14739
15119
14721
14740
15120
14722
14741
15121
14723
14742
15122
14724
14743
15123
14725
14744
15124
14726
14745
15125
14727
14746
15126
14728
14747
15127
14729
14748
15128
14730
14749
15129
14731
14750
15130
14732
14751
15131
14733
14752
15132
14734
14753
15133
14735
14754
15134
14736
14755
15135
14737
14756
15136
14738
14757
15137
14739
14758
15138
14759
15139
14741
14760
15140
14742
14761
15141
14743
14762
15142
14744
14763
15143
14745
14764
15144
14746
14765
15145
14747
14766
15146
14748
14767
15147
14749
14768
15148
14750
14769
15149
14751
14770
15150
14752
14771
15151
14753
14772
15152
14754
14773
15153
14755
14774
15154
14756
14775
15155
14757
14776
15156
14758
14777
15157
14759
14778
15158
14779
15159
14761
14780
15160
14762
14781
15161
14763
14782
15162
14764
14783
15163
14765
14784
15164
14766
14785
15165
14767
14786
15166
14768
14787
15167
14769
14788
15168
14770
14789
15169
14771
14790
15170
14772
14791
15171
14773
14792
15172
14774
14793
15173
14775
14794
15174
14776
14795
15175
14777
14796
15176
14778
14797
15177
14779
14798
15178
14799
15179
14781
15180
14782
15181
14783
15182
14784
15183
14785
15184
14786
15185
14787
15186
14788
15187
14789
15188
14790
15189
14791
15190
14792
15191
14793
15192
14794
15193
14795
15194
14796
15195
14797
15196
14798
15197
14799
15198
15199
14801
14820
15200
14802
14821
15201
14803
14822
15202
14804
14823
15203
14805
14824
15204
14806
14825
15205
14807
14826
15206
14808
14827
15207
14809
14828
15208
14810
14829
15209
14811
14830
15210
14812
14831
15211
14813
14832
15212
14814
14833
15213
14815
14834
15214
14816
14835
15215
14817
14836
15216
14818
14837
15217
14819
14838
15218
14839
15219
14821
14840
15220
14822
14841
15221
14823
14842
15222
14824
14843
15223
14825
14844
15224
14826
14845
15225
14827
14846
15226
14828
14847
15227
14829
14848
15228
14830
14849
15229
14831
14850
15230
14832
14851
15231
14833
14852
15232
14834
14853
15233
14835
14854
15234
14836
14855
15235
14837
14856
15236
14838
14857
15237
14839
14858
15238
14859
15239
14841
14860
15240
14842
14861
15241
14843
14862
15242
14844
14863
15243
14845
14864
15244
14846
14865
15245
14847
14866
15246
14848
14867
15247
14849
14868
15248
14850
14869
15249
14851
14870
15250
14852
14871
15251
14853
14872
15252
14854
14873
15253
14855
14874
15254
14856
14875
15255
14857
14876
15256
14858
14877
15257
14859
14878
15258
14879
15259
14861
14880
15260
14862
14881
15261
14863
14882
15262
14864
14883
15263
14865
14884
15264
14866
14885
15265
14867
14886
15266
14868
14887
15267
14869
14888
15268
14870
14889
15269
14871
14890
15270
14872
14891
15271
14873
14892
15272
14874
14893
15273
14875
14894
15274
14876
14895
15275
14877
14896
15276
14878
14897
15277
14879
14898
15278
14899
15279
14881
14900
15280
14882
14901
15281
14883
14902
15282
14884
14903
15283
14885
14904
15284
14886
14905
15285
14887
14906
15286
14888
14907
15287
14889
14908
15288
14890
14909
15289
14891
14910
15290
14892
14911
15291
14893
14912
15292
14894
14913
15293
14895
14914
15294
14896
14915
15295
14897
14916
15296
14898
14917
15297
14899
14918
15298
14919
15299
14901
14920
15300
14902
14921
15301
14903
14922
15302
14904
14923
15303
14905
14924
15304
14906
14925
15305
14907
14926
15306
14908
14927
15307
14909
14928
15308
14910
14929
15309
14911
14930
15310
14912
14931
15311
14913
14932
15312
14914
14933
15313
14915
14934
15314
14916
14935
15315
14917
14936
15316
14918
14937
15317
14919
14938
15318
14939
15319
14921
14940
15320
14922
14941
15321
14923
14942
15322
14924
14943
15323
14925
14944
15324
14926
14945
15325
14927
14946
15326
14928
14947
15327
14929
14948
15328
14930
14949
15329
14931
14950
15330
14932
14951
15331
14933
14952
15332
14934
14953
15333
14935
14954
15334
14936
14955
15335
14937
14956
15336
14938
14957
15337
14939
14958
15338
14959
15339
14941
14960
15340
14942
14961
15341
14943
14962
15342
14944
14963
15343
14945
14964
15344
14946
14965
15345
14947
14966
15346
14948
14967
15347
14949
14968
15348
14950
14969
15349
14951
14970
15350
14952
14971
15351
14953
14972
15352
14954
14973
15353
14955
14974
15354
14956
14975
15355
14957
14976
15356
14958
14977
15357
14959
14978
15358
14979
15359
14961
14980
15360
14962
14981
15361
14963
14982
15362
14964
14983
15363
14965
14984
15364
14966
14985
15365
14967
14986
15366
14968
14987
15367
14969
14988
15368
14970
14989
15369
14971
14990
15370
14972
14991
15371
14973
14992
15372
14974
14993
15373
14975
14994
15374
14976
14995
15375
14977
14996
15376
14978
14997
15377
14979
14998
15378
14999
15379
14981
15000
15380
14982
15001
15381
14983
15002
15382
14984
15003
15383
14985
15004
15384
14986
15005
15385
14987
15006
15386
14988
15007
15387
14989
15008
15388
14990
15009
15389
14991
15010
15390
14992
15011
15391
14993
15012
15392
14994
15013
15393
14995
15014
15394
14996
15015
15395
14997
15016
15396
14998
15017
15397
14999
15018
15398
15019
15399
15001
15020
15400
15002
15021
15401
15003
15022
15402
15004
15023
15403
15005
15024
15404
15006
15025
15405
15007
15026
15406
15008
15027
15407
15009
15028
15408
15010
15029
15409
15011
15030
15410
15012
15031
15411
15013
15032
15412
15014
15033
15413
15015
15034
15414
15016
15035
15415
15017
15036
15416
15018
15037
15417
15019
15038
15418
15039
15419
15021
15040
15420
15022
15041
15421
15023
15042
15422
15024
15043
15423
15025
15044
15424
15026
15045
15425
15027
15046
15426
15028
15047
15427
15029
15048
15428
15030
15049
15429
15031
15050
15430
15032
15051
15431
15033
15052
15432
15034
15053
15433
15035
15054
15434
15036
15055
15435
15037
15056
15436
15038
15057
15437
15039
15058
15438
15059
15439
15041
15060
15440
15042
15061
15441
15043
15062
15442
15044
15063
15443
15045
15064
15444
15046
15065
15445
15047
15066
15446
15048
15067
15447
15049
15068
15448
15050
15069
15449
15051
15070
15450
15052
15071
15451
15053
15072
15452
15054
15073
15453
15055
15074
15454
15056
15075
15455
15057
15076
15456
15058
15077
15457
15059
15078
15458
15079
15459
15061
15080
15460
15062
15081
15461
15063
15082
15462
15064
15083
15463
15065
15084
15464
15066
15085
15465
15067
15086
15466
15068
15087
15467
15069
15088
15468
15070
15089
15469
15071
15090
15470
15072
15091
15471
15073
15092
15472
15074
15093
15473
15075
15094
15474
15076
15095
15475
15077
15096
15476
15078
15097
15477
15079
15098
15478
15099
15479
15081
15100
15480
15082
15101
15481
15083
15102
15482
15084
15103
15483
15085
15104
15484
15086
15105
15485
15087
15106
15486
15088
15107
15487
15089
15108
15488
15090
15109
15489
15091
15110
15490
15092
15111
15491
15093
15112
15492
15094
15113
15493
15095
15114
15494
15096
15115
15495
15097
15116
15496
15098
15117
15497
15099
15118
15498
15119
15499
15101
15120
15500
15102
15121
15501
15103
15122
15502
15104
15123
15503
15105
15124
15504
15106
15125
15505
15107
15126
15506
15108
15127
15507
15109
15128
15508
15110
15129
15509
15111
15130
15510
15112
15131
15511
15113
15132
15512
15114
15133
15513
15115
15134
15514
15116
15135
15515
15117
15136
15516
15118
15137
15517
15119
15138
15518
15139
15519
15121
15140
15520
15122
15141
15521
15123
15142
15522
15124
15143
15523
15125
15144
15524
15126
15145
15525
15127
15146
15526
15128
15147
15527
15129
15148
15528
15130
15149
15529
15131
15150
15530
15132
15151
15531
15133
15152
15532
15134
15153
15533
15135
15154
15534
15136
15155
15535
15137
15156
15536
15138
15157
15537
15139
15158
15538
15159
15539
15141
15160
15540
15142
15161
15541
15143
15162
15542
15144
15163
15543
15145
15164
15544
15146
15165
15545
15147
15166
15546
15148
15167
15547
15149
15168
15548
15150
15169
15549
15151
15170
15550
15152
15171
15551
15153
15172
15552
15154
15173
15553
15155
15174
15554
15156
15175
15555
15157
15176
15556
15158
15177
15557
15159
15178
15558
15179
15559
15161
15180
15560
15162
15181
15561
15163
15182
15562
15164
15183
15563
15165
15184
15564
15166
15185
15565
15167
15186
15566
15168
15187
15567
15169
15188
15568
15170
15189
15569
15171
15190
15570
15172
15191
15571
15173
15192
15572
15174
15193
15573
15175
15194
15574
15176
15195
15575
15177
15196
15576
15178
15197
15577
15179
15198
15578
15199
15579
15181
15580
15182
15581
15183
15582
15184
15583
15185
15584
15186
15585
15187
15586
15188
15587
15189
15588
15190
15589
15191
15590
15192
15591
15193
15592
15194
15593
15195
15594
15196
15595
15197
15596
15198
15597
15199
15598
15599
15201
15220
15600
15202
15221
15601
15203
15222
15602
15204
15223
15603
15205
15224
15604
15206
15225
15605
15207
15226
15606
15208
15227
15607
15209
15228
15608
15210
15229
15609
15211
15230
15610
15212
15231
15611
15213
15232
15612
15214
15233
15613
15215
15234
15614
15216
15235
15615
15217
15236
15616
15218
15237
15617
15219
15238
15618
15239
15619
15221
15240
15620
15222
15241
15621
15223
15242
15622
15224
15243
15623
15225
15244
15624
15226
15245
15625
15227
15246
15626
15228
15247
15627
15229
15248
15628
15230
15249
15629
15231
15250
15630
15232
15251
15631
15233
15252
15632
15234
15253
15633
15235
15254
15634
15236
15255
15635
15237
15256
15636
15238
15257
15637
15239
15258
15638
15259
15639
15241
15260
15640
15242
15261
15641
15243
15262
15642
15244
15263
15643
15245
15264
15644
15246
15265
15645
15247
15266
15646
15248
15267
15647
15249
15268
15648
15250
15269
15649
15251
15270
15650
15252
15271
15651
15253
15272
15652
15254
15273
15653
15255
15274
15654
15256
15275
15655
15257
15276
15656
15258
15277
15657
15259
15278
15658
15279
15659
15261
15280
15660
15262
15281
15661
15263
15282
15662
15264
15283
15663
15265
15284
15664
15266
15285
15665
15267
15286
15666
15268
15287
15667
15269
15288
15668
15270
15289
15669
15271
15290
15670
15272
15291
15671
15273
15292
15672
15274
15293
15673
15275
15294
15674
15276
15295
15675
15277
15296
15676
15278
15297
15677
15279
15298
15678
15299
15679
15281
15300
15680
15282
15301
15681
15283
15302
15682
15284
15303
15683
15285
15304
15684
15286
15305
15685
15287
15306
15686
15288
15307
15687
15289
15308
15688
15290
15309
15689
15291
15310
15690
15292
15311
15691
15293
15312
15692
15294
15313
15693
15295
15314
15694
15296
15315
15695
15297
15316
15696
15298
15317
15697
15299
15318
15698
15319
15699
15301
15320
15700
15302
15321
15701
15303
15322
15702
15304
15323
15703
15305
15324
15704
15306
15325
15705
15307
15326
15706
15308
15327
15707
15309
15328
15708
15310
15329
15709
15311
15330
15710
15312
15331
15711
15313
15332
15712
15314
15333
15713
15315
15334
15714
15316
15335
15715
15317
15336
15716
15318
15337
15717
15319
15338
15718
15339
15719
15321
15340
15720
15322
15341
15721
15323
15342
15722
15324
15343
15723
15325
15344
15724
15326
15345
15725
15327
15346
15726
15328
15347
15727
15329
15348
15728
15330
15349
15729
15331
15350
15730
15332
15351
15731
15333
15352
15732
15334
15353
15733
15335
15354
15734
15336
15355
15735
15337
15356
15736
15338
15357
15737
15339
15358
15738
15359
15739
15341
15360
15740
15342
15361
15741
15343
15362
15742
15344
15363
15743
15345
15364
15744
15346
15365
15745
15347
15366
15746
15348
15367
15747
15349
15368
15748
15350
15369
15749
15351
15370
15750
15352
15371
15751
15353
15372
15752
15354
15373
15753
15355
15374
15754
15356
15375
15755
15357
15376
15756
15358
15377
15757
15359
15378
15758
15379
15759
15361
15380
15760
15362
15381
15761
15363
15382
15762
15364
15383
15763
15365
15384
15764
15366
15385
15765
15367
15386
15766
15368
15387
15767
15369
15388
15768
15370
15389
15769
15371
15390
15770
15372
15391
15771
15373
15392
15772
15374
15393
15773
15375
15394
15774
15376
15395
15775
15377
15396
15776
15378
15397
15777
15379
15398
15778
15399
15779
15381
15400
15780
15382
15401
15781
15383
15402
15782
15384
15403
15783
15385
15404
15784
15386
15405
15785
15387
15406
15786
15388
15407
15787
15389
15408
15788
15390
15409
15789
15391
15410
15790
15392
15411
15791
15393
15412
15792
15394
15413
15793
15395
15414
15794
15396
15415
15795
15397
15416
15796
15398
15417
15797
15399
15418
15798
15419
15799
15401
15420
15800
15402
15421
15801
15403
15422
15802
15404
15423
15803
15405
15424
15804
15406
15425
15805
15407
15426
15806
15408
15427
15807
15409
15428
15808
15410
15429
15809
15411
15430
15810
15412
15431
15811
15413
15432
15812
15414
15433
15813
15415
15434
15814
15416
15435
15815
15417
15436
15816
15418
15437
15817
15419
15438
15818
15439
15819
15421
15440
15820
15422
15441
15821
15423
15442
15822
15424
15443
15823
15425
15444
15824
15426
15445
15825
15427
15446
15826
15428
15447
15827
15429
15448
15828
15430
15449
15829
15431
15450
15830
15432
15451
15831
15433
15452
15832
15434
15453
15833
15435
15454
15834
15436
15455
15835
15437
15456
15836
15438
15457
15837
15439
15458
15838
15459
15839
15441
15460
15840
15442
15461
15841
15443
15462
15842
15444
15463
15843
15445
15464
15844
15446
15465
15845
15447
15466
15846
15448
15467
15847
15449
15468
15848
15450
15469
15849
15451
15470
15850
15452
15471
15851
15453
15472
15852
15454
15473
15853
15455
15474
15854
15456
15475
15855
15457
15476
15856
15458
15477
15857
15459
15478
15858
15479
15859
15461
15480
15860
15462
15481
15861
15463
15482
15862
15464
15483
15863
15465
15484
15864
15466
15485
15865
15467
15486
15866
15468
15487
15867
15469
15488
15868
15470
15489
15869
15471
15490
15870
15472
15491
15871
15473
15492
15872
15474
15493
15873
15475
15494
15874
15476
15495
15875
15477
15496
15876
15478
15497
15877
15479
15498
15878
15499
15879
15481
15500
15880
15482
15501
15881
15483
15502
15882
15484
15503
15883
15485
15504
15884
15486
15505
15885
15487
15506
15886
15488
15507
15887
15489
15508
15888
15490
15509
15889
15491
15510
15890
15492
15511
15891
15493
15512
15892
15494
15513
15893
15495
15514
15894
15496
15515
15895
15497
15516
15896
15498
15517
15897
15499
15518
15898
15519
15899
15501
15520
15900
15502
15521
15901
15503
15522
15902
15504
15523
15903
15505
15524
15904
15506
15525
15905
15507
15526
15906
15508
15527
15907
15509
15528
15908
15510
15529
15909
15511
15530
15910
15512
15531
15911
15513
15532
15912
15514
15533
15913
15515
15534
15914
15516
15535
15915
15517
15536
15916
15518
15537
15917
15519
15538
15918
15539
15919
15521
15540
15920
15522
15541
15921
15523
15542
15922
15524
15543
15923
15525
15544
15924
15526
15545
15925
15527
15546
15926
15528
15547
15927
15529
15548
15928
15530
15549
15929
15531
15550
15930
15532
15551
15931
15533
15552
15932
15534
15553
15933
15535
15554
15934
15536
15555
15935
15537
15556
15936
15538
15557
15937
15539
15558
15938
15559
15939
15541
15560
15940
15542
15561
15941
15543
15562
15942
15544
15563
15943
15545
15564
15944
15546
15565
15945
15547
15566
15946
15548
15567
15947
15549
15568
15948
15550
15569
15949
15551
15570
15950
15552
15571
15951
15553
15572
15952
15554
15573
15953
15555
15574
15954
15556
15575
15955
15557
15576
15956
15558
15577
15957
15559
15578
15958
15579
15959
15561
15580
15960
15562
15581
15961
15563
15582
15962
15564
15583
15963
15565
15584
15964
15566
15585
15965
15567
15586
15966
15568
15587
15967
15569
15588
15968
15570
15589
15969
15571
15590
15970
15572
15591
15971
15573
15592
15972
15574
15593
15973
15575
15594
15974
15576
15595
15975
15577
15596
15976
15578
15597
15977
15579
15598
15978
15599
15979
15581
15980
15582
15981
15583
15982
15584
15983
15585
15984
15586
15985
15587
15986
15588
15987
15589
15988
15590
15989
15591
15990
15592
15991
15593
15992
15594
15993
15595
15994
15596
15995
15597
15996
15598
15997
15599
15998
15999
15601
15620
16000
15602
15621
16001
15603
15622
16002
15604
15623
16003
15605
15624
16004
15606
15625
16005
15607
15626
16006
15608
15627
16007
15609
15628
16008
15610
15629
16009
15611
15630
16010
15612
15631
16011
15613
15632
16012
15614
15633
16013
15615
15634
16014
15616
15635
16015
15617
15636
16016
15618
15637
16017
15619
15638
16018
15639
16019
15621
15640
16020
15622
15641
16021
15623
15642
16022
15624
15643
16023
15625
15644
16024
15626
15645
16025
15627
15646
16026
15628
15647
16027
15629
15648
16028
15630
15649
16029
15631
15650
16030
15632
15651
16031
15633
15652
16032
15634
15653
16033
15635
15654
16034
15636
15655
16035
15637
15656
16036
15638
15657
16037
15639
15658
16038
15659
16039
15641
15660
16040
15642
15661
16041
15643
15662
16042
15644
15663
16043
15645
15664
16044
15646
15665
16045
15647
15666
16046
15648
15667
16047
15649
15668
16048
15650
15669
16049
15651
15670
16050
15652
15671
16051
15653
15672
16052
15654
15673
16053
15655
15674
16054
15656
15675
16055
15657
15676
16056
15658
15677
16057
15659
15678
16058
15679
16059
15661
15680
16060
15662
15681
16061
15663
15682
16062
15664
15683
16063
15665
15684
16064
15666
15685
16065
15667
15686
16066
15668
15687
16067
15669
15688
16068
15670
15689
16069
15671
15690
16070
15672
15691
16071
15673
15692
16072
15674
15693
16073
15675
15694
16074
15676
15695
16075
15677
15696
16076
15678
15697
16077
15679
15698
16078
15699
16079
15681
15700
16080
15682
15701
16081
15683
15702
16082
15684
15703
16083
15685
15704
16084
15686
15705
16085
15687
15706
16086
15688
15707
16087
15689
15708
16088
15690
15709
16089
15691
15710
16090
15692
15711
16091
15693
15712
16092
15694
15713
16093
15695
15714
16094
15696
15715
16095
15697
15716
16096
15698
15717
16097
15699
15718
16098
15719
16099
15701
15720
16100
15702
15721
16101
15703
15722
16102
15704
15723
16103
15705
15724
16104
15706
15725
16105
15707
15726
16106
15708
15727
16107
15709
15728
16108
15710
15729
16109
15711
15730
16110
15712
15731
16111
15713
15732
16112
15714
15733
16113
15715
15734
16114
15716
15735
16115
15717
15736
16116
15718
15737
16117
15719
15738
16118
15739
16119
15721
15740
16120
15722
15741
16121
15723
15742
16122
15724
15743
16123
15725
15744
16124
15726
15745
16125
15727
15746
16126
15728
15747
16127
15729
15748
16128
15730
15749
16129
15731
15750
16130
15732
15751
16131
15733
15752
16132
15734
15753
16133
15735
15754
16134
15736
15755
16135
15737
15756
16136
15738
15757
16137
15739
15758
16138
15759
16139
15741
15760
16140
15742
15761
16141
15743
15762
16142
15744
15763
16143
15745
15764
16144
15746
15765
16145
15747
15766
16146
15748
15767
16147
15749
15768
16148
15750
15769
16149
15751
15770
16150
15752
15771
16151
15753
15772
16152
15754
15773
16153
15755
15774
16154
15756
15775
16155
15757
15776
16156
15758
15777
16157
15759
15778
16158
15779
16159
15761
15780
16160
15762
15781
16161
15763
15782
16162
15764
15783
16163
15765
15784
16164
15766
15785
16165
15767
15786
16166
15768
15787
16167
15769
15788
16168
15770
15789
16169
15771
15790
16170
15772
15791
16171
15773
15792
16172
15774
15793
16173
15775
15794
16174
15776
15795
16175
15777
15796
16176
15778
15797
16177
15779
15798
16178
15799
16179
15781
15800
16180
15782
15801
16181
15783
15802
16182
15784
15803
16183
15785
15804
16184
15786
15805
16185
15787
15806
16186
15788
15807
16187
15789
15808
16188
15790
15809
16189
15791
15810
16190
15792
15811
16191
15793
15812
16192
15794
15813
16193
15795
15814
16194
15796
15815
16195
15797
15816
16196
15798
15817
16197
15799
15818
16198
15819
16199
15801
15820
16200
15802
15821
16201
15803
15822
16202
15804
15823
16203
15805
15824
16204
15806
15825
16205
15807
15826
16206
15808
15827
16207
15809
15828
16208
15810
15829
16209
15811
15830
16210
15812
15831
16211
15813
15832
16212
15814
15833
16213
15815
15834
16214
15816
15835
16215
15817
15836
16216
15818
15837
16217
15819
15838
16218
15839
16219
15821
15840
16220
15822
15841
16221
15823
15842
16222
15824
15843
16223
15825
15844
16224
15826
15845
16225
15827
15846
16226
15828
15847
16227
15829
15848
16228
15830
15849
16229
15831
15850
16230
15832
15851
16231
15833
15852
16232
15834
15853
16233
15835
15854
16234
15836
15855
16235
15837
15856
16236
15838
15857
16237
15839
15858
16238
15859
16239
15841
15860
16240
15842
15861
16241
15843
15862
16242
15844
15863
16243
15845
15864
16244
15846
15865
16245
15847
15866
16246
15848
15867
16247
15849
15868
16248
15850
15869
16249
15851
15870
16250
15852
15871
16251
15853
15872
16252
15854
15873
16253
15855
15874
16254
15856
15875
16255
15857
15876
16256
15858
15877
16257
15859
15878
16258
15879
16259
15861
15880
16260
15862
15881
16261
15863
15882
16262
15864
15883
16263
15865
15884
16264
15866
15885
16265
15867
15886
16266
15868
15887
16267
15869
15888
16268
15870
15889
16269
15871
15890
16270
15872
15891
16271
15873
15892
16272
15874
15893
16273
15875
15894
16274
15876
15895
16275
15877
15896
16276
15878
15897
16277
15879
15898
16278
15899
16279
15881
15900
16280
15882
15901
16281
15883
15902
16282
15884
15903
16283
15885
15904
16284
15886
15905
16285
15887
15906
16286
15888
15907
16287
15889
15908
16288
15890
15909
16289
15891
15910
16290
15892
15911
16291
15893
15912
16292
15894
15913
16293
15895
15914
16294
15896
15915
16295
15897
15916
16296
15898
15917
16297
15899
15918
16298
15919
16299
15901
15920
16300
15902
15921
16301
15903
15922
16302
15904
15923
16303
15905
15924
16304
15906
15925
16305
15907
15926
16306
15908
15927
16307
15909
15928
16308
15910
15929
16309
15911
15930
16310
15912
15931
16311
15913
15932
16312
15914
15933
16313
15915
15934
16314
15916
15935
16315
15917
15936
16316
15918
15937
16317
15919
15938
16318
15939
16319
15921
15940
16320
15922
15941
16321
15923
15942
16322
15924
15943
16323
15925
15944
16324
15926
15945
16325
15927
15946
16326
15928
15947
16327
15929
15948
16328
15930
15949
16329
15931
15950
16330
15932
15951
16331
15933
15952
16332
15934
15953
16333
15935
15954
16334
15936
15955
16335
15937
15956
16336
15938
15957
16337
15939
15958
16338
15959
16339
15941
15960
16340
15942
15961
16341
15943
15962
16342
15944
15963
16343
15945
15964
16344
15946
15965
16345
15947
15966
16346
15948
15967
16347
15949
15968
16348
15950
15969
16349
15951
15970
16350
15952
15971
16351
15953
15972
16352
15954
15973
16353
15955
15974
16354
15956
15975
16355
15957
15976
16356
15958
15977
16357
15959
15978
16358
15979
16359
15961
15980
16360
15962
15981
16361
15963
15982
16362
15964
15983
16363
15965
15984
16364
15966
15985
16365
15967
15986
16366
15968
15987
16367
15969
15988
16368
15970
15989
16369
15971
15990
16370
15972
15991
16371
15973
15992
16372
15974
15993
16373
15975
15994
16374
15976
15995
16375
15977
15996
16376
15978
15997
16377
15979
15998
16378
15999
16379
15981
16380
15982
16381
15983
16382
15984
16383
15985
16384
15986
16385
15987
16386
15988
16387
15989
16388
15990
16389
15991
16390
15992
16391
15993
16392
15994
16393
15995
16394
15996
16395
15997
16396
15998
16397
15999
16398
16399
16001
16020
16400
16002
16021
16401
16003
16022
16402
16004
16023
16403
16005
16024
16404
16006
16025
16405
16007
16026
16406
16008
16027
16407
16009
16028
16408
16010
16029
16409
16011
16030
16410
16012
16031
16411
16013
16032
16412
16014
16033
16413
16015
16034
16414
16016
16035
16415
16017
16036
16416
16018
16037
16417
16019
16038
16418
16039
16419
16021
16040
16420
16022
16041
16421
16023
16042
16422
16024
16043
16423
16025
16044
16424
16026
16045
16425
16027
16046
16426
16028
16047
16427
16029
16048
16428
16030
16049
16429
16031
16050
16430
16032
16051
16431
16033
16052
16432
16034
16053
16433
16035
16054
16434
16036
16055
16435
16037
16056
16436
16038
16057
16437
16039
16058
16438
16059
16439
16041
16060
16440
16042
16061
16441
16043
16062
16442
16044
16063
16443
16045
16064
16444
16046
16065
16445
16047
16066
16446
16048
16067
16447
16049
16068
16448
16050
16069
16449
16051
16070
16450
16052
16071
16451
16053
16072
16452
16054
16073
16453
16055
16074
16454
16056
16075
16455
16057
16076
16456
16058
16077
16457
16059
16078
16458
16079
16459
16061
16080
16460
16062
16081
16461
16063
16082
16462
16064
16083
16463
16065
16084
16464
16066
16085
16465
16067
16086
16466
16068
16087
16467
16069
16088
16468
16070
16089
16469
16071
16090
16470
16072
16091
16471
16073
16092
16472
16074
16093
16473
16075
16094
16474
16076
16095
16475
16077
16096
16476
16078
16097
16477
16079
16098
16478
16099
16479
16081
16100
16480
16082
16101
16481
16083
16102
16482
16084
16103
16483
16085
16104
16484
16086
16105
16485
16087
16106
16486
16088
16107
16487
16089
16108
16488
16090
16109
16489
16091
16110
16490
16092
16111
16491
16093
16112
16492
16094
16113
16493
16095
16114
16494
16096
16115
16495
16097
16116
16496
16098
16117
16497
16099
16118
16498
16119
16499
16101
16120
16500
16102
16121
16501
16103
16122
16502
16104
16123
16503
16105
16124
16504
16106
16125
16505
16107
16126
16506
16108
16127
16507
16109
16128
16508
16110
16129
16509
16111
16130
16510
16112
16131
16511
16113
16132
16512
16114
16133
16513
16115
16134
16514
16116
16135
16515
16117
16136
16516
16118
16137
16517
16119
16138
16518
16139
16519
16121
16140
16520
16122
16141
16521
16123
16142
16522
16124
16143
16523
16125
16144
16524
16126
16145
16525
16127
16146
16526
16128
16147
16527
16129
16148
16528
16130
16149
16529
16131
16150
16530
16132
16151
16531
16133
16152
16532
16134
16153
16533
16135
16154
16534
16136
16155
16535
16137
16156
16536
16138
16157
16537
16139
16158
16538
16159
16539
16141
16160
16540
16142
16161
16541
16143
16162
16542
16144
16163
16543
16145
16164
16544
16146
16165
16545
16147
16166
16546
16148
16167
16547
16149
16168
16548
16150
16169
16549
16151
16170
16550
16152
16171
16551
16153
16172
16552
16154
16173
16553
16155
16174
16554
16156
16175
16555
16157
16176
16556
16158
16177
16557
16159
16178
16558
16179
16559
16161
16180
16560
16162
16181
16561
16163
16182
16562
16164
16183
16563
16165
16184
16564
16166
16185
16565
16167
16186
16566
16168
16187
16567
16169
16188
16568
16170
16189
16569
16171
16190
16570
16172
16191
16571
16173
16192
16572
16174
16193
16573
16175
16194
16574
16176
16195
16575
16177
16196
16576
16178
16197
16577
16179
16198
16578
16199
16579
16181
16200
16580
16182
16201
16581
16183
16202
16582
16184
16203
16583
16185
16204
16584
16186
16205
16585
16187
16206
16586
16188
16207
16587
16189
16208
16588
16190
16209
16589
16191
16210
16590
16192
16211
16591
16193
16212
16592
16194
16213
16593
16195
16214
16594
16196
16215
16595
16197
16216
16596
16198
16217
16597
16199
16218
16598
16219
16599
16201
16220
16600
16202
16221
16601
16203
16222
16602
16204
16223
16603
16205
16224
16604
16206
16225
16605
16207
16226
16606
16208
16227
16607
16209
16228
16608
16210
16229
16609
16211
16230
16610
16212
16231
16611
16213
16232
16612
16214
16233
16613
16215
16234
16614
16216
16235
16615
16217
16236
16616
16218
16237
16617
16219
16238
16618
16239
16619
16221
16240
16620
16222
16241
16621
16223
16242
16622
16224
16243
16623
16225
16244
16624
16226
16245
16625
16227
16246
16626
16228
16247
16627
16229
16248
16628
16230
16249
16629
16231
16250
16630
16232
16251
16631
16233
16252
16632
16234
16253
16633
16235
16254
16634
16236
16255
16635
16237
16256
16636
16238
16257
16637
16239
16258
16638
16259
16639
16241
16260
16640
16242
16261
16641
16243
16262
16642
16244
16263
16643
16245
16264
16644
16246
16265
16645
16247
16266
16646
16248
16267
16647
16249
16268
16648
16250
16269
16649
16251
16270
16650
16252
16271
16651
16253
16272
16652
16254
16273
16653
16255
16274
16654
16256
16275
16655
16257
16276
16656
16258
16277
16657
16259
16278
16658
16279
16659
16261
16280
16660
16262
16281
16661
16263
16282
16662
16264
16283
16663
16265
16284
16664
16266
16285
16665
16267
16286
16666
16268
16287
16667
16269
16288
16668
16270
16289
16669
16271
16290
16670
16272
16291
16671
16273
16292
16672
16274
16293
16673
16275
16294
16674
16276
16295
16675
16277
16296
16676
16278
16297
16677
16279
16298
16678
16299
16679
16281
16300
16680
16282
16301
16681
16283
16302
16682
16284
16303
16683
16285
16304
16684
16286
16305
16685
16287
16306
16686
16288
16307
16687
16289
16308
16688
16290
16309
16689
16291
16310
16690
16292
16311
16691
16293
16312
16692
16294
16313
16693
16295
16314
16694
16296
16315
16695
16297
16316
16696
16298
16317
16697
16299
16318
16698
16319
16699
16301
16320
16700
16302
16321
16701
16303
16322
16702
16304
16323
16703
16305
16324
16704
16306
16325
16705
16307
16326
16706
16308
16327
16707
16309
16328
16708
16310
16329
16709
16311
16330
16710
16312
16331
16711
16313
16332
16712
16314
16333
16713
16315
16334
16714
16316
16335
16715
16317
16336
16716
16318
16337
16717
16319
16338
16718
16339
16719
16321
16340
16720
16322
16341
16721
16323
16342
16722
16324
16343
16723
16325
16344
16724
16326
16345
16725
16327
16346
16726
16328
16347
16727
16329
16348
16728
16330
16349
16729
16331
16350
16730
16332
16351
16731
16333
16352
16732
16334
16353
16733
16335
16354
16734
16336
16355
16735
16337
16356
16736
16338
16357
16737
16339
16358
16738
16359
16739
16341
16360
16740
16342
16361
16741
16343
16362
16742
16344
16363
16743
16345
16364
16744
16346
16365
16745
16347
16366
16746
16348
16367
16747
16349
16368
16748
16350
16369
16749
16351
16370
16750
16352
16371
16751
16353
16372
16752
16354
16373
16753
16355
16374
16754
16356
16375
16755
16357
16376
16756
16358
16377
16757
16359
16378
16758
16379
16759
16361
16380
16760
16362
16381
16761
16363
16382
16762
16364
16383
16763
16365
16384
16764
16366
16385
16765
16367
16386
16766
16368
16387
16767
16369
16388
16768
16370
16389
16769
16371
16390
16770
16372
16391
16771
16373
16392
16772
16374
16393
16773
16375
16394
16774
16376
16395
16775
16377
16396
16776
16378
16397
16777
16379
16398
16778
16399
16779
16381
16780
16382
16781
16383
16782
16384
16783
16385
16784
16386
16785
16387
16786
16388
16787
16389
16788
16390
16789
16391
16790
16392
16791
16393
16792
16394
16793
16395
16794
16396
16795
16397
16796
16398
16797
16399
16798
16799
16401
16420
16800
16402
16421
16801
16403
16422
16802
16404
16423
16803
16405
16424
16804
16406
16425
16805
16407
16426
16806
16408
16427
16807
16409
16428
16808
16410
16429
16809
16411
16430
16810
16412
16431
16811
16413
16432
16812
16414
16433
16813
16415
16434
16814
16416
16435
16815
16417
16436
16816
16418
16437
16817
16419
16438
16818
16439
16819
16421
16440
16820
16422
16441
16821
16423
16442
16822
16424
16443
16823
16425
16444
16824
16426
16445
16825
16427
16446
16826
16428
16447
16827
16429
16448
16828
16430
16449
16829
16431
16450
16830
16432
16451
16831
16433
16452
16832
16434
16453
16833
16435
16454
16834
16436
16455
16835
16437
16456
16836
16438
16457
16837
16439
16458
16838
16459
16839
16441
16460
16840
16442
16461
16841
16443
16462
16842
16444
16463
16843
16445
16464
16844
16446
16465
16845
16447
16466
16846
16448
16467
16847
16449
16468
16848
16450
16469
16849
16451
16470
16850
16452
16471
16851
16453
16472
16852
16454
16473
16853
16455
16474
16854
16456
16475
16855
16457
16476
16856
16458
16477
16857
16459
16478
16858
16479
16859
16461
16480
16860
16462
16481
16861
16463
16482
16862
16464
16483
16863
16465
16484
16864
16466
16485
16865
16467
16486
16866
16468
16487
16867
16469
16488
16868
16470
16489
16869
16471
16490
16870
16472
16491
16871
16473
16492
16872
16474
16493
16873
16475
16494
16874
16476
16495
16875
16477
16496
16876
16478
16497
16877
16479
16498
16878
16499
16879
16481
16500
16880
16482
16501
16881
16483
16502
16882
16484
16503
16883
16485
16504
16884
16486
16505
16885
16487
16506
16886
16488
16507
16887
16489
16508
16888
16490
16509
16889
16491
16510
16890
16492
16511
16891
16493
16512
16892
16494
16513
16893
16495
16514
16894
16496
16515
16895
16497
16516
16896
16498
16517
16897
16499
16518
16898
16519
16899
16501
16520
16900
16502
16521
16901
16503
16522
16902
16504
16523
16903
16505
16524
16904
16506
16525
16905
16507
16526
16906
16508
16527
16907
16509
16528
16908
16510
16529
16909
16511
16530
16910
16512
16531
16911
16513
16532
16912
16514
16533
16913
16515
16534
16914
16516
16535
16915
16517
16536
16916
16518
16537
16917
16519
16538
16918
16539
16919
16521
16540
16920
16522
16541
16921
16523
16542
16922
16524
16543
16923
16525
16544
16924
16526
16545
16925
16527
16546
16926
16528
16547
16927
16529
16548
16928
16530
16549
16929
16531
16550
16930
16532
16551
16931
16533
16552
16932
16534
16553
16933
16535
16554
16934
16536
16555
16935
16537
16556
16936
16538
16557
16937
16539
16558
16938
16559
16939
16541
16560
16940
16542
16561
16941
16543
16562
16942
16544
16563
16943
16545
16564
16944
16546
16565
16945
16547
16566
16946
16548
16567
16947
16549
16568
16948
16550
16569
16949
16551
16570
16950
16552
16571
16951
16553
16572
16952
16554
16573
16953
16555
16574
16954
16556
16575
16955
16557
16576
16956
16558
16577
16957
16559
16578
16958
16579
16959
16561
16580
16960
16562
16581
16961
16563
16582
16962
16564
16583
16963
16565
16584
16964
16566
16585
16965
16567
16586
16966
16568
16587
16967
16569
16588
16968
16570
16589
16969
16571
16590
16970
16572
16591
16971
16573
16592
16972
16574
16593
16973
16575
16594
16974
16576
16595
16975
16577
16596
16976
16578
16597
16977
16579
16598
16978
16599
16979
16581
16600
16980
16582
16601
16981
16583
16602
16982
16584
16603
16983
16585
16604
16984
16586
16605
16985
16587
16606
16986
16588
16607
16987
16589
16608
16988
16590
16609
16989
16591
16610
16990
16592
16611
16991
16593
16612
16992
16594
16613
16993
16595
16614
16994
16596
16615
16995
16597
16616
16996
16598
16617
16997
16599
16618
16998
16619
16999
16601
16620
17000
16602
16621
17001
16603
16622
17002
16604
16623
17003
16605
16624
17004
16606
16625
17005
16607
16626
17006
16608
16627
17007
16609
16628
17008
16610
16629
17009
16611
16630
17010
16612
16631
17011
16613
16632
17012
16614
16633
17013
16615
16634
17014
16616
16635
17015
16617
16636
17016
16618
16637
17017
16619
16638
17018
16639
17019
16621
16640
17020
16622
16641
17021
16623
16642
17022
16624
16643
17023
16625
16644
17024
16626
16645
17025
16627
16646
17026
16628
16647
17027
16629
16648
17028
16630
16649
17029
16631
16650
17030
16632
16651
17031
16633
16652
17032
16634
16653
17033
16635
16654
17034
16636
16655
17035
16637
16656
17036
16638
16657
17037
16639
16658
17038
16659
17039
16641
16660
17040
16642
16661
17041
16643
16662
17042
16644
16663
17043
16645
16664
17044
16646
16665
17045
16647
16666
17046
16648
16667
17047
16649
16668
17048
16650
16669
17049
16651
16670
17050
16652
16671
17051
16653
16672
17052
16654
16673
17053
16655
16674
17054
16656
16675
17055
16657
16676
17056
16658
16677
17057
16659
16678
17058
16679
17059
16661
16680
17060
16662
16681
17061
16663
16682
17062
16664
16683
17063
16665
16684
17064
16666
16685
17065
16667
16686
17066
16668
16687
17067
16669
16688
17068
16670
16689
17069
16671
16690
17070
16672
16691
17071
16673
16692
17072
16674
16693
17073
16675
16694
17074
16676
16695
17075
16677
16696
17076
16678
16697
17077
16679
16698
17078
16699
17079
16681
16700
17080
16682
16701
17081
16683
16702
17082
16684
16703
17083
16685
16704
17084
16686
16705
17085
16687
16706
17086
16688
16707
17087
16689
16708
17088
16690
16709
17089
16691
16710
17090
16692
16711
17091
16693
16712
17092
16694
16713
17093
16695
16714
17094
16696
16715
17095
16697
16716
17096
16698
16717
17097
16699
16718
17098
16719
17099
16701
16720
17100
16702
16721
17101
16703
16722
17102
16704
16723
17103
16705
16724
17104
16706
16725
17105
16707
16726
17106
16708
16727
17107
16709
16728
17108
16710
16729
17109
16711
16730
17110
16712
16731
17111
16713
16732
17112
16714
16733
17113
16715
16734
17114
16716
16735
17115
16717
16736
17116
16718
16737
17117
16719
16738
17118
16739
17119
16721
16740
17120
16722
16741
17121
16723
16742
17122
16724
16743
17123
16725
16744
17124
16726
16745
17125
16727
16746
17126
16728
16747
17127
16729
16748
17128
16730
16749
17129
16731
16750
17130
16732
16751
17131
16733
16752
17132
16734
16753
17133
16735
16754
17134
16736
16755
17135
16737
16756
17136
16738
16757
17137
16739
16758
17138
16759
17139
16741
16760
17140
16742
16761
17141
16743
16762
17142
16744
16763
17143
16745
16764
17144
16746
16765
17145
16747
16766
17146
16748
16767
17147
16749
16768
17148
16750
16769
17149
16751
16770
17150
16752
16771
17151
16753
16772
17152
16754
16773
17153
16755
16774
17154
16756
16775
17155
16757
16776
17156
16758
16777
17157
16759
16778
17158
16779
17159
16761
16780
17160
16762
16781
17161
16763
16782
17162
16764
16783
17163
16765
16784
17164
16766
16785
17165
16767
16786
17166
16768
16787
17167
16769
16788
17168
16770
16789
17169
16771
16790
17170
16772
16791
17171
16773
16792
17172
16774
16793
17173
16775
16794
17174
16776
16795
17175
16777
16796
17176
16778
16797
17177
16779
16798
17178
16799
17179
16781
17180
16782
17181
16783
17182
16784
17183
16785
17184
16786
17185
16787
17186
16788
17187
16789
17188
16790
17189
16791
17190
16792
17191
16793
17192
16794
17193
16795
17194
16796
17195
16797
17196
16798
17197
16799
17198
17199
16801
16820
17200
16802
16821
17201
16803
16822
17202
16804
16823
17203
16805
16824
17204
16806
16825
17205
16807
16826
17206
16808
16827
17207
16809
16828
17208
16810
16829
17209
16811
16830
17210
16812
16831
17211
16813
16832
17212
16814
16833
17213
16815
16834
17214
16816
16835
17215
16817
16836
17216
16818
16837
17217
16819
16838
17218
16839
17219
16821
16840
17220
16822
16841
17221
16823
16842
17222
16824
16843
17223
16825
16844
17224
16826
16845
17225
16827
16846
17226
16828
16847
17227
16829
16848
17228
16830
16849
17229
16831
16850
17230
16832
16851
17231
16833
16852
17232
16834
16853
17233
16835
16854
17234
16836
16855
17235
16837
16856
17236
16838
16857
17237
16839
16858
17238
16859
17239
16841
16860
17240
16842
16861
17241
16843
16862
17242
16844
16863
17243
16845
16864
17244
16846
16865
17245
16847
16866
17246
16848
16867
17247
16849
16868
17248
16850
16869
17249
16851
16870
17250
16852
16871
17251
16853
16872
17252
16854
16873
17253
16855
16874
17254
16856
16875
17255
16857
16876
17256
16858
16877
17257
16859
16878
17258
16879
17259
16861
16880
17260
16862
16881
17261
16863
16882
17262
16864
16883
17263
16865
16884
17264
16866
16885
17265
16867
16886
17266
16868
16887
17267
16869
16888
17268
16870
16889
17269
16871
16890
17270
16872
16891
17271
16873
16892
17272
16874
16893
17273
16875
16894
17274
16876
16895
17275
16877
16896
17276
16878
16897
17277
16879
16898
17278
16899
17279
16881
16900
17280
16882
16901
17281
16883
16902
17282
16884
16903
17283
16885
16904
17284
16886
16905
17285
16887
16906
17286
16888
16907
17287
16889
16908
17288
16890
16909
17289
16891
16910
17290
16892
16911
17291
16893
16912
17292
16894
16913
17293
16895
16914
17294
16896
16915
17295
16897
16916
17296
16898
16917
17297
16899
16918
17298
16919
17299
16901
16920
17300
16902
16921
17301
16903
16922
17302
16904
16923
17303
16905
16924
17304
16906
16925
17305
16907
16926
17306
16908
16927
17307
16909
16928
17308
16910
16929
17309
16911
16930
17310
16912
16931
17311
16913
16932
17312
16914
16933
17313
16915
16934
17314
16916
16935
17315
16917
16936
17316
16918
16937
17317
16919
16938
17318
16939
17319
16921
16940
17320
16922
16941
17321
16923
16942
17322
16924
16943
17323
16925
16944
17324
16926
16945
17325
16927
16946
17326
16928
16947
17327
16929
16948
17328
16930
16949
17329
16931
16950
17330
16932
16951
17331
16933
16952
17332
16934
16953
17333
16935
16954
17334
16936
16955
17335
16937
16956
17336
16938
16957
17337
16939
16958
17338
16959
17339
16941
16960
17340
16942
16961
17341
16943
16962
17342
16944
16963
17343
16945
16964
17344
16946
16965
17345
16947
16966
17346
16948
16967
17347
16949
16968
17348
16950
16969
17349
16951
16970
17350
16952
16971
17351
16953
16972
17352
16954
16973
17353
16955
16974
17354
16956
16975
17355
16957
16976
17356
16958
16977
17357
16959
16978
17358
16979
17359
16961
16980
17360
16962
16981
17361
16963
16982
17362
16964
16983
17363
16965
16984
17364
16966
16985
17365
16967
16986
17366
16968
16987
17367
16969
16988
17368
16970
16989
17369
16971
16990
17370
16972
16991
17371
16973
16992
17372
16974
16993
17373
16975
16994
17374
16976
16995
17375
16977
16996
17376
16978
16997
17377
16979
16998
17378
16999
17379
16981
17000
17380
16982
17001
17381
16983
17002
17382
16984
17003
17383
16985
17004
17384
16986
17005
17385
16987
17006
17386
16988
17007
17387
16989
17008
17388
16990
17009
17389
16991
17010
17390
16992
17011
17391
16993
17012
17392
16994
17013
17393
16995
17014
17394
16996
17015
17395
16997
17016
17396
16998
17017
17397
16999
17018
17398
17019
17399
17001
17020
17400
17002
17021
17401
17003
17022
17402
17004
17023
17403
17005
17024
17404
17006
17025
17405
17007
17026
17406
17008
17027
17407
17009
17028
17408
17010
17029
17409
17011
17030
17410
17012
17031
17411
17013
17032
17412
17014
17033
17413
17015
17034
17414
17016
17035
17415
17017
17036
17416
17018
17037
17417
17019
17038
17418
17039
17419
17021
17040
17420
17022
17041
17421
17023
17042
17422
17024
17043
17423
17025
17044
17424
17026
17045
17425
17027
17046
17426
17028
17047
17427
17029
17048
17428
17030
17049
17429
17031
17050
17430
17032
17051
17431
17033
17052
17432
17034
17053
17433
17035
17054
17434
17036
17055
17435
17037
17056
17436
17038
17057
17437
17039
17058
17438
17059
17439
17041
17060
17440
17042
17061
17441
17043
17062
17442
17044
17063
17443
17045
17064
17444
17046
17065
17445
17047
17066
17446
17048
17067
17447
17049
17068
17448
17050
17069
17449
17051
17070
17450
17052
17071
17451
17053
17072
17452
17054
17073
17453
17055
17074
17454
17056
17075
17455
17057
17076
17456
17058
17077
17457
17059
17078
17458
17079
17459
17061
17080
17460
17062
17081
17461
17063
17082
17462
17064
17083
17463
17065
17084
17464
17066
17085
17465
17067
17086
17466
17068
17087
17467
17069
17088
17468
17070
17089
17469
17071
17090
17470
17072
17091
17471
17073
17092
17472
17074
17093
17473
17075
17094
17474
17076
17095
17475
17077
17096
17476
17078
17097
17477
17079
17098
17478
17099
17479
17081
17100
17480
17082
17101
17481
17083
17102
17482
17084
17103
17483
17085
17104
17484
17086
17105
17485
17087
17106
17486
17088
17107
17487
17089
17108
17488
17090
17109
17489
17091
17110
17490
17092
17111
17491
17093
17112
17492
17094
17113
17493
17095
17114
17494
17096
17115
17495
17097
17116
17496
17098
17117
17497
17099
17118
17498
17119
17499
17101
17120
17500
17102
17121
17501
17103
17122
17502
17104
17123
17503
17105
17124
17504
17106
17125
17505
17107
17126
17506
17108
17127
17507
17109
17128
17508
17110
17129
17509
17111
17130
17510
17112
17131
17511
17113
17132
17512
17114
17133
17513
17115
17134
17514
17116
17135
17515
17117
17136
17516
17118
17137
17517
17119
17138
17518
17139
17519
17121
17140
17520
17122
17141
17521
17123
17142
17522
17124
17143
17523
17125
17144
17524
17126
17145
17525
17127
17146
17526
17128
17147
17527
17129
17148
17528
17130
17149
17529
17131
17150
17530
17132
17151
17531
17133
17152
17532
17134
17153
17533
17135
17154
17534
17136
17155
17535
17137
17156
17536
17138
17157
17537
17139
17158
17538
17159
17539
17141
17160
17540
17142
17161
17541
17143
17162
17542
17144
17163
17543
17145
17164
17544
17146
17165
17545
17147
17166
17546
17148
17167
17547
17149
17168
17548
17150
17169
17549
17151
17170
17550
17152
17171
17551
17153
17172
17552
17154
17173
17553
17155
17174
17554
17156
17175
17555
17157
17176
17556
17158
17177
17557
17159
17178
17558
17179
17559
17161
17180
17560
17162
17181
17561
17163
17182
17562
17164
17183
17563
17165
17184
17564
17166
17185
17565
17167
17186
17566
17168
17187
17567
17169
17188
17568
17170
17189
17569
17171
17190
17570
17172
17191
17571
17173
17192
17572
17174
17193
17573
17175
17194
17574
17176
17195
17575
17177
17196
17576
17178
17197
17577
17179
17198
17578
17199
17579
17181
17580
17182
17581
17183
17582
17184
17583
17185
17584
17186
17585
17187
17586
17188
17587
17189
17588
17190
17589
17191
17590
17192
17591
17193
17592
17194
17593
17195
17594
17196
17595
17197
17596
17198
17597
17199
17598
17599
17201
17220
17600
17202
17221
17601
17203
17222
17602
17204
17223
17603
17205
17224
17604
17206
17225
17605
17207
17226
17606
17208
17227
17607
17209
17228
17608
17210
17229
17609
17211
17230
17610
17212
17231
17611
17213
17232
17612
17214
17233
17613
17215
17234
17614
17216
17235
17615
17217
17236
17616
17218
17237
17617
17219
17238
17618
17239
17619
17221
17240
17620
17222
17241
17621
17223
17242
17622
17224
17243
17623
17225
17244
17624
17226
17245
17625
17227
17246
17626
17228
17247
17627
17229
17248
17628
17230
17249
17629
17231
17250
17630
17232
17251
17631
17233
17252
17632
17234
17253
17633
17235
17254
17634
17236
17255
17635
17237
17256
17636
17238
17257
17637
17239
17258
17638
17259
17639
17241
17260
17640
17242
17261
17641
17243
17262
17642
17244
17263
17643
17245
17264
17644
17246
17265
17645
17247
17266
17646
17248
17267
17647
17249
17268
17648
17250
17269
17649
17251
17270
17650
17252
17271
17651
17253
17272
17652
17254
17273
17653
17255
17274
17654
17256
17275
17655
17257
17276
17656
17258
17277
17657
17259
17278
17658
17279
17659
17261
17280
17660
17262
17281
17661
17263
17282
17662
17264
17283
17663
17265
17284
17664
17266
17285
17665
17267
17286
17666
17268
17287
17667
17269
17288
17668
17270
17289
17669
17271
17290
17670
17272
17291
17671
17273
17292
17672
17274
17293
17673
17275
17294
17674
17276
17295
17675
17277
17296
17676
17278
17297
17677
17279
17298
17678
17299
17679
17281
17300
17680
17282
17301
17681
17283
17302
17682
17284
17303
17683
17285
17304
17684
17286
17305
17685
17287
17306
17686
17288
17307
17687
17289
17308
17688
17290
17309
17689
17291
17310
17690
17292
17311
17691
17293
17312
17692
17294
17313
17693
17295
17314
17694
17296
17315
17695
17297
17316
17696
17298
17317
17697
17299
17318
17698
17319
17699
17301
17320
17700
17302
17321
17701
17303
17322
17702
17304
17323
17703
17305
17324
17704
17306
17325
17705
17307
17326
17706
17308
17327
17707
17309
17328
17708
17310
17329
17709
17311
17330
17710
17312
17331
17711
17313
17332
17712
17314
17333
17713
17315
17334
17714
17316
17335
17715
17317
17336
17716
17318
17337
17717
17319
17338
17718
17339
17719
17321
17340
17720
17322
17341
17721
17323
17342
17722
17324
17343
17723
17325
17344
17724
17326
17345
17725
17327
17346
17726
17328
17347
17727
17329
17348
17728
17330
17349
17729
17331
17350
17730
17332
17351
17731
17333
17352
17732
17334
17353
17733
17335
17354
17734
17336
17355
17735
17337
17356
17736
17338
17357
17737
17339
17358
17738
17359
17739
17341
17360
17740
17342
17361
17741
17343
17362
17742
17344
17363
17743
17345
17364
17744
17346
17365
17745
17347
17366
17746
17348
17367
17747
17349
17368
17748
17350
17369
17749
17351
17370
17750
17352
17371
17751
17353
17372
17752
17354
17373
17753
17355
17374
17754
17356
17375
17755
17357
17376
17756
17358
17377
17757
17359
17378
17758
17379
17759
17361
17380
17760
17362
17381
17761
17363
17382
17762
17364
17383
17763
17365
17384
17764
17366
17385
17765
17367
17386
17766
17368
17387
17767
17369
17388
17768
17370
17389
17769
17371
17390
17770
17372
17391
17771
17373
17392
17772
17374
17393
17773
17375
17394
17774
17376
17395
17775
17377
17396
17776
17378
17397
17777
17379
17398
17778
17399
17779
17381
17400
17780
17382
17401
17781
17383
17402
17782
17384
17403
17783
17385
17404
17784
17386
17405
17785
17387
17406
17786
17388
17407
17787
17389
17408
17788
17390
17409
17789
17391
17410
17790
17392
17411
17791
17393
17412
17792
17394
17413
17793
17395
17414
17794
17396
17415
17795
17397
17416
17796
17398
17417
17797
17399
17418
17798
17419
17799
17401
17420
17800
17402
17421
17801
17403
17422
17802
17404
17423
17803
17405
17424
17804
17406
17425
17805
17407
17426
17806
17408
17427
17807
17409
17428
17808
17410
17429
17809
17411
17430
17810
17412
17431
17811
17413
17432
17812
17414
17433
17813
17415
17434
17814
17416
17435
17815
17417
17436
17816
17418
17437
17817
17419
17438
17818
17439
17819
17421
17440
17820
17422
17441
17821
17423
17442
17822
17424
17443
17823
17425
17444
17824
17426
17445
17825
17427
17446
17826
17428
17447
17827
17429
17448
17828
17430
17449
17829
17431
17450
17830
17432
17451
17831
17433
17452
17832
17434
17453
17833
17435
17454
17834
17436
17455
17835
17437
17456
17836
17438
17457
17837
17439
17458
17838
17459
17839
17441
17460
17840
17442
17461
17841
17443
17462
17842
17444
17463
17843
17445
17464
17844
17446
17465
17845
17447
17466
17846
17448
17467
17847
17449
17468
17848
17450
17469
17849
17451
17470
17850
17452
17471
17851
17453
17472
17852
17454
17473
17853
17455
17474
17854
17456
17475
17855
17457
17476
17856
17458
17477
17857
17459
17478
17858
17479
17859
17461
17480
17860
17462
17481
17861
17463
17482
17862
17464
17483
17863
17465
17484
17864
17466
17485
17865
17467
17486
17866
17468
17487
17867
17469
17488
17868
17470
17489
17869
17471
17490
17870
17472
17491
17871
17473
17492
17872
17474
17493
17873
17475
17494
17874
17476
17495
17875
17477
17496
17876
17478
17497
17877
17479
17498
17878
17499
17879
17481
17500
17880
17482
17501
17881
17483
17502
17882
17484
17503
17883
17485
17504
17884
17486
17505
17885
17487
17506
17886
17488
17507
17887
17489
17508
17888
17490
17509
17889
17491
17510
17890
17492
17511
17891
17493
17512
17892
17494
17513
17893
17495
17514
17894
17496
17515
17895
17497
17516
17896
17498
17517
17897
17499
17518
17898
17519
17899
17501
17520
17900
17502
17521
17901
17503
17522
17902
17504
17523
17903
17505
17524
17904
17506
17525
17905
17507
17526
17906
17508
17527
17907
17509
17528
17908
17510
17529
17909
17511
17530
17910
17512
17531
17911
17513
17532
17912
17514
17533
17913
17515
17534
17914
17516
17535
17915
17517
17536
17916
17518
17537
17917
17519
17538
17918
17539
17919
17521
17540
17920
17522
17541
17921
17523
17542
17922
17524
17543
17923
17525
17544
17924
17526
17545
17925
17527
17546
17926
17528
17547
17927
17529
17548
17928
17530
17549
17929
17531
17550
17930
17532
17551
17931
17533
17552
17932
17534
17553
17933
17535
17554
17934
17536
17555
17935
17537
17556
17936
17538
17557
17937
17539
17558
17938
17559
17939
17541
17560
17940
17542
17561
17941
17543
17562
17942
17544
17563
17943
17545
17564
17944
17546
17565
17945
17547
17566
17946
17548
17567
17947
17549
17568
17948
17550
17569
17949
17551
17570
17950
17552
17571
17951
17553
17572
17952
17554
17573
17953
17555
17574
17954
17556
17575
17955
17557
17576
17956
17558
17577
17957
17559
17578
17958
17579
17959
17561
17580
17960
17562
17581
17961
17563
17582
17962
17564
17583
17963
17565
17584
17964
17566
17585
17965
17567
17586
17966
17568
17587
17967
17569
17588
17968
17570
17589
17969
17571
17590
17970
17572
17591
17971
17573
17592
17972
17574
17593
17973
17575
17594
17974
17576
17595
17975
17577
17596
17976
17578
17597
17977
17579
17598
17978
17599
17979
17581
17980
17582
17981
17583
17982
17584
17983
17585
17984
17586
17985
17587
17986
17588
17987
17589
17988
17590
17989
17591
17990
17592
17991
17593
17992
17594
17993
17595
17994
17596
17995
17597
17996
17598
17997
17599
17998
17999
17601
17620
18000
17602
17621
18001
17603
17622
18002
17604
17623
18003
17605
17624
18004
17606
17625
18005
17607
17626
18006
17608
17627
18007
17609
17628
18008
17610
17629
18009
17611
17630
18010
17612
17631
18011
17613
17632
18012
17614
17633
18013
17615
17634
18014
17616
17635
18015
17617
17636
18016
17618
17637
18017
17619
17638
18018
17639
18019
17621
17640
18020
17622
17641
18021
17623
17642
18022
17624
17643
18023
17625
17644
18024
17626
17645
18025
17627
17646
18026
17628
17647
18027
17629
17648
18028
17630
17649
18029
17631
17650
18030
17632
17651
18031
17633
17652
18032
17634
17653
18033
17635
17654
18034
17636
17655
18035
17637
17656
18036
17638
17657
18037
17639
17658
18038
17659
18039
17641
17660
18040
17642
17661
18041
17643
17662
18042
17644
17663
18043
17645
17664
18044
17646
17665
18045
17647
17666
18046
17648
17667
18047
17649
17668
18048
17650
17669
18049
17651
17670
18050
17652
17671
18051
17653
17672
18052
17654
17673
18053
17655
17674
18054
17656
17675
18055
17657
17676
18056
17658
17677
18057
17659
17678
18058
17679
18059
17661
17680
18060
17662
17681
18061
17663
17682
18062
17664
17683
18063
17665
17684
18064
17666
17685
18065
17667
17686
18066
17668
17687
18067
17669
17688
18068
17670
17689
18069
17671
17690
18070
17672
17691
18071
17673
17692
18072
17674
17693
18073
17675
17694
18074
17676
17695
18075
17677
17696
18076
17678
17697
18077
17679
17698
18078
17699
18079
17681
17700
18080
17682
17701
18081
17683
17702
18082
17684
17703
18083
17685
17704
18084
17686
17705
18085
17687
17706
18086
17688
17707
18087
17689
17708
18088
17690
17709
18089
17691
17710
18090
17692
17711
18091
17693
17712
18092
17694
17713
18093
17695
17714
18094
17696
17715
18095
17697
17716
18096
17698
17717
18097
17699
17718
18098
17719
18099
17701
17720
18100
17702
17721
18101
17703
17722
18102
17704
17723
18103
17705
17724
18104
17706
17725
18105
17707
17726
18106
17708
17727
18107
17709
17728
18108
17710
17729
18109
17711
17730
18110
17712
17731
18111
17713
17732
18112
17714
17733
18113
17715
17734
18114
17716
17735
18115
17717
17736
18116
17718
17737
18117
17719
17738
18118
17739
18119
17721
17740
18120
17722
17741
18121
17723
17742
18122
17724
17743
18123
17725
17744
18124
17726
17745
18125
17727
17746
18126
17728
17747
18127
17729
17748
18128
17730
17749
18129
17731
17750
18130
17732
17751
18131
17733
17752
18132
17734
17753
18133
17735
17754
18134
17736
17755
18135
17737
17756
18136
17738
17757
18137
17739
17758
18138
17759
18139
17741
17760
18140
17742
17761
18141
17743
17762
18142
17744
17763
18143
17745
17764
18144
17746
17765
18145
17747
17766
18146
17748
17767
18147
17749
17768
18148
17750
17769
18149
17751
17770
18150
17752
17771
18151
17753
17772
18152
17754
17773
18153
17755
17774
18154
17756
17775
18155
17757
17776
18156
17758
17777
18157
17759
17778
18158
17779
18159
17761
17780
18160
17762
17781
18161
17763
17782
18162
17764
17783
18163
17765
17784
18164
17766
17785
18165
17767
17786
18166
17768
17787
18167
17769
17788
18168
17770
17789
18169
17771
17790
18170
17772
17791
18171
17773
17792
18172
17774
17793
18173
17775
17794
18174
17776
17795
18175
17777
17796
18176
17778
17797
18177
17779
17798
18178
17799
18179
17781
17800
18180
17782
17801
18181
17783
17802
18182
17784
17803
18183
17785
17804
18184
17786
17805
18185
17787
17806
18186
17788
17807
18187
17789
17808
18188
17790
17809
18189
17791
17810
18190
17792
17811
18191
17793
17812
18192
17794
17813
18193
17795
17814
18194
17796
17815
18195
17797
17816
18196
17798
17817
18197
17799
17818
18198
17819
18199
17801
17820
18200
17802
17821
18201
17803
17822
18202
17804
17823
18203
17805
17824
18204
17806
17825
18205
17807
17826
18206
17808
17827
18207
17809
17828
18208
17810
17829
18209
17811
17830
18210
17812
17831
18211
17813
17832
18212
17814
17833
18213
17815
17834
18214
17816
17835
18215
17817
17836
18216
17818
17837
18217
17819
17838
18218
17839
18219
17821
17840
18220
17822
17841
18221
17823
17842
18222
17824
17843
18223
17825
17844
18224
17826
17845
18225
17827
17846
18226
17828
17847
18227
17829
17848
18228
17830
17849
18229
17831
17850
18230
17832
17851
18231
17833
17852
18232
17834
17853
18233
17835
17854
18234
17836
17855
18235
17837
17856
18236
17838
17857
18237
17839
17858
18238
17859
18239
17841
17860
18240
17842
17861
18241
17843
17862
18242
17844
17863
18243
17845
17864
18244
17846
17865
18245
17847
17866
18246
17848
17867
18247
17849
17868
18248
17850
17869
18249
17851
17870
18250
17852
17871
18251
17853
17872
18252
17854
17873
18253
17855
17874
18254
17856
17875
18255
17857
17876
18256
17858
17877
18257
17859
17878
18258
17879
18259
17861
17880
18260
17862
17881
18261
17863
17882
18262
17864
17883
18263
17865
17884
18264
17866
17885
18265
17867
17886
18266
17868
17887
18267
17869
17888
18268
17870
17889
18269
17871
17890
18270
17872
17891
18271
17873
17892
18272
17874
17893
18273
17875
17894
18274
17876
17895
18275
17877
17896
18276
17878
17897
18277
17879
17898
18278
17899
18279
17881
17900
18280
17882
17901
18281
17883
17902
18282
17884
17903
18283
17885
17904
18284
17886
17905
18285
17887
17906
18286
17888
17907
18287
17889
17908
18288
17890
17909
18289
17891
17910
18290
17892
17911
18291
17893
17912
18292
17894
17913
18293
17895
17914
18294
17896
17915
18295
17897
17916
18296
17898
17917
18297
17899
17918
18298
17919
18299
17901
17920
18300
17902
17921
18301
17903
17922
18302
17904
17923
18303
17905
17924
18304
17906
17925
18305
17907
17926
18306
17908
17927
18307
17909
17928
18308
17910
17929
18309
17911
17930
18310
17912
17931
18311
17913
17932
18312
17914
17933
18313
17915
17934
18314
17916
17935
18315
17917
17936
18316
17918
17937
18317
17919
17938
18318
17939
18319
17921
17940
18320
17922
17941
18321
17923
17942
18322
17924
17943
18323
17925
17944
18324
17926
17945
18325
17927
17946
18326
17928
17947
18327
17929
17948
18328
17930
17949
18329
17931
17950
18330
17932
17951
18331
17933
17952
18332
17934
17953
18333
17935
17954
18334
17936
17955
18335
17937
17956
18336
17938
17957
18337
17939
17958
18338
17959
18339
17941
17960
18340
17942
17961
18341
17943
17962
18342
17944
17963
18343
17945
17964
18344
17946
17965
18345
17947
17966
18346
17948
17967
18347
17949
17968
18348
17950
17969
18349
17951
17970
18350
17952
17971
18351
17953
17972
18352
17954
17973
18353
17955
17974
18354
17956
17975
18355
17957
17976
18356
17958
17977
18357
17959
17978
18358
17979
18359
17961
17980
18360
17962
17981
18361
17963
17982
18362
17964
17983
18363
17965
17984
18364
17966
17985
18365
17967
17986
18366
17968
17987
18367
17969
17988
18368
17970
17989
18369
17971
17990
18370
17972
17991
18371
17973
17992
18372
17974
17993
18373
17975
17994
18374
17976
17995
18375
17977
17996
18376
17978
17997
18377
17979
17998
18378
17999
18379
17981
18380
17982
18381
17983
18382
17984
18383
17985
18384
17986
18385
17987
18386
17988
18387
17989
18388
17990
18389
17991
18390
17992
18391
17993
18392
17994
18393
17995
18394
17996
18395
17997
18396
17998
18397
17999
18398
18399
18001
18020
18400
18002
18021
18401
18003
18022
18402
18004
18023
18403
18005
18024
18404
18006
18025
18405
18007
18026
18406
18008
18027
18407
18009
18028
18408
18010
18029
18409
18011
18030
18410
18012
18031
18411
18013
18032
18412
18014
18033
18413
18015
18034
18414
18016
18035
18415
18017
18036
18416
18018
18037
18417
18019
18038
18418
18039
18419
18021
18040
18420
18022
18041
18421
18023
18042
18422
18024
18043
18423
18025
18044
18424
18026
18045
18425
18027
18046
18426
18028
18047
18427
18029
18048
18428
18030
18049
18429
18031
18050
18430
18032
18051
18431
18033
18052
18432
18034
18053
18433
18035
18054
18434
18036
18055
18435
18037
18056
18436
18038
18057
18437
18039
18058
18438
18059
18439
18041
18060
18440
18042
18061
18441
18043
18062
18442
18044
18063
18443
18045
18064
18444
18046
18065
18445
18047
18066
18446
18048
18067
18447
18049
18068
18448
18050
18069
18449
18051
18070
18450
18052
18071
18451
18053
18072
18452
18054
18073
18453
18055
18074
18454
18056
18075
18455
18057
18076
18456
18058
18077
18457
18059
18078
18458
18079
18459
18061
18080
18460
18062
18081
18461
18063
18082
18462
18064
18083
18463
18065
18084
18464
18066
18085
18465
18067
18086
18466
18068
18087
18467
18069
18088
18468
18070
18089
18469
18071
18090
18470
18072
18091
18471
18073
18092
18472
18074
18093
18473
18075
18094
18474
18076
18095
18475
18077
18096
18476
18078
18097
18477
18079
18098
18478
18099
18479
18081
18100
18480
18082
18101
18481
18083
18102
18482
18084
18103
18483
18085
18104
18484
18086
18105
18485
18087
18106
18486
18088
18107
18487
18089
18108
18488
18090
18109
18489
18091
18110
18490
18092
18111
18491
18093
18112
18492
18094
18113
18493
18095
18114
18494
18096
18115
18495
18097
18116
18496
18098
18117
18497
18099
18118
18498
18119
18499
18101
18120
18500
18102
18121
18501
18103
18122
18502
18104
18123
18503
18105
18124
18504
18106
18125
18505
18107
18126
18506
18108
18127
18507
18109
18128
18508
18110
18129
18509
18111
18130
18510
18112
18131
18511
18113
18132
18512
18114
18133
18513
18115
18134
18514
18116
18135
18515
18117
18136
18516
18118
18137
18517
18119
18138
18518
18139
18519
18121
18140
18520
18122
18141
18521
18123
18142
18522
18124
18143
18523
18125
18144
18524
18126
18145
18525
18127
18146
18526
18128
18147
18527
18129
18148
18528
18130
18149
18529
18131
18150
18530
18132
18151
18531
18133
18152
18532
18134
18153
18533
18135
18154
18534
18136
18155
18535
18137
18156
18536
18138
18157
18537
18139
18158
18538
18159
18539
18141
18160
18540
18142
18161
18541
18143
18162
18542
18144
18163
18543
18145
18164
18544
18146
18165
18545
18147
18166
18546
18148
18167
18547
18149
18168
18548
18150
18169
18549
18151
18170
18550
18152
18171
18551
18153
18172
18552
18154
18173
18553
18155
18174
18554
18156
18175
18555
18157
18176
18556
18158
18177
18557
18159
18178
18558
18179
18559
18161
18180
18560
18162
18181
18561
18163
18182
18562
18164
18183
18563
18165
18184
18564
18166
18185
18565
18167
18186
18566
18168
18187
18567
18169
18188
18568
18170
18189
18569
18171
18190
18570
18172
18191
18571
18173
18192
18572
18174
18193
18573
18175
18194
18574
18176
18195
18575
18177
18196
18576
18178
18197
18577
18179
18198
18578
18199
18579
18181
18200
18580
18182
18201
18581
18183
18202
18582
18184
18203
18583
18185
18204
18584
18186
18205
18585
18187
18206
18586
18188
18207
18587
18189
18208
18588
18190
18209
18589
18191
18210
18590
18192
18211
18591
18193
18212
18592
18194
18213
18593
18195
18214
18594
18196
18215
18595
18197
18216
18596
18198
18217
18597
18199
18218
18598
18219
18599
18201
18220
18600
18202
18221
18601
18203
18222
18602
18204
18223
18603
18205
18224
18604
18206
18225
18605
18207
18226
18606
18208
18227
18607
18209
18228
18608
18210
18229
18609
18211
18230
18610
18212
18231
18611
18213
18232
18612
18214
18233
18613
18215
18234
18614
18216
18235
18615
18217
18236
18616
18218
18237
18617
18219
18238
18618
18239
18619
18221
18240
18620
18222
18241
18621
18223
18242
18622
18224
18243
18623
18225
18244
18624
18226
18245
18625
18227
18246
18626
18228
18247
18627
18229
18248
18628
18230
18249
18629
18231
18250
18630
18232
18251
18631
18233
18252
18632
18234
18253
18633
18235
18254
18634
18236
18255
18635
18237
18256
18636
18238
18257
18637
18239
18258
18638
18259
18639
18241
18260
18640
18242
18261
18641
18243
18262
18642
18244
18263
18643
18245
18264
18644
18246
18265
18645
18247
18266
18646
18248
18267
18647
18249
18268
18648
18250
18269
18649
18251
18270
18650
18252
18271
18651
18253
18272
18652
18254
18273
18653
18255
18274
18654
18256
18275
18655
18257
18276
18656
18258
18277
18657
18259
18278
18658
18279
18659
18261
18280
18660
18262
18281
18661
18263
18282
18662
18264
18283
18663
18265
18284
18664
18266
18285
18665
18267
18286
18666
18268
18287
18667
18269
18288
18668
18270
18289
18669
18271
18290
18670
18272
18291
18671
18273
18292
18672
18274
18293
18673
18275
18294
18674
18276
18295
18675
18277
18296
18676
18278
18297
18677
18279
18298
18678
18299
18679
18281
18300
18680
18282
18301
18681
18283
18302
18682
18284
18303
18683
18285
18304
18684
18286
18305
18685
18287
18306
18686
18288
18307
18687
18289
18308
18688
18290
18309
18689
18291
18310
18690
18292
18311
18691
18293
18312
18692
18294
18313
18693
18295
18314
18694
18296
18315
18695
18297
18316
18696
18298
18317
18697
18299
18318
18698
18319
18699
18301
18320
18700
18302
18321
18701
18303
18322
18702
18304
18323
18703
18305
18324
18704
18306
18325
18705
18307
18326
18706
18308
18327
18707
18309
18328
18708
18310
18329
18709
18311
18330
18710
18312
18331
18711
18313
18332
18712
18314
18333
18713
18315
18334
18714
18316
18335
18715
18317
18336
18716
18318
18337
18717
18319
18338
18718
18339
18719
18321
18340
18720
18322
18341
18721
18323
18342
18722
18324
18343
18723
18325
18344
18724
18326
18345
18725
18327
18346
18726
18328
18347
18727
18329
18348
18728
18330
18349
18729
18331
18350
18730
18332
18351
18731
18333
18352
18732
18334
18353
18733
18335
18354
18734
18336
18355
18735
18337
18356
18736
18338
18357
18737
18339
18358
18738
18359
18739
18341
18360
18740
18342
18361
18741
18343
18362
18742
18344
18363
18743
18345
18364
18744
18346
18365
18745
18347
18366
18746
18348
18367
18747
18349
18368
18748
18350
18369
18749
18351
18370
18750
18352
18371
18751
18353
18372
18752
18354
18373
18753
18355
18374
18754
18356
18375
18755
18357
18376
18756
18358
18377
18757
18359
18378
18758
18379
18759
18361
18380
18760
18362
18381
18761
18363
18382
18762
18364
18383
18763
18365
18384
18764
18366
18385
18765
18367
18386
18766
18368
18387
18767
18369
18388
18768
18370
18389
18769
18371
18390
18770
18372
18391
18771
18373
18392
18772
18374
18393
18773
18375
18394
18774
18376
18395
18775
18377
18396
18776
18378
18397
18777
18379
18398
18778
18399
18779
18381
18780
18382
18781
18383
18782
18384
18783
18385
18784
18386
18785
18387
18786
18388
18787
18389
18788
18390
18789
18391
18790
18392
18791
18393
18792
18394
18793
18395
18794
18396
18795
18397
18796
18398
18797
18399
18798
18799
18401
18420
18800
18402
18421
18801
18403
18422
18802
18404
18423
18803
18405
18424
18804
18406
18425
18805
18407
18426
18806
18408
18427
18807
18409
18428
18808
18410
18429
18809
18411
18430
18810
18412
18431
18811
18413
18432
18812
18414
18433
18813
18415
18434
18814
18416
18435
18815
18417
18436
18816
18418
18437
18817
18419
18438
18818
18439
18819
18421
18440
18820
18422
18441
18821
18423
18442
18822
18424
18443
18823
18425
18444
18824
18426
18445
18825
18427
18446
18826
18428
18447
18827
18429
18448
18828
18430
18449
18829
18431
18450
18830
18432
18451
18831
18433
18452
18832
18434
18453
18833
18435
18454
18834
18436
18455
18835
18437
18456
18836
18438
18457
18837
18439
18458
18838
18459
18839
18441
18460
18840
18442
18461
18841
18443
18462
18842
18444
18463
18843
18445
18464
18844
18446
18465
18845
18447
18466
18846
18448
18467
18847
18449
18468
18848
18450
18469
18849
18451
18470
18850
18452
18471
18851
18453
18472
18852
18454
18473
18853
18455
18474
18854
18456
18475
18855
18457
18476
18856
18458
18477
18857
18459
18478
18858
18479
18859
18461
18480
18860
18462
18481
18861
18463
18482
18862
18464
18483
18863
18465
18484
18864
18466
18485
18865
18467
18486
18866
18468
18487
18867
18469
18488
18868
18470
18489
18869
18471
18490
18870
18472
18491
18871
18473
18492
18872
18474
18493
18873
18475
18494
18874
18476
18495
18875
18477
18496
18876
18478
18497
18877
18479
18498
18878
18499
18879
18481
18500
18880
18482
18501
18881
18483
18502
18882
18484
18503
18883
18485
18504
18884
18486
18505
18885
18487
18506
18886
18488
18507
18887
18489
18508
18888
18490
18509
18889
18491
18510
18890
18492
18511
18891
18493
18512
18892
18494
18513
18893
18495
18514
18894
18496
18515
18895
18497
18516
18896
18498
18517
18897
18499
18518
18898
18519
18899
18501
18520
18900
18502
18521
18901
18503
18522
18902
18504
18523
18903
18505
18524
18904
18506
18525
18905
18507
18526
18906
18508
18527
18907
18509
18528
18908
18510
18529
18909
18511
18530
18910
18512
18531
18911
18513
18532
18912
18514
18533
18913
18515
18534
18914
18516
18535
18915
18517
18536
18916
18518
18537
18917
18519
18538
18918
18539
18919
18521
18540
18920
18522
18541
18921
18523
18542
18922
18524
18543
18923
18525
18544
18924
18526
18545
18925
18527
18546
18926
18528
18547
18927
18529
18548
18928
18530
18549
18929
18531
18550
18930
18532
18551
18931
18533
18552
18932
18534
18553
18933
18535
18554
18934
18536
18555
18935
18537
18556
18936
18538
18557
18937
18539
18558
18938
18559
18939
18541
18560
18940
18542
18561
18941
18543
18562
18942
18544
18563
18943
18545
18564
18944
18546
18565
18945
18547
18566
18946
18548
18567
18947
18549
18568
18948
18550
18569
18949
18551
18570
18950
18552
18571
18951
18553
18572
18952
18554
18573
18953
18555
18574
18954
18556
18575
18955
18557
18576
18956
18558
18577
18957
18559
18578
18958
18579
18959
18561
18580
18960
18562
18581
18961
18563
18582
18962
18564
18583
18963
18565
18584
18964
18566
18585
18965
18567
18586
18966
18568
18587
18967
18569
18588
18968
18570
18589
18969
18571
18590
18970
18572
18591
18971
18573
18592
18972
18574
18593
18973
18575
18594
18974
18576
18595
18975
18577
18596
18976
18578
18597
18977
18579
18598
18978
18599
18979
18581
18600
18980
18582
18601
18981
18583
18602
18982
18584
18603
18983
18585
18604
18984
18586
18605
18985
18587
18606
18986
18588
18607
18987
18589
18608
18988
18590
18609
18989
18591
18610
18990
18592
18611
18991
18593
18612
18992
18594
18613
18993
18595
18614
18994
18596
18615
18995
18597
18616
18996
18598
18617
18997
18599
18618
18998
18619
18999
18601
18620
19000
18602
18621
19001
18603
18622
19002
18604
18623
19003
18605
18624
19004
18606
18625
19005
18607
18626
19006
18608
18627
19007
18609
18628
19008
18610
18629
19009
18611
18630
19010
18612
18631
19011
18613
18632
19012
18614
18633
19013
18615
18634
19014
18616
18635
19015
18617
18636
19016
18618
18637
19017
18619
18638
19018
18639
19019
18621
18640
19020
18622
18641
19021
18623
18642
19022
18624
18643
19023
18625
18644
19024
18626
18645
19025
18627
18646
19026
18628
18647
19027
18629
18648
19028
18630
18649
19029
18631
18650
19030
18632
18651
19031
18633
18652
19032
18634
18653
19033
18635
18654
19034
18636
18655
19035
18637
18656
19036
18638
18657
19037
18639
18658
19038
18659
19039
18641
18660
19040
18642
18661
19041
18643
18662
19042
18644
18663
19043
18645
18664
19044
18646
18665
19045
18647
18666
19046
18648
18667
19047
18649
18668
19048
18650
18669
19049
18651
18670
19050
18652
18671
19051
18653
18672
19052
18654
18673
19053
18655
18674
19054
18656
18675
19055
18657
18676
19056
18658
18677
19057
18659
18678
19058
18679
19059
18661
18680
19060
18662
18681
19061
18663
18682
19062
18664
18683
19063
18665
18684
19064
18666
18685
19065
18667
18686
19066
18668
18687
19067
18669
18688
19068
18670
18689
19069
18671
18690
19070
18672
18691
19071
18673
18692
19072
18674
18693
19073
18675
18694
19074
18676
18695
19075
18677
18696
19076
18678
18697
19077
18679
18698
19078
18699
19079
18681
18700
19080
18682
18701
19081
18683
18702
19082
18684
18703
19083
18685
18704
19084
18686
18705
19085
18687
18706
19086
18688
18707
19087
18689
18708
19088
18690
18709
19089
18691
18710
19090
18692
18711
19091
18693
18712
19092
18694
18713
19093
18695
18714
19094
18696
18715
19095
18697
18716
19096
18698
18717
19097
18699
18718
19098
18719
19099
18701
18720
19100
18702
18721
19101
18703
18722
19102
18704
18723
19103
18705
18724
19104
18706
18725
19105
18707
18726
19106
18708
18727
19107
18709
18728
19108
18710
18729
19109
18711
18730
19110
18712
18731
19111
18713
18732
19112
18714
18733
19113
18715
18734
19114
18716
18735
19115
18717
18736
19116
18718
18737
19117
18719
18738
19118
18739
19119
18721
18740
19120
18722
18741
19121
18723
18742
19122
18724
18743
19123
18725
18744
19124
18726
18745
19125
18727
18746
19126
18728
18747
19127
18729
18748
19128
18730
18749
19129
18731
18750
19130
18732
18751
19131
18733
18752
19132
18734
18753
19133
18735
18754
19134
18736
18755
19135
18737
18756
19136
18738
18757
19137
18739
18758
19138
18759
19139
18741
18760
19140
18742
18761
19141
18743
18762
19142
18744
18763
19143
18745
18764
19144
18746
18765
19145
18747
18766
19146
18748
18767
19147
18749
18768
19148
18750
18769
19149
18751
18770
19150
18752
18771
19151
18753
18772
19152
18754
18773
19153
18755
18774
19154
18756
18775
19155
18757
18776
19156
18758
18777
19157
18759
18778
19158
18779
19159
18761
18780
19160
18762
18781
19161
18763
18782
19162
18764
18783
19163
18765
18784
19164
18766
18785
19165
18767
18786
19166
18768
18787
19167
18769
18788
19168
18770
18789
19169
18771
18790
19170
18772
18791
19171
18773
18792
19172
18774
18793
19173
18775
18794
19174
18776
18795
19175
18777
18796
19176
18778
18797
19177
18779
18798
19178
18799
19179
18781
19180
18782
19181
18783
19182
18784
19183
18785
19184
18786
19185
18787
19186
18788
19187
18789
19188
18790
19189
18791
19190
18792
19191
18793
19192
18794
19193
18795
19194
18796
19195
18797
19196
18798
19197
18799
19198
19199
18801
18820
19200
18802
18821
19201
18803
18822
19202
18804
18823
19203
18805
18824
19204
18806
18825
19205
18807
18826
19206
18808
18827
19207
18809
18828
19208
18810
18829
19209
18811
18830
19210
18812
18831
19211
18813
18832
19212
18814
18833
19213
18815
18834
19214
18816
18835
19215
18817
18836
19216
18818
18837
19217
18819
18838
19218
18839
19219
18821
18840
19220
18822
18841
19221
18823
18842
19222
18824
18843
19223
18825
18844
19224
18826
18845
19225
18827
18846
19226
18828
18847
19227
18829
18848
19228
18830
18849
19229
18831
18850
19230
18832
18851
19231
18833
18852
19232
18834
18853
19233
18835
18854
19234
18836
18855
19235
18837
18856
19236
18838
18857
19237
18839
18858
19238
18859
19239
18841
18860
19240
18842
18861
19241
18843
18862
19242
18844
18863
19243
18845
18864
19244
18846
18865
19245
18847
18866
19246
18848
18867
19247
18849
18868
19248
18850
18869
19249
18851
18870
19250
18852
18871
19251
18853
18872
19252
18854
18873
19253
18855
18874
19254
18856
18875
19255
18857
18876
19256
18858
18877
19257
18859
18878
19258
18879
19259
18861
18880
19260
18862
18881
19261
18863
18882
19262
18864
18883
19263
18865
18884
19264
18866
18885
19265
18867
18886
19266
18868
18887
19267
18869
18888
19268
18870
18889
19269
18871
18890
19270
18872
18891
19271
18873
18892
19272
18874
18893
19273
18875
18894
19274
18876
18895
19275
18877
18896
19276
18878
18897
19277
18879
18898
19278
18899
19279
18881
18900
19280
18882
18901
19281
18883
18902
19282
18884
18903
19283
18885
18904
19284
18886
18905
19285
18887
18906
19286
18888
18907
19287
18889
18908
19288
18890
18909
19289
18891
18910
19290
18892
18911
19291
18893
18912
19292
18894
18913
19293
18895
18914
19294
18896
18915
19295
18897
18916
19296
18898
18917
19297
18899
18918
19298
18919
19299
18901
18920
19300
18902
18921
19301
18903
18922
19302
18904
18923
19303
18905
18924
19304
18906
18925
19305
18907
18926
19306
18908
18927
19307
18909
18928
19308
18910
18929
19309
18911
18930
19310
18912
18931
19311
18913
18932
19312
18914
18933
19313
18915
18934
19314
18916
18935
19315
18917
18936
19316
18918
18937
19317
18919
18938
19318
18939
19319
18921
18940
19320
18922
18941
19321
18923
18942
19322
18924
18943
19323
18925
18944
19324
18926
18945
19325
18927
18946
19326
18928
18947
19327
18929
18948
19328
18930
18949
19329
18931
18950
19330
18932
18951
19331
18933
18952
19332
18934
18953
19333
18935
18954
19334
18936
18955
19335
18937
18956
19336
18938
18957
19337
18939
18958
19338
18959
19339
18941
18960
19340
18942
18961
19341
18943
18962
19342
18944
18963
19343
18945
18964
19344
18946
18965
19345
18947
18966
19346
18948
18967
19347
18949
18968
19348
18950
18969
19349
18951
18970
19350
18952
18971
19351
18953
18972
19352
18954
18973
19353
18955
18974
19354
18956
18975
19355
18957
18976
19356
18958
18977
19357
18959
18978
19358
18979
19359
18961
18980
19360
18962
18981
19361
18963
18982
19362
18964
18983
19363
18965
18984
19364
18966
18985
19365
18967
18986
19366
18968
18987
19367
18969
18988
19368
18970
18989
19369
18971
18990
19370
18972
18991
19371
18973
18992
19372
18974
18993
19373
18975
18994
19374
18976
18995
19375
18977
18996
19376
18978
18997
19377
18979
18998
19378
18999
19379
18981
19000
19380
18982
19001
19381
18983
19002
19382
18984
19003
19383
18985
19004
19384
18986
19005
19385
18987
19006
19386
18988
19007
19387
18989
19008
19388
18990
19009
19389
18991
19010
19390
18992
19011
19391
18993
19012
19392
18994
19013
19393
18995
19014
19394
18996
19015
19395
18997
19016
19396
18998
19017
19397
18999
19018
19398
19019
19399
19001
19020
19400
19002
19021
19401
19003
19022
19402
19004
19023
19403
19005
19024
19404
19006
19025
19405
19007
19026
19406
19008
19027
19407
19009
19028
19408
19010
19029
19409
19011
19030
19410
19012
19031
19411
19013
19032
19412
19014
19033
19413
19015
19034
19414
19016
19035
19415
19017
19036
19416
19018
19037
19417
19019
19038
19418
19039
19419
19021
19040
19420
19022
19041
19421
19023
19042
19422
19024
19043
19423
19025
19044
19424
19026
19045
19425
19027
19046
19426
19028
19047
19427
19029
19048
19428
19030
19049
19429
19031
19050
19430
19032
19051
19431
19033
19052
19432
19034
19053
19433
19035
19054
19434
19036
19055
19435
19037
19056
19436
19038
19057
19437
19039
19058
19438
19059
19439
19041
19060
19440
19042
19061
19441
19043
19062
19442
19044
19063
19443
19045
19064
19444
19046
19065
19445
19047
19066
19446
19048
19067
19447
19049
19068
19448
19050
19069
19449
19051
19070
19450
19052
19071
19451
19053
19072
19452
19054
19073
19453
19055
19074
19454
19056
19075
19455
19057
19076
19456
19058
19077
19457
19059
19078
19458
19079
19459
19061
19080
19460
19062
19081
19461
19063
19082
19462
19064
19083
19463
19065
19084
19464
19066
19085
19465
19067
19086
19466
19068
19087
19467
19069
19088
19468
19070
19089
19469
19071
19090
19470
19072
19091
19471
19073
19092
19472
19074
19093
19473
19075
19094
19474
19076
19095
19475
19077
19096
19476
19078
19097
19477
19079
19098
19478
19099
19479
19081
19100
19480
19082
19101
19481
19083
19102
19482
19084
19103
19483
19085
19104
19484
19086
19105
19485
19087
19106
19486
19088
19107
19487
19089
19108
19488
19090
19109
19489
19091
19110
19490
19092
19111
19491
19093
19112
19492
19094
19113
19493
19095
19114
19494
19096
19115
19495
19097
19116
19496
19098
19117
19497
19099
19118
19498
19119
19499
19101
19120
19500
19102
19121
19501
19103
19122
19502
19104
19123
19503
19105
19124
19504
19106
19125
19505
19107
19126
19506
19108
19127
19507
19109
19128
19508
19110
19129
19509
19111
19130
19510
19112
19131
19511
19113
19132
19512
19114
19133
19513
19115
19134
19514
19116
19135
19515
19117
19136
19516
19118
19137
19517
19119
19138
19518
19139
19519
19121
19140
19520
19122
19141
19521
19123
19142
19522
19124
19143
19523
19125
19144
19524
19126
19145
19525
19127
19146
19526
19128
19147
19527
19129
19148
19528
19130
19149
19529
19131
19150
19530
19132
19151
19531
19133
19152
19532
19134
19153
19533
19135
19154
19534
19136
19155
19535
19137
19156
19536
19138
19157
19537
19139
19158
19538
19159
19539
19141
19160
19540
19142
19161
19541
19143
19162
19542
19144
19163
19543
19145
19164
19544
19146
19165
19545
19147
19166
19546
19148
19167
19547
19149
19168
19548
19150
19169
19549
19151
19170
19550
19152
19171
19551
19153
19172
19552
19154
19173
19553
19155
19174
19554
19156
19175
19555
19157
19176
19556
19158
19177
19557
19159
19178
19558
19179
19559
19161
19180
19560
19162
19181
19561
19163
19182
19562
19164
19183
19563
19165
19184
19564
19166
19185
19565
19167
19186
19566
19168
19187
19567
19169
19188
19568
19170
19189
19569
19171
19190
19570
19172
19191
19571
19173
19192
19572
19174
19193
19573
19175
19194
19574
19176
19195
19575
19177
19196
19576
19178
19197
19577
19179
19198
19578
19199
19579
19181
19580
19182
19581
19183
19582
19184
19583
19185
19584
19186
19585
19187
19586
19188
19587
19189
19588
19190
19589
19191
19590
19192
19591
19193
19592
19194
19593
19195
19594
19196
19595
19197
19596
19198
19597
19199
19598
19599
19201
19220
19600
19202
19221
19601
19203
19222
19602
19204
19223
19603
19205
19224
19604
19206
19225
19605
19207
19226
19606
19208
19227
19607
19209
19228
19608
19210
19229
19609
19211
19230
19610
19212
19231
19611
19213
19232
19612
19214
19233
19613
19215
19234
19614
19216
19235
19615
19217
19236
19616
19218
19237
19617
19219
19238
19618
19239
19619
19221
19240
19620
19222
19241
19621
19223
19242
19622
19224
19243
19623
19225
19244
19624
19226
19245
19625
19227
19246
19626
19228
19247
19627
19229
19248
19628
19230
19249
19629
19231
19250
19630
19232
19251
19631
19233
19252
19632
19234
19253
19633
19235
19254
19634
19236
19255
19635
19237
19256
19636
19238
19257
19637
19239
19258
19638
19259
19639
19241
19260
19640
19242
19261
19641
19243
19262
19642
19244
19263
19643
19245
19264
19644
19246
19265
19645
19247
19266
19646
19248
19267
19647
19249
19268
19648
19250
19269
19649
19251
19270
19650
19252
19271
19651
19253
19272
19652
19254
19273
19653
19255
19274
19654
19256
19275
19655
19257
19276
19656
19258
19277
19657
19259
19278
19658
19279
19659
19261
19280
19660
19262
19281
19661
19263
19282
19662
19264
19283
19663
19265
19284
19664
19266
19285
19665
19267
19286
19666
19268
19287
19667
19269
19288
19668
19270
19289
19669
19271
19290
19670
19272
19291
19671
19273
19292
19672
19274
19293
19673
19275
19294
19674
19276
19295
19675
19277
19296
19676
19278
19297
19677
19279
19298
19678
19299
19679
19281
19300
19680
19282
19301
19681
19283
19302
19682
19284
19303
19683
19285
19304
19684
19286
19305
19685
19287
19306
19686
19288
19307
19687
19289
19308
19688
19290
19309
19689
19291
19310
19690
19292
19311
19691
19293
19312
19692
19294
19313
19693
19295
19314
19694
19296
19315
19695
19297
19316
19696
19298
19317
19697
19299
19318
19698
19319
19699
19301
19320
19700
19302
19321
19701
19303
19322
19702
19304
19323
19703
19305
19324
19704
19306
19325
19705
19307
19326
19706
19308
19327
19707
19309
19328
19708
19310
19329
19709
19311
19330
19710
19312
19331
19711
19313
19332
19712
19314
19333
19713
19315
19334
19714
19316
19335
19715
19317
19336
19716
19318
19337
19717
19319
19338
19718
19339
19719
19321
19340
19720
19322
19341
19721
19323
19342
19722
19324
19343
19723
19325
19344
19724
19326
19345
19725
19327
19346
19726
19328
19347
19727
19329
19348
19728
19330
19349
19729
19331
19350
19730
19332
19351
19731
19333
19352
19732
19334
19353
19733
19335
19354
19734
19336
19355
19735
19337
19356
19736
19338
19357
19737
19339
19358
19738
19359
19739
19341
19360
19740
19342
19361
19741
19343
19362
19742
19344
19363
19743
19345
19364
19744
19346
19365
19745
19347
19366
19746
19348
19367
19747
19349
19368
19748
19350
19369
19749
19351
19370
19750
19352
19371
19751
19353
19372
19752
19354
19373
19753
19355
19374
19754
19356
19375
19755
19357
19376
19756
19358
19377
19757
19359
19378
19758
19379
19759
19361
19380
19760
19362
19381
19761
19363
19382
19762
19364
19383
19763
19365
19384
19764
19366
19385
19765
19367
19386
19766
19368
19387
19767
19369
19388
19768
19370
19389
19769
19371
19390
19770
19372
19391
19771
19373
19392
19772
19374
19393
19773
19375
19394
19774
19376
19395
19775
19377
19396
19776
19378
19397
19777
19379
19398
19778
19399
19779
19381
19400
19780
19382
19401
19781
19383
19402
19782
19384
19403
19783
19385
19404
19784
19386
19405
19785
19387
19406
19786
19388
19407
19787
19389
19408
19788
19390
19409
19789
19391
19410
19790
19392
19411
19791
19393
19412
19792
19394
19413
19793
19395
19414
19794
19396
19415
19795
19397
19416
19796
19398
19417
19797
19399
19418
19798
19419
19799
19401
19420
19800
19402
19421
19801
19403
19422
19802
19404
19423
19803
19405
19424
19804
19406
19425
19805
19407
19426
19806
19408
19427
19807
19409
19428
19808
19410
19429
19809
19411
19430
19810
19412
19431
19811
19413
19432
19812
19414
19433
19813
19415
19434
19814
19416
19435
19815
19417
19436
19816
19418
19437
19817
19419
19438
19818
19439
19819
19421
19440
19820
19422
19441
19821
19423
19442
19822
19424
19443
19823
19425
19444
19824
19426
19445
19825
19427
19446
19826
19428
19447
19827
19429
19448
19828
19430
19449
19829
19431
19450
19830
19432
19451
19831
19433
19452
19832
19434
19453
19833
19435
19454
19834
19436
19455
19835
19437
19456
19836
19438
19457
19837
19439
19458
19838
19459
19839
19441
19460
19840
19442
19461
19841
19443
19462
19842
19444
19463
19843
19445
19464
19844
19446
19465
19845
19447
19466
19846
19448
19467
19847
19449
19468
19848
19450
19469
19849
19451
19470
19850
19452
19471
19851
19453
19472
19852
19454
19473
19853
19455
19474
19854
19456
19475
19855
19457
19476
19856
19458
19477
19857
19459
19478
19858
19479
19859
19461
19480
19860
19462
19481
19861
19463
19482
19862
19464
19483
19863
19465
19484
19864
19466
19485
19865
19467
19486
19866
19468
19487
19867
19469
19488
19868
19470
19489
19869
19471
19490
19870
19472
19491
19871
19473
19492
19872
19474
19493
19873
19475
19494
19874
19476
19495
19875
19477
19496
19876
19478
19497
19877
19479
19498
19878
19499
19879
19481
19500
19880
19482
19501
19881
19483
19502
19882
19484
19503
19883
19485
19504
19884
19486
19505
19885
19487
19506
19886
19488
19507
19887
19489
19508
19888
19490
19509
19889
19491
19510
19890
19492
19511
19891
19493
19512
19892
19494
19513
19893
19495
19514
19894
19496
19515
19895
19497
19516
19896
19498
19517
19897
19499
19518
19898
19519
19899
19501
19520
19900
19502
19521
19901
19503
19522
19902
19504
19523
19903
19505
19524
19904
19506
19525
19905
19507
19526
19906
19508
19527
19907
19509
19528
19908
19510
19529
19909
19511
19530
19910
19512
19531
19911
19513
19532
19912
19514
19533
19913
19515
19534
19914
19516
19535
19915
19517
19536
19916
19518
19537
19917
19519
19538
19918
19539
19919
19521
19540
19920
19522
19541
19921
19523
19542
19922
19524
19543
19923
19525
19544
19924
19526
19545
19925
19527
19546
19926
19528
19547
19927
19529
19548
19928
19530
19549
19929
19531
19550
19930
19532
19551
19931
19533
19552
19932
19534
19553
19933
19535
19554
19934
19536
19555
19935
19537
19556
19936
19538
19557
19937
19539
19558
19938
19559
19939
19541
19560
19940
19542
19561
19941
19543
19562
19942
19544
19563
19943
19545
19564
19944
19546
19565
19945
19547
19566
19946
19548
19567
19947
19549
19568
19948
19550
19569
19949
19551
19570
19950
19552
19571
19951
19553
19572
19952
19554
19573
19953
19555
19574
19954
19556
19575
19955
19557
19576
19956
19558
19577
19957
19559
19578
19958
19579
19959
19561
19580
19960
19562
19581
19961
19563
19582
19962
19564
19583
19963
19565
19584
19964
19566
19585
19965
19567
19586
19966
19568
19587
19967
19569
19588
19968
19570
19589
19969
19571
19590
19970
19572
19591
19971
19573
19592
19972
19574
19593
19973
19575
19594
19974
19576
19595
19975
19577
19596
19976
19578
19597
19977
19579
19598
19978
19599
19979
19581
19980
19582
19981
19583
19982
19584
19983
19585
19984
19586
19985
19587
19986
19588
19987
19589
19988
19590
19989
19591
19990
19592
19991
19593
19992
19594
19993
19595
19994
19596
19995
19597
19996
19598
19997
19599
19998
19999
19601
19620
20000
19602
19621
20001
19603
19622
20002
19604
19623
20003
19605
19624
20004
19606
19625
20005
19607
19626
20006
19608
19627
20007
19609
19628
20008
19610
19629
20009
19611
19630
20010
19612
19631
20011
19613
19632
20012
19614
19633
20013
19615
19634
20014
19616
19635
20015
19617
19636
20016
19618
19637
20017
19619
19638
20018
19639
20019
19621
19640
20020
19622
19641
20021
19623
19642
20022
19624
19643
20023
19625
19644
20024
19626
19645
20025
19627
19646
20026
19628
19647
20027
19629
19648
20028
19630
19649
20029
19631
19650
20030
19632
19651
20031
19633
19652
20032
19634
19653
20033
19635
19654
20034
19636
19655
20035
19637
19656
20036
19638
19657
20037
19639
19658
20038
19659
20039
19641
19660
20040
19642
19661
20041
19643
19662
20042
19644
19663
20043
19645
19664
20044
19646
19665
20045
19647
19666
20046
19648
19667
20047
19649
19668
20048
19650
19669
20049
19651
19670
20050
19652
19671
20051
19653
19672
20052
19654
19673
20053
19655
19674
20054
19656
19675
20055
19657
19676
20056
19658
19677
20057
19659
19678
20058
19679
20059
19661
19680
20060
19662
19681
20061
19663
19682
20062
19664
19683
20063
19665
19684
20064
19666
19685
20065
19667
19686
20066
19668
19687
20067
19669
19688
20068
19670
19689
20069
19671
19690
20070
19672
19691
20071
19673
19692
20072
19674
19693
20073
19675
19694
20074
19676
19695
20075
19677
19696
20076
19678
19697
20077
19679
19698
20078
19699
20079
19681
19700
20080
19682
19701
20081
19683
19702
20082
19684
19703
20083
19685
19704
20084
19686
19705
20085
19687
19706
20086
19688
19707
20087
19689
19708
20088
19690
19709
20089
19691
19710
20090
19692
19711
20091
19693
19712
20092
19694
19713
20093
19695
19714
20094
19696
19715
20095
19697
19716
20096
19698
19717
20097
19699
19718
20098
19719
20099
19701
19720
20100
19702
19721
20101
19703
19722
20102
19704
19723
20103
19705
19724
20104
19706
19725
20105
19707
19726
20106
19708
19727
20107
19709
19728
20108
19710
19729
20109
19711
19730
20110
19712
19731
20111
19713
19732
20112
19714
19733
20113
19715
19734
20114
19716
19735
20115
19717
19736
20116
19718
19737
20117
19719
19738
20118
19739
20119
19721
19740
20120
19722
19741
20121
19723
19742
20122
19724
19743
20123
19725
19744
20124
19726
19745
20125
19727
19746
20126
19728
19747
20127
19729
19748
20128
19730
19749
20129
19731
19750
20130
19732
19751
20131
19733
19752
20132
19734
19753
20133
19735
19754
20134
19736
19755
20135
19737
19756
20136
19738
19757
20137
19739
19758
20138
19759
20139
19741
19760
20140
19742
19761
20141
19743
19762
20142
19744
19763
20143
19745
19764
20144
19746
19765
20145
19747
19766
20146
19748
19767
20147
19749
19768
20148
19750
19769
20149
19751
19770
20150
19752
19771
20151
19753
19772
20152
19754
19773
20153
19755
19774
20154
19756
19775
20155
19757
19776
20156
19758
19777
20157
19759
19778
20158
19779
20159
19761
19780
20160
19762
19781
20161
19763
19782
20162
19764
19783
20163
19765
19784
20164
19766
19785
20165
19767
19786
20166
19768
19787
20167
19769
19788
20168
19770
19789
20169
19771
19790
20170
19772
19791
20171
19773
19792
20172
19774
19793
20173
19775
19794
20174
19776
19795
20175
19777
19796
20176
19778
19797
20177
19779
19798
20178
19799
20179
19781
19800
20180
19782
19801
20181
19783
19802
20182
19784
19803
20183
19785
19804
20184
19786
19805
20185
19787
19806
20186
19788
19807
20187
19789
19808
20188
19790
19809
20189
19791
19810
20190
19792
19811
20191
19793
19812
20192
19794
19813
20193
19795
19814
20194
19796
19815
20195
19797
19816
20196
19798
19817
20197
19799
19818
20198
19819
20199
19801
19820
20200
19802
19821
20201
19803
19822
20202
19804
19823
20203
19805
19824
20204
19806
19825
20205
19807
19826
20206
19808
19827
20207
19809
19828
20208
19810
19829
20209
19811
19830
20210
19812
19831
20211
19813
19832
20212
19814
19833
20213
19815
19834
20214
19816
19835
20215
19817
19836
20216
19818
19837
20217
19819
19838
20218
19839
20219
19821
19840
20220
19822
19841
20221
19823
19842
20222
19824
19843
20223
19825
19844
20224
19826
19845
20225
19827
19846
20226
19828
19847
20227
19829
19848
20228
19830
19849
20229
19831
19850
20230
19832
19851
20231
19833
19852
20232
19834
19853
20233
19835
19854
20234
19836
19855
20235
19837
19856
20236
19838
19857
20237
19839
19858
20238
19859
20239
19841
19860
20240
19842
19861
20241
19843
19862
20242
19844
19863
20243
19845
19864
20244
19846
19865
20245
19847
19866
20246
19848
19867
20247
19849
19868
20248
19850
19869
20249
19851
19870
20250
19852
19871
20251
19853
19872
20252
19854
19873
20253
19855
19874
20254
19856
19875
20255
19857
19876
20256
19858
19877
20257
19859
19878
20258
19879
20259
19861
19880
20260
19862
19881
20261
19863
19882
20262
19864
19883
20263
19865
19884
20264
19866
19885
20265
19867
19886
20266
19868
19887
20267
19869
19888
20268
19870
19889
20269
19871
19890
20270
19872
19891
20271
19873
19892
20272
19874
19893
20273
19875
19894
20274
19876
19895
20275
19877
19896
20276
19878
19897
20277
19879
19898
20278
19899
20279
19881
19900
20280
19882
19901
20281
19883
19902
20282
19884
19903
20283
19885
19904
20284
19886
19905
20285
19887
19906
20286
19888
19907
20287
19889
19908
20288
19890
19909
20289
19891
19910
20290
19892
19911
20291
19893
19912
20292
19894
19913
20293
19895
19914
20294
19896
19915
20295
19897
19916
20296
19898
19917
20297
19899
19918
20298
19919
20299
19901
19920
20300
19902
19921
20301
19903
19922
20302
19904
19923
20303
19905
19924
20304
19906
19925
20305
19907
19926
20306
19908
19927
20307
19909
19928
20308
19910
19929
20309
19911
19930
20310
19912
19931
20311
19913
19932
20312
19914
19933
20313
19915
19934
20314
19916
19935
20315
19917
19936
20316
19918
19937
20317
19919
19938
20318
19939
20319
19921
19940
20320
19922
19941
20321
19923
19942
20322
19924
19943
20323
19925
19944
20324
19926
19945
20325
19927
19946
20326
19928
19947
20327
19929
19948
20328
19930
19949
20329
19931
19950
20330
19932
19951
20331
19933
19952
20332
19934
19953
20333
19935
19954
20334
19936
19955
20335
19937
19956
20336
19938
19957
20337
19939
19958
20338
19959
20339
19941
19960
20340
19942
19961
20341
19943
19962
20342
19944
19963
20343
19945
19964
20344
19946
19965
20345
19947
19966
20346
19948
19967
20347
19949
19968
20348
19950
19969
20349
19951
19970
20350
19952
19971
20351
19953
19972
20352
19954
19973
20353
19955
19974
20354
19956
19975
20355
19957
19976
20356
19958
19977
20357
19959
19978
20358
19979
20359
19961
19980
20360
19962
19981
20361
19963
19982
20362
19964
19983
20363
19965
19984
20364
19966
19985
20365
19967
19986
20366
19968
19987
20367
19969
19988
20368
19970
19989
20369
19971
19990
20370
19972
19991
20371
19973
19992
20372
19974
19993
20373
19975
19994
20374
19976
19995
20375
19977
19996
20376
19978
19997
20377
19979
19998
20378
19999
20379
19981
20380
19982
20381
19983
20382
19984
20383
19985
20384
19986
20385
19987
20386
19988
20387
19989
20388
19990
20389
19991
20390
19992
20391
19993
20392
19994
20393
19995
20394
19996
20395
19997
20396
19998
20397
19999
20398
20399
20001
20020
20400
20002
20021
20401
20003
20022
20402
20004
20023
20403
20005
20024
20404
20006
20025
20405
20007
20026
20406
20008
20027
20407
20009
20028
20408
20010
20029
20409
20011
20030
20410
20012
20031
20411
20013
20032
20412
20014
20033
20413
20015
20034
20414
20016
20035
20415
20017
20036
20416
20018
20037
20417
20019
20038
20418
20039
20419
20021
20040
20420
20022
20041
20421
20023
20042
20422
20024
20043
20423
20025
20044
20424
20026
20045
20425
20027
20046
20426
20028
20047
20427
20029
20048
20428
20030
20049
20429
20031
20050
20430
20032
20051
20431
20033
20052
20432
20034
20053
20433
20035
20054
20434
20036
20055
20435
20037
20056
20436
20038
20057
20437
20039
20058
20438
20059
20439
20041
20060
20440
20042
20061
20441
20043
20062
20442
20044
20063
20443
20045
20064
20444
20046
20065
20445
20047
20066
20446
20048
20067
20447
20049
20068
20448
20050
20069
20449
20051
20070
20450
20052
20071
20451
20053
20072
20452
20054
20073
20453
20055
20074
20454
20056
20075
20455
20057
20076
20456
20058
20077
20457
20059
20078
20458
20079
20459
20061
20080
20460
20062
20081
20461
20063
20082
20462
20064
20083
20463
20065
20084
20464
20066
20085
20465
20067
20086
20466
20068
20087
20467
20069
20088
20468
20070
20089
20469
20071
20090
20470
20072
20091
20471
20073
20092
20472
20074
20093
20473
20075
20094
20474
20076
20095
20475
20077
20096
20476
20078
20097
20477
20079
20098
20478
20099
20479
20081
20100
20480
20082
20101
20481
20083
20102
20482
20084
20103
20483
20085
20104
20484
20086
20105
20485
20087
20106
20486
20088
20107
20487
20089
20108
20488
20090
20109
20489
20091
20110
20490
20092
20111
20491
20093
20112
20492
20094
20113
20493
20095
20114
20494
20096
20115
20495
20097
20116
20496
20098
20117
20497
20099
20118
20498
20119
20499
20101
20120
20500
20102
20121
20501
20103
20122
20502
20104
20123
20503
20105
20124
20504
20106
20125
20505
20107
20126
20506
20108
20127
20507
20109
20128
20508
20110
20129
20509
20111
20130
20510
20112
20131
20511
20113
20132
20512
20114
20133
20513
20115
20134
20514
20116
20135
20515
20117
20136
20516
20118
20137
20517
20119
20138
20518
20139
20519
20121
20140
20520
20122
20141
20521
20123
20142
20522
20124
20143
20523
20125
20144
20524
20126
20145
20525
20127
20146
20526
20128
20147
20527
20129
20148
20528
20130
20149
20529
20131
20150
20530
20132
20151
20531
20133
20152
20532
20134
20153
20533
20135
20154
20534
20136
20155
20535
20137
20156
20536
20138
20157
20537
20139
20158
20538
20159
20539
20141
20160
20540
20142
20161
20541
20143
20162
20542
20144
20163
20543
20145
20164
20544
20146
20165
20545
20147
20166
20546
20148
20167
20547
20149
20168
20548
20150
20169
20549
20151
20170
20550
20152
20171
20551
20153
20172
20552
20154
20173
20553
20155
20174
20554
20156
20175
20555
20157
20176
20556
20158
20177
20557
20159
20178
20558
20179
20559
20161
20180
20560
20162
20181
20561
20163
20182
20562
20164
20183
20563
20165
20184
20564
20166
20185
20565
20167
20186
20566
20168
20187
20567
20169
20188
20568
20170
20189
20569
20171
20190
20570
20172
20191
20571
20173
20192
20572
20174
20193
20573
20175
20194
20574
20176
20195
20575
20177
20196
20576
20178
20197
20577
20179
20198
20578
20199
20579
20181
20200
20580
20182
20201
20581
20183
20202
20582
20184
20203
20583
20185
20204
20584
20186
20205
20585
20187
20206
20586
20188
20207
20587
20189
20208
20588
20190
20209
20589
20191
20210
20590
20192
20211
20591
20193
20212
20592
20194
20213
20593
20195
20214
20594
20196
20215
20595
20197
20216
20596
20198
20217
20597
20199
20218
20598
20219
20599
20201
20220
20600
20202
20221
20601
20203
20222
20602
20204
20223
20603
20205
20224
20604
20206
20225
20605
20207
20226
20606
20208
20227
20607
20209
20228
20608
20210
20229
20609
20211
20230
20610
20212
20231
20611
20213
20232
20612
20214
20233
20613
20215
20234
20614
20216
20235
20615
20217
20236
20616
20218
20237
20617
20219
20238
20618
20239
20619
20221
20240
20620
20222
20241
20621
20223
20242
20622
20224
20243
20623
20225
20244
20624
20226
20245
20625
20227
20246
20626
20228
20247
20627
20229
20248
20628
20230
20249
20629
20231
20250
20630
20232
20251
20631
20233
20252
20632
20234
20253
20633
20235
20254
20634
20236
20255
20635
20237
20256
20636
20238
20257
20637
20239
20258
20638
20259
20639
20241
20260
20640
20242
20261
20641
20243
20262
20642
20244
20263
20643
20245
20264
20644
20246
20265
20645
20247
20266
20646
20248
20267
20647
20249
20268
20648
20250
20269
20649
20251
20270
20650
20252
20271
20651
20253
20272
20652
20254
20273
20653
20255
20274
20654
20256
20275
20655
20257
20276
20656
20258
20277
20657
20259
20278
20658
20279
20659
20261
20280
20660
20262
20281
20661
20263
20282
20662
20264
20283
20663
20265
20284
20664
20266
20285
20665
20267
20286
20666
20268
20287
20667
20269
20288
20668
20270
20289
20669
20271
20290
20670
20272
20291
20671
20273
20292
20672
20274
20293
20673
20275
20294
20674
20276
20295
20675
20277
20296
20676
20278
20297
20677
20279
20298
20678
20299
20679
20281
20300
20680
20282
20301
20681
20283
20302
20682
20284
20303
20683
20285
20304
20684
20286
20305
20685
20287
20306
20686
20288
20307
20687
20289
20308
20688
20290
20309
20689
20291
20310
20690
20292
20311
20691
20293
20312
20692
20294
20313
20693
20295
20314
20694
20296
20315
20695
20297
20316
20696
20298
20317
20697
20299
20318
20698
20319
20699
20301
20320
20700
20302
20321
20701
20303
20322
20702
20304
20323
20703
20305
20324
20704
20306
20325
20705
20307
20326
20706
20308
20327
20707
20309
20328
20708
20310
20329
20709
20311
20330
20710
20312
20331
20711
20313
20332
20712
20314
20333
20713
20315
20334
20714
20316
20335
20715
20317
20336
20716
20318
20337
20717
20319
20338
20718
20339
20719
20321
20340
20720
20322
20341
20721
20323
20342
20722
20324
20343
20723
20325
20344
20724
20326
20345
20725
20327
20346
20726
20328
20347
20727
20329
20348
20728
20330
20349
20729
20331
20350
20730
20332
20351
20731
20333
20352
20732
20334
20353
20733
20335
20354
20734
20336
20355
20735
20337
20356
20736
20338
20357
20737
20339
20358
20738
20359
20739
20341
20360
20740
20342
20361
20741
20343
20362
20742
20344
20363
20743
20345
20364
20744
20346
20365
20745
20347
20366
20746
20348
20367
20747
20349
20368
20748
20350
20369
20749
20351
20370
20750
20352
20371
20751
20353
20372
20752
20354
20373
20753
20355
20374
20754
20356
20375
20755
20357
20376
20756
20358
20377
20757
20359
20378
20758
20379
20759
20361
20380
20760
20362
20381
20761
20363
20382
20762
20364
20383
20763
20365
20384
20764
20366
20385
20765
20367
20386
20766
20368
20387
20767
20369
20388
20768
20370
20389
20769
20371
20390
20770
20372
20391
20771
20373
20392
20772
20374
20393
20773
20375
20394
20774
20376
20395
20775
20377
20396
20776
20378
20397
20777
20379
20398
20778
20399
20779
20381
20780
20382
20781
20383
20782
20384
20783
20385
20784
20386
20785
20387
20786
20388
20787
20389
20788
20390
20789
20391
20790
20392
20791
20393
20792
20394
20793
20395
20794
20396
20795
20397
20796
20398
20797
20399
20798
20799
20401
20420
20800
20402
20421
20801
20403
20422
20802
20404
20423
20803
20405
20424
20804
20406
20425
20805
20407
20426
20806
20408
20427
20807
20409
20428
20808
20410
20429
20809
20411
20430
20810
20412
20431
20811
20413
20432
20812
20414
20433
20813
20415
20434
20814
20416
20435
20815
20417
20436
20816
20418
20437
20817
20419
20438
20818
20439
20819
20421
20440
20820
20422
20441
20821
20423
20442
20822
20424
20443
20823
20425
20444
20824
20426
20445
20825
20427
20446
20826
20428
20447
20827
20429
20448
20828
20430
20449
20829
20431
20450
20830
20432
20451
20831
20433
20452
20832
20434
20453
20833
20435
20454
20834
20436
20455
20835
20437
20456
20836
20438
20457
20837
20439
20458
20838
20459
20839
20441
20460
20840
20442
20461
20841
20443
20462
20842
20444
20463
20843
20445
20464
20844
20446
20465
20845
20447
20466
20846
20448
20467
20847
20449
20468
20848
20450
20469
20849
20451
20470
20850
20452
20471
20851
20453
20472
20852
20454
20473
20853
20455
20474
20854
20456
20475
20855
20457
20476
20856
20458
20477
20857
20459
20478
20858
20479
20859
20461
20480
20860
20462
20481
20861
20463
20482
20862
20464
20483
20863
20465
20484
20864
20466
20485
20865
20467
20486
20866
20468
20487
20867
20469
20488
20868
20470
20489
20869
20471
20490
20870
20472
20491
20871
20473
20492
20872
20474
20493
20873
20475
20494
20874
20476
20495
20875
20477
20496
20876
20478
20497
20877
20479
20498
20878
20499
20879
20481
20500
20880
20482
20501
20881
20483
20502
20882
20484
20503
20883
20485
20504
20884
20486
20505
20885
20487
20506
20886
20488
20507
20887
20489
20508
20888
20490
20509
20889
20491
20510
20890
20492
20511
20891
20493
20512
20892
20494
20513
20893
20495
20514
20894
20496
20515
20895
20497
20516
20896
20498
20517
20897
20499
20518
20898
20519
20899
20501
20520
20900
20502
20521
20901
20503
20522
20902
20504
20523
20903
20505
20524
20904
20506
20525
20905
20507
20526
20906
20508
20527
20907
20509
20528
20908
20510
20529
20909
20511
20530
20910
20512
20531
20911
20513
20532
20912
20514
20533
20913
20515
20534
20914
20516
20535
20915
20517
20536
20916
20518
20537
20917
20519
20538
20918
20539
20919
20521
20540
20920
20522
20541
20921
20523
20542
20922
20524
20543
20923
20525
20544
20924
20526
20545
20925
20527
20546
20926
20528
20547
20927
20529
20548
20928
20530
20549
20929
20531
20550
20930
20532
20551
20931
20533
20552
20932
20534
20553
20933
20535
20554
20934
20536
20555
20935
20537
20556
20936
20538
20557
20937
20539
20558
20938
20559
20939
20541
20560
20940
20542
20561
20941
20543
20562
20942
20544
20563
20943
20545
20564
20944
20546
20565
20945
20547
20566
20946
20548
20567
20947
20549
20568
20948
20550
20569
20949
20551
20570
20950
20552
20571
20951
20553
20572
20952
20554
20573
20953
20555
20574
20954
20556
20575
20955
20557
20576
20956
20558
20577
20957
20559
20578
20958
20579
20959
20561
20580
20960
20562
20581
20961
20563
20582
20962
20564
20583
20963
20565
20584
20964
20566
20585
20965
20567
20586
20966
20568
20587
20967
20569
20588
20968
20570
20589
20969
20571
20590
20970
20572
20591
20971
20573
20592
20972
20574
20593
20973
20575
20594
20974
20576
20595
20975
20577
20596
20976
20578
20597
20977
20579
20598
20978
20599
20979
20581
20600
20980
20582
20601
20981
20583
20602
20982
20584
20603
20983
20585
20604
20984
20586
20605
20985
20587
20606
20986
20588
20607
20987
20589
20608
20988
20590
20609
20989
20591
20610
20990
20592
20611
20991
20593
20612
20992
20594
20613
20993
20595
20614
20994
20596
20615
20995
20597
20616
20996
20598
20617
20997
20599
20618
20998
20619
20999
20601
20620
21000
20602
20621
21001
20603
20622
21002
20604
20623
21003
20605
20624
21004
20606
20625
21005
20607
20626
21006
20608
20627
21007
20609
20628
21008
20610
20629
21009
20611
20630
21010
20612
20631
21011
20613
20632
21012
20614
20633
21013
20615
20634
21014
20616
20635
21015
20617
20636
21016
20618
20637
21017
20619
20638
21018
20639
21019
20621
20640
21020
20622
20641
21021
20623
20642
21022
20624
20643
21023
20625
20644
21024
20626
20645
21025
20627
20646
21026
20628
20647
21027
20629
20648
21028
20630
20649
21029
20631
20650
21030
20632
20651
21031
20633
20652
21032
20634
20653
21033
20635
20654
21034
20636
20655
21035
20637
20656
21036
20638
20657
21037
20639
20658
21038
20659
21039
20641
20660
21040
20642
20661
21041
20643
20662
21042
20644
20663
21043
20645
20664
21044
20646
20665
21045
20647
20666
21046
20648
20667
21047
20649
20668
21048
20650
20669
21049
20651
20670
21050
20652
20671
21051
20653
20672
21052
20654
20673
21053
20655
20674
21054
20656
20675
21055
20657
20676
21056
20658
20677
21057
20659
20678
21058
20679
21059
20661
20680
21060
20662
20681
21061
20663
20682
21062
20664
20683
21063
20665
20684
21064
20666
20685
21065
20667
20686
21066
20668
20687
21067
20669
20688
21068
20670
20689
21069
20671
20690
21070
20672
20691
21071
20673
20692
21072
20674
20693
21073
20675
20694
21074
20676
20695
21075
20677
20696
21076
20678
20697
21077
20679
20698
21078
20699
21079
20681
20700
21080
20682
20701
21081
20683
20702
21082
20684
20703
21083
20685
20704
21084
20686
20705
21085
20687
20706
21086
20688
20707
21087
20689
20708
21088
20690
20709
21089
20691
20710
21090
20692
20711
21091
20693
20712
21092
20694
20713
21093
20695
20714
21094
20696
20715
21095
20697
20716
21096
20698
20717
21097
20699
20718
21098
20719
21099
20701
20720
21100
20702
20721
21101
20703
20722
21102
20704
20723
21103
20705
20724
21104
20706
20725
21105
20707
20726
21106
20708
20727
21107
20709
20728
21108
20710
20729
21109
20711
20730
21110
20712
20731
21111
20713
20732
21112
20714
20733
21113
20715
20734
21114
20716
20735
21115
20717
20736
21116
20718
20737
21117
20719
20738
21118
20739
21119
20721
20740
21120
20722
20741
21121
20723
20742
21122
20724
20743
21123
20725
20744
21124
20726
20745
21125
20727
20746
21126
20728
20747
21127
20729
20748
21128
20730
20749
21129
20731
20750
21130
20732
20751
21131
20733
20752
21132
20734
20753
21133
20735
20754
21134
20736
20755
21135
20737
20756
21136
20738
20757
21137
20739
20758
21138
20759
21139
20741
20760
21140
20742
20761
21141
20743
20762
21142
20744
20763
21143
20745
20764
21144
20746
20765
21145
20747
20766
21146
20748
20767
21147
20749
20768
21148
20750
20769
21149
20751
20770
21150
20752
20771
21151
20753
20772
21152
20754
20773
21153
20755
20774
21154
20756
20775
21155
20757
20776
21156
20758
20777
21157
20759
20778
21158
20779
21159
20761
20780
21160
20762
20781
21161
20763
20782
21162
20764
20783
21163
20765
20784
21164
20766
20785
21165
20767
20786
21166
20768
20787
21167
20769
20788
21168
20770
20789
21169
20771
20790
21170
20772
20791
21171
20773
20792
21172
20774
20793
21173
20775
20794
21174
20776
20795
21175
20777
20796
21176
20778
20797
21177
20779
20798
21178
20799
21179
20781
21180
20782
21181
20783
21182
20784
21183
20785
21184
20786
21185
20787
21186
20788
21187
20789
21188
20790
21189
20791
21190
20792
21191
20793
21192
20794
21193
20795
21194
20796
21195
20797
21196
20798
21197
20799
21198
21199
20801
20820
21200
20802
20821
21201
20803
20822
21202
20804
20823
21203
20805
20824
21204
20806
20825
21205
20807
20826
21206
20808
20827
21207
20809
20828
21208
20810
20829
21209
20811
20830
21210
20812
20831
21211
20813
20832
21212
20814
20833
21213
20815
20834
21214
20816
20835
21215
20817
20836
21216
20818
20837
21217
20819
20838
21218
20839
21219
20821
20840
21220
20822
20841
21221
20823
20842
21222
20824
20843
21223
20825
20844
21224
20826
20845
21225
20827
20846
21226
20828
20847
21227
20829
20848
21228
20830
20849
21229
20831
20850
21230
20832
20851
21231
20833
20852
21232
20834
20853
21233
20835
20854
21234
20836
20855
21235
20837
20856
21236
20838
20857
21237
20839
20858
21238
20859
21239
20841
20860
21240
20842
20861
21241
20843
20862
21242
20844
20863
21243
20845
20864
21244
20846
20865
21245
20847
20866
21246
20848
20867
21247
20849
20868
21248
20850
20869
21249
20851
20870
21250
20852
20871
21251
20853
20872
21252
20854
20873
21253
20855
20874
21254
20856
20875
21255
20857
20876
21256
20858
20877
21257
20859
20878
21258
20879
21259
20861
20880
21260
20862
20881
21261
20863
20882
21262
20864
20883
21263
20865
20884
21264
20866
20885
21265
20867
20886
21266
20868
20887
21267
20869
20888
21268
20870
20889
21269
20871
20890
21270
20872
20891
21271
20873
20892
21272
20874
20893
21273
20875
20894
21274
20876
20895
21275
20877
20896
21276
20878
20897
21277
20879
20898
21278
20899
21279
20881
20900
21280
20882
20901
21281
20883
20902
21282
20884
20903
21283
20885
20904
21284
20886
20905
21285
20887
20906
21286
20888
20907
21287
20889
20908
21288
20890
20909
21289
20891
20910
21290
20892
20911
21291
20893
20912
21292
20894
20913
21293
20895
20914
21294
20896
20915
21295
20897
20916
21296
20898
20917
21297
20899
20918
21298
20919
21299
20901
20920
21300
20902
20921
21301
20903
20922
21302
20904
20923
21303
20905
20924
21304
20906
20925
21305
20907
20926
21306
20908
20927
21307
20909
20928
21308
20910
20929
21309
20911
20930
21310
20912
20931
21311
20913
20932
21312
20914
20933
21313
20915
20934
21314
20916
20935
21315
20917
20936
21316
20918
20937
21317
20919
20938
21318
20939
21319
20921
20940
21320
20922
20941
21321
20923
20942
21322
20924
20943
21323
20925
20944
21324
20926
20945
21325
20927
20946
21326
20928
20947
21327
20929
20948
21328
20930
20949
21329
20931
20950
21330
20932
20951
21331
20933
20952
21332
20934
20953
21333
20935
20954
21334
20936
20955
21335
20937
20956
21336
20938
20957
21337
20939
20958
21338
20959
21339
20941
20960
21340
20942
20961
21341
20943
20962
21342
20944
20963
21343
20945
20964
21344
20946
20965
21345
20947
20966
21346
20948
20967
21347
20949
20968
21348
20950
20969
21349
20951
20970
21350
20952
20971
21351
20953
20972
21352
20954
20973
21353
20955
20974
21354
20956
20975
21355
20957
20976
21356
20958
20977
21357
20959
20978
21358
20979
21359
20961
20980
21360
20962
20981
21361
20963
20982
21362
20964
20983
21363
20965
20984
21364
20966
20985
21365
20967
20986
21366
20968
20987
21367
20969
20988
21368
20970
20989
21369
20971
20990
21370
20972
20991
21371
20973
20992
21372
20974
20993
21373
20975
20994
21374
20976
20995
21375
20977
20996
21376
20978
20997
21377
20979
20998
21378
20999
21379
20981
21000
21380
20982
21001
21381
20983
21002
21382
20984
21003
21383
20985
21004
21384
20986
21005
21385
20987
21006
21386
20988
21007
21387
20989
21008
21388
20990
21009
21389
20991
21010
21390
20992
21011
21391
20993
21012
21392
20994
21013
21393
20995
21014
21394
20996
21015
21395
20997
21016
21396
20998
21017
21397
20999
21018
21398
21019
21399
21001
21020
21400
21002
21021
21401
21003
21022
21402
21004
21023
21403
21005
21024
21404
21006
21025
21405
21007
21026
21406
21008
21027
21407
21009
21028
21408
21010
21029
21409
21011
21030
21410
21012
21031
21411
21013
21032
21412
21014
21033
21413
21015
21034
21414
21016
21035
21415
21017
21036
21416
21018
21037
21417
21019
21038
21418
21039
21419
21021
21040
21420
21022
21041
21421
21023
21042
21422
21024
21043
21423
21025
21044
21424
21026
21045
21425
21027
21046
21426
21028
21047
21427
21029
21048
21428
21030
21049
21429
21031
21050
21430
21032
21051
21431
21033
21052
21432
21034
21053
21433
21035
21054
21434
21036
21055
21435
21037
21056
21436
21038
21057
21437
21039
21058
21438
21059
21439
21041
21060
21440
21042
21061
21441
21043
21062
21442
21044
21063
21443
21045
21064
21444
21046
21065
21445
21047
21066
21446
21048
21067
21447
21049
21068
21448
21050
21069
21449
21051
21070
21450
21052
21071
21451
21053
21072
21452
21054
21073
21453
21055
21074
21454
21056
21075
21455
21057
21076
21456
21058
21077
21457
21059
21078
21458
21079
21459
21061
21080
21460
21062
21081
21461
21063
21082
21462
21064
21083
21463
21065
21084
21464
21066
21085
21465
21067
21086
21466
21068
21087
21467
21069
21088
21468
21070
21089
21469
21071
21090
21470
21072
21091
21471
21073
21092
21472
21074
21093
21473
21075
21094
21474
21076
21095
21475
21077
21096
21476
21078
21097
21477
21079
21098
21478
21099
21479
21081
21100
21480
21082
21101
21481
21083
21102
21482
21084
21103
21483
21085
21104
21484
21086
21105
21485
21087
21106
21486
21088
21107
21487
21089
21108
21488
21090
21109
21489
21091
21110
21490
21092
21111
21491
21093
21112
21492
21094
21113
21493
21095
21114
21494
21096
21115
21495
21097
21116
21496
21098
21117
21497
21099
21118
21498
21119
21499
21101
21120
21500
21102
21121
21501
21103
21122
21502
21104
21123
21503
21105
21124
21504
21106
21125
21505
21107
21126
21506
21108
21127
21507
21109
21128
21508
21110
21129
21509
21111
21130
21510
21112
21131
21511
21113
21132
21512
21114
21133
21513
21115
21134
21514
21116
21135
21515
21117
21136
21516
21118
21137
21517
21119
21138
21518
21139
21519
21121
21140
21520
21122
21141
21521
21123
21142
21522
21124
21143
21523
21125
21144
21524
21126
21145
21525
21127
21146
21526
21128
21147
21527
21129
21148
21528
21130
21149
21529
21131
21150
21530
21132
21151
21531
21133
21152
21532
21134
21153
21533
21135
21154
21534
21136
21155
21535
21137
21156
21536
21138
21157
21537
21139
21158
21538
21159
21539
21141
21160
21540
21142
21161
21541
21143
21162
21542
21144
21163
21543
21145
21164
21544
21146
21165
21545
21147
21166
21546
21148
21167
21547
21149
21168
21548
21150
21169
21549
21151
21170
21550
21152
21171
21551
21153
21172
21552
21154
21173
21553
21155
21174
21554
21156
21175
21555
21157
21176
21556
21158
21177
21557
21159
21178
21558
21179
21559
21161
21180
21560
21162
21181
21561
21163
21182
21562
21164
21183
21563
21165
21184
21564
21166
21185
21565
21167
21186
21566
21168
21187
21567
21169
21188
21568
21170
21189
21569
21171
21190
21570
21172
21191
21571
21173
21192
21572
21174
21193
21573
21175
21194
21574
21176
21195
21575
21177
21196
21576
21178
21197
21577
21179
21198
21578
21199
21579
21181
21580
21182
21581
21183
21582
21184
21583
21185
21584
21186
21585
21187
21586
21188
21587
21189
21588
21190
21589
21191
21590
21192
21591
21193
21592
21194
21593
21195
21594
21196
21595
21197
21596
21198
21597
21199
21598
21599
21201
21220
21600
21202
21221
21601
21203
21222
21602
21204
21223
21603
21205
21224
21604
21206
21225
21605
21207
21226
21606
21208
21227
21607
21209
21228
21608
21210
21229
21609
21211
21230
21610
21212
21231
21611
21213
21232
21612
21214
21233
21613
21215
21234
21614
21216
21235
21615
21217
21236
21616
21218
21237
21617
21219
21238
21618
21239
21619
21221
21240
21620
21222
21241
21621
21223
21242
21622
21224
21243
21623
21225
21244
21624
21226
21245
21625
21227
21246
21626
21228
21247
21627
21229
21248
21628
21230
21249
21629
21231
21250
21630
21232
21251
21631
21233
21252
21632
21234
21253
21633
21235
21254
21634
21236
21255
21635
21237
21256
21636
21238
21257
21637
21239
21258
21638
21259
21639
21241
21260
21640
21242
21261
21641
21243
21262
21642
21244
21263
21643
21245
21264
21644
21246
21265
21645
21247
21266
21646
21248
21267
21647
21249
21268
21648
21250
21269
21649
21251
21270
21650
21252
21271
21651
21253
21272
21652
21254
21273
21653
21255
21274
21654
21256
21275
21655
21257
21276
21656
21258
21277
21657
21259
21278
21658
21279
21659
21261
21280
21660
21262
21281
21661
21263
21282
21662
21264
21283
21663
21265
21284
21664
21266
21285
21665
21267
21286
21666
21268
21287
21667
21269
21288
21668
21270
21289
21669
21271
21290
21670
21272
21291
21671
21273
21292
21672
21274
21293
21673
21275
21294
21674
21276
21295
21675
21277
21296
21676
21278
21297
21677
21279
21298
21678
21299
21679
21281
21300
21680
21282
21301
21681
21283
21302
21682
21284
21303
21683
21285
21304
21684
21286
21305
21685
21287
21306
21686
21288
21307
21687
21289
21308
21688
21290
21309
21689
21291
21310
21690
21292
21311
21691
21293
21312
21692
21294
21313
21693
21295
21314
21694
21296
21315
21695
21297
21316
21696
21298
21317
21697
21299
21318
21698
21319
21699
21301
21320
21700
21302
21321
21701
21303
21322
21702
21304
21323
21703
21305
21324
21704
21306
21325
21705
21307
21326
21706
21308
21327
21707
21309
21328
21708
21310
21329
21709
21311
21330
21710
21312
21331
21711
21313
21332
21712
21314
21333
21713
21315
21334
21714
21316
21335
21715
21317
21336
21716
21318
21337
21717
21319
21338
21718
21339
21719
21321
21340
21720
21322
21341
21721
21323
21342
21722
21324
21343
21723
21325
21344
21724
21326
21345
21725
21327
21346
21726
21328
21347
21727
21329
21348
21728
21330
21349
21729
21331
21350
21730
21332
21351
21731
21333
21352
21732
21334
21353
21733
21335
21354
21734
21336
21355
21735
21337
21356
21736
21338
21357
21737
21339
21358
21738
21359
21739
21341
21360
21740
21342
21361
21741
21343
21362
21742
21344
21363
21743
21345
21364
21744
21346
21365
21745
21347
21366
21746
21348
21367
21747
21349
21368
21748
21350
21369
21749
21351
21370
21750
21352
21371
21751
21353
21372
21752
21354
21373
21753
21355
21374
21754
21356
21375
21755
21357
21376
21756
21358
21377
21757
21359
21378
21758
21379
21759
21361
21380
21760
21362
21381
21761
21363
21382
21762
21364
21383
21763
21365
21384
21764
21366
21385
21765
21367
21386
21766
21368
21387
21767
21369
21388
21768
21370
21389
21769
21371
21390
21770
21372
21391
21771
21373
21392
21772
21374
21393
21773
21375
21394
21774
21376
21395
21775
21377
21396
21776
21378
21397
21777
21379
21398
21778
21399
21779
21381
21400
21780
21382
21401
21781
21383
21402
21782
21384
21403
21783
21385
21404
21784
21386
21405
21785
21387
21406
21786
21388
21407
21787
21389
21408
21788
21390
21409
21789
21391
21410
21790
21392
21411
21791
21393
21412
21792
21394
21413
21793
21395
21414
21794
21396
21415
21795
21397
21416
21796
21398
21417
21797
21399
21418
21798
21419
21799
21401
21420
21800
21402
21421
21801
21403
21422
21802
21404
21423
21803
21405
21424
21804
21406
21425
21805
21407
21426
21806
21408
21427
21807
21409
21428
21808
21410
21429
21809
21411
21430
21810
21412
21431
21811
21413
21432
21812
21414
21433
21813
21415
21434
21814
21416
21435
21815
21417
21436
21816
21418
21437
21817
21419
21438
21818
21439
21819
21421
21440
21820
21422
21441
21821
21423
21442
21822
21424
21443
21823
21425
21444
21824
21426
21445
21825
21427
21446
21826
21428
21447
21827
21429
21448
21828
21430
21449
21829
21431
21450
21830
21432
21451
21831
21433
21452
21832
21434
21453
21833
21435
21454
21834
21436
21455
21835
21437
21456
21836
21438
21457
21837
21439
21458
21838
21459
21839
21441
21460
21840
21442
21461
21841
21443
21462
21842
21444
21463
21843
21445
21464
21844
21446
21465
21845
21447
21466
21846
21448
21467
21847
21449
21468
21848
21450
21469
21849
21451
21470
21850
21452
21471
21851
21453
21472
21852
21454
21473
21853
21455
21474
21854
21456
21475
21855
21457
21476
21856
21458
21477
21857
21459
21478
21858
21479
21859
21461
21480
21860
21462
21481
21861
21463
21482
21862
21464
21483
21863
21465
21484
21864
21466
21485
21865
21467
21486
21866
21468
21487
21867
21469
21488
21868
21470
21489
21869
21471
21490
21870
21472
21491
21871
21473
21492
21872
21474
21493
21873
21475
21494
21874
21476
21495
21875
21477
21496
21876
21478
21497
21877
21479
21498
21878
21499
21879
21481
21500
21880
21482
21501
21881
21483
21502
21882
21484
21503
21883
21485
21504
21884
21486
21505
21885
21487
21506
21886
21488
21507
21887
21489
21508
21888
21490
21509
21889
21491
21510
21890
21492
21511
21891
21493
21512
21892
21494
21513
21893
21495
21514
21894
21496
21515
21895
21497
21516
21896
21498
21517
21897
21499
21518
21898
21519
21899
21501
21520
21900
21502
21521
21901
21503
21522
21902
21504
21523
21903
21505
21524
21904
21506
21525
21905
21507
21526
21906
21508
21527
21907
21509
21528
21908
21510
21529
21909
21511
21530
21910
21512
21531
21911
21513
21532
21912
21514
21533
21913
21515
21534
21914
21516
21535
21915
21517
21536
21916
21518
21537
21917
21519
21538
21918
21539
21919
21521
21540
21920
21522
21541
21921
21523
21542
21922
21524
21543
21923
21525
21544
21924
21526
21545
21925
21527
21546
21926
21528
21547
21927
21529
21548
21928
21530
21549
21929
21531
21550
21930
21532
21551
21931
21533
21552
21932
21534
21553
21933
21535
21554
21934
21536
21555
21935
21537
21556
21936
21538
21557
21937
21539
21558
21938
21559
21939
21541
21560
21940
21542
21561
21941
21543
21562
21942
21544
21563
21943
21545
21564
21944
21546
21565
21945
21547
21566
21946
21548
21567
21947
21549
21568
21948
21550
21569
21949
21551
21570
21950
21552
21571
21951
21553
21572
21952
21554
21573
21953
21555
21574
21954
21556
21575
21955
21557
21576
21956
21558
21577
21957
21559
21578
21958
21579
21959
21561
21580
21960
21562
21581
21961
21563
21582
21962
21564
21583
21963
21565
21584
21964
21566
21585
21965
21567
21586
21966
21568
21587
21967
21569
21588
21968
21570
21589
21969
21571
21590
21970
21572
21591
21971
21573
21592
21972
21574
21593
21973
21575
21594
21974
21576
21595
21975
21577
21596
21976
21578
21597
21977
21579
21598
21978
21599
21979
21581
21980
21582
21981
21583
21982
21584
21983
21585
21984
21586
21985
21587
21986
21588
21987
21589
21988
21590
21989
21591
21990
21592
21991
21593
21992
21594
21993
21595
21994
21596
21995
21597
21996
21598
21997
21599
21998
21999
21601
21620
22000
21602
21621
22001
21603
21622
22002
21604
21623
22003
21605
21624
22004
21606
21625
22005
21607
21626
22006
21608
21627
22007
21609
21628
22008
21610
21629
22009
21611
21630
22010
21612
21631
22011
21613
21632
22012
21614
21633
22013
21615
21634
22014
21616
21635
22015
21617
21636
22016
21618
21637
22017
21619
21638
22018
21639
22019
21621
21640
22020
21622
21641
22021
21623
21642
22022
21624
21643
22023
21625
21644
22024
21626
21645
22025
21627
21646
22026
21628
21647
22027
21629
21648
22028
21630
21649
22029
21631
21650
22030
21632
21651
22031
21633
21652
22032
21634
21653
22033
21635
21654
22034
21636
21655
22035
21637
21656
22036
21638
21657
22037
21639
21658
22038
21659
22039
21641
21660
22040
21642
21661
22041
21643
21662
22042
21644
21663
22043
21645
21664
22044
21646
21665
22045
21647
21666
22046
21648
21667
22047
21649
21668
22048
21650
21669
22049
21651
21670
22050
21652
21671
22051
21653
21672
22052
21654
21673
22053
21655
21674
22054
21656
21675
22055
21657
21676
22056
21658
21677
22057
21659
21678
22058
21679
22059
21661
21680
22060
21662
21681
22061
21663
21682
22062
21664
21683
22063
21665
21684
22064
21666
21685
22065
21667
21686
22066
21668
21687
22067
21669
21688
22068
21670
21689
22069
21671
21690
22070
21672
21691
22071
21673
21692
22072
21674
21693
22073
21675
21694
22074
21676
21695
22075
21677
21696
22076
21678
21697
22077
21679
21698
22078
21699
22079
21681
21700
22080
21682
21701
22081
21683
21702
22082
21684
21703
22083
21685
21704
22084
21686
21705
22085
21687
21706
22086
21688
21707
22087
21689
21708
22088
21690
21709
22089
21691
21710
22090
21692
21711
22091
21693
21712
22092
21694
21713
22093
21695
21714
22094
21696
21715
22095
21697
21716
22096
21698
21717
22097
21699
21718
22098
21719
22099
21701
21720
22100
21702
21721
22101
21703
21722
22102
21704
21723
22103
21705
21724
22104
21706
21725
22105
21707
21726
22106
21708
21727
22107
21709
21728
22108
21710
21729
22109
21711
21730
22110
21712
21731
22111
21713
21732
22112
21714
21733
22113
21715
21734
22114
21716
21735
22115
21717
21736
22116
21718
21737
22117
21719
21738
22118
21739
22119
21721
21740
22120
21722
21741
22121
21723
21742
22122
21724
21743
22123
21725
21744
22124
21726
21745
22125
21727
21746
22126
21728
21747
22127
21729
21748
22128
21730
21749
22129
21731
21750
22130
21732
21751
22131
21733
21752
22132
21734
21753
22133
21735
21754
22134
21736
21755
22135
21737
21756
22136
21738
21757
22137
21739
21758
22138
21759
22139
21741
21760
22140
21742
21761
22141
21743
21762
22142
21744
21763
22143
21745
21764
22144
21746
21765
22145
21747
21766
22146
21748
21767
22147
21749
21768
22148
21750
21769
22149
21751
21770
22150
21752
21771
22151
21753
21772
22152
21754
21773
22153
21755
21774
22154
21756
21775
22155
21757
21776
22156
21758
21777
22157
21759
21778
22158
21779
22159
21761
21780
22160
21762
21781
22161
21763
21782
22162
21764
21783
22163
21765
21784
22164
21766
21785
22165
21767
21786
22166
21768
21787
22167
21769
21788
22168
21770
21789
22169
21771
21790
22170
21772
21791
22171
21773
21792
22172
21774
21793
22173
21775
21794
22174
21776
21795
22175
21777
21796
22176
21778
21797
22177
21779
21798
22178
21799
22179
21781
21800
22180
21782
21801
22181
21783
21802
22182
21784
21803
22183
21785
21804
22184
21786
21805
22185
21787
21806
22186
21788
21807
22187
21789
21808
22188
21790
21809
22189
21791
21810
22190
21792
21811
22191
21793
21812
22192
21794
21813
22193
21795
21814
22194
21796
21815
22195
21797
21816
22196
21798
21817
22197
21799
21818
22198
21819
22199
21801
21820
22200
21802
21821
22201
21803
21822
22202
21804
21823
22203
21805
21824
22204
21806
21825
22205
21807
21826
22206
21808
21827
22207
21809
21828
22208
21810
21829
22209
21811
21830
22210
21812
21831
22211
21813
21832
22212
21814
21833
22213
21815
21834
22214
21816
21835
22215
21817
21836
22216
21818
21837
22217
21819
21838
22218
21839
22219
21821
21840
22220
21822
21841
22221
21823
21842
22222
21824
21843
22223
21825
21844
22224
21826
21845
22225
21827
21846
22226
21828
21847
22227
21829
21848
22228
21830
21849
22229
21831
21850
22230
21832
21851
22231
21833
21852
22232
21834
21853
22233
21835
21854
22234
21836
21855
22235
21837
21856
22236
21838
21857
22237
21839
21858
22238
21859
22239
21841
21860
22240
21842
21861
22241
21843
21862
22242
21844
21863
22243
21845
21864
22244
21846
21865
22245
21847
21866
22246
21848
21867
22247
21849
21868
22248
21850
21869
22249
21851
21870
22250
21852
21871
22251
21853
21872
22252
21854
21873
22253
21855
21874
22254
21856
21875
22255
21857
21876
22256
21858
21877
22257
21859
21878
22258
21879
22259
21861
21880
22260
21862
21881
22261
21863
21882
22262
21864
21883
22263
21865
21884
22264
21866
21885
22265
21867
21886
22266
21868
21887
22267
21869
21888
22268
21870
21889
22269
21871
21890
22270
21872
21891
22271
21873
21892
22272
21874
21893
22273
21875
21894
22274
21876
21895
22275
21877
21896
22276
21878
21897
22277
21879
21898
22278
21899
22279
21881
21900
22280
21882
21901
22281
21883
21902
22282
21884
21903
22283
21885
21904
22284
21886
21905
22285
21887
21906
22286
21888
21907
22287
21889
21908
22288
21890
21909
22289
21891
21910
22290
21892
21911
22291
21893
21912
22292
21894
21913
22293
21895
21914
22294
21896
21915
22295
21897
21916
22296
21898
21917
22297
21899
21918
22298
21919
22299
21901
21920
22300
21902
21921
22301
21903
21922
22302
21904
21923
22303
21905
21924
22304
21906
21925
22305
21907
21926
22306
21908
21927
22307
21909
21928
22308
21910
21929
22309
21911
21930
22310
21912
21931
22311
21913
21932
22312
21914
21933
22313
21915
21934
22314
21916
21935
22315
21917
21936
22316
21918
21937
22317
21919
21938
22318
21939
22319
21921
21940
22320
21922
21941
22321
21923
21942
22322
21924
21943
22323
21925
21944
22324
21926
21945
22325
21927
21946
22326
21928
21947
22327
21929
21948
22328
21930
21949
22329
21931
21950
22330
21932
21951
22331
21933
21952
22332
21934
21953
22333
21935
21954
22334
21936
21955
22335
21937
21956
22336
21938
21957
22337
21939
21958
22338
21959
22339
21941
21960
22340
21942
21961
22341
21943
21962
22342
21944
21963
22343
21945
21964
22344
21946
21965
22345
21947
21966
22346
21948
21967
22347
21949
21968
22348
21950
21969
22349
21951
21970
22350
21952
21971
22351
21953
21972
22352
21954
21973
22353
21955
21974
22354
21956
21975
22355
21957
21976
22356
21958
21977
22357
21959
21978
22358
21979
22359
21961
21980
22360
21962
21981
22361
21963
21982
22362
21964
21983
22363
21965
21984
22364
21966
21985
22365
21967
21986
22366
21968
21987
22367
21969
21988
22368
21970
21989
22369
21971
21990
22370
21972
21991
22371
21973
21992
22372
21974
21993
22373
21975
21994
22374
21976
21995
22375
21977
21996
22376
21978
21997
22377
21979
21998
22378
21999
22379
21981
22380
21982
22381
21983
22382
21984
22383
21985
22384
21986
22385
21987
22386
21988
22387
21989
22388
21990
22389
21991
22390
21992
22391
21993
22392
21994
22393
21995
22394
21996
22395
21997
22396
21998
22397
21999
22398
22399
22001
22020
22400
22002
22021
22401
22003
22022
22402
22004
22023
22403
22005
22024
22404
22006
22025
22405
22007
22026
22406
22008
22027
22407
22009
22028
22408
22010
22029
22409
22011
22030
22410
22012
22031
22411
22013
22032
22412
22014
22033
22413
22015
22034
22414
22016
22035
22415
22017
22036
22416
22018
22037
22417
22019
22038
22418
22039
22419
22021
22040
22420
22022
22041
22421
22023
22042
22422
22024
22043
22423
22025
22044
22424
22026
22045
22425
22027
22046
22426
22028
22047
22427
22029
22048
22428
22030
22049
22429
22031
22050
22430
22032
22051
22431
22033
22052
22432
22034
22053
22433
22035
22054
22434
22036
22055
22435
22037
22056
22436
22038
22057
22437
22039
22058
22438
22059
22439
22041
22060
22440
22042
22061
22441
22043
22062
22442
22044
22063
22443
22045
22064
22444
22046
22065
22445
22047
22066
22446
22048
22067
22447
22049
22068
22448
22050
22069
22449
22051
22070
22450
22052
22071
22451
22053
22072
22452
22054
22073
22453
22055
22074
22454
22056
22075
22455
22057
22076
22456
22058
22077
22457
22059
22078
22458
22079
22459
22061
22080
22460
22062
22081
22461
22063
22082
22462
22064
22083
22463
22065
22084
22464
22066
22085
22465
22067
22086
22466
22068
22087
22467
22069
22088
22468
22070
22089
22469
22071
22090
22470
22072
22091
22471
22073
22092
22472
22074
22093
22473
22075
22094
22474
22076
22095
22475
22077
22096
22476
22078
22097
22477
22079
22098
22478
22099
22479
22081
22100
22480
22082
22101
22481
22083
22102
22482
22084
22103
22483
22085
22104
22484
22086
22105
22485
22087
22106
22486
22088
22107
22487
22089
22108
22488
22090
22109
22489
22091
22110
22490
22092
22111
22491
22093
22112
22492
22094
22113
22493
22095
22114
22494
22096
22115
22495
22097
22116
22496
22098
22117
22497
22099
22118
22498
22119
22499
22101
22120
22500
22102
22121
22501
22103
22122
22502
22104
22123
22503
22105
22124
22504
22106
22125
22505
22107
22126
22506
22108
22127
22507
22109
22128
22508
22110
22129
22509
22111
22130
22510
22112
22131
22511
22113
22132
22512
22114
22133
22513
22115
22134
22514
22116
22135
22515
22117
22136
22516
22118
22137
22517
22119
22138
22518
22139
22519
22121
22140
22520
22122
22141
22521
22123
22142
22522
22124
22143
22523
22125
22144
22524
22126
22145
22525
22127
22146
22526
22128
22147
22527
22129
22148
22528
22130
22149
22529
22131
22150
22530
22132
22151
22531
22133
22152
22532
22134
22153
22533
22135
22154
22534
22136
22155
22535
22137
22156
22536
22138
22157
22537
22139
22158
22538
22159
22539
22141
22160
22540
22142
22161
22541
22143
22162
22542
22144
22163
22543
22145
22164
22544
22146
22165
22545
22147
22166
22546
22148
22167
22547
22149
22168
22548
22150
22169
22549
22151
22170
22550
22152
22171
22551
22153
22172
22552
22154
22173
22553
22155
22174
22554
22156
22175
22555
22157
22176
22556
22158
22177
22557
22159
22178
22558
22179
22559
22161
22180
22560
22162
22181
22561
22163
22182
22562
22164
22183
22563
22165
22184
22564
22166
22185
22565
22167
22186
22566
22168
22187
22567
22169
22188
22568
22170
22189
22569
22171
22190
22570
22172
22191
22571
22173
22192
22572
22174
22193
22573
22175
22194
22574
22176
22195
22575
22177
22196
22576
22178
22197
22577
22179
22198
22578
22199
22579
22181
22200
22580
22182
22201
22581
22183
22202
22582
22184
22203
22583
22185
22204
22584
22186
22205
22585
22187
22206
22586
22188
22207
22587
22189
22208
22588
22190
22209
22589
22191
22210
22590
22192
22211
22591
22193
22212
22592
22194
22213
22593
22195
22214
22594
22196
22215
22595
22197
22216
22596
22198
22217
22597
22199
22218
22598
22219
22599
22201
22220
22600
22202
22221
22601
22203
22222
22602
22204
22223
22603
22205
22224
22604
22206
22225
22605
22207
22226
22606
22208
22227
22607
22209
22228
22608
22210
22229
22609
22211
22230
22610
22212
22231
22611
22213
22232
22612
22214
22233
22613
22215
22234
22614
22216
22235
22615
22217
22236
22616
22218
22237
22617
22219
22238
22618
22239
22619
22221
22240
22620
22222
22241
22621
22223
22242
22622
22224
22243
22623
22225
22244
22624
22226
22245
22625
22227
22246
22626
22228
22247
22627
22229
22248
22628
22230
22249
22629
22231
22250
22630
22232
22251
22631
22233
22252
22632
22234
22253
22633
22235
22254
22634
22236
22255
22635
22237
22256
22636
22238
22257
22637
22239
22258
22638
22259
22639
22241
22260
22640
22242
22261
22641
22243
22262
22642
22244
22263
22643
22245
22264
22644
22246
22265
22645
22247
22266
22646
22248
22267
22647
22249
22268
22648
22250
22269
22649
22251
22270
22650
22252
22271
22651
22253
22272
22652
22254
22273
22653
22255
22274
22654
22256
22275
22655
22257
22276
22656
22258
22277
22657
22259
22278
22658
22279
22659
22261
22280
22660
22262
22281
22661
22263
22282
22662
22264
22283
22663
22265
22284
22664
22266
22285
22665
22267
22286
22666
22268
22287
22667
22269
22288
22668
22270
22289
22669
22271
22290
22670
22272
22291
22671
22273
22292
22672
22274
22293
22673
22275
22294
22674
22276
22295
22675
22277
22296
22676
22278
22297
22677
22279
22298
22678
22299
22679
22281
22300
22680
22282
22301
22681
22283
22302
22682
22284
22303
22683
22285
22304
22684
22286
22305
22685
22287
22306
22686
22288
22307
22687
22289
22308
22688
22290
22309
22689
22291
22310
22690
22292
22311
22691
22293
22312
22692
22294
22313
22693
22295
22314
22694
22296
22315
22695
22297
22316
22696
22298
22317
22697
22299
22318
22698
22319
22699
22301
22320
22700
22302
22321
22701
22303
22322
22702
22304
22323
22703
22305
22324
22704
22306
22325
22705
22307
22326
22706
22308
22327
22707
22309
22328
22708
22310
22329
22709
22311
22330
22710
22312
22331
22711
22313
22332
22712
22314
22333
22713
22315
22334
22714
22316
22335
22715
22317
22336
22716
22318
22337
22717
22319
22338
22718
22339
22719
22321
22340
22720
22322
22341
22721
22323
22342
22722
22324
22343
22723
22325
22344
22724
22326
22345
22725
22327
22346
22726
22328
22347
22727
22329
22348
22728
22330
22349
22729
22331
22350
22730
22332
22351
22731
22333
22352
22732
22334
22353
22733
22335
22354
22734
22336
22355
22735
22337
22356
22736
22338
22357
22737
22339
22358
22738
22359
22739
22341
22360
22740
22342
22361
22741
22343
22362
22742
22344
22363
22743
22345
22364
22744
22346
22365
22745
22347
22366
22746
22348
22367
22747
22349
22368
22748
22350
22369
22749
22351
22370
22750
22352
22371
22751
22353
22372
22752
22354
22373
22753
22355
22374
22754
22356
22375
22755
22357
22376
22756
22358
22377
22757
22359
22378
22758
22379
22759
22361
22380
22760
22362
22381
22761
22363
22382
22762
22364
22383
22763
22365
22384
22764
22366
22385
22765
22367
22386
22766
22368
22387
22767
22369
22388
22768
22370
22389
22769
22371
22390
22770
22372
22391
22771
22373
22392
22772
22374
22393
22773
22375
22394
22774
22376
22395
22775
22377
22396
22776
22378
22397
22777
22379
22398
22778
22399
22779
22381
22780
22382
22781
22383
22782
22384
22783
22385
22784
22386
22785
22387
22786
22388
22787
22389
22788
22390
22789
22391
22790
22392
22791
22393
22792
22394
22793
22395
22794
22396
22795
22397
22796
22398
22797
22399
22798
22799
22401
22420
22800
22402
22421
22801
22403
22422
22802
22404
22423
22803
22405
22424
22804
22406
22425
22805
22407
22426
22806
22408
22427
22807
22409
22428
22808
22410
22429
22809
22411
22430
22810
22412
22431
22811
22413
22432
22812
22414
22433
22813
22415
22434
22814
22416
22435
22815
22417
22436
22816
22418
22437
22817
22419
22438
22818
22439
22819
22421
22440
22820
22422
22441
22821
22423
22442
22822
22424
22443
22823
22425
22444
22824
22426
22445
22825
22427
22446
22826
22428
22447
22827
22429
22448
22828
22430
22449
22829
22431
22450
22830
22432
22451
22831
22433
22452
22832
22434
22453
22833
22435
22454
22834
22436
22455
22835
22437
22456
22836
22438
22457
22837
22439
22458
22838
22459
22839
22441
22460
22840
22442
22461
22841
22443
22462
22842
22444
22463
22843
22445
22464
22844
22446
22465
22845
22447
22466
22846
22448
22467
22847
22449
22468
22848
22450
22469
22849
22451
22470
22850
22452
22471
22851
22453
22472
22852
22454
22473
22853
22455
22474
22854
22456
22475
22855
22457
22476
22856
22458
22477
22857
22459
22478
22858
22479
22859
22461
22480
22860
22462
22481
22861
22463
22482
22862
22464
22483
22863
22465
22484
22864
22466
22485
22865
22467
22486
22866
22468
22487
22867
22469
22488
22868
22470
22489
22869
22471
22490
22870
22472
22491
22871
22473
22492
22872
22474
22493
22873
22475
22494
22874
22476
22495
22875
22477
22496
22876
22478
22497
22877
22479
22498
22878
22499
22879
22481
22500
22880
22482
22501
22881
22483
22502
22882
22484
22503
22883
22485
22504
22884
22486
22505
22885
22487
22506
22886
22488
22507
22887
22489
22508
22888
22490
22509
22889
22491
22510
22890
22492
22511
22891
22493
22512
22892
22494
22513
22893
22495
22514
22894
22496
22515
22895
22497
22516
22896
22498
22517
22897
22499
22518
22898
22519
22899
22501
22520
22900
22502
22521
22901
22503
22522
22902
22504
22523
22903
22505
22524
22904
22506
22525
22905
22507
22526
22906
22508
22527
22907
22509
22528
22908
22510
22529
22909
22511
22530
22910
22512
22531
22911
22513
22532
22912
22514
22533
22913
22515
22534
22914
22516
22535
22915
22517
22536
22916
22518
22537
22917
22519
22538
22918
22539
22919
22521
22540
22920
22522
22541
22921
22523
22542
22922
22524
22543
22923
22525
22544
22924
22526
22545
22925
22527
22546
22926
22528
22547
22927
22529
22548
22928
22530
22549
22929
22531
22550
22930
22532
22551
22931
22533
22552
22932
22534
22553
22933
22535
22554
22934
22536
22555
22935
22537
22556
22936
22538
22557
22937
22539
22558
22938
22559
22939
22541
22560
22940
22542
22561
22941
22543
22562
22942
22544
22563
22943
22545
22564
22944
22546
22565
22945
22547
22566
22946
22548
22567
22947
22549
22568
22948
22550
22569
22949
22551
22570
22950
22552
22571
22951
22553
22572
22952
22554
22573
22953
22555
22574
22954
22556
22575
22955
22557
22576
22956
22558
22577
22957
22559
22578
22958
22579
22959
22561
22580
22960
22562
22581
22961
22563
22582
22962
22564
22583
22963
22565
22584
22964
22566
22585
22965
22567
22586
22966
22568
22587
22967
22569
22588
22968
22570
22589
22969
22571
22590
22970
22572
22591
22971
22573
22592
22972
22574
22593
22973
22575
22594
22974
22576
22595
22975
22577
22596
22976
22578
22597
22977
22579
22598
22978
22599
22979
22581
22600
22980
22582
22601
22981
22583
22602
22982
22584
22603
22983
22585
22604
22984
22586
22605
22985
22587
22606
22986
22588
22607
22987
22589
22608
22988
22590
22609
22989
22591
22610
22990
22592
22611
22991
22593
22612
22992
22594
22613
22993
22595
22614
22994
22596
22615
22995
22597
22616
22996
22598
22617
22997
22599
22618
22998
22619
22999
22601
22620
23000
22602
22621
23001
22603
22622
23002
22604
22623
23003
22605
22624
23004
22606
22625
23005
22607
22626
23006
22608
22627
23007
22609
22628
23008
22610
22629
23009
22611
22630
23010
22612
22631
23011
22613
22632
23012
22614
22633
23013
22615
22634
23014
22616
22635
23015
22617
22636
23016
22618
22637
23017
22619
22638
23018
22639
23019
22621
22640
23020
22622
22641
23021
22623
22642
23022
22624
22643
23023
22625
22644
23024
22626
22645
23025
22627
22646
23026
22628
22647
23027
22629
22648
23028
22630
22649
23029
22631
22650
23030
22632
22651
23031
22633
22652
23032
22634
22653
23033
22635
22654
23034
22636
22655
23035
22637
22656
23036
22638
22657
23037
22639
22658
23038
22659
23039
22641
22660
23040
22642
22661
23041
22643
22662
23042
22644
22663
23043
22645
22664
23044
22646
22665
23045
22647
22666
23046
22648
22667
23047
22649
22668
23048
22650
22669
23049
22651
22670
23050
22652
22671
23051
22653
22672
23052
22654
22673
23053
22655
22674
23054
22656
22675
23055
22657
22676
23056
22658
22677
23057
22659
22678
23058
22679
23059
22661
22680
23060
22662
22681
23061
22663
22682
23062
22664
22683
23063
22665
22684
23064
22666
22685
23065
22667
22686
23066
22668
22687
23067
22669
22688
23068
22670
22689
23069
22671
22690
23070
22672
22691
23071
22673
22692
23072
22674
22693
23073
22675
22694
23074
22676
22695
23075
22677
22696
23076
22678
22697
23077
22679
22698
23078
22699
23079
22681
22700
23080
22682
22701
23081
22683
22702
23082
22684
22703
23083
22685
22704
23084
22686
22705
23085
22687
22706
23086
22688
22707
23087
22689
22708
23088
22690
22709
23089
22691
22710
23090
22692
22711
23091
22693
22712
23092
22694
22713
23093
22695
22714
23094
22696
22715
23095
22697
22716
23096
22698
22717
23097
22699
22718
23098
22719
23099
22701
22720
23100
22702
22721
23101
22703
22722
23102
22704
22723
23103
22705
22724
23104
22706
22725
23105
22707
22726
23106
22708
22727
23107
22709
22728
23108
22710
22729
23109
22711
22730
23110
22712
22731
23111
22713
22732
23112
22714
22733
23113
22715
22734
23114
22716
22735
23115
22717
22736
23116
22718
22737
23117
22719
22738
23118
22739
23119
22721
22740
23120
22722
22741
23121
22723
22742
23122
22724
22743
23123
22725
22744
23124
22726
22745
23125
22727
22746
23126
22728
22747
23127
22729
22748
23128
22730
22749
23129
22731
22750
23130
22732
22751
23131
22733
22752
23132
22734
22753
23133
22735
22754
23134
22736
22755
23135
22737
22756
23136
22738
22757
23137
22739
22758
23138
22759
23139
22741
22760
23140
22742
22761
23141
22743
22762
23142
22744
22763
23143
22745
22764
23144
22746
22765
23145
22747
22766
23146
22748
22767
23147
22749
22768
23148
22750
22769
23149
22751
22770
23150
22752
22771
23151
22753
22772
23152
22754
22773
23153
22755
22774
23154
22756
22775
23155
22757
22776
23156
22758
22777
23157
22759
22778
23158
22779
23159
22761
22780
23160
22762
22781
23161
22763
22782
23162
22764
22783
23163
22765
22784
23164
22766
22785
23165
22767
22786
23166
22768
22787
23167
22769
22788
23168
22770
22789
23169
22771
22790
23170
22772
22791
23171
22773
22792
23172
22774
22793
23173
22775
22794
23174
22776
22795
23175
22777
22796
23176
22778
22797
23177
22779
22798
23178
22799
23179
22781
23180
22782
23181
22783
23182
22784
23183
22785
23184
22786
23185
22787
23186
22788
23187
22789
23188
22790
23189
22791
23190
22792
23191
22793
23192
22794
23193
22795
23194
22796
23195
22797
23196
22798
23197
22799
23198
23199
22801
22820
23200
22802
22821
23201
22803
22822
23202
22804
22823
23203
22805
22824
23204
22806
22825
23205
22807
22826
23206
22808
22827
23207
22809
22828
23208
22810
22829
23209
22811
22830
23210
22812
22831
23211
22813
22832
23212
22814
22833
23213
22815
22834
23214
22816
22835
23215
22817
22836
23216
22818
22837
23217
22819
22838
23218
22839
23219
22821
22840
23220
22822
22841
23221
22823
22842
23222
22824
22843
23223
22825
22844
23224
22826
22845
23225
22827
22846
23226
22828
22847
23227
22829
22848
23228
22830
22849
23229
22831
22850
23230
22832
22851
23231
22833
22852
23232
22834
22853
23233
22835
22854
23234
22836
22855
23235
22837
22856
23236
22838
22857
23237
22839
22858
23238
22859
23239
22841
22860
23240
22842
22861
23241
22843
22862
23242
22844
22863
23243
22845
22864
23244
22846
22865
23245
22847
22866
23246
22848
22867
23247
22849
22868
23248
22850
22869
23249
22851
22870
23250
22852
22871
23251
22853
22872
23252
22854
22873
23253
22855
22874
23254
22856
22875
23255
22857
22876
23256
22858
22877
23257
22859
22878
23258
22879
23259
22861
22880
23260
22862
22881
23261
22863
22882
23262
22864
22883
23263
22865
22884
23264
22866
22885
23265
22867
22886
23266
22868
22887
23267
22869
22888
23268
22870
22889
23269
22871
22890
23270
22872
22891
23271
22873
22892
23272
22874
22893
23273
22875
22894
23274
22876
22895
23275
22877
22896
23276
22878
22897
23277
22879
22898
23278
22899
23279
22881
22900
23280
22882
22901
23281
22883
22902
23282
22884
22903
23283
22885
22904
23284
22886
22905
23285
22887
22906
23286
22888
22907
23287
22889
22908
23288
22890
22909
23289
22891
22910
23290
22892
22911
23291
22893
22912
23292
22894
22913
23293
22895
22914
23294
22896
22915
23295
22897
22916
23296
22898
22917
23297
22899
22918
23298
22919
23299
22901
22920
23300
22902
22921
23301
22903
22922
23302
22904
22923
23303
22905
22924
23304
22906
22925
23305
22907
22926
23306
22908
22927
23307
22909
22928
23308
22910
22929
23309
22911
22930
23310
22912
22931
23311
22913
22932
23312
22914
22933
23313
22915
22934
23314
22916
22935
23315
22917
22936
23316
22918
22937
23317
22919
22938
23318
22939
23319
22921
22940
23320
22922
22941
23321
22923
22942
23322
22924
22943
23323
22925
22944
23324
22926
22945
23325
22927
22946
23326
22928
22947
23327
22929
22948
23328
22930
22949
23329
22931
22950
23330
22932
22951
23331
22933
22952
23332
22934
22953
23333
22935
22954
23334
22936
22955
23335
22937
22956
23336
22938
22957
23337
22939
22958
23338
22959
23339
22941
22960
23340
22942
22961
23341
22943
22962
23342
22944
22963
23343
22945
22964
23344
22946
22965
23345
22947
22966
23346
22948
22967
23347
22949
22968
23348
22950
22969
23349
22951
22970
23350
22952
22971
23351
22953
22972
23352
22954
22973
23353
22955
22974
23354
22956
22975
23355
22957
22976
23356
22958
22977
23357
22959
22978
23358
22979
23359
22961
22980
23360
22962
22981
23361
22963
22982
23362
22964
22983
23363
22965
22984
23364
22966
22985
23365
22967
22986
23366
22968
22987
23367
22969
22988
23368
22970
22989
23369
22971
22990
23370
22972
22991
23371
22973
22992
23372
22974
22993
23373
22975
22994
23374
22976
22995
23375
22977
22996
23376
22978
22997
23377
22979
22998
23378
22999
23379
22981
23000
23380
22982
23001
23381
22983
23002
23382
22984
23003
23383
22985
23004
23384
22986
23005
23385
22987
23006
23386
22988
23007
23387
22989
23008
23388
22990
23009
23389
22991
23010
23390
22992
23011
23391
22993
23012
23392
22994
23013
23393
22995
23014
23394
22996
23015
23395
22997
23016
23396
22998
23017
23397
22999
23018
23398
23019
23399
23001
23020
23400
23002
23021
23401
23003
23022
23402
23004
23023
23403
23005
23024
23404
23006
23025
23405
23007
23026
23406
23008
23027
23407
23009
23028
23408
23010
23029
23409
23011
23030
23410
23012
23031
23411
23013
23032
23412
23014
23033
23413
23015
23034
23414
23016
23035
23415
23017
23036
23416
23018
23037
23417
23019
23038
23418
23039
23419
23021
23040
23420
23022
23041
23421
23023
23042
23422
23024
23043
23423
23025
23044
23424
23026
23045
23425
23027
23046
23426
23028
23047
23427
23029
23048
23428
23030
23049
23429
23031
23050
23430
23032
23051
23431
23033
23052
23432
23034
23053
23433
23035
23054
23434
23036
23055
23435
23037
23056
23436
23038
23057
23437
23039
23058
23438
23059
23439
23041
23060
23440
23042
23061
23441
23043
23062
23442
23044
23063
23443
23045
23064
23444
23046
23065
23445
23047
23066
23446
23048
23067
23447
23049
23068
23448
23050
23069
23449
23051
23070
23450
23052
23071
23451
23053
23072
23452
23054
23073
23453
23055
23074
23454
23056
23075
23455
23057
23076
23456
23058
23077
23457
23059
23078
23458
23079
23459
23061
23080
23460
23062
23081
23461
23063
23082
23462
23064
23083
23463
23065
23084
23464
23066
23085
23465
23067
23086
23466
23068
23087
23467
23069
23088
23468
23070
23089
23469
23071
23090
23470
23072
23091
23471
23073
23092
23472
23074
23093
23473
23075
23094
23474
23076
23095
23475
23077
23096
23476
23078
23097
23477
23079
23098
23478
23099
23479
23081
23100
23480
23082
23101
23481
23083
23102
23482
23084
23103
23483
23085
23104
23484
23086
23105
23485
23087
23106
23486
23088
23107
23487
23089
23108
23488
23090
23109
23489
23091
23110
23490
23092
23111
23491
23093
23112
23492
23094
23113
23493
23095
23114
23494
23096
23115
23495
23097
23116
23496
23098
23117
23497
23099
23118
23498
23119
23499
23101
23120
23500
23102
23121
23501
23103
23122
23502
23104
23123
23503
23105
23124
23504
23106
23125
23505
23107
23126
23506
23108
23127
23507
23109
23128
23508
23110
23129
23509
23111
23130
23510
23112
23131
23511
23113
23132
23512
23114
23133
23513
23115
23134
23514
23116
23135
23515
23117
23136
23516
23118
23137
23517
23119
23138
23518
23139
23519
23121
23140
23520
23122
23141
23521
23123
23142
23522
23124
23143
23523
23125
23144
23524
23126
23145
23525
23127
23146
23526
23128
23147
23527
23129
23148
23528
23130
23149
23529
23131
23150
23530
23132
23151
23531
23133
23152
23532
23134
23153
23533
23135
23154
23534
23136
23155
23535
23137
23156
23536
23138
23157
23537
23139
23158
23538
23159
23539
23141
23160
23540
23142
23161
23541
23143
23162
23542
23144
23163
23543
23145
23164
23544
23146
23165
23545
23147
23166
23546
23148
23167
23547
23149
23168
23548
23150
23169
23549
23151
23170
23550
23152
23171
23551
23153
23172
23552
23154
23173
23553
23155
23174
23554
23156
23175
23555
23157
23176
23556
23158
23177
23557
23159
23178
23558
23179
23559
23161
23180
23560
23162
23181
23561
23163
23182
23562
23164
23183
23563
23165
23184
23564
23166
23185
23565
23167
23186
23566
23168
23187
23567
23169
23188
23568
23170
23189
23569
23171
23190
23570
23172
23191
23571
23173
23192
23572
23174
23193
23573
23175
23194
23574
23176
23195
23575
23177
23196
23576
23178
23197
23577
23179
23198
23578
23199
23579
23181
23580
23182
23581
23183
23582
23184
23583
23185
23584
23186
23585
23187
23586
23188
23587
23189
23588
23190
23589
23191
23590
23192
23591
23193
23592
23194
23593
23195
23594
23196
23595
23197
23596
23198
23597
23199
23598
23599
23201
23220
23600
23202
23221
23601
23203
23222
23602
23204
23223
23603
23205
23224
23604
23206
23225
23605
23207
23226
23606
23208
23227
23607
23209
23228
23608
23210
23229
23609
23211
23230
23610
23212
23231
23611
23213
23232
23612
23214
23233
23613
23215
23234
23614
23216
23235
23615
23217
23236
23616
23218
23237
23617
23219
23238
23618
23239
23619
23221
23240
23620
23222
23241
23621
23223
23242
23622
23224
23243
23623
23225
23244
23624
23226
23245
23625
23227
23246
23626
23228
23247
23627
23229
23248
23628
23230
23249
23629
23231
23250
23630
23232
23251
23631
23233
23252
23632
23234
23253
23633
23235
23254
23634
23236
23255
23635
23237
23256
23636
23238
23257
23637
23239
23258
23638
23259
23639
23241
23260
23640
23242
23261
23641
23243
23262
23642
23244
23263
23643
23245
23264
23644
23246
23265
23645
23247
23266
23646
23248
23267
23647
23249
23268
23648
23250
23269
23649
23251
23270
23650
23252
23271
23651
23253
23272
23652
23254
23273
23653
23255
23274
23654
23256
23275
23655
23257
23276
23656
23258
23277
23657
23259
23278
23658
23279
23659
23261
23280
23660
23262
23281
23661
23263
23282
23662
23264
23283
23663
23265
23284
23664
23266
23285
23665
23267
23286
23666
23268
23287
23667
23269
23288
23668
23270
23289
23669
23271
23290
23670
23272
23291
23671
23273
23292
23672
23274
23293
23673
23275
23294
23674
23276
23295
23675
23277
23296
23676
23278
23297
23677
23279
23298
23678
23299
23679
23281
23300
23680
23282
23301
23681
23283
23302
23682
23284
23303
23683
23285
23304
23684
23286
23305
23685
23287
23306
23686
23288
23307
23687
23289
23308
23688
23290
23309
23689
23291
23310
23690
23292
23311
23691
23293
23312
23692
23294
23313
23693
23295
23314
23694
23296
23315
23695
23297
23316
23696
23298
23317
23697
23299
23318
23698
23319
23699
23301
23320
23700
23302
23321
23701
23303
23322
23702
23304
23323
23703
23305
23324
23704
23306
23325
23705
23307
23326
23706
23308
23327
23707
23309
23328
23708
23310
23329
23709
23311
23330
23710
23312
23331
23711
23313
23332
23712
23314
23333
23713
23315
23334
23714
23316
23335
23715
23317
23336
23716
23318
23337
23717
23319
23338
23718
23339
23719
23321
23340
23720
23322
23341
23721
23323
23342
23722
23324
23343
23723
23325
23344
23724
23326
23345
23725
23327
23346
23726
23328
23347
23727
23329
23348
23728
23330
23349
23729
23331
23350
23730
23332
23351
23731
23333
23352
23732
23334
23353
23733
23335
23354
23734
23336
23355
23735
23337
23356
23736
23338
23357
23737
23339
23358
23738
23359
23739
23341
23360
23740
23342
23361
23741
23343
23362
23742
23344
23363
23743
23345
23364
23744
23346
23365
23745
23347
23366
23746
23348
23367
23747
23349
23368
23748
23350
23369
23749
23351
23370
23750
23352
23371
23751
23353
23372
23752
23354
23373
23753
23355
23374
23754
23356
23375
23755
23357
23376
23756
23358
23377
23757
23359
23378
23758
23379
23759
23361
23380
23760
23362
23381
23761
23363
23382
23762
23364
23383
23763
23365
23384
23764
23366
23385
23765
23367
23386
23766
23368
23387
23767
23369
23388
23768
23370
23389
23769
23371
23390
23770
23372
23391
23771
23373
23392
23772
23374
23393
23773
23375
23394
23774
23376
23395
23775
23377
23396
23776
23378
23397
23777
23379
23398
23778
23399
23779
23381
23400
23780
23382
23401
23781
23383
23402
23782
23384
23403
23783
23385
23404
23784
23386
23405
23785
23387
23406
23786
23388
23407
23787
23389
23408
23788
23390
23409
23789
23391
23410
23790
23392
23411
23791
23393
23412
23792
23394
23413
23793
23395
23414
23794
23396
23415
23795
23397
23416
23796
23398
23417
23797
23399
23418
23798
23419
23799
23401
23420
23800
23402
23421
23801
23403
23422
23802
23404
23423
23803
23405
23424
23804
23406
23425
23805
23407
23426
23806
23408
23427
23807
23409
23428
23808
23410
23429
23809
23411
23430
23810
23412
23431
23811
23413
23432
23812
23414
23433
23813
23415
23434
23814
23416
23435
23815
23417
23436
23816
23418
23437
23817
23419
23438
23818
23439
23819
23421
23440
23820
23422
23441
23821
23423
23442
23822
23424
23443
23823
23425
23444
23824
23426
23445
23825
23427
23446
23826
23428
23447
23827
23429
23448
23828
23430
23449
23829
23431
23450
23830
23432
23451
23831
23433
23452
23832
23434
23453
23833
23435
23454
23834
23436
23455
23835
23437
23456
23836
23438
23457
23837
23439
23458
23838
23459
23839
23441
23460
23840
23442
23461
23841
23443
23462
23842
23444
23463
23843
23445
23464
23844
23446
23465
23845
23447
23466
23846
23448
23467
23847
23449
23468
23848
23450
23469
23849
23451
23470
23850
23452
23471
23851
23453
23472
23852
23454
23473
23853
23455
23474
23854
23456
23475
23855
23457
23476
23856
23458
23477
23857
23459
23478
23858
23479
23859
23461
23480
23860
23462
23481
23861
23463
23482
23862
23464
23483
23863
23465
23484
23864
23466
23485
23865
23467
23486
23866
23468
23487
23867
23469
23488
23868
23470
23489
23869
23471
23490
23870
23472
23491
23871
23473
23492
23872
23474
23493
23873
23475
23494
23874
23476
23495
23875
23477
23496
23876
23478
23497
23877
23479
23498
23878
23499
23879
23481
23500
23880
23482
23501
23881
23483
23502
23882
23484
23503
23883
23485
23504
23884
23486
23505
23885
23487
23506
23886
23488
23507
23887
23489
23508
23888
23490
23509
23889
23491
23510
23890
23492
23511
23891
23493
23512
23892
23494
23513
23893
23495
23514
23894
23496
23515
23895
23497
23516
23896
23498
23517
23897
23499
23518
23898
23519
23899
23501
23520
23900
23502
23521
23901
23503
23522
23902
23504
23523
23903
23505
23524
23904
23506
23525
23905
23507
23526
23906
23508
23527
23907
23509
23528
23908
23510
23529
23909
23511
23530
23910
23512
23531
23911
23513
23532
23912
23514
23533
23913
23515
23534
23914
23516
23535
23915
23517
23536
23916
23518
23537
23917
23519
23538
23918
23539
23919
23521
23540
23920
23522
23541
23921
23523
23542
23922
23524
23543
23923
23525
23544
23924
23526
23545
23925
23527
23546
23926
23528
23547
23927
23529
23548
23928
23530
23549
23929
23531
23550
23930
23532
23551
23931
23533
23552
23932
23534
23553
23933
23535
23554
23934
23536
23555
23935
23537
23556
23936
23538
23557
23937
23539
23558
23938
23559
23939
23541
23560
23940
23542
23561
23941
23543
23562
23942
23544
23563
23943
23545
23564
23944
23546
23565
23945
23547
23566
23946
23548
23567
23947
23549
23568
23948
23550
23569
23949
23551
23570
23950
23552
23571
23951
23553
23572
23952
23554
23573
23953
23555
23574
23954
23556
23575
23955
23557
23576
23956
23558
23577
23957
23559
23578
23958
23579
23959
23561
23580
23960
23562
23581
23961
23563
23582
23962
23564
23583
23963
23565
23584
23964
23566
23585
23965
23567
23586
23966
23568
23587
23967
23569
23588
23968
23570
23589
23969
23571
23590
23970
23572
23591
23971
23573
23592
23972
23574
23593
23973
23575
23594
23974
23576
23595
23975
23577
23596
23976
23578
23597
23977
23579
23598
23978
23599
23979
23581
23980
23582
23981
23583
23982
23584
23983
23585
23984
23586
23985
23587
23986
23588
23987
23589
23988
23590
23989
23591
23990
23592
23991
23593
23992
23594
23993
23595
23994
23596
23995
23597
23996
23598
23997
23599
23998
23999
23601
23620
24000
23602
23621
24001
23603
23622
24002
23604
23623
24003
23605
23624
24004
23606
23625
24005
23607
23626
24006
23608
23627
24007
23609
23628
24008
23610
23629
24009
23611
23630
24010
23612
23631
24011
23613
23632
24012
23614
23633
24013
23615
23634
24014
23616
23635
24015
23617
23636
24016
23618
23637
24017
23619
23638
24018
23639
24019
23621
23640
24020
23622
23641
24021
23623
23642
24022
23624
23643
24023
23625
23644
24024
23626
23645
24025
23627
23646
24026
23628
23647
24027
23629
23648
24028
23630
23649
24029
23631
23650
24030
23632
23651
24031
23633
23652
24032
23634
23653
24033
23635
23654
24034
23636
23655
24035
23637
23656
24036
23638
23657
24037
23639
23658
24038
23659
24039
23641
23660
24040
23642
23661
24041
23643
23662
24042
23644
23663
24043
23645
23664
24044
23646
23665
24045
23647
23666
24046
23648
23667
24047
23649
23668
24048
23650
23669
24049
23651
23670
24050
23652
23671
24051
23653
23672
24052
23654
23673
24053
23655
23674
24054
23656
23675
24055
23657
23676
24056
23658
23677
24057
23659
23678
24058
23679
24059
23661
23680
24060
23662
23681
24061
23663
23682
24062
23664
23683
24063
23665
23684
24064
23666
23685
24065
23667
23686
24066
23668
23687
24067
23669
23688
24068
23670
23689
24069
23671
23690
24070
23672
23691
24071
23673
23692
24072
23674
23693
24073
23675
23694
24074
23676
23695
24075
23677
23696
24076
23678
23697
24077
23679
23698
24078
23699
24079
23681
23700
24080
23682
23701
24081
23683
23702
24082
23684
23703
24083
23685
23704
24084
23686
23705
24085
23687
23706
24086
23688
23707
24087
23689
23708
24088
23690
23709
24089
23691
23710
24090
23692
23711
24091
23693
23712
24092
23694
23713
24093
23695
23714
24094
23696
23715
24095
23697
23716
24096
23698
23717
24097
23699
23718
24098
23719
24099
23701
23720
24100
23702
23721
24101
23703
23722
24102
23704
23723
24103
23705
23724
24104
23706
23725
24105
23707
23726
24106
23708
23727
24107
23709
23728
24108
23710
23729
24109
23711
23730
24110
23712
23731
24111
23713
23732
24112
23714
23733
24113
23715
23734
24114
23716
23735
24115
23717
23736
24116
23718
23737
24117
23719
23738
24118
23739
24119
23721
23740
24120
23722
23741
24121
23723
23742
24122
23724
23743
24123
23725
23744
24124
23726
23745
24125
23727
23746
24126
23728
23747
24127
23729
23748
24128
23730
23749
24129
23731
23750
24130
23732
23751
24131
23733
23752
24132
23734
23753
24133
23735
23754
24134
23736
23755
24135
23737
23756
24136
23738
23757
24137
23739
23758
24138
23759
24139
23741
23760
24140
23742
23761
24141
23743
23762
24142
23744
23763
24143
23745
23764
24144
23746
23765
24145
23747
23766
24146
23748
23767
24147
23749
23768
24148
23750
23769
24149
23751
23770
24150
23752
23771
24151
23753
23772
24152
23754
23773
24153
23755
23774
24154
23756
23775
24155
23757
23776
24156
23758
23777
24157
23759
23778
24158
23779
24159
23761
23780
24160
23762
23781
24161
23763
23782
24162
23764
23783
24163
23765
23784
24164
23766
23785
24165
23767
23786
24166
23768
23787
24167
23769
23788
24168
23770
23789
24169
23771
23790
24170
23772
23791
24171
23773
23792
24172
23774
23793
24173
23775
23794
24174
23776
23795
24175
23777
23796
24176
23778
23797
24177
23779
23798
24178
23799
24179
23781
23800
24180
23782
23801
24181
23783
23802
24182
23784
23803
24183
23785
23804
24184
23786
23805
24185
23787
23806
24186
23788
23807
24187
23789
23808
24188
23790
23809
24189
23791
23810
24190
23792
23811
24191
23793
23812
24192
23794
23813
24193
23795
23814
24194
23796
23815
24195
23797
23816
24196
23798
23817
24197
23799
23818
24198
23819
24199
23801
23820
24200
23802
23821
24201
23803
23822
24202
23804
23823
24203
23805
23824
24204
23806
23825
24205
23807
23826
24206
23808
23827
24207
23809
23828
24208
23810
23829
24209
23811
23830
24210
23812
23831
24211
23813
23832
24212
23814
23833
24213
23815
23834
24214
23816
23835
24215
23817
23836
24216
23818
23837
24217
23819
23838
24218
23839
24219
23821
23840
24220
23822
23841
24221
23823
23842
24222
23824
23843
24223
23825
23844
24224
23826
23845
24225
23827
23846
24226
23828
23847
24227
23829
23848
24228
23830
23849
24229
23831
23850
24230
23832
23851
24231
23833
23852
24232
23834
23853
24233
23835
23854
24234
23836
23855
24235
23837
23856
24236
23838
23857
24237
23839
23858
24238
23859
24239
23841
23860
24240
23842
23861
24241
23843
23862
24242
23844
23863
24243
23845
23864
24244
23846
23865
24245
23847
23866
24246
23848
23867
24247
23849
23868
24248
23850
23869
24249
23851
23870
24250
23852
23871
24251
23853
23872
24252
23854
23873
24253
23855
23874
24254
23856
23875
24255
23857
23876
24256
23858
23877
24257
23859
23878
24258
23879
24259
23861
23880
24260
23862
23881
24261
23863
23882
24262
23864
23883
24263
23865
23884
24264
23866
23885
24265
23867
23886
24266
23868
23887
24267
23869
23888
24268
23870
23889
24269
23871
23890
24270
23872
23891
24271
23873
23892
24272
23874
23893
24273
23875
23894
24274
23876
23895
24275
23877
23896
24276
23878
23897
24277
23879
23898
24278
23899
24279
23881
23900
24280
23882
23901
24281
23883
23902
24282
23884
23903
24283
23885
23904
24284
23886
23905
24285
23887
23906
24286
23888
23907
24287
23889
23908
24288
23890
23909
24289
23891
23910
24290
23892
23911
24291
23893
23912
24292
23894
23913
24293
23895
23914
24294
23896
23915
24295
23897
23916
24296
23898
23917
24297
23899
23918
24298
23919
24299
23901
23920
24300
23902
23921
24301
23903
23922
24302
23904
23923
24303
23905
23924
24304
23906
23925
24305
23907
23926
24306
23908
23927
24307
23909
23928
24308
23910
23929
24309
23911
23930
24310
23912
23931
24311
23913
23932
24312
23914
23933
24313
23915
23934
24314
23916
23935
24315
23917
23936
24316
23918
23937
24317
23919
23938
24318
23939
24319
23921
23940
24320
23922
23941
24321
23923
23942
24322
23924
23943
24323
23925
23944
24324
23926
23945
24325
23927
23946
24326
23928
23947
24327
23929
23948
24328
23930
23949
24329
23931
23950
24330
23932
23951
24331
23933
23952
24332
23934
23953
24333
23935
23954
24334
23936
23955
24335
23937
23956
24336
23938
23957
24337
23939
23958
24338
23959
24339
23941
23960
24340
23942
23961
24341
23943
23962
24342
23944
23963
24343
23945
23964
24344
23946
23965
24345
23947
23966
24346
23948
23967
24347
23949
23968
24348
23950
23969
24349
23951
23970
24350
23952
23971
24351
23953
23972
24352
23954
23973
24353
23955
23974
24354
23956
23975
24355
23957
23976
24356
23958
23977
24357
23959
23978
24358
23979
24359
23961
23980
24360
23962
23981
24361
23963
23982
24362
23964
23983
24363
23965
23984
24364
23966
23985
24365
23967
23986
24366
23968
23987
24367
23969
23988
24368
23970
23989
24369
23971
23990
24370
23972
23991
24371
23973
23992
24372
23974
23993
24373
23975
23994
24374
23976
23995
24375
23977
23996
24376
23978
23997
24377
23979
23998
24378
23999
24379
23981
24380
23982
24381
23983
24382
23984
24383
23985
24384
23986
24385
23987
24386
23988
24387
23989
24388
23990
24389
23991
24390
23992
24391
23993
24392
23994
24393
23995
24394
23996
24395
23997
24396
23998
24397
23999
24398
24399
24001
24020
24400
24002
24021
24401
24003
24022
24402
24004
24023
24403
24005
24024
24404
24006
24025
24405
24007
24026
24406
24008
24027
24407
24009
24028
24408
24010
24029
24409
24011
24030
24410
24012
24031
24411
24013
24032
24412
24014
24033
24413
24015
24034
24414
24016
24035
24415
24017
24036
24416
24018
24037
24417
24019
24038
24418
24039
24419
24021
24040
24420
24022
24041
24421
24023
24042
24422
24024
24043
24423
24025
24044
24424
24026
24045
24425
24027
24046
24426
24028
24047
24427
24029
24048
24428
24030
24049
24429
24031
24050
24430
24032
24051
24431
24033
24052
24432
24034
24053
24433
24035
24054
24434
24036
24055
24435
24037
24056
24436
24038
24057
24437
24039
24058
24438
24059
24439
24041
24060
24440
24042
24061
24441
24043
24062
24442
24044
24063
24443
24045
24064
24444
24046
24065
24445
24047
24066
24446
24048
24067
24447
24049
24068
24448
24050
24069
24449
24051
24070
24450
24052
24071
24451
24053
24072
24452
24054
24073
24453
24055
24074
24454
24056
24075
24455
24057
24076
24456
24058
24077
24457
24059
24078
24458
24079
24459
24061
24080
24460
24062
24081
24461
24063
24082
24462
24064
24083
24463
24065
24084
24464
24066
24085
24465
24067
24086
24466
24068
24087
24467
24069
24088
24468
24070
24089
24469
24071
24090
24470
24072
24091
24471
24073
24092
24472
24074
24093
24473
24075
24094
24474
24076
24095
24475
24077
24096
24476
24078
24097
24477
24079
24098
24478
24099
24479
24081
24100
24480
24082
24101
24481
24083
24102
24482
24084
24103
24483
24085
24104
24484
24086
24105
24485
24087
24106
24486
24088
24107
24487
24089
24108
24488
24090
24109
24489
24091
24110
24490
24092
24111
24491
24093
24112
24492
24094
24113
24493
24095
24114
24494
24096
24115
24495
24097
24116
24496
24098
24117
24497
24099
24118
24498
24119
24499
24101
24120
24500
24102
24121
24501
24103
24122
24502
24104
24123
24503
24105
24124
24504
24106
24125
24505
24107
24126
24506
24108
24127
24507
24109
24128
24508
24110
24129
24509
24111
24130
24510
24112
24131
24511
24113
24132
24512
24114
24133
24513
24115
24134
24514
24116
24135
24515
24117
24136
24516
24118
24137
24517
24119
24138
24518
24139
24519
24121
24140
24520
24122
24141
24521
24123
24142
24522
24124
24143
24523
24125
24144
24524
24126
24145
24525
24127
24146
24526
24128
24147
24527
24129
24148
24528
24130
24149
24529
24131
24150
24530
24132
24151
24531
24133
24152
24532
24134
24153
24533
24135
24154
24534
24136
24155
24535
24137
24156
24536
24138
24157
24537
24139
24158
24538
24159
24539
24141
24160
24540
24142
24161
24541
24143
24162
24542
24144
24163
24543
24145
24164
24544
24146
24165
24545
24147
24166
24546
24148
24167
24547
24149
24168
24548
24150
24169
24549
24151
24170
24550
24152
24171
24551
24153
24172
24552
24154
24173
24553
24155
24174
24554
24156
24175
24555
24157
24176
24556
24158
24177
24557
24159
24178
24558
24179
24559
24161
24180
24560
24162
24181
24561
24163
24182
24562
24164
24183
24563
24165
24184
24564
24166
24185
24565
24167
24186
24566
24168
24187
24567
24169
24188
24568
24170
24189
24569
24171
24190
24570
24172
24191
24571
24173
24192
24572
24174
24193
24573
24175
24194
24574
24176
24195
24575
24177
24196
24576
24178
24197
24577
24179
24198
24578
24199
24579
24181
24200
24580
24182
24201
24581
24183
24202
24582
24184
24203
24583
24185
24204
24584
24186
24205
24585
24187
24206
24586
24188
24207
24587
24189
24208
24588
24190
24209
24589
24191
24210
24590
24192
24211
24591
24193
24212
24592
24194
24213
24593
24195
24214
24594
24196
24215
24595
24197
24216
24596
24198
24217
24597
24199
24218
24598
24219
24599
24201
24220
24600
24202
24221
24601
24203
24222
24602
24204
24223
24603
24205
24224
24604
24206
24225
24605
24207
24226
24606
24208
24227
24607
24209
24228
24608
24210
24229
24609
24211
24230
24610
24212
24231
24611
24213
24232
24612
24214
24233
24613
24215
24234
24614
24216
24235
24615
24217
24236
24616
24218
24237
24617
24219
24238
24618
24239
24619
24221
24240
24620
24222
24241
24621
24223
24242
24622
24224
24243
24623
24225
24244
24624
24226
24245
24625
24227
24246
24626
24228
24247
24627
24229
24248
24628
24230
24249
24629
24231
24250
24630
24232
24251
24631
24233
24252
24632
24234
24253
24633
24235
24254
24634
24236
24255
24635
24237
24256
24636
24238
24257
24637
24239
24258
24638
24259
24639
24241
24260
24640
24242
24261
24641
24243
24262
24642
24244
24263
24643
24245
24264
24644
24246
24265
24645
24247
24266
24646
24248
24267
24647
24249
24268
24648
24250
24269
24649
24251
24270
24650
24252
24271
24651
24253
24272
24652
24254
24273
24653
24255
24274
24654
24256
24275
24655
24257
24276
24656
24258
24277
24657
24259
24278
24658
24279
24659
24261
24280
24660
24262
24281
24661
24263
24282
24662
24264
24283
24663
24265
24284
24664
24266
24285
24665
24267
24286
24666
24268
24287
24667
24269
24288
24668
24270
24289
24669
24271
24290
24670
24272
24291
24671
24273
24292
24672
24274
24293
24673
24275
24294
24674
24276
24295
24675
24277
24296
24676
24278
24297
24677
24279
24298
24678
24299
24679
24281
24300
24680
24282
24301
24681
24283
24302
24682
24284
24303
24683
24285
24304
24684
24286
24305
24685
24287
24306
24686
24288
24307
24687
24289
24308
24688
24290
24309
24689
24291
24310
24690
24292
24311
24691
24293
24312
24692
24294
24313
24693
24295
24314
24694
24296
24315
24695
24297
24316
24696
24298
24317
24697
24299
24318
24698
24319
24699
24301
24320
24700
24302
24321
24701
24303
24322
24702
24304
24323
24703
24305
24324
24704
24306
24325
24705
24307
24326
24706
24308
24327
24707
24309
24328
24708
24310
24329
24709
24311
24330
24710
24312
24331
24711
24313
24332
24712
24314
24333
24713
24315
24334
24714
24316
24335
24715
24317
24336
24716
24318
24337
24717
24319
24338
24718
24339
24719
24321
24340
24720
24322
24341
24721
24323
24342
24722
24324
24343
24723
24325
24344
24724
24326
24345
24725
24327
24346
24726
24328
24347
24727
24329
24348
24728
24330
24349
24729
24331
24350
24730
24332
24351
24731
24333
24352
24732
24334
24353
24733
24335
24354
24734
24336
24355
24735
24337
24356
24736
24338
24357
24737
24339
24358
24738
24359
24739
24341
24360
24740
24342
24361
24741
24343
24362
24742
24344
24363
24743
24345
24364
24744
24346
24365
24745
24347
24366
24746
24348
24367
24747
24349
24368
24748
24350
24369
24749
24351
24370
24750
24352
24371
24751
24353
24372
24752
24354
24373
24753
24355
24374
24754
24356
24375
24755
24357
24376
24756
24358
24377
24757
24359
24378
24758
24379
24759
24361
24380
24760
24362
24381
24761
24363
24382
24762
24364
24383
24763
24365
24384
24764
24366
24385
24765
24367
24386
24766
24368
24387
24767
24369
24388
24768
24370
24389
24769
24371
24390
24770
24372
24391
24771
24373
24392
24772
24374
24393
24773
24375
24394
24774
24376
24395
24775
24377
24396
24776
24378
24397
24777
24379
24398
24778
24399
24779
24381
24780
24382
24781
24383
24782
24384
24783
24385
24784
24386
24785
24387
24786
24388
24787
24389
24788
24390
24789
24391
24790
24392
24791
24393
24792
24394
24793
24395
24794
24396
24795
24397
24796
24398
24797
24399
24798
24799
24401
24420
24800
24402
24421
24801
24403
24422
24802
24404
24423
24803
24405
24424
24804
24406
24425
24805
24407
24426
24806
24408
24427
24807
24409
24428
24808
24410
24429
24809
24411
24430
24810
24412
24431
24811
24413
24432
24812
24414
24433
24813
24415
24434
24814
24416
24435
24815
24417
24436
24816
24418
24437
24817
24419
24438
24818
24439
24819
24421
24440
24820
24422
24441
24821
24423
24442
24822
24424
24443
24823
24425
24444
24824
24426
24445
24825
24427
24446
24826
24428
24447
24827
24429
24448
24828
24430
24449
24829
24431
24450
24830
24432
24451
24831
24433
24452
24832
24434
24453
24833
24435
24454
24834
24436
24455
24835
24437
24456
24836
24438
24457
24837
24439
24458
24838
24459
24839
24441
24460
24840
24442
24461
24841
24443
24462
24842
24444
24463
24843
24445
24464
24844
24446
24465
24845
24447
24466
24846
24448
24467
24847
24449
24468
24848
24450
24469
24849
24451
24470
24850
24452
24471
24851
24453
24472
24852
24454
24473
24853
24455
24474
24854
24456
24475
24855
24457
24476
24856
24458
24477
24857
24459
24478
24858
24479
24859
24461
24480
24860
24462
24481
24861
24463
24482
24862
24464
24483
24863
24465
24484
24864
24466
24485
24865
24467
24486
24866
24468
24487
24867
24469
24488
24868
24470
24489
24869
24471
24490
24870
24472
24491
24871
24473
24492
24872
24474
24493
24873
24475
24494
24874
24476
24495
24875
24477
24496
24876
24478
24497
24877
24479
24498
24878
24499
24879
24481
24500
24880
24482
24501
24881
24483
24502
24882
24484
24503
24883
24485
24504
24884
24486
24505
24885
24487
24506
24886
24488
24507
24887
24489
24508
24888
24490
24509
24889
24491
24510
24890
24492
24511
24891
24493
24512
24892
24494
24513
24893
24495
24514
24894
24496
24515
24895
24497
24516
24896
24498
24517
24897
24499
24518
24898
24519
24899
24501
24520
24900
24502
24521
24901
24503
24522
24902
24504
24523
24903
24505
24524
24904
24506
24525
24905
24507
24526
24906
24508
24527
24907
24509
24528
24908
24510
24529
24909
24511
24530
24910
24512
24531
24911
24513
24532
24912
24514
24533
24913
24515
24534
24914
24516
24535
24915
24517
24536
24916
24518
24537
24917
24519
24538
24918
24539
24919
24521
24540
24920
24522
24541
24921
24523
24542
24922
24524
24543
24923
24525
24544
24924
24526
24545
24925
24527
24546
24926
24528
24547
24927
24529
24548
24928
24530
24549
24929
24531
24550
24930
24532
24551
24931
24533
24552
24932
24534
24553
24933
24535
24554
24934
24536
24555
24935
24537
24556
24936
24538
24557
24937
24539
24558
24938
24559
24939
24541
24560
24940
24542
24561
24941
24543
24562
24942
24544
24563
24943
24545
24564
24944
24546
24565
24945
24547
24566
24946
24548
24567
24947
24549
24568
24948
24550
24569
24949
24551
24570
24950
24552
24571
24951
24553
24572
24952
24554
24573
24953
24555
24574
24954
24556
24575
24955
24557
24576
24956
24558
24577
24957
24559
24578
24958
24579
24959
24561
24580
24960
24562
24581
24961
24563
24582
24962
24564
24583
24963
24565
24584
24964
24566
24585
24965
24567
24586
24966
24568
24587
24967
24569
24588
24968
24570
24589
24969
24571
24590
24970
24572
24591
24971
24573
24592
24972
24574
24593
24973
24575
24594
24974
24576
24595
24975
24577
24596
24976
24578
24597
24977
24579
24598
24978
24599
24979
24581
24600
24980
24582
24601
24981
24583
24602
24982
24584
24603
24983
24585
24604
24984
24586
24605
24985
24587
24606
24986
24588
24607
24987
24589
24608
24988
24590
24609
24989
24591
24610
24990
24592
24611
24991
24593
24612
24992
24594
24613
24993
24595
24614
24994
24596
24615
24995
24597
24616
24996
24598
24617
24997
24599
24618
24998
24619
24999
24601
24620
25000
24602
24621
25001
24603
24622
25002
24604
24623
25003
24605
24624
25004
24606
24625
25005
24607
24626
25006
24608
24627
25007
24609
24628
25008
24610
24629
25009
24611
24630
25010
24612
24631
25011
24613
24632
25012
24614
24633
25013
24615
24634
25014
24616
24635
25015
24617
24636
25016
24618
24637
25017
24619
24638
25018
24639
25019
24621
24640
25020
24622
24641
25021
24623
24642
25022
24624
24643
25023
24625
24644
25024
24626
24645
25025
24627
24646
25026
24628
24647
25027
24629
24648
25028
24630
24649
25029
24631
24650
25030
24632
24651
25031
24633
24652
25032
24634
24653
25033
24635
24654
25034
24636
24655
25035
24637
24656
25036
24638
24657
25037
24639
24658
25038
24659
25039
24641
24660
25040
24642
24661
25041
24643
24662
25042
24644
24663
25043
24645
24664
25044
24646
24665
25045
24647
24666
25046
24648
24667
25047
24649
24668
25048
24650
24669
25049
24651
24670
25050
24652
24671
25051
24653
24672
25052
24654
24673
25053
24655
24674
25054
24656
24675
25055
24657
24676
25056
24658
24677
25057
24659
24678
25058
24679
25059
24661
24680
25060
24662
24681
25061
24663
24682
25062
24664
24683
25063
24665
24684
25064
24666
24685
25065
24667
24686
25066
24668
24687
25067
24669
24688
25068
24670
24689
25069
24671
24690
25070
24672
24691
25071
24673
24692
25072
24674
24693
25073
24675
24694
25074
24676
24695
25075
24677
24696
25076
24678
24697
25077
24679
24698
25078
24699
25079
24681
24700
25080
24682
24701
25081
24683
24702
25082
24684
24703
25083
24685
24704
25084
24686
24705
25085
24687
24706
25086
24688
24707
25087
24689
24708
25088
24690
24709
25089
24691
24710
25090
24692
24711
25091
24693
24712
25092
24694
24713
25093
24695
24714
25094
24696
24715
25095
24697
24716
25096
24698
24717
25097
24699
24718
25098
24719
25099
24701
24720
25100
24702
24721
25101
24703
24722
25102
24704
24723
25103
24705
24724
25104
24706
24725
25105
24707
24726
25106
24708
24727
25107
24709
24728
25108
24710
24729
25109
24711
24730
25110
24712
24731
25111
24713
24732
25112
24714
24733
25113
24715
24734
25114
24716
24735
25115
24717
24736
25116
24718
24737
25117
24719
24738
25118
24739
25119
24721
24740
25120
24722
24741
25121
24723
24742
25122
24724
24743
25123
24725
24744
25124
24726
24745
25125
24727
24746
25126
24728
24747
25127
24729
24748
25128
24730
24749
25129
24731
24750
25130
24732
24751
25131
24733
24752
25132
24734
24753
25133
24735
24754
25134
24736
24755
25135
24737
24756
25136
24738
24757
25137
24739
24758
25138
24759
25139
24741
24760
25140
24742
24761
25141
24743
24762
25142
24744
24763
25143
24745
24764
25144
24746
24765
25145
24747
24766
25146
24748
24767
25147
24749
24768
25148
24750
24769
25149
24751
24770
25150
24752
24771
25151
24753
24772
25152
24754
24773
25153
24755
24774
25154
24756
24775
25155
24757
24776
25156
24758
24777
25157
24759
24778
25158
24779
25159
24761
24780
25160
24762
24781
25161
24763
24782
25162
24764
24783
25163
24765
24784
25164
24766
24785
25165
24767
24786
25166
24768
24787
25167
24769
24788
25168
24770
24789
25169
24771
24790
25170
24772
24791
25171
24773
24792
25172
24774
24793
25173
24775
24794
25174
24776
24795
25175
24777
24796
25176
24778
24797
25177
24779
24798
25178
24799
25179
24781
25180
24782
25181
24783
25182
24784
25183
24785
25184
24786
25185
24787
25186
24788
25187
24789
25188
24790
25189
24791
25190
24792
25191
24793
25192
24794
25193
24795
25194
24796
25195
24797
25196
24798
25197
24799
25198
25199
24801
24820
25200
24802
24821
25201
24803
24822
25202
24804
24823
25203
24805
24824
25204
24806
24825
25205
24807
24826
25206
24808
24827
25207
24809
24828
25208
24810
24829
25209
24811
24830
25210
24812
24831
25211
24813
24832
25212
24814
24833
25213
24815
24834
25214
24816
24835
25215
24817
24836
25216
24818
24837
25217
24819
24838
25218
24839
25219
24821
24840
25220
24822
24841
25221
24823
24842
25222
24824
24843
25223
24825
24844
25224
24826
24845
25225
24827
24846
25226
24828
24847
25227
24829
24848
25228
24830
24849
25229
24831
24850
25230
24832
24851
25231
24833
24852
25232
24834
24853
25233
24835
24854
25234
24836
24855
25235
24837
24856
25236
24838
24857
25237
24839
24858
25238
24859
25239
24841
24860
25240
24842
24861
25241
24843
24862
25242
24844
24863
25243
24845
24864
25244
24846
24865
25245
24847
24866
25246
24848
24867
25247
24849
24868
25248
24850
24869
25249
24851
24870
25250
24852
24871
25251
24853
24872
25252
24854
24873
25253
24855
24874
25254
24856
24875
25255
24857
24876
25256
24858
24877
25257
24859
24878
25258
24879
25259
24861
24880
25260
24862
24881
25261
24863
24882
25262
24864
24883
25263
24865
24884
25264
24866
24885
25265
24867
24886
25266
24868
24887
25267
24869
24888
25268
24870
24889
25269
24871
24890
25270
24872
24891
25271
24873
24892
25272
24874
24893
25273
24875
24894
25274
24876
24895
25275
24877
24896
25276
24878
24897
25277
24879
24898
25278
24899
25279
24881
24900
25280
24882
24901
25281
24883
24902
25282
24884
24903
25283
24885
24904
25284
24886
24905
25285
24887
24906
25286
24888
24907
25287
24889
24908
25288
24890
24909
25289
24891
24910
25290
24892
24911
25291
24893
24912
25292
24894
24913
25293
24895
24914
25294
24896
24915
25295
24897
24916
25296
24898
24917
25297
24899
24918
25298
24919
25299
24901
24920
25300
24902
24921
25301
24903
24922
25302
24904
24923
25303
24905
24924
25304
24906
24925
25305
24907
24926
25306
24908
24927
25307
24909
24928
25308
24910
24929
25309
24911
24930
25310
24912
24931
25311
24913
24932
25312
24914
24933
25313
24915
24934
25314
24916
24935
25315
24917
24936
25316
24918
24937
25317
24919
24938
25318
24939
25319
24921
24940
25320
24922
24941
25321
24923
24942
25322
24924
24943
25323
24925
24944
25324
24926
24945
25325
24927
24946
25326
24928
24947
25327
24929
24948
25328
24930
24949
25329
24931
24950
25330
24932
24951
25331
24933
24952
25332
24934
24953
25333
24935
24954
25334
24936
24955
25335
24937
24956
25336
24938
24957
25337
24939
24958
25338
24959
25339
24941
24960
25340
24942
24961
25341
24943
24962
25342
24944
24963
25343
24945
24964
25344
24946
24965
25345
24947
24966
25346
24948
24967
25347
24949
24968
25348
24950
24969
25349
24951
24970
25350
24952
24971
25351
24953
24972
25352
24954
24973
25353
24955
24974
25354
24956
24975
25355
24957
24976
25356
24958
24977
25357
24959
24978
25358
24979
25359
24961
24980
25360
24962
24981
25361
24963
24982
25362
24964
24983
25363
24965
24984
25364
24966
24985
25365
24967
24986
25366
24968
24987
25367
24969
24988
25368
24970
24989
25369
24971
24990
25370
24972
24991
25371
24973
24992
25372
24974
24993
25373
24975
24994
25374
24976
24995
25375
24977
24996
25376
24978
24997
25377
24979
24998
25378
24999
25379
24981
25000
25380
24982
25001
25381
24983
25002
25382
24984
25003
25383
24985
25004
25384
24986
25005
25385
24987
25006
25386
24988
25007
25387
24989
25008
25388
24990
25009
25389
24991
25010
25390
24992
25011
25391
24993
25012
25392
24994
25013
25393
24995
25014
25394
24996
25015
25395
24997
25016
25396
24998
25017
25397
24999
25018
25398
25019
25399
25001
25020
25400
25002
25021
25401
25003
25022
25402
25004
25023
25403
25005
25024
25404
25006
25025
25405
25007
25026
25406
25008
25027
25407
25009
25028
25408
25010
25029
25409
25011
25030
25410
25012
25031
25411
25013
25032
25412
25014
25033
25413
25015
25034
25414
25016
25035
25415
25017
25036
25416
25018
25037
25417
25019
25038
25418
25039
25419
25021
25040
25420
25022
25041
25421
25023
25042
25422
25024
25043
25423
25025
25044
25424
25026
25045
25425
25027
25046
25426
25028
25047
25427
25029
25048
25428
25030
25049
25429
25031
25050
25430
25032
25051
25431
25033
25052
25432
25034
25053
25433
25035
25054
25434
25036
25055
25435
25037
25056
25436
25038
25057
25437
25039
25058
25438
25059
25439
25041
25060
25440
25042
25061
25441
25043
25062
25442
25044
25063
25443
25045
25064
25444
25046
25065
25445
25047
25066
25446
25048
25067
25447
25049
25068
25448
25050
25069
25449
25051
25070
25450
25052
25071
25451
25053
25072
25452
25054
25073
25453
25055
25074
25454
25056
25075
25455
25057
25076
25456
25058
25077
25457
25059
25078
25458
25079
25459
25061
25080
25460
25062
25081
25461
25063
25082
25462
25064
25083
25463
25065
25084
25464
25066
25085
25465
25067
25086
25466
25068
25087
25467
25069
25088
25468
25070
25089
25469
25071
25090
25470
25072
25091
25471
25073
25092
25472
25074
25093
25473
25075
25094
25474
25076
25095
25475
25077
25096
25476
25078
25097
25477
25079
25098
25478
25099
25479
25081
25100
25480
25082
25101
25481
25083
25102
25482
25084
25103
25483
25085
25104
25484
25086
25105
25485
25087
25106
25486
25088
25107
25487
25089
25108
25488
25090
25109
25489
25091
25110
25490
25092
25111
25491
25093
25112
25492
25094
25113
25493
25095
25114
25494
25096
25115
25495
25097
25116
25496
25098
25117
25497
25099
25118
25498
25119
25499
25101
25120
25500
25102
25121
25501
25103
25122
25502
25104
25123
25503
25105
25124
25504
25106
25125
25505
25107
25126
25506
25108
25127
25507
25109
25128
25508
25110
25129
25509
25111
25130
25510
25112
25131
25511
25113
25132
25512
25114
25133
25513
25115
25134
25514
25116
25135
25515
25117
25136
25516
25118
25137
25517
25119
25138
25518
25139
25519
25121
25140
25520
25122
25141
25521
25123
25142
25522
25124
25143
25523
25125
25144
25524
25126
25145
25525
25127
25146
25526
25128
25147
25527
25129
25148
25528
25130
25149
25529
25131
25150
25530
25132
25151
25531
25133
25152
25532
25134
25153
25533
25135
25154
25534
25136
25155
25535
25137
25156
25536
25138
25157
25537
25139
25158
25538
25159
25539
25141
25160
25540
25142
25161
25541
25143
25162
25542
25144
25163
25543
25145
25164
25544
25146
25165
25545
25147
25166
25546
25148
25167
25547
25149
25168
25548
25150
25169
25549
25151
25170
25550
25152
25171
25551
25153
25172
25552
25154
25173
25553
25155
25174
25554
25156
25175
25555
25157
25176
25556
25158
25177
25557
25159
25178
25558
25179
25559
25161
25180
25560
25162
25181
25561
25163
25182
25562
25164
25183
25563
25165
25184
25564
25166
25185
25565
25167
25186
25566
25168
25187
25567
25169
25188
25568
25170
25189
25569
25171
25190
25570
25172
25191
25571
25173
25192
25572
25174
25193
25573
25175
25194
25574
25176
25195
25575
25177
25196
25576
25178
25197
25577
25179
25198
25578
25199
25579
25181
25580
25182
25581
25183
25582
25184
25583
25185
25584
25186
25585
25187
25586
25188
25587
25189
25588
25190
25589
25191
25590
25192
25591
25193
25592
25194
25593
25195
25594
25196
25595
25197
25596
25198
25597
25199
25598
25599
25201
25220
25600
25202
25221
25601
25203
25222
25602
25204
25223
25603
25205
25224
25604
25206
25225
25605
25207
25226
25606
25208
25227
25607
25209
25228
25608
25210
25229
25609
25211
25230
25610
25212
25231
25611
25213
25232
25612
25214
25233
25613
25215
25234
25614
25216
25235
25615
25217
25236
25616
25218
25237
25617
25219
25238
25618
25239
25619
25221
25240
25620
25222
25241
25621
25223
25242
25622
25224
25243
25623
25225
25244
25624
25226
25245
25625
25227
25246
25626
25228
25247
25627
25229
25248
25628
25230
25249
25629
25231
25250
25630
25232
25251
25631
25233
25252
25632
25234
25253
25633
25235
25254
25634
25236
25255
25635
25237
25256
25636
25238
25257
25637
25239
25258
25638
25259
25639
25241
25260
25640
25242
25261
25641
25243
25262
25642
25244
25263
25643
25245
25264
25644
25246
25265
25645
25247
25266
25646
25248
25267
25647
25249
25268
25648
25250
25269
25649
25251
25270
25650
25252
25271
25651
25253
25272
25652
25254
25273
25653
25255
25274
25654
25256
25275
25655
25257
25276
25656
25258
25277
25657
25259
25278
25658
25279
25659
25261
25280
25660
25262
25281
25661
25263
25282
25662
25264
25283
25663
25265
25284
25664
25266
25285
25665
25267
25286
25666
25268
25287
25667
25269
25288
25668
25270
25289
25669
25271
25290
25670
25272
25291
25671
25273
25292
25672
25274
25293
25673
25275
25294
25674
25276
25295
25675
25277
25296
25676
25278
25297
25677
25279
25298
25678
25299
25679
25281
25300
25680
25282
25301
25681
25283
25302
25682
25284
25303
25683
25285
25304
25684
25286
25305
25685
25287
25306
25686
25288
25307
25687
25289
25308
25688
25290
25309
25689
25291
25310
25690
25292
25311
25691
25293
25312
25692
25294
25313
25693
25295
25314
25694
25296
25315
25695
25297
25316
25696
25298
25317
25697
25299
25318
25698
25319
25699
25301
25320
25700
25302
25321
25701
25303
25322
25702
25304
25323
25703
25305
25324
25704
25306
25325
25705
25307
25326
25706
25308
25327
25707
25309
25328
25708
25310
25329
25709
25311
25330
25710
25312
25331
25711
25313
25332
25712
25314
25333
25713
25315
25334
25714
25316
25335
25715
25317
25336
25716
25318
25337
25717
25319
25338
25718
25339
25719
25321
25340
25720
25322
25341
25721
25323
25342
25722
25324
25343
25723
25325
25344
25724
25326
25345
25725
25327
25346
25726
25328
25347
25727
25329
25348
25728
25330
25349
25729
25331
25350
25730
25332
25351
25731
25333
25352
25732
25334
25353
25733
25335
25354
25734
25336
25355
25735
25337
25356
25736
25338
25357
25737
25339
25358
25738
25359
25739
25341
25360
25740
25342
25361
25741
25343
25362
25742
25344
25363
25743
25345
25364
25744
25346
25365
25745
25347
25366
25746
25348
25367
25747
25349
25368
25748
25350
25369
25749
25351
25370
25750
25352
25371
25751
25353
25372
25752
25354
25373
25753
25355
25374
25754
25356
25375
25755
25357
25376
25756
25358
25377
25757
25359
25378
25758
25379
25759
25361
25380
25760
25362
25381
25761
25363
25382
25762
25364
25383
25763
25365
25384
25764
25366
25385
25765
25367
25386
25766
25368
25387
25767
25369
25388
25768
25370
25389
25769
25371
25390
25770
25372
25391
25771
25373
25392
25772
25374
25393
25773
25375
25394
25774
25376
25395
25775
25377
25396
25776
25378
25397
25777
25379
25398
25778
25399
25779
25381
25400
25780
25382
25401
25781
25383
25402
25782
25384
25403
25783
25385
25404
25784
25386
25405
25785
25387
25406
25786
25388
25407
25787
25389
25408
25788
25390
25409
25789
25391
25410
25790
25392
25411
25791
25393
25412
25792
25394
25413
25793
25395
25414
25794
25396
25415
25795
25397
25416
25796
25398
25417
25797
25399
25418
25798
25419
25799
25401
25420
25800
25402
25421
25801
25403
25422
25802
25404
25423
25803
25405
25424
25804
25406
25425
25805
25407
25426
25806
25408
25427
25807
25409
25428
25808
25410
25429
25809
25411
25430
25810
25412
25431
25811
25413
25432
25812
25414
25433
25813
25415
25434
25814
25416
25435
25815
25417
25436
25816
25418
25437
25817
25419
25438
25818
25439
25819
25421
25440
25820
25422
25441
25821
25423
25442
25822
25424
25443
25823
25425
25444
25824
25426
25445
25825
25427
25446
25826
25428
25447
25827
25429
25448
25828
25430
25449
25829
25431
25450
25830
25432
25451
25831
25433
25452
25832
25434
25453
25833
25435
25454
25834
25436
25455
25835
25437
25456
25836
25438
25457
25837
25439
25458
25838
25459
25839
25441
25460
25840
25442
25461
25841
25443
25462
25842
25444
25463
25843
25445
25464
25844
25446
25465
25845
25447
25466
25846
25448
25467
25847
25449
25468
25848
25450
25469
25849
25451
25470
25850
25452
25471
25851
25453
25472
25852
25454
25473
25853
25455
25474
25854
25456
25475
25855
25457
25476
25856
25458
25477
25857
25459
25478
25858
25479
25859
25461
25480
25860
25462
25481
25861
25463
25482
25862
25464
25483
25863
25465
25484
25864
25466
25485
25865
25467
25486
25866
25468
25487
25867
25469
25488
25868
25470
25489
25869
25471
25490
25870
25472
25491
25871
25473
25492
25872
25474
25493
25873
25475
25494
25874
25476
25495
25875
25477
25496
25876
25478
25497
25877
25479
25498
25878
25499
25879
25481
25500
25880
25482
25501
25881
25483
25502
25882
25484
25503
25883
25485
25504
25884
25486
25505
25885
25487
25506
25886
25488
25507
25887
25489
25508
25888
25490
25509
25889
25491
25510
25890
25492
25511
25891
25493
25512
25892
25494
25513
25893
25495
25514
25894
25496
25515
25895
25497
25516
25896
25498
25517
25897
25499
25518
25898
25519
25899
25501
25520
25900
25502
25521
25901
25503
25522
25902
25504
25523
25903
25505
25524
25904
25506
25525
25905
25507
25526
25906
25508
25527
25907
25509
25528
25908
25510
25529
25909
25511
25530
25910
25512
25531
25911
25513
25532
25912
25514
25533
25913
25515
25534
25914
25516
25535
25915
25517
25536
25916
25518
25537
25917
25519
25538
25918
25539
25919
25521
25540
25920
25522
25541
25921
25523
25542
25922
25524
25543
25923
25525
25544
25924
25526
25545
25925
25527
25546
25926
25528
25547
25927
25529
25548
25928
25530
25549
25929
25531
25550
25930
25532
25551
25931
25533
25552
25932
25534
25553
25933
25535
25554
25934
25536
25555
25935
25537
25556
25936
25538
25557
25937
25539
25558
25938
25559
25939
25541
25560
25940
25542
25561
25941
25543
25562
25942
25544
25563
25943
25545
25564
25944
25546
25565
25945
25547
25566
25946
25548
25567
25947
25549
25568
25948
25550
25569
25949
25551
25570
25950
25552
25571
25951
25553
25572
25952
25554
25573
25953
25555
25574
25954
25556
25575
25955
25557
25576
25956
25558
25577
25957
25559
25578
25958
25579
25959
25561
25580
25960
25562
25581
25961
25563
25582
25962
25564
25583
25963
25565
25584
25964
25566
25585
25965
25567
25586
25966
25568
25587
25967
25569
25588
25968
25570
25589
25969
25571
25590
25970
25572
25591
25971
25573
25592
25972
25574
25593
25973
25575
25594
25974
25576
25595
25975
25577
25596
25976
25578
25597
25977
25579
25598
25978
25599
25979
25581
25980
25582
25981
25583
25982
25584
25983
25585
25984
25586
25985
25587
25986
25588
25987
25589
25988
25590
25989
25591
25990
25592
25991
25593
25992
25594
25993
25595
25994
25596
25995
25597
25996
25598
25997
25599
25998
25999
25601
25620
26000
25602
25621
26001
25603
25622
26002
25604
25623
26003
25605
25624
26004
25606
25625
26005
25607
25626
26006
25608
25627
26007
25609
25628
26008
25610
25629
26009
25611
25630
26010
25612
25631
26011
25613
25632
26012
25614
25633
26013
25615
25634
26014
25616
25635
26015
25617
25636
26016
25618
25637
26017
25619
25638
26018
25639
26019
25621
25640
26020
25622
25641
26021
25623
25642
26022
25624
25643
26023
25625
25644
26024
25626
25645
26025
25627
25646
26026
25628
25647
26027
25629
25648
26028
25630
25649
26029
25631
25650
26030
25632
25651
26031
25633
25652
26032
25634
25653
26033
25635
25654
26034
25636
25655
26035
25637
25656
26036
25638
25657
26037
25639
25658
26038
25659
26039
25641
25660
26040
25642
25661
26041
25643
25662
26042
25644
25663
26043
25645
25664
26044
25646
25665
26045
25647
25666
26046
25648
25667
26047
25649
25668
26048
25650
25669
26049
25651
25670
26050
25652
25671
26051
25653
25672
26052
25654
25673
26053
25655
25674
26054
25656
25675
26055
25657
25676
26056
25658
25677
26057
25659
25678
26058
25679
26059
25661
25680
26060
25662
25681
26061
25663
25682
26062
25664
25683
26063
25665
25684
26064
25666
25685
26065
25667
25686
26066
25668
25687
26067
25669
25688
26068
25670
25689
26069
25671
25690
26070
25672
25691
26071
25673
25692
26072
25674
25693
26073
25675
25694
26074
25676
25695
26075
25677
25696
26076
25678
25697
26077
25679
25698
26078
25699
26079
25681
25700
26080
25682
25701
26081
25683
25702
26082
25684
25703
26083
25685
25704
26084
25686
25705
26085
25687
25706
26086
25688
25707
26087
25689
25708
26088
25690
25709
26089
25691
25710
26090
25692
25711
26091
25693
25712
26092
25694
25713
26093
25695
25714
26094
25696
25715
26095
25697
25716
26096
25698
25717
26097
25699
25718
26098
25719
26099
25701
25720
26100
25702
25721
26101
25703
25722
26102
25704
25723
26103
25705
25724
26104
25706
25725
26105
25707
25726
26106
25708
25727
26107
25709
25728
26108
25710
25729
26109
25711
25730
26110
25712
25731
26111
25713
25732
26112
25714
25733
26113
25715
25734
26114
25716
25735
26115
25717
25736
26116
25718
25737
26117
25719
25738
26118
25739
26119
25721
25740
26120
25722
25741
26121
25723
25742
26122
25724
25743
26123
25725
25744
26124
25726
25745
26125
25727
25746
26126
25728
25747
26127
25729
25748
26128
25730
25749
26129
25731
25750
26130
25732
25751
26131
25733
25752
26132
25734
25753
26133
25735
25754
26134
25736
25755
26135
25737
25756
26136
25738
25757
26137
25739
25758
26138
25759
26139
25741
25760
26140
25742
25761
26141
25743
25762
26142
25744
25763
26143
25745
25764
26144
25746
25765
26145
25747
25766
26146
25748
25767
26147
25749
25768
26148
25750
25769
26149
25751
25770
26150
25752
25771
26151
25753
25772
26152
25754
25773
26153
25755
25774
26154
25756
25775
26155
25757
25776
26156
25758
25777
26157
25759
25778
26158
25779
26159
25761
25780
26160
25762
25781
26161
25763
25782
26162
25764
25783
26163
25765
25784
26164
25766
25785
26165
25767
25786
26166
25768
25787
26167
25769
25788
26168
25770
25789
26169
25771
25790
26170
25772
25791
26171
25773
25792
26172
25774
25793
26173
25775
25794
26174
25776
25795
26175
25777
25796
26176
25778
25797
26177
25779
25798
26178
25799
26179
25781
25800
26180
25782
25801
26181
25783
25802
26182
25784
25803
26183
25785
25804
26184
25786
25805
26185
25787
25806
26186
25788
25807
26187
25789
25808
26188
25790
25809
26189
25791
25810
26190
25792
25811
26191
25793
25812
26192
25794
25813
26193
25795
25814
26194
25796
25815
26195
25797
25816
26196
25798
25817
26197
25799
25818
26198
25819
26199
25801
25820
26200
25802
25821
26201
25803
25822
26202
25804
25823
26203
25805
25824
26204
25806
25825
26205
25807
25826
26206
25808
25827
26207
25809
25828
26208
25810
25829
26209
25811
25830
26210
25812
25831
26211
25813
25832
26212
25814
25833
26213
25815
25834
26214
25816
25835
26215
25817
25836
26216
25818
25837
26217
25819
25838
26218
25839
26219
25821
25840
26220
25822
25841
26221
25823
25842
26222
25824
25843
26223
25825
25844
26224
25826
25845
26225
25827
25846
26226
25828
25847
26227
25829
25848
26228
25830
25849
26229
25831
25850
26230
25832
25851
26231
25833
25852
26232
25834
25853
26233
25835
25854
26234
25836
25855
26235
25837
25856
26236
25838
25857
26237
25839
25858
26238
25859
26239
25841
25860
26240
25842
25861
26241
25843
25862
26242
25844
25863
26243
25845
25864
26244
25846
25865
26245
25847
25866
26246
25848
25867
26247
25849
25868
26248
25850
25869
26249
25851
25870
26250
25852
25871
26251
25853
25872
26252
25854
25873
26253
25855
25874
26254
25856
25875
26255
25857
25876
26256
25858
25877
26257
25859
25878
26258
25879
26259
25861
25880
26260
25862
25881
26261
25863
25882
26262
25864
25883
26263
25865
25884
26264
25866
25885
26265
25867
25886
26266
25868
25887
26267
25869
25888
26268
25870
25889
26269
25871
25890
26270
25872
25891
26271
25873
25892
26272
25874
25893
26273
25875
25894
26274
25876
25895
26275
25877
25896
26276
25878
25897
26277
25879
25898
26278
25899
26279
25881
25900
26280
25882
25901
26281
25883
25902
26282
25884
25903
26283
25885
25904
26284
25886
25905
26285
25887
25906
26286
25888
25907
26287
25889
25908
26288
25890
25909
26289
25891
25910
26290
25892
25911
26291
25893
25912
26292
25894
25913
26293
25895
25914
26294
25896
25915
26295
25897
25916
26296
25898
25917
26297
25899
25918
26298
25919
26299
25901
25920
26300
25902
25921
26301
25903
25922
26302
25904
25923
26303
25905
25924
26304
25906
25925
26305
25907
25926
26306
25908
25927
26307
25909
25928
26308
25910
25929
26309
25911
25930
26310
25912
25931
26311
25913
25932
26312
25914
25933
26313
25915
25934
26314
25916
25935
26315
25917
25936
26316
25918
25937
26317
25919
25938
26318
25939
26319
25921
25940
26320
25922
25941
26321
25923
25942
26322
25924
25943
26323
25925
25944
26324
25926
25945
26325
25927
25946
26326
25928
25947
26327
25929
25948
26328
25930
25949
26329
25931
25950
26330
25932
25951
26331
25933
25952
26332
25934
25953
26333
25935
25954
26334
25936
25955
26335
25937
25956
26336
25938
25957
26337
25939
25958
26338
25959
26339
25941
25960
26340
25942
25961
26341
25943
25962
26342
25944
25963
26343
25945
25964
26344
25946
25965
26345
25947
25966
26346
25948
25967
26347
25949
25968
26348
25950
25969
26349
25951
25970
26350
25952
25971
26351
25953
25972
26352
25954
25973
26353
25955
25974
26354
25956
25975
26355
25957
25976
26356
25958
25977
26357
25959
25978
26358
25979
26359
25961
25980
26360
25962
25981
26361
25963
25982
26362
25964
25983
26363
25965
25984
26364
25966
25985
26365
25967
25986
26366
25968
25987
26367
25969
25988
26368
25970
25989
26369
25971
25990
26370
25972
25991
26371
25973
25992
26372
25974
25993
26373
25975
25994
26374
25976
25995
26375
25977
25996
26376
25978
25997
26377
25979
25998
26378
25999
26379
25981
26380
25982
26381
25983
26382
25984
26383
25985
26384
25986
26385
25987
26386
25988
26387
25989
26388
25990
26389
25991
26390
25992
26391
25993
26392
25994
26393
25995
26394
25996
26395
25997
26396
25998
26397
25999
26398
26399
26001
26020
26400
26002
26021
26401
26003
26022
26402
26004
26023
26403
26005
26024
26404
26006
26025
26405
26007
26026
26406
26008
26027
26407
26009
26028
26408
26010
26029
26409
26011
26030
26410
26012
26031
26411
26013
26032
26412
26014
26033
26413
26015
26034
26414
26016
26035
26415
26017
26036
26416
26018
26037
26417
26019
26038
26418
26039
26419
26021
26040
26420
26022
26041
26421
26023
26042
26422
26024
26043
26423
26025
26044
26424
26026
26045
26425
26027
26046
26426
26028
26047
26427
26029
26048
26428
26030
26049
26429
26031
26050
26430
26032
26051
26431
26033
26052
26432
26034
26053
26433
26035
26054
26434
26036
26055
26435
26037
26056
26436
26038
26057
26437
26039
26058
26438
26059
26439
26041
26060
26440
26042
26061
26441
26043
26062
26442
26044
26063
26443
26045
26064
26444
26046
26065
26445
26047
26066
26446
26048
26067
26447
26049
26068
26448
26050
26069
26449
26051
26070
26450
26052
26071
26451
26053
26072
26452
26054
26073
26453
26055
26074
26454
26056
26075
26455
26057
26076
26456
26058
26077
26457
26059
26078
26458
26079
26459
26061
26080
26460
26062
26081
26461
26063
26082
26462
26064
26083
26463
26065
26084
26464
26066
26085
26465
26067
26086
26466
26068
26087
26467
26069
26088
26468
26070
26089
26469
26071
26090
26470
26072
26091
26471
26073
26092
26472
26074
26093
26473
26075
26094
26474
26076
26095
26475
26077
26096
26476
26078
26097
26477
26079
26098
26478
26099
26479
26081
26100
26480
26082
26101
26481
26083
26102
26482
26084
26103
26483
26085
26104
26484
26086
26105
26485
26087
26106
26486
26088
26107
26487
26089
26108
26488
26090
26109
26489
26091
26110
26490
26092
26111
26491
26093
26112
26492
26094
26113
26493
26095
26114
26494
26096
26115
26495
26097
26116
26496
26098
26117
26497
26099
26118
26498
26119
26499
26101
26120
26500
26102
26121
26501
26103
26122
26502
26104
26123
26503
26105
26124
26504
26106
26125
26505
26107
26126
26506
26108
26127
26507
26109
26128
26508
26110
26129
26509
26111
26130
26510
26112
26131
26511
26113
26132
26512
26114
26133
26513
26115
26134
26514
26116
26135
26515
26117
26136
26516
26118
26137
26517
26119
26138
26518
26139
26519
26121
26140
26520
26122
26141
26521
26123
26142
26522
26124
26143
26523
26125
26144
26524
26126
26145
26525
26127
26146
26526
26128
26147
26527
26129
26148
26528
26130
26149
26529
26131
26150
26530
26132
26151
26531
26133
26152
26532
26134
26153
26533
26135
26154
26534
26136
26155
26535
26137
26156
26536
26138
26157
26537
26139
26158
26538
26159
26539
26141
26160
26540
26142
26161
26541
26143
26162
26542
26144
26163
26543
26145
26164
26544
26146
26165
26545
26147
26166
26546
26148
26167
26547
26149
26168
26548
26150
26169
26549
26151
26170
26550
26152
26171
26551
26153
26172
26552
26154
26173
26553
26155
26174
26554
26156
26175
26555
26157
26176
26556
26158
26177
26557
26159
26178
26558
26179
26559
26161
26180
26560
26162
26181
26561
26163
26182
26562
26164
26183
26563
26165
26184
26564
26166
26185
26565
26167
26186
26566
26168
26187
26567
26169
26188
26568
26170
26189
26569
26171
26190
26570
26172
26191
26571
26173
26192
26572
26174
26193
26573
26175
26194
26574
26176
26195
26575
26177
26196
26576
26178
26197
26577
26179
26198
26578
26199
26579
26181
26200
26580
26182
26201
26581
26183
26202
26582
26184
26203
26583
26185
26204
26584
26186
26205
26585
26187
26206
26586
26188
26207
26587
26189
26208
26588
26190
26209
26589
26191
26210
26590
26192
26211
26591
26193
26212
26592
26194
26213
26593
26195
26214
26594
26196
26215
26595
26197
26216
26596
26198
26217
26597
26199
26218
26598
26219
26599
26201
26220
26600
26202
26221
26601
26203
26222
26602
26204
26223
26603
26205
26224
26604
26206
26225
26605
26207
26226
26606
26208
26227
26607
26209
26228
26608
26210
26229
26609
26211
26230
26610
26212
26231
26611
26213
26232
26612
26214
26233
26613
26215
26234
26614
26216
26235
26615
26217
26236
26616
26218
26237
26617
26219
26238
26618
26239
26619
26221
26240
26620
26222
26241
26621
26223
26242
26622
26224
26243
26623
26225
26244
26624
26226
26245
26625
26227
26246
26626
26228
26247
26627
26229
26248
26628
26230
26249
26629
26231
26250
26630
26232
26251
26631
26233
26252
26632
26234
26253
26633
26235
26254
26634
26236
26255
26635
26237
26256
26636
26238
26257
26637
26239
26258
26638
26259
26639
26241
26260
26640
26242
26261
26641
26243
26262
26642
26244
26263
26643
26245
26264
26644
26246
26265
26645
26247
26266
26646
26248
26267
26647
26249
26268
26648
26250
26269
26649
26251
26270
26650
26252
26271
26651
26253
26272
26652
26254
26273
26653
26255
26274
26654
26256
26275
26655
26257
26276
26656
26258
26277
26657
26259
26278
26658
26279
26659
26261
26280
26660
26262
26281
26661
26263
26282
26662
26264
26283
26663
26265
26284
26664
26266
26285
26665
26267
26286
26666
26268
26287
26667
26269
26288
26668
26270
26289
26669
26271
26290
26670
26272
26291
26671
26273
26292
26672
26274
26293
26673
26275
26294
26674
26276
26295
26675
26277
26296
26676
26278
26297
26677
26279
26298
26678
26299
26679
26281
26300
26680
26282
26301
26681
26283
26302
26682
26284
26303
26683
26285
26304
26684
26286
26305
26685
26287
26306
26686
26288
26307
26687
26289
26308
26688
26290
26309
26689
26291
26310
26690
26292
26311
26691
26293
26312
26692
26294
26313
26693
26295
26314
26694
26296
26315
26695
26297
26316
26696
26298
26317
26697
26299
26318
26698
26319
26699
26301
26320
26700
26302
26321
26701
26303
26322
26702
26304
26323
26703
26305
26324
26704
26306
26325
26705
26307
26326
26706
26308
26327
26707
26309
26328
26708
26310
26329
26709
26311
26330
26710
26312
26331
26711
26313
26332
26712
26314
26333
26713
26315
26334
26714
26316
26335
26715
26317
26336
26716
26318
26337
26717
26319
26338
26718
26339
26719
26321
26340
26720
26322
26341
26721
26323
26342
26722
26324
26343
26723
26325
26344
26724
26326
26345
26725
26327
26346
26726
26328
26347
26727
26329
26348
26728
26330
26349
26729
26331
26350
26730
26332
26351
26731
26333
26352
26732
26334
26353
26733
26335
26354
26734
26336
26355
26735
26337
26356
26736
26338
26357
26737
26339
26358
26738
26359
26739
26341
26360
26740
26342
26361
26741
26343
26362
26742
26344
26363
26743
26345
26364
26744
26346
26365
26745
26347
26366
26746
26348
26367
26747
26349
26368
26748
26350
26369
26749
26351
26370
26750
26352
26371
26751
26353
26372
26752
26354
26373
26753
26355
26374
26754
26356
26375
26755
26357
26376
26756
26358
26377
26757
26359
26378
26758
26379
26759
26361
26380
26760
26362
26381
26761
26363
26382
26762
26364
26383
26763
26365
26384
26764
26366
26385
26765
26367
26386
26766
26368
26387
26767
26369
26388
26768
26370
26389
26769
26371
26390
26770
26372
26391
26771
26373
26392
26772
26374
26393
26773
26375
26394
26774
26376
26395
26775
26377
26396
26776
26378
26397
26777
26379
26398
26778
26399
26779
26381
26780
26382
26781
26383
26782
26384
26783
26385
26784
26386
26785
26387
26786
26388
26787
26389
26788
26390
26789
26391
26790
26392
26791
26393
26792
26394
26793
26395
26794
26396
26795
26397
26796
26398
26797
26399
26798
26799
26401
26420
26800
26402
26421
26801
26403
26422
26802
26404
26423
26803
26405
26424
26804
26406
26425
26805
26407
26426
26806
26408
26427
26807
26409
26428
26808
26410
26429
26809
26411
26430
26810
26412
26431
26811
26413
26432
26812
26414
26433
26813
26415
26434
26814
26416
26435
26815
26417
26436
26816
26418
26437
26817
26419
26438
26818
26439
26819
26421
26440
26820
26422
26441
26821
26423
26442
26822
26424
26443
26823
26425
26444
26824
26426
26445
26825
26427
26446
26826
26428
26447
26827
26429
26448
26828
26430
26449
26829
26431
26450
26830
26432
26451
26831
26433
26452
26832
26434
26453
26833
26435
26454
26834
26436
26455
26835
26437
26456
26836
26438
26457
26837
26439
26458
26838
26459
26839
26441
26460
26840
26442
26461
26841
26443
26462
26842
26444
26463
26843
26445
26464
26844
26446
26465
26845
26447
26466
26846
26448
26467
26847
26449
26468
26848
26450
26469
26849
26451
26470
26850
26452
26471
26851
26453
26472
26852
26454
26473
26853
26455
26474
26854
26456
26475
26855
26457
26476
26856
26458
26477
26857
26459
26478
26858
26479
26859
26461
26480
26860
26462
26481
26861
26463
26482
26862
26464
26483
26863
26465
26484
26864
26466
26485
26865
26467
26486
26866
26468
26487
26867
26469
26488
26868
26470
26489
26869
26471
26490
26870
26472
26491
26871
26473
26492
26872
26474
26493
26873
26475
26494
26874
26476
26495
26875
26477
26496
26876
26478
26497
26877
26479
26498
26878
26499
26879
26481
26500
26880
26482
26501
26881
26483
26502
26882
26484
26503
26883
26485
26504
26884
26486
26505
26885
26487
26506
26886
26488
26507
26887
26489
26508
26888
26490
26509
26889
26491
26510
26890
26492
26511
26891
26493
26512
26892
26494
26513
26893
26495
26514
26894
26496
26515
26895
26497
26516
26896
26498
26517
26897
26499
26518
26898
26519
26899
26501
26520
26900
26502
26521
26901
26503
26522
26902
26504
26523
26903
26505
26524
26904
26506
26525
26905
26507
26526
26906
26508
26527
26907
26509
26528
26908
26510
26529
26909
26511
26530
26910
26512
26531
26911
26513
26532
26912
26514
26533
26913
26515
26534
26914
26516
26535
26915
26517
26536
26916
26518
26537
26917
26519
26538
26918
26539
26919
26521
26540
26920
26522
26541
26921
26523
26542
26922
26524
26543
26923
26525
26544
26924
26526
26545
26925
26527
26546
26926
26528
26547
26927
26529
26548
26928
26530
26549
26929
26531
26550
26930
26532
26551
26931
26533
26552
26932
26534
26553
26933
26535
26554
26934
26536
26555
26935
26537
26556
26936
26538
26557
26937
26539
26558
26938
26559
26939
26541
26560
26940
26542
26561
26941
26543
26562
26942
26544
26563
26943
26545
26564
26944
26546
26565
26945
26547
26566
26946
26548
26567
26947
26549
26568
26948
26550
26569
26949
26551
26570
26950
26552
26571
26951
26553
26572
26952
26554
26573
26953
26555
26574
26954
26556
26575
26955
26557
26576
26956
26558
26577
26957
26559
26578
26958
26579
26959
26561
26580
26960
26562
26581
26961
26563
26582
26962
26564
26583
26963
26565
26584
26964
26566
26585
26965
26567
26586
26966
26568
26587
26967
26569
26588
26968
26570
26589
26969
26571
26590
26970
26572
26591
26971
26573
26592
26972
26574
26593
26973
26575
26594
26974
26576
26595
26975
26577
26596
26976
26578
26597
26977
26579
26598
26978
26599
26979
26581
26600
26980
26582
26601
26981
26583
26602
26982
26584
26603
26983
26585
26604
26984
26586
26605
26985
26587
26606
26986
26588
26607
26987
26589
26608
26988
26590
26609
26989
26591
26610
26990
26592
26611
26991
26593
26612
26992
26594
26613
26993
26595
26614
26994
26596
26615
26995
26597
26616
26996
26598
26617
26997
26599
26618
26998
26619
26999
26601
26620
27000
26602
26621
27001
26603
26622
27002
26604
26623
27003
26605
26624
27004
26606
26625
27005
26607
26626
27006
26608
26627
27007
26609
26628
27008
26610
26629
27009
26611
26630
27010
26612
26631
27011
26613
26632
27012
26614
26633
27013
26615
26634
27014
26616
26635
27015
26617
26636
27016
26618
26637
27017
26619
26638
27018
26639
27019
26621
26640
27020
26622
26641
27021
26623
26642
27022
26624
26643
27023
26625
26644
27024
26626
26645
27025
26627
26646
27026
26628
26647
27027
26629
26648
27028
26630
26649
27029
26631
26650
27030
26632
26651
27031
26633
26652
27032
26634
26653
27033
26635
26654
27034
26636
26655
27035
26637
26656
27036
26638
26657
27037
26639
26658
27038
26659
27039
26641
26660
27040
26642
26661
27041
26643
26662
27042
26644
26663
27043
26645
26664
27044
26646
26665
27045
26647
26666
27046
26648
26667
27047
26649
26668
27048
26650
26669
27049
26651
26670
27050
26652
26671
27051
26653
26672
27052
26654
26673
27053
26655
26674
27054
26656
26675
27055
26657
26676
27056
26658
26677
27057
26659
26678
27058
26679
27059
26661
26680
27060
26662
26681
27061
26663
26682
27062
26664
26683
27063
26665
26684
27064
26666
26685
27065
26667
26686
27066
26668
26687
27067
26669
26688
27068
26670
26689
27069
26671
26690
27070
26672
26691
27071
26673
26692
27072
26674
26693
27073
26675
26694
27074
26676
26695
27075
26677
26696
27076
26678
26697
27077
26679
26698
27078
26699
27079
26681
26700
27080
26682
26701
27081
26683
26702
27082
26684
26703
27083
26685
26704
27084
26686
26705
27085
26687
26706
27086
26688
26707
27087
26689
26708
27088
26690
26709
27089
26691
26710
27090
26692
26711
27091
26693
26712
27092
26694
26713
27093
26695
26714
27094
26696
26715
27095
26697
26716
27096
26698
26717
27097
26699
26718
27098
26719
27099
26701
26720
27100
26702
26721
27101
26703
26722
27102
26704
26723
27103
26705
26724
27104
26706
26725
27105
26707
26726
27106
26708
26727
27107
26709
26728
27108
26710
26729
27109
26711
26730
27110
26712
26731
27111
26713
26732
27112
26714
26733
27113
26715
26734
27114
26716
26735
27115
26717
26736
27116
26718
26737
27117
26719
26738
27118
26739
27119
26721
26740
27120
26722
26741
27121
26723
26742
27122
26724
26743
27123
26725
26744
27124
26726
26745
27125
26727
26746
27126
26728
26747
27127
26729
26748
27128
26730
26749
27129
26731
26750
27130
26732
26751
27131
26733
26752
27132
26734
26753
27133
26735
26754
27134
26736
26755
27135
26737
26756
27136
26738
26757
27137
26739
26758
27138
26759
27139
26741
26760
27140
26742
26761
27141
26743
26762
27142
26744
26763
27143
26745
26764
27144
26746
26765
27145
26747
26766
27146
26748
26767
27147
26749
26768
27148
26750
26769
27149
26751
26770
27150
26752
26771
27151
26753
26772
27152
26754
26773
27153
26755
26774
27154
26756
26775
27155
26757
26776
27156
26758
26777
27157
26759
26778
27158
26779
27159
26761
26780
27160
26762
26781
27161
26763
26782
27162
26764
26783
27163
26765
26784
27164
26766
26785
27165
26767
26786
27166
26768
26787
27167
26769
26788
27168
26770
26789
27169
26771
26790
27170
26772
26791
27171
26773
26792
27172
26774
26793
27173
26775
26794
27174
26776
26795
27175
26777
26796
27176
26778
26797
27177
26779
26798
27178
26799
27179
26781
27180
26782
27181
26783
27182
26784
27183
26785
27184
26786
27185
26787
27186
26788
27187
26789
27188
26790
27189
26791
27190
26792
27191
26793
27192
26794
27193
26795
27194
26796
27195
26797
27196
26798
27197
26799
27198
27199
26801
26820
27200
26802
26821
27201
26803
26822
27202
26804
26823
27203
26805
26824
27204
26806
26825
27205
26807
26826
27206
26808
26827
27207
26809
26828
27208
26810
26829
27209
26811
26830
27210
26812
26831
27211
26813
26832
27212
26814
26833
27213
26815
26834
27214
26816
26835
27215
26817
26836
27216
26818
26837
27217
26819
26838
27218
26839
27219
26821
26840
27220
26822
26841
27221
26823
26842
27222
26824
26843
27223
26825
26844
27224
26826
26845
27225
26827
26846
27226
26828
26847
27227
26829
26848
27228
26830
26849
27229
26831
26850
27230
26832
26851
27231
26833
26852
27232
26834
26853
27233
26835
26854
27234
26836
26855
27235
26837
26856
27236
26838
26857
27237
26839
26858
27238
26859
27239
26841
26860
27240
26842
26861
27241
26843
26862
27242
26844
26863
27243
26845
26864
27244
26846
26865
27245
26847
26866
27246
26848
26867
27247
26849
26868
27248
26850
26869
27249
26851
26870
27250
26852
26871
27251
26853
26872
27252
26854
26873
27253
26855
26874
27254
26856
26875
27255
26857
26876
27256
26858
26877
27257
26859
26878
27258
26879
27259
26861
26880
27260
26862
26881
27261
26863
26882
27262
26864
26883
27263
26865
26884
27264
26866
26885
27265
26867
26886
27266
26868
26887
27267
26869
26888
27268
26870
26889
27269
26871
26890
27270
26872
26891
27271
26873
26892
27272
26874
26893
27273
26875
26894
27274
26876
26895
27275
26877
26896
27276
26878
26897
27277
26879
26898
27278
26899
27279
26881
26900
27280
26882
26901
27281
26883
26902
27282
26884
26903
27283
26885
26904
27284
26886
26905
27285
26887
26906
27286
26888
26907
27287
26889
26908
27288
26890
26909
27289
26891
26910
27290
26892
26911
27291
26893
26912
27292
26894
26913
27293
26895
26914
27294
26896
26915
27295
26897
26916
27296
26898
26917
27297
26899
26918
27298
26919
27299
26901
26920
27300
26902
26921
27301
26903
26922
27302
26904
26923
27303
26905
26924
27304
26906
26925
27305
26907
26926
27306
26908
26927
27307
26909
26928
27308
26910
26929
27309
26911
26930
27310
26912
26931
27311
26913
26932
27312
26914
26933
27313
26915
26934
27314
26916
26935
27315
26917
26936
27316
26918
26937
27317
26919
26938
27318
26939
27319
26921
26940
27320
26922
26941
27321
26923
26942
27322
26924
26943
27323
26925
26944
27324
26926
26945
27325
26927
26946
27326
26928
26947
27327
26929
26948
27328
26930
26949
27329
26931
26950
27330
26932
26951
27331
26933
26952
27332
26934
26953
27333
26935
26954
27334
26936
26955
27335
26937
26956
27336
26938
26957
27337
26939
26958
27338
26959
27339
26941
26960
27340
26942
26961
27341
26943
26962
27342
26944
26963
27343
26945
26964
27344
26946
26965
27345
26947
26966
27346
26948
26967
27347
26949
26968
27348
26950
26969
27349
26951
26970
27350
26952
26971
27351
26953
26972
27352
26954
26973
27353
26955
26974
27354
26956
26975
27355
26957
26976
27356
26958
26977
27357
26959
26978
27358
26979
27359
26961
26980
27360
26962
26981
27361
26963
26982
27362
26964
26983
27363
26965
26984
27364
26966
26985
27365
26967
26986
27366
26968
26987
27367
26969
26988
27368
26970
26989
27369
26971
26990
27370
26972
26991
27371
26973
26992
27372
26974
26993
27373
26975
26994
27374
26976
26995
27375
26977
26996
27376
26978
26997
27377
26979
26998
27378
26999
27379
26981
27000
27380
26982
27001
27381
26983
27002
27382
26984
27003
27383
26985
27004
27384
26986
27005
27385
26987
27006
27386
26988
27007
27387
26989
27008
27388
26990
27009
27389
26991
27010
27390
26992
27011
27391
26993
27012
27392
26994
27013
27393
26995
27014
27394
26996
27015
27395
26997
27016
27396
26998
27017
27397
26999
27018
27398
27019
27399
27001
27020
27400
27002
27021
27401
27003
27022
27402
27004
27023
27403
27005
27024
27404
27006
27025
27405
27007
27026
27406
27008
27027
27407
27009
27028
27408
27010
27029
27409
27011
27030
27410
27012
27031
27411
27013
27032
27412
27014
27033
27413
27015
27034
27414
27016
27035
27415
27017
27036
27416
27018
27037
27417
27019
27038
27418
27039
27419
27021
27040
27420
27022
27041
27421
27023
27042
27422
27024
27043
27423
27025
27044
27424
27026
27045
27425
27027
27046
27426
27028
27047
27427
27029
27048
27428
27030
27049
27429
27031
27050
27430
27032
27051
27431
27033
27052
27432
27034
27053
27433
27035
27054
27434
27036
27055
27435
27037
27056
27436
27038
27057
27437
27039
27058
27438
27059
27439
27041
27060
27440
27042
27061
27441
27043
27062
27442
27044
27063
27443
27045
27064
27444
27046
27065
27445
27047
27066
27446
27048
27067
27447
27049
27068
27448
27050
27069
27449
27051
27070
27450
27052
27071
27451
27053
27072
27452
27054
27073
27453
27055
27074
27454
27056
27075
27455
27057
27076
27456
27058
27077
27457
27059
27078
27458
27079
27459
27061
27080
27460
27062
27081
27461
27063
27082
27462
27064
27083
27463
27065
27084
27464
27066
27085
27465
27067
27086
27466
27068
27087
27467
27069
27088
27468
27070
27089
27469
27071
27090
27470
27072
27091
27471
27073
27092
27472
27074
27093
27473
27075
27094
27474
27076
27095
27475
27077
27096
27476
27078
27097
27477
27079
27098
27478
27099
27479
27081
27100
27480
27082
27101
27481
27083
27102
27482
27084
27103
27483
27085
27104
27484
27086
27105
27485
27087
27106
27486
27088
27107
27487
27089
27108
27488
27090
27109
27489
27091
27110
27490
27092
27111
27491
27093
27112
27492
27094
27113
27493
27095
27114
27494
27096
27115
27495
27097
27116
27496
27098
27117
27497
27099
27118
27498
27119
27499
27101
27120
27500
27102
27121
27501
27103
27122
27502
27104
27123
27503
27105
27124
27504
27106
27125
27505
27107
27126
27506
27108
27127
27507
27109
27128
27508
27110
27129
27509
27111
27130
27510
27112
27131
27511
27113
27132
27512
27114
27133
27513
27115
27134
27514
27116
27135
27515
27117
27136
27516
27118
27137
27517
27119
27138
27518
27139
27519
27121
27140
27520
27122
27141
27521
27123
27142
27522
27124
27143
27523
27125
27144
27524
27126
27145
27525
27127
27146
27526
27128
27147
27527
27129
27148
27528
27130
27149
27529
27131
27150
27530
27132
27151
27531
27133
27152
27532
27134
27153
27533
27135
27154
27534
27136
27155
27535
27137
27156
27536
27138
27157
27537
27139
27158
27538
27159
27539
27141
27160
27540
27142
27161
27541
27143
27162
27542
27144
27163
27543
27145
27164
27544
27146
27165
27545
27147
27166
27546
27148
27167
27547
27149
27168
27548
27150
27169
27549
27151
27170
27550
27152
27171
27551
27153
27172
27552
27154
27173
27553
27155
27174
27554
27156
27175
27555
27157
27176
27556
27158
27177
27557
27159
27178
27558
27179
27559
27161
27180
27560
27162
27181
27561
27163
27182
27562
27164
27183
27563
27165
27184
27564
27166
27185
27565
27167
27186
27566
27168
27187
27567
27169
27188
27568
27170
27189
27569
27171
27190
27570
27172
27191
27571
27173
27192
27572
27174
27193
27573
27175
27194
27574
27176
27195
27575
27177
27196
27576
27178
27197
27577
27179
27198
27578
27199
27579
27181
27580
27182
27581
27183
27582
27184
27583
27185
27584
27186
27585
27187
27586
27188
27587
27189
27588
27190
27589
27191
27590
27192
27591
27193
27592
27194
27593
27195
27594
27196
27595
27197
27596
27198
27597
27199
27598
27599
27201
27220
27600
27202
27221
27601
27203
27222
27602
27204
27223
27603
27205
27224
27604
27206
27225
27605
27207
27226
27606
27208
27227
27607
27209
27228
27608
27210
27229
27609
27211
27230
27610
27212
27231
27611
27213
27232
27612
27214
27233
27613
27215
27234
27614
27216
27235
27615
27217
27236
27616
27218
27237
27617
27219
27238
27618
27239
27619
27221
27240
27620
27222
27241
27621
27223
27242
27622
27224
27243
27623
27225
27244
27624
27226
27245
27625
27227
27246
27626
27228
27247
27627
27229
27248
27628
27230
27249
27629
27231
27250
27630
27232
27251
27631
27233
27252
27632
27234
27253
27633
27235
27254
27634
27236
27255
27635
27237
27256
27636
27238
27257
27637
27239
27258
27638
27259
27639
27241
27260
27640
27242
27261
27641
27243
27262
27642
27244
27263
27643
27245
27264
27644
27246
27265
27645
27247
27266
27646
27248
27267
27647
27249
27268
27648
27250
27269
27649
27251
27270
27650
27252
27271
27651
27253
27272
27652
27254
27273
27653
27255
27274
27654
27256
27275
27655
27257
27276
27656
27258
27277
27657
27259
27278
27658
27279
27659
27261
27280
27660
27262
27281
27661
27263
27282
27662
27264
27283
27663
27265
27284
27664
27266
27285
27665
27267
27286
27666
27268
27287
27667
27269
27288
27668
27270
27289
27669
27271
27290
27670
27272
27291
27671
27273
27292
27672
27274
27293
27673
27275
27294
27674
27276
27295
27675
27277
27296
27676
27278
27297
27677
27279
27298
27678
27299
27679
27281
27300
27680
27282
27301
27681
27283
27302
27682
27284
27303
27683
27285
27304
27684
27286
27305
27685
27287
27306
27686
27288
27307
27687
27289
27308
27688
27290
27309
27689
27291
27310
27690
27292
27311
27691
27293
27312
27692
27294
27313
27693
27295
27314
27694
27296
27315
27695
27297
27316
27696
27298
27317
27697
27299
27318
27698
27319
27699
27301
27320
27700
27302
27321
27701
27303
27322
27702
27304
27323
27703
27305
27324
27704
27306
27325
27705
27307
27326
27706
27308
27327
27707
27309
27328
27708
27310
27329
27709
27311
27330
27710
27312
27331
27711
27313
27332
27712
27314
27333
27713
27315
27334
27714
27316
27335
27715
27317
27336
27716
27318
27337
27717
27319
27338
27718
27339
27719
27321
27340
27720
27322
27341
27721
27323
27342
27722
27324
27343
27723
27325
27344
27724
27326
27345
27725
27327
27346
27726
27328
27347
27727
27329
27348
27728
27330
27349
27729
27331
27350
27730
27332
27351
27731
27333
27352
27732
27334
27353
27733
27335
27354
27734
27336
27355
27735
27337
27356
27736
27338
27357
27737
27339
27358
27738
27359
27739
27341
27360
27740
27342
27361
27741
27343
27362
27742
27344
27363
27743
27345
27364
27744
27346
27365
27745
27347
27366
27746
27348
27367
27747
27349
27368
27748
27350
27369
27749
27351
27370
27750
27352
27371
27751
27353
27372
27752
27354
27373
27753
27355
27374
27754
27356
27375
27755
27357
27376
27756
27358
27377
27757
27359
27378
27758
27379
27759
27361
27380
27760
27362
27381
27761
27363
27382
27762
27364
27383
27763
27365
27384
27764
27366
27385
27765
27367
27386
27766
27368
27387
27767
27369
27388
27768
27370
27389
27769
27371
27390
27770
27372
27391
27771
27373
27392
27772
27374
27393
27773
27375
27394
27774
27376
27395
27775
27377
27396
27776
27378
27397
27777
27379
27398
27778
27399
27779
27381
27400
27780
27382
27401
27781
27383
27402
27782
27384
27403
27783
27385
27404
27784
27386
27405
27785
27387
27406
27786
27388
27407
27787
27389
27408
27788
27390
27409
27789
27391
27410
27790
27392
27411
27791
27393
27412
27792
27394
27413
27793
27395
27414
27794
27396
27415
27795
27397
27416
27796
27398
27417
27797
27399
27418
27798
27419
27799
27401
27420
27800
27402
27421
27801
27403
27422
27802
27404
27423
27803
27405
27424
27804
27406
27425
27805
27407
27426
27806
27408
27427
27807
27409
27428
27808
27410
27429
27809
27411
27430
27810
27412
27431
27811
27413
27432
27812
27414
27433
27813
27415
27434
27814
27416
27435
27815
27417
27436
27816
27418
27437
27817
27419
27438
27818
27439
27819
27421
27440
27820
27422
27441
27821
27423
27442
27822
27424
27443
27823
27425
27444
27824
27426
27445
27825
27427
27446
27826
27428
27447
27827
27429
27448
27828
27430
27449
27829
27431
27450
27830
27432
27451
27831
27433
27452
27832
27434
27453
27833
27435
27454
27834
27436
27455
27835
27437
27456
27836
27438
27457
27837
27439
27458
27838
27459
27839
27441
27460
27840
27442
27461
27841
27443
27462
27842
27444
27463
27843
27445
27464
27844
27446
27465
27845
27447
27466
27846
27448
27467
27847
27449
27468
27848
27450
27469
27849
27451
27470
27850
27452
27471
27851
27453
27472
27852
27454
27473
27853
27455
27474
27854
27456
27475
27855
27457
27476
27856
27458
27477
27857
27459
27478
27858
27479
27859
27461
27480
27860
27462
27481
27861
27463
27482
27862
27464
27483
27863
27465
27484
27864
27466
27485
27865
27467
27486
27866
27468
27487
27867
27469
27488
27868
27470
27489
27869
27471
27490
27870
27472
27491
27871
27473
27492
27872
27474
27493
27873
27475
27494
27874
27476
27495
27875
27477
27496
27876
27478
27497
27877
27479
27498
27878
27499
27879
27481
27500
27880
27482
27501
27881
27483
27502
27882
27484
27503
27883
27485
27504
27884
27486
27505
27885
27487
27506
27886
27488
27507
27887
27489
27508
27888
27490
27509
27889
27491
27510
27890
27492
27511
27891
27493
27512
27892
27494
27513
27893
27495
27514
27894
27496
27515
27895
27497
27516
27896
27498
27517
27897
27499
27518
27898
27519
27899
27501
27520
27900
27502
27521
27901
27503
27522
27902
27504
27523
27903
27505
27524
27904
27506
27525
27905
27507
27526
27906
27508
27527
27907
27509
27528
27908
27510
27529
27909
27511
27530
27910
27512
27531
27911
27513
27532
27912
27514
27533
27913
27515
27534
27914
27516
27535
27915
27517
27536
27916
27518
27537
27917
27519
27538
27918
27539
27919
27521
27540
27920
27522
27541
27921
27523
27542
27922
27524
27543
27923
27525
27544
27924
27526
27545
27925
27527
27546
27926
27528
27547
27927
27529
27548
27928
27530
27549
27929
27531
27550
27930
27532
27551
27931
27533
27552
27932
27534
27553
27933
27535
27554
27934
27536
27555
27935
27537
27556
27936
27538
27557
27937
27539
27558
27938
27559
27939
27541
27560
27940
27542
27561
27941
27543
27562
27942
27544
27563
27943
27545
27564
27944
27546
27565
27945
27547
27566
27946
27548
27567
27947
27549
27568
27948
27550
27569
27949
27551
27570
27950
27552
27571
27951
27553
27572
27952
27554
27573
27953
27555
27574
27954
27556
27575
27955
27557
27576
27956
27558
27577
27957
27559
27578
27958
27579
27959
27561
27580
27960
27562
27581
27961
27563
27582
27962
27564
27583
27963
27565
27584
27964
27566
27585
27965
27567
27586
27966
27568
27587
27967
27569
27588
27968
27570
27589
27969
27571
27590
27970
27572
27591
27971
27573
27592
27972
27574
27593
27973
27575
27594
27974
27576
27595
27975
27577
27596
27976
27578
27597
27977
27579
27598
27978
27599
27979
27581
27980
27582
27981
27583
27982
27584
27983
27585
27984
27586
27985
27587
27986
27588
27987
27589
27988
27590
27989
27591
27990
27592
27991
27593
27992
27594
27993
27595
27994
27596
27995
27597
27996
27598
27997
27599
27998
27999
27601
27620
28000
27602
27621
28001
27603
27622
28002
27604
27623
28003
27605
27624
28004
27606
27625
28005
27607
27626
28006
27608
27627
28007
27609
27628
28008
27610
27629
28009
27611
27630
28010
27612
27631
28011
27613
27632
28012
27614
27633
28013
27615
27634
28014
27616
27635
28015
27617
27636
28016
27618
27637
28017
27619
27638
28018
27639
28019
27621
27640
28020
27622
27641
28021
27623
27642
28022
27624
27643
28023
27625
27644
28024
27626
27645
28025
27627
27646
28026
27628
27647
28027
27629
27648
28028
27630
27649
28029
27631
27650
28030
27632
27651
28031
27633
27652
28032
27634
27653
28033
27635
27654
28034
27636
27655
28035
27637
27656
28036
27638
27657
28037
27639
27658
28038
27659
28039
27641
27660
28040
27642
27661
28041
27643
27662
28042
27644
27663
28043
27645
27664
28044
27646
27665
28045
27647
27666
28046
27648
27667
28047
27649
27668
28048
27650
27669
28049
27651
27670
28050
27652
27671
28051
27653
27672
28052
27654
27673
28053
27655
27674
28054
27656
27675
28055
27657
27676
28056
27658
27677
28057
27659
27678
28058
27679
28059
27661
27680
28060
27662
27681
28061
27663
27682
28062
27664
27683
28063
27665
27684
28064
27666
27685
28065
27667
27686
28066
27668
27687
28067
27669
27688
28068
27670
27689
28069
27671
27690
28070
27672
27691
28071
27673
27692
28072
27674
27693
28073
27675
27694
28074
27676
27695
28075
27677
27696
28076
27678
27697
28077
27679
27698
28078
27699
28079
27681
27700
28080
27682
27701
28081
27683
27702
28082
27684
27703
28083
27685
27704
28084
27686
27705
28085
27687
27706
28086
27688
27707
28087
27689
27708
28088
27690
27709
28089
27691
27710
28090
27692
27711
28091
27693
27712
28092
27694
27713
28093
27695
27714
28094
27696
27715
28095
27697
27716
28096
27698
27717
28097
27699
27718
28098
27719
28099
27701
27720
28100
27702
27721
28101
27703
27722
28102
27704
27723
28103
27705
27724
28104
27706
27725
28105
27707
27726
28106
27708
27727
28107
27709
27728
28108
27710
27729
28109
27711
27730
28110
27712
27731
28111
27713
27732
28112
27714
27733
28113
27715
27734
28114
27716
27735
28115
27717
27736
28116
27718
27737
28117
27719
27738
28118
27739
28119
27721
27740
28120
27722
27741
28121
27723
27742
28122
27724
27743
28123
27725
27744
28124
27726
27745
28125
27727
27746
28126
27728
27747
28127
27729
27748
28128
27730
27749
28129
27731
27750
28130
27732
27751
28131
27733
27752
28132
27734
27753
28133
27735
27754
28134
27736
27755
28135
27737
27756
28136
27738
27757
28137
27739
27758
28138
27759
28139
27741
27760
28140
27742
27761
28141
27743
27762
28142
27744
27763
28143
27745
27764
28144
27746
27765
28145
27747
27766
28146
27748
27767
28147
27749
27768
28148
27750
27769
28149
27751
27770
28150
27752
27771
28151
27753
27772
28152
27754
27773
28153
27755
27774
28154
27756
27775
28155
27757
27776
28156
27758
27777
28157
27759
27778
28158
27779
28159
27761
27780
28160
27762
27781
28161
27763
27782
28162
27764
27783
28163
27765
27784
28164
27766
27785
28165
27767
27786
28166
27768
27787
28167
27769
27788
28168
27770
27789
28169
27771
27790
28170
27772
27791
28171
27773
27792
28172
27774
27793
28173
27775
27794
28174
27776
27795
28175
27777
27796
28176
27778
27797
28177
27779
27798
28178
27799
28179
27781
27800
28180
27782
27801
28181
27783
27802
28182
27784
27803
28183
27785
27804
28184
27786
27805
28185
27787
27806
28186
27788
27807
28187
27789
27808
28188
27790
27809
28189
27791
27810
28190
27792
27811
28191
27793
27812
28192
27794
27813
28193
27795
27814
28194
27796
27815
28195
27797
27816
28196
27798
27817
28197
27799
27818
28198
27819
28199
27801
27820
28200
27802
27821
28201
27803
27822
28202
27804
27823
28203
27805
27824
28204
27806
27825
28205
27807
27826
28206
27808
27827
28207
27809
27828
28208
27810
27829
28209
27811
27830
28210
27812
27831
28211
27813
27832
28212
27814
27833
28213
27815
27834
28214
27816
27835
28215
27817
27836
28216
27818
27837
28217
27819
27838
28218
27839
28219
27821
27840
28220
27822
27841
28221
27823
27842
28222
27824
27843
28223
27825
27844
28224
27826
27845
28225
27827
27846
28226
27828
27847
28227
27829
27848
28228
27830
27849
28229
27831
27850
28230
27832
27851
28231
27833
27852
28232
27834
27853
28233
27835
27854
28234
27836
27855
28235
27837
27856
28236
27838
27857
28237
27839
27858
28238
27859
28239
27841
27860
28240
27842
27861
28241
27843
27862
28242
27844
27863
28243
27845
27864
28244
27846
27865
28245
27847
27866
28246
27848
27867
28247
27849
27868
28248
27850
27869
28249
27851
27870
28250
27852
27871
28251
27853
27872
28252
27854
27873
28253
27855
27874
28254
27856
27875
28255
27857
27876
28256
27858
27877
28257
27859
27878
28258
27879
28259
27861
27880
28260
27862
27881
28261
27863
27882
28262
27864
27883
28263
27865
27884
28264
27866
27885
28265
27867
27886
28266
27868
27887
28267
27869
27888
28268
27870
27889
28269
27871
27890
28270
27872
27891
28271
27873
27892
28272
27874
27893
28273
27875
27894
28274
27876
27895
28275
27877
27896
28276
27878
27897
28277
27879
27898
28278
27899
28279
27881
27900
28280
27882
27901
28281
27883
27902
28282
27884
27903
28283
27885
27904
28284
27886
27905
28285
27887
27906
28286
27888
27907
28287
27889
27908
28288
27890
27909
28289
27891
27910
28290
27892
27911
28291
27893
27912
28292
27894
27913
28293
27895
27914
28294
27896
27915
28295
27897
27916
28296
27898
27917
28297
27899
27918
28298
27919
28299
27901
27920
28300
27902
27921
28301
27903
27922
28302
27904
27923
28303
27905
27924
28304
27906
27925
28305
27907
27926
28306
27908
27927
28307
27909
27928
28308
27910
27929
28309
27911
27930
28310
27912
27931
28311
27913
27932
28312
27914
27933
28313
27915
27934
28314
27916
27935
28315
27917
27936
28316
27918
27937
28317
27919
27938
28318
27939
28319
27921
27940
28320
27922
27941
28321
27923
27942
28322
27924
27943
28323
27925
27944
28324
27926
27945
28325
27927
27946
28326
27928
27947
28327
27929
27948
28328
27930
27949
28329
27931
27950
28330
27932
27951
28331
27933
27952
28332
27934
27953
28333
27935
27954
28334
27936
27955
28335
27937
27956
28336
27938
27957
28337
27939
27958
28338
27959
28339
27941
27960
28340
27942
27961
28341
27943
27962
28342
27944
27963
28343
27945
27964
28344
27946
27965
28345
27947
27966
28346
27948
27967
28347
27949
27968
28348
27950
27969
28349
27951
27970
28350
27952
27971
28351
27953
27972
28352
27954
27973
28353
27955
27974
28354
27956
27975
28355
27957
27976
28356
27958
27977
28357
27959
27978
28358
27979
28359
27961
27980
28360
27962
27981
28361
27963
27982
28362
27964
27983
28363
27965
27984
28364
27966
27985
28365
27967
27986
28366
27968
27987
28367
27969
27988
28368
27970
27989
28369
27971
27990
28370
27972
27991
28371
27973
27992
28372
27974
27993
28373
27975
27994
28374
27976
27995
28375
27977
27996
28376
27978
27997
28377
27979
27998
28378
27999
28379
27981
28380
27982
28381
27983
28382
27984
28383
27985
28384
27986
28385
27987
28386
27988
28387
27989
28388
27990
28389
27991
28390
27992
28391
27993
28392
27994
28393
27995
28394
27996
28395
27997
28396
27998
28397
27999
28398
28399
28001
28020
28400
28002
28021
28401
28003
28022
28402
28004
28023
28403
28005
28024
28404
28006
28025
28405
28007
28026
28406
28008
28027
28407
28009
28028
28408
28010
28029
28409
28011
28030
28410
28012
28031
28411
28013
28032
28412
28014
28033
28413
28015
28034
28414
28016
28035
28415
28017
28036
28416
28018
28037
28417
28019
28038
28418
28039
28419
28021
28040
28420
28022
28041
28421
28023
28042
28422
28024
28043
28423
28025
28044
28424
28026
28045
28425
28027
28046
28426
28028
28047
28427
28029
28048
28428
28030
28049
28429
28031
28050
28430
28032
28051
28431
28033
28052
28432
28034
28053
28433
28035
28054
28434
28036
28055
28435
28037
28056
28436
28038
28057
28437
28039
28058
28438
28059
28439
28041
28060
28440
28042
28061
28441
28043
28062
28442
28044
28063
28443
28045
28064
28444
28046
28065
28445
28047
28066
28446
28048
28067
28447
28049
28068
28448
28050
28069
28449
28051
28070
28450
28052
28071
28451
28053
28072
28452
28054
28073
28453
28055
28074
28454
28056
28075
28455
28057
28076
28456
28058
28077
28457
28059
28078
28458
28079
28459
28061
28080
28460
28062
28081
28461
28063
28082
28462
28064
28083
28463
28065
28084
28464
28066
28085
28465
28067
28086
28466
28068
28087
28467
28069
28088
28468
28070
28089
28469
28071
28090
28470
28072
28091
28471
28073
28092
28472
28074
28093
28473
28075
28094
28474
28076
28095
28475
28077
28096
28476
28078
28097
28477
28079
28098
28478
28099
28479
28081
28100
28480
28082
28101
28481
28083
28102
28482
28084
28103
28483
28085
28104
28484
28086
28105
28485
28087
28106
28486
28088
28107
28487
28089
28108
28488
28090
28109
28489
28091
28110
28490
28092
28111
28491
28093
28112
28492
28094
28113
28493
28095
28114
28494
28096
28115
28495
28097
28116
28496
28098
28117
28497
28099
28118
28498
28119
28499
28101
28120
28500
28102
28121
28501
28103
28122
28502
28104
28123
28503
28105
28124
28504
28106
28125
28505
28107
28126
28506
28108
28127
28507
28109
28128
28508
28110
28129
28509
28111
28130
28510
28112
28131
28511
28113
28132
28512
28114
28133
28513
28115
28134
28514
28116
28135
28515
28117
28136
28516
28118
28137
28517
28119
28138
28518
28139
28519
28121
28140
28520
28122
28141
28521
28123
28142
28522
28124
28143
28523
28125
28144
28524
28126
28145
28525
28127
28146
28526
28128
28147
28527
28129
28148
28528
28130
28149
28529
28131
28150
28530
28132
28151
28531
28133
28152
28532
28134
28153
28533
28135
28154
28534
28136
28155
28535
28137
28156
28536
28138
28157
28537
28139
28158
28538
28159
28539
28141
28160
28540
28142
28161
28541
28143
28162
28542
28144
28163
28543
28145
28164
28544
28146
28165
28545
28147
28166
28546
28148
28167
28547
28149
28168
28548
28150
28169
28549
28151
28170
28550
28152
28171
28551
28153
28172
28552
28154
28173
28553
28155
28174
28554
28156
28175
28555
28157
28176
28556
28158
28177
28557
28159
28178
28558
28179
28559
28161
28180
28560
28162
28181
28561
28163
28182
28562
28164
28183
28563
28165
28184
28564
28166
28185
28565
28167
28186
28566
28168
28187
28567
28169
28188
28568
28170
28189
28569
28171
28190
28570
28172
28191
28571
28173
28192
28572
28174
28193
28573
28175
28194
28574
28176
28195
28575
28177
28196
28576
28178
28197
28577
28179
28198
28578
28199
28579
28181
28200
28580
28182
28201
28581
28183
28202
28582
28184
28203
28583
28185
28204
28584
28186
28205
28585
28187
28206
28586
28188
28207
28587
28189
28208
28588
28190
28209
28589
28191
28210
28590
28192
28211
28591
28193
28212
28592
28194
28213
28593
28195
28214
28594
28196
28215
28595
28197
28216
28596
28198
28217
28597
28199
28218
28598
28219
28599
28201
28220
28600
28202
28221
28601
28203
28222
28602
28204
28223
28603
28205
28224
28604
28206
28225
28605
28207
28226
28606
28208
28227
28607
28209
28228
28608
28210
28229
28609
28211
28230
28610
28212
28231
28611
28213
28232
28612
28214
28233
28613
28215
28234
28614
28216
28235
28615
28217
28236
28616
28218
28237
28617
28219
28238
28618
28239
28619
28221
28240
28620
28222
28241
28621
28223
28242
28622
28224
28243
28623
28225
28244
28624
28226
28245
28625
28227
28246
28626
28228
28247
28627
28229
28248
28628
28230
28249
28629
28231
28250
28630
28232
28251
28631
28233
28252
28632
28234
28253
28633
28235
28254
28634
28236
28255
28635
28237
28256
28636
28238
28257
28637
28239
28258
28638
28259
28639
28241
28260
28640
28242
28261
28641
28243
28262
28642
28244
28263
28643
28245
28264
28644
28246
28265
28645
28247
28266
28646
28248
28267
28647
28249
28268
28648
28250
28269
28649
28251
28270
28650
28252
28271
28651
28253
28272
28652
28254
28273
28653
28255
28274
28654
28256
28275
28655
28257
28276
28656
28258
28277
28657
28259
28278
28658
28279
28659
28261
28280
28660
28262
28281
28661
28263
28282
28662
28264
28283
28663
28265
28284
28664
28266
28285
28665
28267
28286
28666
28268
28287
28667
28269
28288
28668
28270
28289
28669
28271
28290
28670
28272
28291
28671
28273
28292
28672
28274
28293
28673
28275
28294
28674
28276
28295
28675
28277
28296
28676
28278
28297
28677
28279
28298
28678
28299
28679
28281
28300
28680
28282
28301
28681
28283
28302
28682
28284
28303
28683
28285
28304
28684
28286
28305
28685
28287
28306
28686
28288
28307
28687
28289
28308
28688
28290
28309
28689
28291
28310
28690
28292
28311
28691
28293
28312
28692
28294
28313
28693
28295
28314
28694
28296
28315
28695
28297
28316
28696
28298
28317
28697
28299
28318
28698
28319
28699
28301
28320
28700
28302
28321
28701
28303
28322
28702
28304
28323
28703
28305
28324
28704
28306
28325
28705
28307
28326
28706
28308
28327
28707
28309
28328
28708
28310
28329
28709
28311
28330
28710
28312
28331
28711
28313
28332
28712
28314
28333
28713
28315
28334
28714
28316
28335
28715
28317
28336
28716
28318
28337
28717
28319
28338
28718
28339
28719
28321
28340
28720
28322
28341
28721
28323
28342
28722
28324
28343
28723
28325
28344
28724
28326
28345
28725
28327
28346
28726
28328
28347
28727
28329
28348
28728
28330
28349
28729
28331
28350
28730
28332
28351
28731
28333
28352
28732
28334
28353
28733
28335
28354
28734
28336
28355
28735
28337
28356
28736
28338
28357
28737
28339
28358
28738
28359
28739
28341
28360
28740
28342
28361
28741
28343
28362
28742
28344
28363
28743
28345
28364
28744
28346
28365
28745
28347
28366
28746
28348
28367
28747
28349
28368
28748
28350
28369
28749
28351
28370
28750
28352
28371
28751
28353
28372
28752
28354
28373
28753
28355
28374
28754
28356
28375
28755
28357
28376
28756
28358
28377
28757
28359
28378
28758
28379
28759
28361
28380
28760
28362
28381
28761
28363
28382
28762
28364
28383
28763
28365
28384
28764
28366
28385
28765
28367
28386
28766
28368
28387
28767
28369
28388
28768
28370
28389
28769
28371
28390
28770
28372
28391
28771
28373
28392
28772
28374
28393
28773
28375
28394
28774
28376
28395
28775
28377
28396
28776
28378
28397
28777
28379
28398
28778
28399
28779
28381
28780
28382
28781
28383
28782
28384
28783
28385
28784
28386
28785
28387
28786
28388
28787
28389
28788
28390
28789
28391
28790
28392
28791
28393
28792
28394
28793
28395
28794
28396
28795
28397
28796
28398
28797
28399
28798
28799
28401
28420
28800
28402
28421
28801
28403
28422
28802
28404
28423
28803
28405
28424
28804
28406
28425
28805
28407
28426
28806
28408
28427
28807
28409
28428
28808
28410
28429
28809
28411
28430
28810
28412
28431
28811
28413
28432
28812
28414
28433
28813
28415
28434
28814
28416
28435
28815
28417
28436
28816
28418
28437
28817
28419
28438
28818
28439
28819
28421
28440
28820
28422
28441
28821
28423
28442
28822
28424
28443
28823
28425
28444
28824
28426
28445
28825
28427
28446
28826
28428
28447
28827
28429
28448
28828
28430
28449
28829
28431
28450
28830
28432
28451
28831
28433
28452
28832
28434
28453
28833
28435
28454
28834
28436
28455
28835
28437
28456
28836
28438
28457
28837
28439
28458
28838
28459
28839
28441
28460
28840
28442
28461
28841
28443
28462
28842
28444
28463
28843
28445
28464
28844
28446
28465
28845
28447
28466
28846
28448
28467
28847
28449
28468
28848
28450
28469
28849
28451
28470
28850
28452
28471
28851
28453
28472
28852
28454
28473
28853
28455
28474
28854
28456
28475
28855
28457
28476
28856
28458
28477
28857
28459
28478
28858
28479
28859
28461
28480
28860
28462
28481
28861
28463
28482
28862
28464
28483
28863
28465
28484
28864
28466
28485
28865
28467
28486
28866
28468
28487
28867
28469
28488
28868
28470
28489
28869
28471
28490
28870
28472
28491
28871
28473
28492
28872
28474
28493
28873
28475
28494
28874
28476
28495
28875
28477
28496
28876
28478
28497
28877
28479
28498
28878
28499
28879
28481
28500
28880
28482
28501
28881
28483
28502
28882
28484
28503
28883
28485
28504
28884
28486
28505
28885
28487
28506
28886
28488
28507
28887
28489
28508
28888
28490
28509
28889
28491
28510
28890
28492
28511
28891
28493
28512
28892
28494
28513
28893
28495
28514
28894
28496
28515
28895
28497
28516
28896
28498
28517
28897
28499
28518
28898
28519
28899
28501
28520
28900
28502
28521
28901
28503
28522
28902
28504
28523
28903
28505
28524
28904
28506
28525
28905
28507
28526
28906
28508
28527
28907
28509
28528
28908
28510
28529
28909
28511
28530
28910
28512
28531
28911
28513
28532
28912
28514
28533
28913
28515
28534
28914
28516
28535
28915
28517
28536
28916
28518
28537
28917
28519
28538
28918
28539
28919
28521
28540
28920
28522
28541
28921
28523
28542
28922
28524
28543
28923
28525
28544
28924
28526
28545
28925
28527
28546
28926
28528
28547
28927
28529
28548
28928
28530
28549
28929
28531
28550
28930
28532
28551
28931
28533
28552
28932
28534
28553
28933
28535
28554
28934
28536
28555
28935
28537
28556
28936
28538
28557
28937
28539
28558
28938
28559
28939
28541
28560
28940
28542
28561
28941
28543
28562
28942
28544
28563
28943
28545
28564
28944
28546
28565
28945
28547
28566
28946
28548
28567
28947
28549
28568
28948
28550
28569
28949
28551
28570
28950
28552
28571
28951
28553
28572
28952
28554
28573
28953
28555
28574
28954
28556
28575
28955
28557
28576
28956
28558
28577
28957
28559
28578
28958
28579
28959
28561
28580
28960
28562
28581
28961
28563
28582
28962
28564
28583
28963
28565
28584
28964
28566
28585
28965
28567
28586
28966
28568
28587
28967
28569
28588
28968
28570
28589
28969
28571
28590
28970
28572
28591
28971
28573
28592
28972
28574
28593
28973
28575
28594
28974
28576
28595
28975
28577
28596
28976
28578
28597
28977
28579
28598
28978
28599
28979
28581
28600
28980
28582
28601
28981
28583
28602
28982
28584
28603
28983
28585
28604
28984
28586
28605
28985
28587
28606
28986
28588
28607
28987
28589
28608
28988
28590
28609
28989
28591
28610
28990
28592
28611
28991
28593
28612
28992
28594
28613
28993
28595
28614
28994
28596
28615
28995
28597
28616
28996
28598
28617
28997
28599
28618
28998
28619
28999
28601
28620
29000
28602
28621
29001
28603
28622
29002
28604
28623
29003
28605
28624
29004
28606
28625
29005
28607
28626
29006
28608
28627
29007
28609
28628
29008
28610
28629
29009
28611
28630
29010
28612
28631
29011
28613
28632
29012
28614
28633
29013
28615
28634
29014
28616
28635
29015
28617
28636
29016
28618
28637
29017
28619
28638
29018
28639
29019
28621
28640
29020
28622
28641
29021
28623
28642
29022
28624
28643
29023
28625
28644
29024
28626
28645
29025
28627
28646
29026
28628
28647
29027
28629
28648
29028
28630
28649
29029
28631
28650
29030
28632
28651
29031
28633
28652
29032
28634
28653
29033
28635
28654
29034
28636
28655
29035
28637
28656
29036
28638
28657
29037
28639
28658
29038
28659
29039
28641
28660
29040
28642
28661
29041
28643
28662
29042
28644
28663
29043
28645
28664
29044
28646
28665
29045
28647
28666
29046
28648
28667
29047
28649
28668
29048
28650
28669
29049
28651
28670
29050
28652
28671
29051
28653
28672
29052
28654
28673
29053
28655
28674
29054
28656
28675
29055
28657
28676
29056
28658
28677
29057
28659
28678
29058
28679
29059
28661
28680
29060
28662
28681
29061
28663
28682
29062
28664
28683
29063
28665
28684
29064
28666
28685
29065
28667
28686
29066
28668
28687
29067
28669
28688
29068
28670
28689
29069
28671
28690
29070
28672
28691
29071
28673
28692
29072
28674
28693
29073
28675
28694
29074
28676
28695
29075
28677
28696
29076
28678
28697
29077
28679
28698
29078
28699
29079
28681
28700
29080
28682
28701
29081
28683
28702
29082
28684
28703
29083
28685
28704
29084
28686
28705
29085
28687
28706
29086
28688
28707
29087
28689
28708
29088
28690
28709
29089
28691
28710
29090
28692
28711
29091
28693
28712
29092
28694
28713
29093
28695
28714
29094
28696
28715
29095
28697
28716
29096
28698
28717
29097
28699
28718
29098
28719
29099
28701
28720
29100
28702
28721
29101
28703
28722
29102
28704
28723
29103
28705
28724
29104
28706
28725
29105
28707
28726
29106
28708
28727
29107
28709
28728
29108
28710
28729
29109
28711
28730
29110
28712
28731
29111
28713
28732
29112
28714
28733
29113
28715
28734
29114
28716
28735
29115
28717
28736
29116
28718
28737
29117
28719
28738
29118
28739
29119
28721
28740
29120
28722
28741
29121
28723
28742
29122
28724
28743
29123
28725
28744
29124
28726
28745
29125
28727
28746
29126
28728
28747
29127
28729
28748
29128
28730
28749
29129
28731
28750
29130
28732
28751
29131
28733
28752
29132
28734
28753
29133
28735
28754
29134
28736
28755
29135
28737
28756
29136
28738
28757
29137
28739
28758
29138
28759
29139
28741
28760
29140
28742
28761
29141
28743
28762
29142
28744
28763
29143
28745
28764
29144
28746
28765
29145
28747
28766
29146
28748
28767
29147
28749
28768
29148
28750
28769
29149
28751
28770
29150
28752
28771
29151
28753
28772
29152
28754
28773
29153
28755
28774
29154
28756
28775
29155
28757
28776
29156
28758
28777
29157
28759
28778
29158
28779
29159
28761
28780
29160
28762
28781
29161
28763
28782
29162
28764
28783
29163
28765
28784
29164
28766
28785
29165
28767
28786
29166
28768
28787
29167
28769
28788
29168
28770
28789
29169
28771
28790
29170
28772
28791
29171
28773
28792
29172
28774
28793
29173
28775
28794
29174
28776
28795
29175
28777
28796
29176
28778
28797
29177
28779
28798
29178
28799
29179
28781
29180
28782
29181
28783
29182
28784
29183
28785
29184
28786
29185
28787
29186
28788
29187
28789
29188
28790
29189
28791
29190
28792
29191
28793
29192
28794
29193
28795
29194
28796
29195
28797
29196
28798
29197
28799
29198
29199
28801
28820
29200
28802
28821
29201
28803
28822
29202
28804
28823
29203
28805
28824
29204
28806
28825
29205
28807
28826
29206
28808
28827
29207
28809
28828
29208
28810
28829
29209
28811
28830
29210
28812
28831
29211
28813
28832
29212
28814
28833
29213
28815
28834
29214
28816
28835
29215
28817
28836
29216
28818
28837
29217
28819
28838
29218
28839
29219
28821
28840
29220
28822
28841
29221
28823
28842
29222
28824
28843
29223
28825
28844
29224
28826
28845
29225
28827
28846
29226
28828
28847
29227
28829
28848
29228
28830
28849
29229
28831
28850
29230
28832
28851
29231
28833
28852
29232
28834
28853
29233
28835
28854
29234
28836
28855
29235
28837
28856
29236
28838
28857
29237
28839
28858
29238
28859
29239
28841
28860
29240
28842
28861
29241
28843
28862
29242
28844
28863
29243
28845
28864
29244
28846
28865
29245
28847
28866
29246
28848
28867
29247
28849
28868
29248
28850
28869
29249
28851
28870
29250
28852
28871
29251
28853
28872
29252
28854
28873
29253
28855
28874
29254
28856
28875
29255
28857
28876
29256
28858
28877
29257
28859
28878
29258
28879
29259
28861
28880
29260
28862
28881
29261
28863
28882
29262
28864
28883
29263
28865
28884
29264
28866
28885
29265
28867
28886
29266
28868
28887
29267
28869
28888
29268
28870
28889
29269
28871
28890
29270
28872
28891
29271
28873
28892
29272
28874
28893
29273
28875
28894
29274
28876
28895
29275
28877
28896
29276
28878
28897
29277
28879
28898
29278
28899
29279
28881
28900
29280
28882
28901
29281
28883
28902
29282
28884
28903
29283
28885
28904
29284
28886
28905
29285
28887
28906
29286
28888
28907
29287
28889
28908
29288
28890
28909
29289
28891
28910
29290
28892
28911
29291
28893
28912
29292
28894
28913
29293
28895
28914
29294
28896
28915
29295
28897
28916
29296
28898
28917
29297
28899
28918
29298
28919
29299
28901
28920
29300
28902
28921
29301
28903
28922
29302
28904
28923
29303
28905
28924
29304
28906
28925
29305
28907
28926
29306
28908
28927
29307
28909
28928
29308
28910
28929
29309
28911
28930
29310
28912
28931
29311
28913
28932
29312
28914
28933
29313
28915
28934
29314
28916
28935
29315
28917
28936
29316
28918
28937
29317
28919
28938
29318
28939
29319
28921
28940
29320
28922
28941
29321
28923
28942
29322
28924
28943
29323
28925
28944
29324
28926
28945
29325
28927
28946
29326
28928
28947
29327
28929
28948
29328
28930
28949
29329
28931
28950
29330
28932
28951
29331
28933
28952
29332
28934
28953
29333
28935
28954
29334
28936
28955
29335
28937
28956
29336
28938
28957
29337
28939
28958
29338
28959
29339
28941
28960
29340
28942
28961
29341
28943
28962
29342
28944
28963
29343
28945
28964
29344
28946
28965
29345
28947
28966
29346
28948
28967
29347
28949
28968
29348
28950
28969
29349
28951
28970
29350
28952
28971
29351
28953
28972
29352
28954
28973
29353
28955
28974
29354
28956
28975
29355
28957
28976
29356
28958
28977
29357
28959
28978
29358
28979
29359
28961
28980
29360
28962
28981
29361
28963
28982
29362
28964
28983
29363
28965
28984
29364
28966
28985
29365
28967
28986
29366
28968
28987
29367
28969
28988
29368
28970
28989
29369
28971
28990
29370
28972
28991
29371
28973
28992
29372
28974
28993
29373
28975
28994
29374
28976
28995
29375
28977
28996
29376
28978
28997
29377
28979
28998
29378
28999
29379
28981
29000
29380
28982
29001
29381
28983
29002
29382
28984
29003
29383
28985
29004
29384
28986
29005
29385
28987
29006
29386
28988
29007
29387
28989
29008
29388
28990
29009
29389
28991
29010
29390
28992
29011
29391
28993
29012
29392
28994
29013
29393
28995
29014
29394
28996
29015
29395
28997
29016
29396
28998
29017
29397
28999
29018
29398
29019
29399
29001
29020
29400
29002
29021
29401
29003
29022
29402
29004
29023
29403
29005
29024
29404
29006
29025
29405
29007
29026
29406
29008
29027
29407
29009
29028
29408
29010
29029
29409
29011
29030
29410
29012
29031
29411
29013
29032
29412
29014
29033
29413
29015
29034
29414
29016
29035
29415
29017
29036
29416
29018
29037
29417
29019
29038
29418
29039
29419
29021
29040
29420
29022
29041
29421
29023
29042
29422
29024
29043
29423
29025
29044
29424
29026
29045
29425
29027
29046
29426
29028
29047
29427
29029
29048
29428
29030
29049
29429
29031
29050
29430
29032
29051
29431
29033
29052
29432
29034
29053
29433
29035
29054
29434
29036
29055
29435
29037
29056
29436
29038
29057
29437
29039
29058
29438
29059
29439
29041
29060
29440
29042
29061
29441
29043
29062
29442
29044
29063
29443
29045
29064
29444
29046
29065
29445
29047
29066
29446
29048
29067
29447
29049
29068
29448
29050
29069
29449
29051
29070
29450
29052
29071
29451
29053
29072
29452
29054
29073
29453
29055
29074
29454
29056
29075
29455
29057
29076
29456
29058
29077
29457
29059
29078
29458
29079
29459
29061
29080
29460
29062
29081
29461
29063
29082
29462
29064
29083
29463
29065
29084
29464
29066
29085
29465
29067
29086
29466
29068
29087
29467
29069
29088
29468
29070
29089
29469
29071
29090
29470
29072
29091
29471
29073
29092
29472
29074
29093
29473
29075
29094
29474
29076
29095
29475
29077
29096
29476
29078
29097
29477
29079
29098
29478
29099
29479
29081
29100
29480
29082
29101
29481
29083
29102
29482
29084
29103
29483
29085
29104
29484
29086
29105
29485
29087
29106
29486
29088
29107
29487
29089
29108
29488
29090
29109
29489
29091
29110
29490
29092
29111
29491
29093
29112
29492
29094
29113
29493
29095
29114
29494
29096
29115
29495
29097
29116
29496
29098
29117
29497
29099
29118
29498
29119
29499
29101
29120
29500
29102
29121
29501
29103
29122
29502
29104
29123
29503
29105
29124
29504
29106
29125
29505
29107
29126
29506
29108
29127
29507
29109
29128
29508
29110
29129
29509
29111
29130
29510
29112
29131
29511
29113
29132
29512
29114
29133
29513
29115
29134
29514
29116
29135
29515
29117
29136
29516
29118
29137
29517
29119
29138
29518
29139
29519
29121
29140
29520
29122
29141
29521
29123
29142
29522
29124
29143
29523
29125
29144
29524
29126
29145
29525
29127
29146
29526
29128
29147
29527
29129
29148
29528
29130
29149
29529
29131
29150
29530
29132
29151
29531
29133
29152
29532
29134
29153
29533
29135
29154
29534
29136
29155
29535
29137
29156
29536
29138
29157
29537
29139
29158
29538
29159
29539
29141
29160
29540
29142
29161
29541
29143
29162
29542
29144
29163
29543
29145
29164
29544
29146
29165
29545
29147
29166
29546
29148
29167
29547
29149
29168
29548
29150
29169
29549
29151
29170
29550
29152
29171
29551
29153
29172
29552
29154
29173
29553
29155
29174
29554
29156
29175
29555
29157
29176
29556
29158
29177
29557
29159
29178
29558
29179
29559
29161
29180
29560
29162
29181
29561
29163
29182
29562
29164
29183
29563
29165
29184
29564
29166
29185
29565
29167
29186
29566
29168
29187
29567
29169
29188
29568
29170
29189
29569
29171
29190
29570
29172
29191
29571
29173
29192
29572
29174
29193
29573
29175
29194
29574
29176
29195
29575
29177
29196
29576
29178
29197
29577
29179
29198
29578
29199
29579
29181
29580
29182
29581
29183
29582
29184
29583
29185
29584
29186
29585
29187
29586
29188
29587
29189
29588
29190
29589
29191
29590
29192
29591
29193
29592
29194
29593
29195
29594
29196
29595
29197
29596
29198
29597
29199
29598
29599
29201
29220
29600
29202
29221
29601
29203
29222
29602
29204
29223
29603
29205
29224
29604
29206
29225
29605
29207
29226
29606
29208
29227
29607
29209
29228
29608
29210
29229
29609
29211
29230
29610
29212
29231
29611
29213
29232
29612
29214
29233
29613
29215
29234
29614
29216
29235
29615
29217
29236
29616
29218
29237
29617
29219
29238
29618
29239
29619
29221
29240
29620
29222
29241
29621
29223
29242
29622
29224
29243
29623
29225
29244
29624
29226
29245
29625
29227
29246
29626
29228
29247
29627
29229
29248
29628
29230
29249
29629
29231
29250
29630
29232
29251
29631
29233
29252
29632
29234
29253
29633
29235
29254
29634
29236
29255
29635
29237
29256
29636
29238
29257
29637
29239
29258
29638
29259
29639
29241
29260
29640
29242
29261
29641
29243
29262
29642
29244
29263
29643
29245
29264
29644
29246
29265
29645
29247
29266
29646
29248
29267
29647
29249
29268
29648
29250
29269
29649
29251
29270
29650
29252
29271
29651
29253
29272
29652
29254
29273
29653
29255
29274
29654
29256
29275
29655
29257
29276
29656
29258
29277
29657
29259
29278
29658
29279
29659
29261
29280
29660
29262
29281
29661
29263
29282
29662
29264
29283
29663
29265
29284
29664
29266
29285
29665
29267
29286
29666
29268
29287
29667
29269
29288
29668
29270
29289
29669
29271
29290
29670
29272
29291
29671
29273
29292
29672
29274
29293
29673
29275
29294
29674
29276
29295
29675
29277
29296
29676
29278
29297
29677
29279
29298
29678
29299
29679
29281
29300
29680
29282
29301
29681
29283
29302
29682
29284
29303
29683
29285
29304
29684
29286
29305
29685
29287
29306
29686
29288
29307
29687
29289
29308
29688
29290
29309
29689
29291
29310
29690
29292
29311
29691
29293
29312
29692
29294
29313
29693
29295
29314
29694
29296
29315
29695
29297
29316
29696
29298
29317
29697
29299
29318
29698
29319
29699
29301
29320
29700
29302
29321
29701
29303
29322
29702
29304
29323
29703
29305
29324
29704
29306
29325
29705
29307
29326
29706
29308
29327
29707
29309
29328
29708
29310
29329
29709
29311
29330
29710
29312
29331
29711
29313
29332
29712
29314
29333
29713
29315
29334
29714
29316
29335
29715
29317
29336
29716
29318
29337
29717
29319
29338
29718
29339
29719
29321
29340
29720
29322
29341
29721
29323
29342
29722
29324
29343
29723
29325
29344
29724
29326
29345
29725
29327
29346
29726
29328
29347
29727
29329
29348
29728
29330
29349
29729
29331
29350
29730
29332
29351
29731
29333
29352
29732
29334
29353
29733
29335
29354
29734
29336
29355
29735
29337
29356
29736
29338
29357
29737
29339
29358
29738
29359
29739
29341
29360
29740
29342
29361
29741
29343
29362
29742
29344
29363
29743
29345
29364
29744
29346
29365
29745
29347
29366
29746
29348
29367
29747
29349
29368
29748
29350
29369
29749
29351
29370
29750
29352
29371
29751
29353
29372
29752
29354
29373
29753
29355
29374
29754
29356
29375
29755
29357
29376
29756
29358
29377
29757
29359
29378
29758
29379
29759
29361
29380
29760
29362
29381
29761
29363
29382
29762
29364
29383
29763
29365
29384
29764
29366
29385
29765
29367
29386
29766
29368
29387
29767
29369
29388
29768
29370
29389
29769
29371
29390
29770
29372
29391
29771
29373
29392
29772
29374
29393
29773
29375
29394
29774
29376
29395
29775
29377
29396
29776
29378
29397
29777
29379
29398
29778
29399
29779
29381
29400
29780
29382
29401
29781
29383
29402
29782
29384
29403
29783
29385
29404
29784
29386
29405
29785
29387
29406
29786
29388
29407
29787
29389
29408
29788
29390
29409
29789
29391
29410
29790
29392
29411
29791
29393
29412
29792
29394
29413
29793
29395
29414
29794
29396
29415
29795
29397
29416
29796
29398
29417
29797
29399
29418
29798
29419
29799
29401
29420
29800
29402
29421
29801
29403
29422
29802
29404
29423
29803
29405
29424
29804
29406
29425
29805
29407
29426
29806
29408
29427
29807
29409
29428
29808
29410
29429
29809
29411
29430
29810
29412
29431
29811
29413
29432
29812
29414
29433
29813
29415
29434
29814
29416
29435
29815
29417
29436
29816
29418
29437
29817
29419
29438
29818
29439
29819
29421
29440
29820
29422
29441
29821
29423
29442
29822
29424
29443
29823
29425
29444
29824
29426
29445
29825
29427
29446
29826
29428
29447
29827
29429
29448
29828
29430
29449
29829
29431
29450
29830
29432
29451
29831
29433
29452
29832
29434
29453
29833
29435
29454
29834
29436
29455
29835
29437
29456
29836
29438
29457
29837
29439
29458
29838
29459
29839
29441
29460
29840
29442
29461
29841
29443
29462
29842
29444
29463
29843
29445
29464
29844
29446
29465
29845
29447
29466
29846
29448
29467
29847
29449
29468
29848
29450
29469
29849
29451
29470
29850
29452
29471
29851
29453
29472
29852
29454
29473
29853
29455
29474
29854
29456
29475
29855
29457
29476
29856
29458
29477
29857
29459
29478
29858
29479
29859
29461
29480
29860
29462
29481
29861
29463
29482
29862
29464
29483
29863
29465
29484
29864
29466
29485
29865
29467
29486
29866
29468
29487
29867
29469
29488
29868
29470
29489
29869
29471
29490
29870
29472
29491
29871
29473
29492
29872
29474
29493
29873
29475
29494
29874
29476
29495
29875
29477
29496
29876
29478
29497
29877
29479
29498
29878
29499
29879
29481
29500
29880
29482
29501
29881
29483
29502
29882
29484
29503
29883
29485
29504
29884
29486
29505
29885
29487
29506
29886
29488
29507
29887
29489
29508
29888
29490
29509
29889
29491
29510
29890
29492
29511
29891
29493
29512
29892
29494
29513
29893
29495
29514
29894
29496
29515
29895
29497
29516
29896
29498
29517
29897
29499
29518
29898
29519
29899
29501
29520
29900
29502
29521
29901
29503
29522
29902
29504
29523
29903
29505
29524
29904
29506
29525
29905
29507
29526
29906
29508
29527
29907
29509
29528
29908
29510
29529
29909
29511
29530
29910
29512
29531
29911
29513
29532
29912
29514
29533
29913
29515
29534
29914
29516
29535
29915
29517
29536
29916
29518
29537
29917
29519
29538
29918
29539
29919
29521
29540
29920
29522
29541
29921
29523
29542
29922
29524
29543
29923
29525
29544
29924
29526
29545
29925
29527
29546
29926
29528
29547
29927
29529
29548
29928
29530
29549
29929
29531
29550
29930
29532
29551
29931
29533
29552
29932
29534
29553
29933
29535
29554
29934
29536
29555
29935
29537
29556
29936
29538
29557
29937
29539
29558
29938
29559
29939
29541
29560
29940
29542
29561
29941
29543
29562
29942
29544
29563
29943
29545
29564
29944
29546
29565
29945
29547
29566
29946
29548
29567
29947
29549
29568
29948
29550
29569
29949
29551
29570
29950
29552
29571
29951
29553
29572
29952
29554
29573
29953
29555
29574
29954
29556
29575
29955
29557
29576
29956
29558
29577
29957
29559
29578
29958
29579
29959
29561
29580
29960
29562
29581
29961
29563
29582
29962
29564
29583
29963
29565
29584
29964
29566
29585
29965
29567
29586
29966
29568
29587
29967
29569
29588
29968
29570
29589
29969
29571
29590
29970
29572
29591
29971
29573
29592
29972
29574
29593
29973
29575
29594
29974
29576
29595
29975
29577
29596
29976
29578
29597
29977
29579
29598
29978
29599
29979
29581
29980
29582
29981
29583
29982
29584
29983
29585
29984
29586
29985
29587
29986
29588
29987
29589
29988
29590
29989
29591
29990
29592
29991
29593
29992
29594
29993
29595
29994
29596
29995
29597
29996
29598
29997
29599
29998
29999
29601
29620
30000
29602
29621
30001
29603
29622
30002
29604
29623
30003
29605
29624
30004
29606
29625
30005
29607
29626
30006
29608
29627
30007
29609
29628
30008
29610
29629
30009
29611
29630
30010
29612
29631
30011
29613
29632
30012
29614
29633
30013
29615
29634
30014
29616
29635
30015
29617
29636
30016
29618
29637
30017
29619
29638
30018
29639
30019
29621
29640
30020
29622
29641
30021
29623
29642
30022
29624
29643
30023
29625
29644
30024
29626
29645
30025
29627
29646
30026
29628
29647
30027
29629
29648
30028
29630
29649
30029
29631
29650
30030
29632
29651
30031
29633
29652
30032
29634
29653
30033
29635
29654
30034
29636
29655
30035
29637
29656
30036
29638
29657
30037
29639
29658
30038
29659
30039
29641
29660
30040
29642
29661
30041
29643
29662
30042
29644
29663
30043
29645
29664
30044
29646
29665
30045
29647
29666
30046
29648
29667
30047
29649
29668
30048
29650
29669
30049
29651
29670
30050
29652
29671
30051
29653
29672
30052
29654
29673
30053
29655
29674
30054
29656
29675
30055
29657
29676
30056
29658
29677
30057
29659
29678
30058
29679
30059
29661
29680
30060
29662
29681
30061
29663
29682
30062
29664
29683
30063
29665
29684
30064
29666
29685
30065
29667
29686
30066
29668
29687
30067
29669
29688
30068
29670
29689
30069
29671
29690
30070
29672
29691
30071
29673
29692
30072
29674
29693
30073
29675
29694
30074
29676
29695
30075
29677
29696
30076
29678
29697
30077
29679
29698
30078
29699
30079
29681
29700
30080
29682
29701
30081
29683
29702
30082
29684
29703
30083
29685
29704
30084
29686
29705
30085
29687
29706
30086
29688
29707
30087
29689
29708
30088
29690
29709
30089
29691
29710
30090
29692
29711
30091
29693
29712
30092
29694
29713
30093
29695
29714
30094
29696
29715
30095
29697
29716
30096
29698
29717
30097
29699
29718
30098
29719
30099
29701
29720
30100
29702
29721
30101
29703
29722
30102
29704
29723
30103
29705
29724
30104
29706
29725
30105
29707
29726
30106
29708
29727
30107
29709
29728
30108
29710
29729
30109
29711
29730
30110
29712
29731
30111
29713
29732
30112
29714
29733
30113
29715
29734
30114
29716
29735
30115
29717
29736
30116
29718
29737
30117
29719
29738
30118
29739
30119
29721
29740
30120
29722
29741
30121
29723
29742
30122
29724
29743
30123
29725
29744
30124
29726
29745
30125
29727
29746
30126
29728
29747
30127
29729
29748
30128
29730
29749
30129
29731
29750
30130
29732
29751
30131
29733
29752
30132
29734
29753
30133
29735
29754
30134
29736
29755
30135
29737
29756
30136
29738
29757
30137
29739
29758
30138
29759
30139
29741
29760
30140
29742
29761
30141
29743
29762
30142
29744
29763
30143
29745
29764
30144
29746
29765
30145
29747
29766
30146
29748
29767
30147
29749
29768
30148
29750
29769
30149
29751
29770
30150
29752
29771
30151
29753
29772
30152
29754
29773
30153
29755
29774
30154
29756
29775
30155
29757
29776
30156
29758
29777
30157
29759
29778
30158
29779
30159
29761
29780
30160
29762
29781
30161
29763
29782
30162
29764
29783
30163
29765
29784
30164
29766
29785
30165
29767
29786
30166
29768
29787
30167
29769
29788
30168
29770
29789
30169
29771
29790
30170
29772
29791
30171
29773
29792
30172
29774
29793
30173
29775
29794
30174
29776
29795
30175
29777
29796
30176
29778
29797
30177
29779
29798
30178
29799
30179
29781
29800
30180
29782
29801
30181
29783
29802
30182
29784
29803
30183
29785
29804
30184
29786
29805
30185
29787
29806
30186
29788
29807
30187
29789
29808
30188
29790
29809
30189
29791
29810
30190
29792
29811
30191
29793
29812
30192
29794
29813
30193
29795
29814
30194
29796
29815
30195
29797
29816
30196
29798
29817
30197
29799
29818
30198
29819
30199
29801
29820
30200
29802
29821
30201
29803
29822
30202
29804
29823
30203
29805
29824
30204
29806
29825
30205
29807
29826
30206
29808
29827
30207
29809
29828
30208
29810
29829
30209
29811
29830
30210
29812
29831
30211
29813
29832
30212
29814
29833
30213
29815
29834
30214
29816
29835
30215
29817
29836
30216
29818
29837
30217
29819
29838
30218
29839
30219
29821
29840
30220
29822
29841
30221
29823
29842
30222
29824
29843
30223
29825
29844
30224
29826
29845
30225
29827
29846
30226
29828
29847
30227
29829
29848
30228
29830
29849
30229
29831
29850
30230
29832
29851
30231
29833
29852
30232
29834
29853
30233
29835
29854
30234
29836
29855
30235
29837
29856
30236
29838
29857
30237
29839
29858
30238
29859
30239
29841
29860
30240
29842
29861
30241
29843
29862
30242
29844
29863
30243
29845
29864
30244
29846
29865
30245
29847
29866
30246
29848
29867
30247
29849
29868
30248
29850
29869
30249
29851
29870
30250
29852
29871
30251
29853
29872
30252
29854
29873
30253
29855
29874
30254
29856
29875
30255
29857
29876
30256
29858
29877
30257
29859
29878
30258
29879
30259
29861
29880
30260
29862
29881
30261
29863
29882
30262
29864
29883
30263
29865
29884
30264
29866
29885
30265
29867
29886
30266
29868
29887
30267
29869
29888
30268
29870
29889
30269
29871
29890
30270
29872
29891
30271
29873
29892
30272
29874
29893
30273
29875
29894
30274
29876
29895
30275
29877
29896
30276
29878
29897
30277
29879
29898
30278
29899
30279
29881
29900
30280
29882
29901
30281
29883
29902
30282
29884
29903
30283
29885
29904
30284
29886
29905
30285
29887
29906
30286
29888
29907
30287
29889
29908
30288
29890
29909
30289
29891
29910
30290
29892
29911
30291
29893
29912
30292
29894
29913
30293
29895
29914
30294
29896
29915
30295
29897
29916
30296
29898
29917
30297
29899
29918
30298
29919
30299
29901
29920
30300
29902
29921
30301
29903
29922
30302
29904
29923
30303
29905
29924
30304
29906
29925
30305
29907
29926
30306
29908
29927
30307
29909
29928
30308
29910
29929
30309
29911
29930
30310
29912
29931
30311
29913
29932
30312
29914
29933
30313
29915
29934
30314
29916
29935
30315
29917
29936
30316
29918
29937
30317
29919
29938
30318
29939
30319
29921
29940
30320
29922
29941
30321
29923
29942
30322
29924
29943
30323
29925
29944
30324
29926
29945
30325
29927
29946
30326
29928
29947
30327
29929
29948
30328
29930
29949
30329
29931
29950
30330
29932
29951
30331
29933
29952
30332
29934
29953
30333
29935
29954
30334
29936
29955
30335
29937
29956
30336
29938
29957
30337
29939
29958
30338
29959
30339
29941
29960
30340
29942
29961
30341
29943
29962
30342
29944
29963
30343
29945
29964
30344
29946
29965
30345
29947
29966
30346
29948
29967
30347
29949
29968
30348
29950
29969
30349
29951
29970
30350
29952
29971
30351
29953
29972
30352
29954
29973
30353
29955
29974
30354
29956
29975
30355
29957
29976
30356
29958
29977
30357
29959
29978
30358
29979
30359
29961
29980
30360
29962
29981
30361
29963
29982
30362
29964
29983
30363
29965
29984
30364
29966
29985
30365
29967
29986
30366
29968
29987
30367
29969
29988
30368
29970
29989
30369
29971
29990
30370
29972
29991
30371
29973
29992
30372
29974
29993
30373
29975
29994
30374
29976
29995
30375
29977
29996
30376
29978
29997
30377
29979
29998
30378
29999
30379
29981
30380
29982
30381
29983
30382
29984
30383
29985
30384
29986
30385
29987
30386
29988
30387
29989
30388
29990
30389
29991
30390
29992
30391
29993
30392
29994
30393
29995
30394
29996
30395
29997
30396
29998
30397
29999
30398
30399
30001
30020
30400
30002
30021
30401
30003
30022
30402
30004
30023
30403
30005
30024
30404
30006
30025
30405
30007
30026
30406
30008
30027
30407
30009
30028
30408
30010
30029
30409
30011
30030
30410
30012
30031
30411
30013
30032
30412
30014
30033
30413
30015
30034
30414
30016
30035
30415
30017
30036
30416
30018
30037
30417
30019
30038
30418
30039
30419
30021
30040
30420
30022
30041
30421
30023
30042
30422
30024
30043
30423
30025
30044
30424
30026
30045
30425
30027
30046
30426
30028
30047
30427
30029
30048
30428
30030
30049
30429
30031
30050
30430
30032
30051
30431
30033
30052
30432
30034
30053
30433
30035
30054
30434
30036
30055
30435
30037
30056
30436
30038
30057
30437
30039
30058
30438
30059
30439
30041
30060
30440
30042
30061
30441
30043
30062
30442
30044
30063
30443
30045
30064
30444
30046
30065
30445
30047
30066
30446
30048
30067
30447
30049
30068
30448
30050
30069
30449
30051
30070
30450
30052
30071
30451
30053
30072
30452
30054
30073
30453
30055
30074
30454
30056
30075
30455
30057
30076
30456
30058
30077
30457
30059
30078
30458
30079
30459
30061
30080
30460
30062
30081
30461
30063
30082
30462
30064
30083
30463
30065
30084
30464
30066
30085
30465
30067
30086
30466
30068
30087
30467
30069
30088
30468
30070
30089
30469
30071
30090
30470
30072
30091
30471
30073
30092
30472
30074
30093
30473
30075
30094
30474
30076
30095
30475
30077
30096
30476
30078
30097
30477
30079
30098
30478
30099
30479
30081
30100
30480
30082
30101
30481
30083
30102
30482
30084
30103
30483
30085
30104
30484
30086
30105
30485
30087
30106
30486
30088
30107
30487
30089
30108
30488
30090
30109
30489
30091
30110
30490
30092
30111
30491
30093
30112
30492
30094
30113
30493
30095
30114
30494
30096
30115
30495
30097
30116
30496
30098
30117
30497
30099
30118
30498
30119
30499
30101
30120
30500
30102
30121
30501
30103
30122
30502
30104
30123
30503
30105
30124
30504
30106
30125
30505
30107
30126
30506
30108
30127
30507
30109
30128
30508
30110
30129
30509
30111
30130
30510
30112
30131
30511
30113
30132
30512
30114
30133
30513
30115
30134
30514
30116
30135
30515
30117
30136
30516
30118
30137
30517
30119
30138
30518
30139
30519
30121
30140
30520
30122
30141
30521
30123
30142
30522
30124
30143
30523
30125
30144
30524
30126
30145
30525
30127
30146
30526
30128
30147
30527
30129
30148
30528
30130
30149
30529
30131
30150
30530
30132
30151
30531
30133
30152
30532
30134
30153
30533
30135
30154
30534
30136
30155
30535
30137
30156
30536
30138
30157
30537
30139
30158
30538
30159
30539
30141
30160
30540
30142
30161
30541
30143
30162
30542
30144
30163
30543
30145
30164
30544
30146
30165
30545
30147
30166
30546
30148
30167
30547
30149
30168
30548
30150
30169
30549
30151
30170
30550
30152
30171
30551
30153
30172
30552
30154
30173
30553
30155
30174
30554
30156
30175
30555
30157
30176
30556
30158
30177
30557
30159
30178
30558
30179
30559
30161
30180
30560
30162
30181
30561
30163
30182
30562
30164
30183
30563
30165
30184
30564
30166
30185
30565
30167
30186
30566
30168
30187
30567
30169
30188
30568
30170
30189
30569
30171
30190
30570
30172
30191
30571
30173
30192
30572
30174
30193
30573
30175
30194
30574
30176
30195
30575
30177
30196
30576
30178
30197
30577
30179
30198
30578
30199
30579
30181
30200
30580
30182
30201
30581
30183
30202
30582
30184
30203
30583
30185
30204
30584
30186
30205
30585
30187
30206
30586
30188
30207
30587
30189
30208
30588
30190
30209
30589
30191
30210
30590
30192
30211
30591
30193
30212
30592
30194
30213
30593
30195
30214
30594
30196
30215
30595
30197
30216
30596
30198
30217
30597
30199
30218
30598
30219
30599
30201
30220
30600
30202
30221
30601
30203
30222
30602
30204
30223
30603
30205
30224
30604
30206
30225
30605
30207
30226
30606
30208
30227
30607
30209
30228
30608
30210
30229
30609
30211
30230
30610
30212
30231
30611
30213
30232
30612
30214
30233
30613
30215
30234
30614
30216
30235
30615
30217
30236
30616
30218
30237
30617
30219
30238
30618
30239
30619
30221
30240
30620
30222
30241
30621
30223
30242
30622
30224
30243
30623
30225
30244
30624
30226
30245
30625
30227
30246
30626
30228
30247
30627
30229
30248
30628
30230
30249
30629
30231
30250
30630
30232
30251
30631
30233
30252
30632
30234
30253
30633
30235
30254
30634
30236
30255
30635
30237
30256
30636
30238
30257
30637
30239
30258
30638
30259
30639
30241
30260
30640
30242
30261
30641
30243
30262
30642
30244
30263
30643
30245
30264
30644
30246
30265
30645
30247
30266
30646
30248
30267
30647
30249
30268
30648
30250
30269
30649
30251
30270
30650
30252
30271
30651
30253
30272
30652
30254
30273
30653
30255
30274
30654
30256
30275
30655
30257
30276
30656
30258
30277
30657
30259
30278
30658
30279
30659
30261
30280
30660
30262
30281
30661
30263
30282
30662
30264
30283
30663
30265
30284
30664
30266
30285
30665
30267
30286
30666
30268
30287
30667
30269
30288
30668
30270
30289
30669
30271
30290
30670
30272
30291
30671
30273
30292
30672
30274
30293
30673
30275
30294
30674
30276
30295
30675
30277
30296
30676
30278
30297
30677
30279
30298
30678
30299
30679
30281
30300
30680
30282
30301
30681
30283
30302
30682
30284
30303
30683
30285
30304
30684
30286
30305
30685
30287
30306
30686
30288
30307
30687
30289
30308
30688
30290
30309
30689
30291
30310
30690
30292
30311
30691
30293
30312
30692
30294
30313
30693
30295
30314
30694
30296
30315
30695
30297
30316
30696
30298
30317
30697
30299
30318
30698
30319
30699
30301
30320
30700
30302
30321
30701
30303
30322
30702
30304
30323
30703
30305
30324
30704
30306
30325
30705
30307
30326
30706
30308
30327
30707
30309
30328
30708
30310
30329
30709
30311
30330
30710
30312
30331
30711
30313
30332
30712
30314
30333
30713
30315
30334
30714
30316
30335
30715
30317
30336
30716
30318
30337
30717
30319
30338
30718
30339
30719
30321
30340
30720
30322
30341
30721
30323
30342
30722
30324
30343
30723
30325
30344
30724
30326
30345
30725
30327
30346
30726
30328
30347
30727
30329
30348
30728
30330
30349
30729
30331
30350
30730
30332
30351
30731
30333
30352
30732
30334
30353
30733
30335
30354
30734
30336
30355
30735
30337
30356
30736
30338
30357
30737
30339
30358
30738
30359
30739
30341
30360
30740
30342
30361
30741
30343
30362
30742
30344
30363
30743
30345
30364
30744
30346
30365
30745
30347
30366
30746
30348
30367
30747
30349
30368
30748
30350
30369
30749
30351
30370
30750
30352
30371
30751
30353
30372
30752
30354
30373
30753
30355
30374
30754
30356
30375
30755
30357
30376
30756
30358
30377
30757
30359
30378
30758
30379
30759
30361
30380
30760
30362
30381
30761
30363
30382
30762
30364
30383
30763
30365
30384
30764
30366
30385
30765
30367
30386
30766
30368
30387
30767
30369
30388
30768
30370
30389
30769
30371
30390
30770
30372
30391
30771
30373
30392
30772
30374
30393
30773
30375
30394
30774
30376
30395
30775
30377
30396
30776
30378
30397
30777
30379
30398
30778
30399
30779
30381
30780
30382
30781
30383
30782
30384
30783
30385
30784
30386
30785
30387
30786
30388
30787
30389
30788
30390
30789
30391
30790
30392
30791
30393
30792
30394
30793
30395
30794
30396
30795
30397
30796
30398
30797
30399
30798
30799
30401
30420
30800
30402
30421
30801
30403
30422
30802
30404
30423
30803
30405
30424
30804
30406
30425
30805
30407
30426
30806
30408
30427
30807
30409
30428
30808
30410
30429
30809
30411
30430
30810
30412
30431
30811
30413
30432
30812
30414
30433
30813
30415
30434
30814
30416
30435
30815
30417
30436
30816
30418
30437
30817
30419
30438
30818
30439
30819
30421
30440
30820
30422
30441
30821
30423
30442
30822
30424
30443
30823
30425
30444
30824
30426
30445
30825
30427
30446
30826
30428
30447
30827
30429
30448
30828
30430
30449
30829
30431
30450
30830
30432
30451
30831
30433
30452
30832
30434
30453
30833
30435
30454
30834
30436
30455
30835
30437
30456
30836
30438
30457
30837
30439
30458
30838
30459
30839
30441
30460
30840
30442
30461
30841
30443
30462
30842
30444
30463
30843
30445
30464
30844
30446
30465
30845
30447
30466
30846
30448
30467
30847
30449
30468
30848
30450
30469
30849
30451
30470
30850
30452
30471
30851
30453
30472
30852
30454
30473
30853
30455
30474
30854
30456
30475
30855
30457
30476
30856
30458
30477
30857
30459
30478
30858
30479
30859
30461
30480
30860
30462
30481
30861
30463
30482
30862
30464
30483
30863
30465
30484
30864
30466
30485
30865
30467
30486
30866
30468
30487
30867
30469
30488
30868
30470
30489
30869
30471
30490
30870
30472
30491
30871
30473
30492
30872
30474
30493
30873
30475
30494
30874
30476
30495
30875
30477
30496
30876
30478
30497
30877
30479
30498
30878
30499
30879
30481
30500
30880
30482
30501
30881
30483
30502
30882
30484
30503
30883
30485
30504
30884
30486
30505
30885
30487
30506
30886
30488
30507
30887
30489
30508
30888
30490
30509
30889
30491
30510
30890
30492
30511
30891
30493
30512
30892
30494
30513
30893
30495
30514
30894
30496
30515
30895
30497
30516
30896
30498
30517
30897
30499
30518
30898
30519
30899
30501
30520
30900
30502
30521
30901
30503
30522
30902
30504
30523
30903
30505
30524
30904
30506
30525
30905
30507
30526
30906
30508
30527
30907
30509
30528
30908
30510
30529
30909
30511
30530
30910
30512
30531
30911
30513
30532
30912
30514
30533
30913
30515
30534
30914
30516
30535
30915
30517
30536
30916
30518
30537
30917
30519
30538
30918
30539
30919
30521
30540
30920
30522
30541
30921
30523
30542
30922
30524
30543
30923
30525
30544
30924
30526
30545
30925
30527
30546
30926
30528
30547
30927
30529
30548
30928
30530
30549
30929
30531
30550
30930
30532
30551
30931
30533
30552
30932
30534
30553
30933
30535
30554
30934
30536
30555
30935
30537
30556
30936
30538
30557
30937
30539
30558
30938
30559
30939
30541
30560
30940
30542
30561
30941
30543
30562
30942
30544
30563
30943
30545
30564
30944
30546
30565
30945
30547
30566
30946
30548
30567
30947
30549
30568
30948
30550
30569
30949
30551
30570
30950
30552
30571
30951
30553
30572
30952
30554
30573
30953
30555
30574
30954
30556
30575
30955
30557
30576
30956
30558
30577
30957
30559
30578
30958
30579
30959
30561
30580
30960
30562
30581
30961
30563
30582
30962
30564
30583
30963
30565
30584
30964
30566
30585
30965
30567
30586
30966
30568
30587
30967
30569
30588
30968
30570
30589
30969
30571
30590
30970
30572
30591
30971
30573
30592
30972
30574
30593
30973
30575
30594
30974
30576
30595
30975
30577
30596
30976
30578
30597
30977
30579
30598
30978
30599
30979
30581
30600
30980
30582
30601
30981
30583
30602
30982
30584
30603
30983
30585
30604
30984
30586
30605
30985
30587
30606
30986
30588
30607
30987
30589
30608
30988
30590
30609
30989
30591
30610
30990
30592
30611
30991
30593
30612
30992
30594
30613
30993
30595
30614
30994
30596
30615
30995
30597
30616
30996
30598
30617
30997
30599
30618
30998
30619
30999
30601
30620
31000
30602
30621
31001
30603
30622
31002
30604
30623
31003
30605
30624
31004
30606
30625
31005
30607
30626
31006
30608
30627
31007
30609
30628
31008
30610
30629
31009
30611
30630
31010
30612
30631
31011
30613
30632
31012
30614
30633
31013
30615
30634
31014
30616
30635
31015
30617
30636
31016
30618
30637
31017
30619
30638
31018
30639
31019
30621
30640
31020
30622
30641
31021
30623
30642
31022
30624
30643
31023
30625
30644
31024
30626
30645
31025
30627
30646
31026
30628
30647
31027
30629
30648
31028
30630
30649
31029
30631
30650
31030
30632
30651
31031
30633
30652
31032
30634
30653
31033
30635
30654
31034
30636
30655
31035
30637
30656
31036
30638
30657
31037
30639
30658
31038
30659
31039
30641
30660
31040
30642
30661
31041
30643
30662
31042
30644
30663
31043
30645
30664
31044
30646
30665
31045
30647
30666
31046
30648
30667
31047
30649
30668
31048
30650
30669
31049
30651
30670
31050
30652
30671
31051
30653
30672
31052
30654
30673
31053
30655
30674
31054
30656
30675
31055
30657
30676
31056
30658
30677
31057
30659
30678
31058
30679
31059
30661
30680
31060
30662
30681
31061
30663
30682
31062
30664
30683
31063
30665
30684
31064
30666
30685
31065
30667
30686
31066
30668
30687
31067
30669
30688
31068
30670
30689
31069
30671
30690
31070
30672
30691
31071
30673
30692
31072
30674
30693
31073
30675
30694
31074
30676
30695
31075
30677
30696
31076
30678
30697
31077
30679
30698
31078
30699
31079
30681
30700
31080
30682
30701
31081
30683
30702
31082
30684
30703
31083
30685
30704
31084
30686
30705
31085
30687
30706
31086
30688
30707
31087
30689
30708
31088
30690
30709
31089
30691
30710
31090
30692
30711
31091
30693
30712
31092
30694
30713
31093
30695
30714
31094
30696
30715
31095
30697
30716
31096
30698
30717
31097
30699
30718
31098
30719
31099
30701
30720
31100
30702
30721
31101
30703
30722
31102
30704
30723
31103
30705
30724
31104
30706
30725
31105
30707
30726
31106
30708
30727
31107
30709
30728
31108
30710
30729
31109
30711
30730
31110
30712
30731
31111
30713
30732
31112
30714
30733
31113
30715
30734
31114
30716
30735
31115
30717
30736
31116
30718
30737
31117
30719
30738
31118
30739
31119
30721
30740
31120
30722
30741
31121
30723
30742
31122
30724
30743
31123
30725
30744
31124
30726
30745
31125
30727
30746
31126
30728
30747
31127
30729
30748
31128
30730
30749
31129
30731
30750
31130
30732
30751
31131
30733
30752
31132
30734
30753
31133
30735
30754
31134
30736
30755
31135
30737
30756
31136
30738
30757
31137
30739
30758
31138
30759
31139
30741
30760
31140
30742
30761
31141
30743
30762
31142
30744
30763
31143
30745
30764
31144
30746
30765
31145
30747
30766
31146
30748
30767
31147
30749
30768
31148
30750
30769
31149
30751
30770
31150
30752
30771
31151
30753
30772
31152
30754
30773
31153
30755
30774
31154
30756
30775
31155
30757
30776
31156
30758
30777
31157
30759
30778
31158
30779
31159
30761
30780
31160
30762
30781
31161
30763
30782
31162
30764
30783
31163
30765
30784
31164
30766
30785
31165
30767
30786
31166
30768
30787
31167
30769
30788
31168
30770
30789
31169
30771
30790
31170
30772
30791
31171
30773
30792
31172
30774
30793
31173
30775
30794
31174
30776
30795
31175
30777
30796
31176
30778
30797
31177
30779
30798
31178
30799
31179
30781
31180
30782
31181
30783
31182
30784
31183
30785
31184
30786
31185
30787
31186
30788
31187
30789
31188
30790
31189
30791
31190
30792
31191
30793
31192
30794
31193
30795
31194
30796
31195
30797
31196
30798
31197
30799
31198
31199
30801
30820
31200
30802
30821
31201
30803
30822
31202
30804
30823
31203
30805
30824
31204
30806
30825
31205
30807
30826
31206
30808
30827
31207
30809
30828
31208
30810
30829
31209
30811
30830
31210
30812
30831
31211
30813
30832
31212
30814
30833
31213
30815
30834
31214
30816
30835
31215
30817
30836
31216
30818
30837
31217
30819
30838
31218
30839
31219
30821
30840
31220
30822
30841
31221
30823
30842
31222
30824
30843
31223
30825
30844
31224
30826
30845
31225
30827
30846
31226
30828
30847
31227
30829
30848
31228
30830
30849
31229
30831
30850
31230
30832
30851
31231
30833
30852
31232
30834
30853
31233
30835
30854
31234
30836
30855
31235
30837
30856
31236
30838
30857
31237
30839
30858
31238
30859
31239
30841
30860
31240
30842
30861
31241
30843
30862
31242
30844
30863
31243
30845
30864
31244
30846
30865
31245
30847
30866
31246
30848
30867
31247
30849
30868
31248
30850
30869
31249
30851
30870
31250
30852
30871
31251
30853
30872
31252
30854
30873
31253
30855
30874
31254
30856
30875
31255
30857
30876
31256
30858
30877
31257
30859
30878
31258
30879
31259
30861
30880
31260
30862
30881
31261
30863
30882
31262
30864
30883
31263
30865
30884
31264
30866
30885
31265
30867
30886
31266
30868
30887
31267
30869
30888
31268
30870
30889
31269
30871
30890
31270
30872
30891
31271
30873
30892
31272
30874
30893
31273
30875
30894
31274
30876
30895
31275
30877
30896
31276
30878
30897
31277
30879
30898
31278
30899
31279
30881
30900
31280
30882
30901
31281
30883
30902
31282
30884
30903
31283
30885
30904
31284
30886
30905
31285
30887
30906
31286
30888
30907
31287
30889
30908
31288
30890
30909
31289
30891
30910
31290
30892
30911
31291
30893
30912
31292
30894
30913
31293
30895
30914
31294
30896
30915
31295
30897
30916
31296
30898
30917
31297
30899
30918
31298
30919
31299
30901
30920
31300
30902
30921
31301
30903
30922
31302
30904
30923
31303
30905
30924
31304
30906
30925
31305
30907
30926
31306
30908
30927
31307
30909
30928
31308
30910
30929
31309
30911
30930
31310
30912
30931
31311
30913
30932
31312
30914
30933
31313
30915
30934
31314
30916
30935
31315
30917
30936
31316
30918
30937
31317
30919
30938
31318
30939
31319
30921
30940
31320
30922
30941
31321
30923
30942
31322
30924
30943
31323
30925
30944
31324
30926
30945
31325
30927
30946
31326
30928
30947
31327
30929
30948
31328
30930
30949
31329
30931
30950
31330
30932
30951
31331
30933
30952
31332
30934
30953
31333
30935
30954
31334
30936
30955
31335
30937
30956
31336
30938
30957
31337
30939
30958
31338
30959
31339
30941
30960
31340
30942
30961
31341
30943
30962
31342
30944
30963
31343
30945
30964
31344
30946
30965
31345
30947
30966
31346
30948
30967
31347
30949
30968
31348
30950
30969
31349
30951
30970
31350
30952
30971
31351
30953
30972
31352
30954
30973
31353
30955
30974
31354
30956
30975
31355
30957
30976
31356
30958
30977
31357
30959
30978
31358
30979
31359
30961
30980
31360
30962
30981
31361
30963
30982
31362
30964
30983
31363
30965
30984
31364
30966
30985
31365
30967
30986
31366
30968
30987
31367
30969
30988
31368
30970
30989
31369
30971
30990
31370
30972
30991
31371
30973
30992
31372
30974
30993
31373
30975
30994
31374
30976
30995
31375
30977
30996
31376
30978
30997
31377
30979
30998
31378
30999
31379
30981
31000
31380
30982
31001
31381
30983
31002
31382
30984
31003
31383
30985
31004
31384
30986
31005
31385
30987
31006
31386
30988
31007
31387
30989
31008
31388
30990
31009
31389
30991
31010
31390
30992
31011
31391
30993
31012
31392
30994
31013
31393
30995
31014
31394
30996
31015
31395
30997
31016
31396
30998
31017
31397
30999
31018
31398
31019
31399
31001
31020
31400
31002
31021
31401
31003
31022
31402
31004
31023
31403
31005
31024
31404
31006
31025
31405
31007
31026
31406
31008
31027
31407
31009
31028
31408
31010
31029
31409
31011
31030
31410
31012
31031
31411
31013
31032
31412
31014
31033
31413
31015
31034
31414
31016
31035
31415
31017
31036
31416
31018
31037
31417
31019
31038
31418
31039
31419
31021
31040
31420
31022
31041
31421
31023
31042
31422
31024
31043
31423
31025
31044
31424
31026
31045
31425
31027
31046
31426
31028
31047
31427
31029
31048
31428
31030
31049
31429
31031
31050
31430
31032
31051
31431
31033
31052
31432
31034
31053
31433
31035
31054
31434
31036
31055
31435
31037
31056
31436
31038
31057
31437
31039
31058
31438
31059
31439
31041
31060
31440
31042
31061
31441
31043
31062
31442
31044
31063
31443
31045
31064
31444
31046
31065
31445
31047
31066
31446
31048
31067
31447
31049
31068
31448
31050
31069
31449
31051
31070
31450
31052
31071
31451
31053
31072
31452
31054
31073
31453
31055
31074
31454
31056
31075
31455
31057
31076
31456
31058
31077
31457
31059
31078
31458
31079
31459
31061
31080
31460
31062
31081
31461
31063
31082
31462
31064
31083
31463
31065
31084
31464
31066
31085
31465
31067
31086
31466
31068
31087
31467
31069
31088
31468
31070
31089
31469
31071
31090
31470
31072
31091
31471
31073
31092
31472
31074
31093
31473
31075
31094
31474
31076
31095
31475
31077
31096
31476
31078
31097
31477
31079
31098
31478
31099
31479
31081
31100
31480
31082
31101
31481
31083
31102
31482
31084
31103
31483
31085
31104
31484
31086
31105
31485
31087
31106
31486
31088
31107
31487
31089
31108
31488
31090
31109
31489
31091
31110
31490
31092
31111
31491
31093
31112
31492
31094
31113
31493
31095
31114
31494
31096
31115
31495
31097
31116
31496
31098
31117
31497
31099
31118
31498
31119
31499
31101
31120
31500
31102
31121
31501
31103
31122
31502
31104
31123
31503
31105
31124
31504
31106
31125
31505
31107
31126
31506
31108
31127
31507
31109
31128
31508
31110
31129
31509
31111
31130
31510
31112
31131
31511
31113
31132
31512
31114
31133
31513
31115
31134
31514
31116
31135
31515
31117
31136
31516
31118
31137
31517
31119
31138
31518
31139
31519
31121
31140
31520
31122
31141
31521
31123
31142
31522
31124
31143
31523
31125
31144
31524
31126
31145
31525
31127
31146
31526
31128
31147
31527
31129
31148
31528
31130
31149
31529
31131
31150
31530
31132
31151
31531
31133
31152
31532
31134
31153
31533
31135
31154
31534
31136
31155
31535
31137
31156
31536
31138
31157
31537
31139
31158
31538
31159
31539
31141
31160
31540
31142
31161
31541
31143
31162
31542
31144
31163
31543
31145
31164
31544
31146
31165
31545
31147
31166
31546
31148
31167
31547
31149
31168
31548
31150
31169
31549
31151
31170
31550
31152
31171
31551
31153
31172
31552
31154
31173
31553
31155
31174
31554
31156
31175
31555
31157
31176
31556
31158
31177
31557
31159
31178
31558
31179
31559
31161
31180
31560
31162
31181
31561
31163
31182
31562
31164
31183
31563
31165
31184
31564
31166
31185
31565
31167
31186
31566
31168
31187
31567
31169
31188
31568
31170
31189
31569
31171
31190
31570
31172
31191
31571
31173
31192
31572
31174
31193
31573
31175
31194
31574
31176
31195
31575
31177
31196
31576
31178
31197
31577
31179
31198
31578
31199
31579
31181
31580
31182
31581
31183
31582
31184
31583
31185
31584
31186
31585
31187
31586
31188
31587
31189
31588
31190
31589
31191
31590
31192
31591
31193
31592
31194
31593
31195
31594
31196
31595
31197
31596
31198
31597
31199
31598
31599
31201
31220
31600
31202
31221
31601
31203
31222
31602
31204
31223
31603
31205
31224
31604
31206
31225
31605
31207
31226
31606
31208
31227
31607
31209
31228
31608
31210
31229
31609
31211
31230
31610
31212
31231
31611
31213
31232
31612
31214
31233
31613
31215
31234
31614
31216
31235
31615
31217
31236
31616
31218
31237
31617
31219
31238
31618
31239
31619
31221
31240
31620
31222
31241
31621
31223
31242
31622
31224
31243
31623
31225
31244
31624
31226
31245
31625
31227
31246
31626
31228
31247
31627
31229
31248
31628
31230
31249
31629
31231
31250
31630
31232
31251
31631
31233
31252
31632
31234
31253
31633
31235
31254
31634
31236
31255
31635
31237
31256
31636
31238
31257
31637
31239
31258
31638
31259
31639
31241
31260
31640
31242
31261
31641
31243
31262
31642
31244
31263
31643
31245
31264
31644
31246
31265
31645
31247
31266
31646
31248
31267
31647
31249
31268
31648
31250
31269
31649
31251
31270
31650
31252
31271
31651
31253
31272
31652
31254
31273
31653
31255
31274
31654
31256
31275
31655
31257
31276
31656
31258
31277
31657
31259
31278
31658
31279
31659
31261
31280
31660
31262
31281
31661
31263
31282
31662
31264
31283
31663
31265
31284
31664
31266
31285
31665
31267
31286
31666
31268
31287
31667
31269
31288
31668
31270
31289
31669
31271
31290
31670
31272
31291
31671
31273
31292
31672
31274
31293
31673
31275
31294
31674
31276
31295
31675
31277
31296
31676
31278
31297
31677
31279
31298
31678
31299
31679
31281
31300
31680
31282
31301
31681
31283
31302
31682
31284
31303
31683
31285
31304
31684
31286
31305
31685
31287
31306
31686
31288
31307
31687
31289
31308
31688
31290
31309
31689
31291
31310
31690
31292
31311
31691
31293
31312
31692
31294
31313
31693
31295
31314
31694
31296
31315
31695
31297
31316
31696
31298
31317
31697
31299
31318
31698
31319
31699
31301
31320
31700
31302
31321
31701
31303
31322
31702
31304
31323
31703
31305
31324
31704
31306
31325
31705
31307
31326
31706
31308
31327
31707
31309
31328
31708
31310
31329
31709
31311
31330
31710
31312
31331
31711
31313
31332
31712
31314
31333
31713
31315
31334
31714
31316
31335
31715
31317
31336
31716
31318
31337
31717
31319
31338
31718
31339
31719
31321
31340
31720
31322
31341
31721
31323
31342
31722
31324
31343
31723
31325
31344
31724
31326
31345
31725
31327
31346
31726
31328
31347
31727
31329
31348
31728
31330
31349
31729
31331
31350
31730
31332
31351
31731
31333
31352
31732
31334
31353
31733
31335
31354
31734
31336
31355
31735
31337
31356
31736
31338
31357
31737
31339
31358
31738
31359
31739
31341
31360
31740
31342
31361
31741
31343
31362
31742
31344
31363
31743
31345
31364
31744
31346
31365
31745
31347
31366
31746
31348
31367
31747
31349
31368
31748
31350
31369
31749
31351
31370
31750
31352
31371
31751
31353
31372
31752
31354
31373
31753
31355
31374
31754
31356
31375
31755
31357
31376
31756
31358
31377
31757
31359
31378
31758
31379
31759
31361
31380
31760
31362
31381
31761
31363
31382
31762
31364
31383
31763
31365
31384
31764
31366
31385
31765
31367
31386
31766
31368
31387
31767
31369
31388
31768
31370
31389
31769
31371
31390
31770
31372
31391
31771
31373
31392
31772
31374
31393
31773
31375
31394
31774
31376
31395
31775
31377
31396
31776
31378
31397
31777
31379
31398
31778
31399
31779
31381
31400
31780
31382
31401
31781
31383
31402
31782
31384
31403
31783
31385
31404
31784
31386
31405
31785
31387
31406
31786
31388
31407
31787
31389
31408
31788
31390
31409
31789
31391
31410
31790
31392
31411
31791
31393
31412
31792
31394
31413
31793
31395
31414
31794
31396
31415
31795
31397
31416
31796
31398
31417
31797
31399
31418
31798
31419
31799
31401
31420
31800
31402
31421
31801
31403
31422
31802
31404
31423
31803
31405
31424
31804
31406
31425
31805
31407
31426
31806
31408
31427
31807
31409
31428
31808
31410
31429
31809
31411
31430
31810
31412
31431
31811
31413
31432
31812
31414
31433
31813
31415
31434
31814
31416
31435
31815
31417
31436
31816
31418
31437
31817
31419
31438
31818
31439
31819
31421
31440
31820
31422
31441
31821
31423
31442
31822
31424
31443
31823
31425
31444
31824
31426
31445
31825
31427
31446
31826
31428
31447
31827
31429
31448
31828
31430
31449
31829
31431
31450
31830
31432
31451
31831
31433
31452
31832
31434
31453
31833
31435
31454
31834
31436
31455
31835
31437
31456
31836
31438
31457
31837
31439
31458
31838
31459
31839
31441
31460
31840
31442
31461
31841
31443
31462
31842
31444
31463
31843
31445
31464
31844
31446
31465
31845
31447
31466
31846
31448
31467
31847
31449
31468
31848
31450
31469
31849
31451
31470
31850
31452
31471
31851
31453
31472
31852
31454
31473
31853
31455
31474
31854
31456
31475
31855
31457
31476
31856
31458
31477
31857
31459
31478
31858
31479
31859
31461
31480
31860
31462
31481
31861
31463
31482
31862
31464
31483
31863
31465
31484
31864
31466
31485
31865
31467
31486
31866
31468
31487
31867
31469
31488
31868
31470
31489
31869
31471
31490
31870
31472
31491
31871
31473
31492
31872
31474
31493
31873
31475
31494
31874
31476
31495
31875
31477
31496
31876
31478
31497
31877
31479
31498
31878
31499
31879
31481
31500
31880
31482
31501
31881
31483
31502
31882
31484
31503
31883
31485
31504
31884
31486
31505
31885
31487
31506
31886
31488
31507
31887
31489
31508
31888
31490
31509
31889
31491
31510
31890
31492
31511
31891
31493
31512
31892
31494
31513
31893
31495
31514
31894
31496
31515
31895
31497
31516
31896
31498
31517
31897
31499
31518
31898
31519
31899
31501
31520
31900
31502
31521
31901
31503
31522
31902
31504
31523
31903
31505
31524
31904
31506
31525
31905
31507
31526
31906
31508
31527
31907
31509
31528
31908
31510
31529
31909
31511
31530
31910
31512
31531
31911
31513
31532
31912
31514
31533
31913
31515
31534
31914
31516
31535
31915
31517
31536
31916
31518
31537
31917
31519
31538
31918
31539
31919
31521
31540
31920
31522
31541
31921
31523
31542
31922
31524
31543
31923
31525
31544
31924
31526
31545
31925
31527
31546
31926
31528
31547
31927
31529
31548
31928
31530
31549
31929
31531
31550
31930
31532
31551
31931
31533
31552
31932
31534
31553
31933
31535
31554
31934
31536
31555
31935
31537
31556
31936
31538
31557
31937
31539
31558
31938
31559
31939
31541
31560
31940
31542
31561
31941
31543
31562
31942
31544
31563
31943
31545
31564
31944
31546
31565
31945
31547
31566
31946
31548
31567
31947
31549
31568
31948
31550
31569
31949
31551
31570
31950
31552
31571
31951
31553
31572
31952
31554
31573
31953
31555
31574
31954
31556
31575
31955
31557
31576
31956
31558
31577
31957
31559
31578
31958
31579
31959
31561
31580
31960
31562
31581
31961
31563
31582
31962
31564
31583
31963
31565
31584
31964
31566
31585
31965
31567
31586
31966
31568
31587
31967
31569
31588
31968
31570
31589
31969
31571
31590
31970
31572
31591
31971
31573
31592
31972
31574
31593
31973
31575
31594
31974
31576
31595
31975
31577
31596
31976
31578
31597
31977
31579
31598
31978
31599
31979
31581
31980
31582
31981
31583
31982
31584
31983
31585
31984
31586
31985
31587
31986
31588
31987
31589
31988
31590
31989
31591
31990
31592
31991
31593
31992
31594
31993
31595
31994
31596
31995
31597
31996
31598
31997
31599
31998
31999
31601
31620
32000
31602
31621
32001
31603
31622
32002
31604
31623
32003
31605
31624
32004
31606
31625
32005
31607
31626
32006
31608
31627
32007
31609
31628
32008
31610
31629
32009
31611
31630
32010
31612
31631
32011
31613
31632
32012
31614
31633
32013
31615
31634
32014
31616
31635
32015
31617
31636
32016
31618
31637
32017
31619
31638
32018
31639
32019
31621
31640
32020
31622
31641
32021
31623
31642
32022
31624
31643
32023
31625
31644
32024
31626
31645
32025
31627
31646
32026
31628
31647
32027
31629
31648
32028
31630
31649
32029
31631
31650
32030
31632
31651
32031
31633
31652
32032
31634
31653
32033
31635
31654
32034
31636
31655
32035
31637
31656
32036
31638
31657
32037
31639
31658
32038
31659
32039
31641
31660
32040
31642
31661
32041
31643
31662
32042
31644
31663
32043
31645
31664
32044
31646
31665
32045
31647
31666
32046
31648
31667
32047
31649
31668
32048
31650
31669
32049
31651
31670
32050
31652
31671
32051
31653
31672
32052
31654
31673
32053
31655
31674
32054
31656
31675
32055
31657
31676
32056
31658
31677
32057
31659
31678
32058
31679
32059
31661
31680
32060
31662
31681
32061
31663
31682
32062
31664
31683
32063
31665
31684
32064
31666
31685
32065
31667
31686
32066
31668
31687
32067
31669
31688
32068
31670
31689
32069
31671
31690
32070
31672
31691
32071
31673
31692
32072
31674
31693
32073
31675
31694
32074
31676
31695
32075
31677
31696
32076
31678
31697
32077
31679
31698
32078
31699
32079
31681
31700
32080
31682
31701
32081
31683
31702
32082
31684
31703
32083
31685
31704
32084
31686
31705
32085
31687
31706
32086
31688
31707
32087
31689
31708
32088
31690
31709
32089
31691
31710
32090
31692
31711
32091
31693
31712
32092
31694
31713
32093
31695
31714
32094
31696
31715
32095
31697
31716
32096
31698
31717
32097
31699
31718
32098
31719
32099
31701
31720
32100
31702
31721
32101
31703
31722
32102
31704
31723
32103
31705
31724
32104
31706
31725
32105
31707
31726
32106
31708
31727
32107
31709
31728
32108
31710
31729
32109
31711
31730
32110
31712
31731
32111
31713
31732
32112
31714
31733
32113
31715
31734
32114
31716
31735
32115
31717
31736
32116
31718
31737
32117
31719
31738
32118
31739
32119
31721
31740
32120
31722
31741
32121
31723
31742
32122
31724
31743
32123
31725
31744
32124
31726
31745
32125
31727
31746
32126
31728
31747
32127
31729
31748
32128
31730
31749
32129
31731
31750
32130
31732
31751
32131
31733
31752
32132
31734
31753
32133
31735
31754
32134
31736
31755
32135
31737
31756
32136
31738
31757
32137
31739
31758
32138
31759
32139
31741
31760
32140
31742
31761
32141
31743
31762
32142
31744
31763
32143
31745
31764
32144
31746
31765
32145
31747
31766
32146
31748
31767
32147
31749
31768
32148
31750
31769
32149
31751
31770
32150
31752
31771
32151
31753
31772
32152
31754
31773
32153
31755
31774
32154
31756
31775
32155
31757
31776
32156
31758
31777
32157
31759
31778
32158
31779
32159
31761
31780
32160
31762
31781
32161
31763
31782
32162
31764
31783
32163
31765
31784
32164
31766
31785
32165
31767
31786
32166
31768
31787
32167
31769
31788
32168
31770
31789
32169
31771
31790
32170
31772
31791
32171
31773
31792
32172
31774
31793
32173
31775
31794
32174
31776
31795
32175
31777
31796
32176
31778
31797
32177
31779
31798
32178
31799
32179
31781
31800
32180
31782
31801
32181
31783
31802
32182
31784
31803
32183
31785
31804
32184
31786
31805
32185
31787
31806
32186
31788
31807
32187
31789
31808
32188
31790
31809
32189
31791
31810
32190
31792
31811
32191
31793
31812
32192
31794
31813
32193
31795
31814
32194
31796
31815
32195
31797
31816
32196
31798
31817
32197
31799
31818
32198
31819
32199
31801
31820
32200
31802
31821
32201
31803
31822
32202
31804
31823
32203
31805
31824
32204
31806
31825
32205
31807
31826
32206
31808
31827
32207
31809
31828
32208
31810
31829
32209
31811
31830
32210
31812
31831
32211
31813
31832
32212
31814
31833
32213
31815
31834
32214
31816
31835
32215
31817
31836
32216
31818
31837
32217
31819
31838
32218
31839
32219
31821
31840
32220
31822
31841
32221
31823
31842
32222
31824
31843
32223
31825
31844
32224
31826
31845
32225
31827
31846
32226
31828
31847
32227
31829
31848
32228
31830
31849
32229
31831
31850
32230
31832
31851
32231
31833
31852
32232
31834
31853
32233
31835
31854
32234
31836
31855
32235
31837
31856
32236
31838
31857
32237
31839
31858
32238
31859
32239
31841
31860
32240
31842
31861
32241
31843
31862
32242
31844
31863
32243
31845
31864
32244
31846
31865
32245
31847
31866
32246
31848
31867
32247
31849
31868
32248
31850
31869
32249
31851
31870
32250
31852
31871
32251
31853
31872
32252
31854
31873
32253
31855
31874
32254
31856
31875
32255
31857
31876
32256
31858
31877
32257
31859
31878
32258
31879
32259
31861
31880
32260
31862
31881
32261
31863
31882
32262
31864
31883
32263
31865
31884
32264
31866
31885
32265
31867
31886
32266
31868
31887
32267
31869
31888
32268
31870
31889
32269
31871
31890
32270
31872
31891
32271
31873
31892
32272
31874
31893
32273
31875
31894
32274
31876
31895
32275
31877
31896
32276
31878
31897
32277
31879
31898
32278
31899
32279
31881
31900
32280
31882
31901
32281
31883
31902
32282
31884
31903
32283
31885
31904
32284
31886
31905
32285
31887
31906
32286
31888
31907
32287
31889
31908
32288
31890
31909
32289
31891
31910
32290
31892
31911
32291
31893
31912
32292
31894
31913
32293
31895
31914
32294
31896
31915
32295
31897
31916
32296
31898
31917
32297
31899
31918
32298
31919
32299
31901
31920
32300
31902
31921
32301
31903
31922
32302
31904
31923
32303
31905
31924
32304
31906
31925
32305
31907
31926
32306
31908
31927
32307
31909
31928
32308
31910
31929
32309
31911
31930
32310
31912
31931
32311
31913
31932
32312
31914
31933
32313
31915
31934
32314
31916
31935
32315
31917
31936
32316
31918
31937
32317
31919
31938
32318
31939
32319
31921
31940
32320
31922
31941
32321
31923
31942
32322
31924
31943
32323
31925
31944
32324
31926
31945
32325
31927
31946
32326
31928
31947
32327
31929
31948
32328
31930
31949
32329
31931
31950
32330
31932
31951
32331
31933
31952
32332
31934
31953
32333
31935
31954
32334
31936
31955
32335
31937
31956
32336
31938
31957
32337
31939
31958
32338
31959
32339
31941
31960
32340
31942
31961
32341
31943
31962
32342
31944
31963
32343
31945
31964
32344
31946
31965
32345
31947
31966
32346
31948
31967
32347
31949
31968
32348
31950
31969
32349
31951
31970
32350
31952
31971
32351
31953
31972
32352
31954
31973
32353
31955
31974
32354
31956
31975
32355
31957
31976
32356
31958
31977
32357
31959
31978
32358
31979
32359
31961
31980
32360
31962
31981
32361
31963
31982
32362
31964
31983
32363
31965
31984
32364
31966
31985
32365
31967
31986
32366
31968
31987
32367
31969
31988
32368
31970
31989
32369
31971
31990
32370
31972
31991
32371
31973
31992
32372
31974
31993
32373
31975
31994
32374
31976
31995
32375
31977
31996
32376
31978
31997
32377
31979
31998
32378
31999
32379
31981
32380
31982
32381
31983
32382
31984
32383
31985
32384
31986
32385
31987
32386
31988
32387
31989
32388
31990
32389
31991
32390
31992
32391
31993
32392
31994
32393
31995
32394
31996
32395
31997
32396
31998
32397
31999
32398
32399
32001
32020
32400
32002
32021
32401
32003
32022
32402
32004
32023
32403
32005
32024
32404
32006
32025
32405
32007
32026
32406
32008
32027
32407
32009
32028
32408
32010
32029
32409
32011
32030
32410
32012
32031
32411
32013
32032
32412
32014
32033
32413
32015
32034
32414
32016
32035
32415
32017
32036
32416
32018
32037
32417
32019
32038
32418
32039
32419
32021
32040
32420
32022
32041
32421
32023
32042
32422
32024
32043
32423
32025
32044
32424
32026
32045
32425
32027
32046
32426
32028
32047
32427
32029
32048
32428
32030
32049
32429
32031
32050
32430
32032
32051
32431
32033
32052
32432
32034
32053
32433
32035
32054
32434
32036
32055
32435
32037
32056
32436
32038
32057
32437
32039
32058
32438
32059
32439
32041
32060
32440
32042
32061
32441
32043
32062
32442
32044
32063
32443
32045
32064
32444
32046
32065
32445
32047
32066
32446
32048
32067
32447
32049
32068
32448
32050
32069
32449
32051
32070
32450
32052
32071
32451
32053
32072
32452
32054
32073
32453
32055
32074
32454
32056
32075
32455
32057
32076
32456
32058
32077
32457
32059
32078
32458
32079
32459
32061
32080
32460
32062
32081
32461
32063
32082
32462
32064
32083
32463
32065
32084
32464
32066
32085
32465
32067
32086
32466
32068
32087
32467
32069
32088
32468
32070
32089
32469
32071
32090
32470
32072
32091
32471
32073
32092
32472
32074
32093
32473
32075
32094
32474
32076
32095
32475
32077
32096
32476
32078
32097
32477
32079
32098
32478
32099
32479
32081
32100
32480
32082
32101
32481
32083
32102
32482
32084
32103
32483
32085
32104
32484
32086
32105
32485
32087
32106
32486
32088
32107
32487
32089
32108
32488
32090
32109
32489
32091
32110
32490
32092
32111
32491
32093
32112
32492
32094
32113
32493
32095
32114
32494
32096
32115
32495
32097
32116
32496
32098
32117
32497
32099
32118
32498
32119
32499
32101
32120
32500
32102
32121
32501
32103
32122
32502
32104
32123
32503
32105
32124
32504
32106
32125
32505
32107
32126
32506
32108
32127
32507
32109
32128
32508
32110
32129
32509
32111
32130
32510
32112
32131
32511
32113
32132
32512
32114
32133
32513
32115
32134
32514
32116
32135
32515
32117
32136
32516
32118
32137
32517
32119
32138
32518
32139
32519
32121
32140
32520
32122
32141
32521
32123
32142
32522
32124
32143
32523
32125
32144
32524
32126
32145
32525
32127
32146
32526
32128
32147
32527
32129
32148
32528
32130
32149
32529
32131
32150
32530
32132
32151
32531
32133
32152
32532
32134
32153
32533
32135
32154
32534
32136
32155
32535
32137
32156
32536
32138
32157
32537
32139
32158
32538
32159
32539
32141
32160
32540
32142
32161
32541
32143
32162
32542
32144
32163
32543
32145
32164
32544
32146
32165
32545
32147
32166
32546
32148
32167
32547
32149
32168
32548
32150
32169
32549
32151
32170
32550
32152
32171
32551
32153
32172
32552
32154
32173
32553
32155
32174
32554
32156
32175
32555
32157
32176
32556
32158
32177
32557
32159
32178
32558
32179
32559
32161
32180
32560
32162
32181
32561
32163
32182
32562
32164
32183
32563
32165
32184
32564
32166
32185
32565
32167
32186
32566
32168
32187
32567
32169
32188
32568
32170
32189
32569
32171
32190
32570
32172
32191
32571
32173
32192
32572
32174
32193
32573
32175
32194
32574
32176
32195
32575
32177
32196
32576
32178
32197
32577
32179
32198
32578
32199
32579
32181
32200
32580
32182
32201
32581
32183
32202
32582
32184
32203
32583
32185
32204
32584
32186
32205
32585
32187
32206
32586
32188
32207
32587
32189
32208
32588
32190
32209
32589
32191
32210
32590
32192
32211
32591
32193
32212
32592
32194
32213
32593
32195
32214
32594
32196
32215
32595
32197
32216
32596
32198
32217
32597
32199
32218
32598
32219
32599
32201
32220
32600
32202
32221
32601
32203
32222
32602
32204
32223
32603
32205
32224
32604
32206
32225
32605
32207
32226
32606
32208
32227
32607
32209
32228
32608
32210
32229
32609
32211
32230
32610
32212
32231
32611
32213
32232
32612
32214
32233
32613
32215
32234
32614
32216
32235
32615
32217
32236
32616
32218
32237
32617
32219
32238
32618
32239
32619
32221
32240
32620
32222
32241
32621
32223
32242
32622
32224
32243
32623
32225
32244
32624
32226
32245
32625
32227
32246
32626
32228
32247
32627
32229
32248
32628
32230
32249
32629
32231
32250
32630
32232
32251
32631
32233
32252
32632
32234
32253
32633
32235
32254
32634
32236
32255
32635
32237
32256
32636
32238
32257
32637
32239
32258
32638
32259
32639
32241
32260
32640
32242
32261
32641
32243
32262
32642
32244
32263
32643
32245
32264
32644
32246
32265
32645
32247
32266
32646
32248
32267
32647
32249
32268
32648
32250
32269
32649
32251
32270
32650
32252
32271
32651
32253
32272
32652
32254
32273
32653
32255
32274
32654
32256
32275
32655
32257
32276
32656
32258
32277
32657
32259
32278
32658
32279
32659
32261
32280
32660
32262
32281
32661
32263
32282
32662
32264
32283
32663
32265
32284
32664
32266
32285
32665
32267
32286
32666
32268
32287
32667
32269
32288
32668
32270
32289
32669
32271
32290
32670
32272
32291
32671
32273
32292
32672
32274
32293
32673
32275
32294
32674
32276
32295
32675
32277
32296
32676
32278
32297
32677
32279
32298
32678
32299
32679
32281
32300
32680
32282
32301
32681
32283
32302
32682
32284
32303
32683
32285
32304
32684
32286
32305
32685
32287
32306
32686
32288
32307
32687
32289
32308
32688
32290
32309
32689
32291
32310
32690
32292
32311
32691
32293
32312
32692
32294
32313
32693
32295
32314
32694
32296
32315
32695
32297
32316
32696
32298
32317
32697
32299
32318
32698
32319
32699
32301
32320
32700
32302
32321
32701
32303
32322
32702
32304
32323
32703
32305
32324
32704
32306
32325
32705
32307
32326
32706
32308
32327
32707
32309
32328
32708
32310
32329
32709
32311
32330
32710
32312
32331
32711
32313
32332
32712
32314
32333
32713
32315
32334
32714
32316
32335
32715
32317
32336
32716
32318
32337
32717
32319
32338
32718
32339
32719
32321
32340
32720
32322
32341
32721
32323
32342
32722
32324
32343
32723
32325
32344
32724
32326
32345
32725
32327
32346
32726
32328
32347
32727
32329
32348
32728
32330
32349
32729
32331
32350
32730
32332
32351
32731
32333
32352
32732
32334
32353
32733
32335
32354
32734
32336
32355
32735
32337
32356
32736
32338
32357
32737
32339
32358
32738
32359
32739
32341
32360
32740
32342
32361
32741
32343
32362
32742
32344
32363
32743
32345
32364
32744
32346
32365
32745
32347
32366
32746
32348
32367
32747
32349
32368
32748
32350
32369
32749
32351
32370
32750
32352
32371
32751
32353
32372
32752
32354
32373
32753
32355
32374
32754
32356
32375
32755
32357
32376
32756
32358
32377
32757
32359
32378
32758
32379
32759
32361
32380
32760
32362
32381
32761
32363
32382
32762
32364
32383
32763
32365
32384
32764
32366
32385
32765
32367
32386
32766
32368
32387
32767
32369
32388
32768
32370
32389
32769
32371
32390
32770
32372
32391
32771
32373
32392
32772
32374
32393
32773
32375
32394
32774
32376
32395
32775
32377
32396
32776
32378
32397
32777
32379
32398
32778
32399
32779
32381
32780
32382
32781
32383
32782
32384
32783
32385
32784
32386
32785
32387
32786
32388
32787
32389
32788
32390
32789
32391
32790
32392
32791
32393
32792
32394
32793
32395
32794
32396
32795
32397
32796
32398
32797
32399
32798
32799
32401
32420
32800
32402
32421
32801
32403
32422
32802
32404
32423
32803
32405
32424
32804
32406
32425
32805
32407
32426
32806
32408
32427
32807
32409
32428
32808
32410
32429
32809
32411
32430
32810
32412
32431
32811
32413
32432
32812
32414
32433
32813
32415
32434
32814
32416
32435
32815
32417
32436
32816
32418
32437
32817
32419
32438
32818
32439
32819
32421
32440
32820
32422
32441
32821
32423
32442
32822
32424
32443
32823
32425
32444
32824
32426
32445
32825
32427
32446
32826
32428
32447
32827
32429
32448
32828
32430
32449
32829
32431
32450
32830
32432
32451
32831
32433
32452
32832
32434
32453
32833
32435
32454
32834
32436
32455
32835
32437
32456
32836
32438
32457
32837
32439
32458
32838
32459
32839
32441
32460
32840
32442
32461
32841
32443
32462
32842
32444
32463
32843
32445
32464
32844
32446
32465
32845
32447
32466
32846
32448
32467
32847
32449
32468
32848
32450
32469
32849
32451
32470
32850
32452
32471
32851
32453
32472
32852
32454
32473
32853
32455
32474
32854
32456
32475
32855
32457
32476
32856
32458
32477
32857
32459
32478
32858
32479
32859
32461
32480
32860
32462
32481
32861
32463
32482
32862
32464
32483
32863
32465
32484
32864
32466
32485
32865
32467
32486
32866
32468
32487
32867
32469
32488
32868
32470
32489
32869
32471
32490
32870
32472
32491
32871
32473
32492
32872
32474
32493
32873
32475
32494
32874
32476
32495
32875
32477
32496
32876
32478
32497
32877
32479
32498
32878
32499
32879
32481
32500
32880
32482
32501
32881
32483
32502
32882
32484
32503
32883
32485
32504
32884
32486
32505
32885
32487
32506
32886
32488
32507
32887
32489
32508
32888
32490
32509
32889
32491
32510
32890
32492
32511
32891
32493
32512
32892
32494
32513
32893
32495
32514
32894
32496
32515
32895
32497
32516
32896
32498
32517
32897
32499
32518
32898
32519
32899
32501
32520
32900
32502
32521
32901
32503
32522
32902
32504
32523
32903
32505
32524
32904
32506
32525
32905
32507
32526
32906
32508
32527
32907
32509
32528
32908
32510
32529
32909
32511
32530
32910
32512
32531
32911
32513
32532
32912
32514
32533
32913
32515
32534
32914
32516
32535
32915
32517
32536
32916
32518
32537
32917
32519
32538
32918
32539
32919
32521
32540
32920
32522
32541
32921
32523
32542
32922
32524
32543
32923
32525
32544
32924
32526
32545
32925
32527
32546
32926
32528
32547
32927
32529
32548
32928
32530
32549
32929
32531
32550
32930
32532
32551
32931
32533
32552
32932
32534
32553
32933
32535
32554
32934
32536
32555
32935
32537
32556
32936
32538
32557
32937
32539
32558
32938
32559
32939
32541
32560
32940
32542
32561
32941
32543
32562
32942
32544
32563
32943
32545
32564
32944
32546
32565
32945
32547
32566
32946
32548
32567
32947
32549
32568
32948
32550
32569
32949
32551
32570
32950
32552
32571
32951
32553
32572
32952
32554
32573
32953
32555
32574
32954
32556
32575
32955
32557
32576
32956
32558
32577
32957
32559
32578
32958
32579
32959
32561
32580
32960
32562
32581
32961
32563
32582
32962
32564
32583
32963
32565
32584
32964
32566
32585
32965
32567
32586
32966
32568
32587
32967
32569
32588
32968
32570
32589
32969
32571
32590
32970
32572
32591
32971
32573
32592
32972
32574
32593
32973
32575
32594
32974
32576
32595
32975
32577
32596
32976
32578
32597
32977
32579
32598
32978
32599
32979
32581
32600
32980
32582
32601
32981
32583
32602
32982
32584
32603
32983
32585
32604
32984
32586
32605
32985
32587
32606
32986
32588
32607
32987
32589
32608
32988
32590
32609
32989
32591
32610
32990
32592
32611
32991
32593
32612
32992
32594
32613
32993
32595
32614
32994
32596
32615
32995
32597
32616
32996
32598
32617
32997
32599
32618
32998
32619
32999
32601
32620
33000
32602
32621
33001
32603
32622
33002
32604
32623
33003
32605
32624
33004
32606
32625
33005
32607
32626
33006
32608
32627
33007
32609
32628
33008
32610
32629
33009
32611
32630
33010
32612
32631
33011
32613
32632
33012
32614
32633
33013
32615
32634
33014
32616
32635
33015
32617
32636
33016
32618
32637
33017
32619
32638
33018
32639
33019
32621
32640
33020
32622
32641
33021
32623
32642
33022
32624
32643
33023
32625
32644
33024
32626
32645
33025
32627
32646
33026
32628
32647
33027
32629
32648
33028
32630
32649
33029
32631
32650
33030
32632
32651
33031
32633
32652
33032
32634
32653
33033
32635
32654
33034
32636
32655
33035
32637
32656
33036
32638
32657
33037
32639
32658
33038
32659
33039
32641
32660
33040
32642
32661
33041
32643
32662
33042
32644
32663
33043
32645
32664
33044
32646
32665
33045
32647
32666
33046
32648
32667
33047
32649
32668
33048
32650
32669
33049
32651
32670
33050
32652
32671
33051
32653
32672
33052
32654
32673
33053
32655
32674
33054
32656
32675
33055
32657
32676
33056
32658
32677
33057
32659
32678
33058
32679
33059
32661
32680
33060
32662
32681
33061
32663
32682
33062
32664
32683
33063
32665
32684
33064
32666
32685
33065
32667
32686
33066
32668
32687
33067
32669
32688
33068
32670
32689
33069
32671
32690
33070
32672
32691
33071
32673
32692
33072
32674
32693
33073
32675
32694
33074
32676
32695
33075
32677
32696
33076
32678
32697
33077
32679
32698
33078
32699
33079
32681
32700
33080
32682
32701
33081
32683
32702
33082
32684
32703
33083
32685
32704
33084
32686
32705
33085
32687
32706
33086
32688
32707
33087
32689
32708
33088
32690
32709
33089
32691
32710
33090
32692
32711
33091
32693
32712
33092
32694
32713
33093
32695
32714
33094
32696
32715
33095
32697
32716
33096
32698
32717
33097
32699
32718
33098
32719
33099
32701
32720
33100
32702
32721
33101
32703
32722
33102
32704
32723
33103
32705
32724
33104
32706
32725
33105
32707
32726
33106
32708
32727
33107
32709
32728
33108
32710
32729
33109
32711
32730
33110
32712
32731
33111
32713
32732
33112
32714
32733
33113
32715
32734
33114
32716
32735
33115
32717
32736
33116
32718
32737
33117
32719
32738
33118
32739
33119
32721
32740
33120
32722
32741
33121
32723
32742
33122
32724
32743
33123
32725
32744
33124
32726
32745
33125
32727
32746
33126
32728
32747
33127
32729
32748
33128
32730
32749
33129
32731
32750
33130
32732
32751
33131
32733
32752
33132
32734
32753
33133
32735
32754
33134
32736
32755
33135
32737
32756
33136
32738
32757
33137
32739
32758
33138
32759
33139
32741
32760
33140
32742
32761
33141
32743
32762
33142
32744
32763
33143
32745
32764
33144
32746
32765
33145
32747
32766
33146
32748
32767
33147
32749
32768
33148
32750
32769
33149
32751
32770
33150
32752
32771
33151
32753
32772
33152
32754
32773
33153
32755
32774
33154
32756
32775
33155
32757
32776
33156
32758
32777
33157
32759
32778
33158
32779
33159
32761
32780
33160
32762
32781
33161
32763
32782
33162
32764
32783
33163
32765
32784
33164
32766
32785
33165
32767
32786
33166
32768
32787
33167
32769
32788
33168
32770
32789
33169
32771
32790
33170
32772
32791
33171
32773
32792
33172
32774
32793
33173
32775
32794
33174
32776
32795
33175
32777
32796
33176
32778
32797
33177
32779
32798
33178
32799
33179
32781
33180
32782
33181
32783
33182
32784
33183
32785
33184
32786
33185
32787
33186
32788
33187
32789
33188
32790
33189
32791
33190
32792
33191
32793
33192
32794
33193
32795
33194
32796
33195
32797
33196
32798
33197
32799
33198
33199
32801
32820
33200
32802
32821
33201
32803
32822
33202
32804
32823
33203
32805
32824
33204
32806
32825
33205
32807
32826
33206
32808
32827
33207
32809
32828
33208
32810
32829
33209
32811
32830
33210
32812
32831
33211
32813
32832
33212
32814
32833
33213
32815
32834
33214
32816
32835
33215
32817
32836
33216
32818
32837
33217
32819
32838
33218
32839
33219
32821
32840
33220
32822
32841
33221
32823
32842
33222
32824
32843
33223
32825
32844
33224
32826
32845
33225
32827
32846
33226
32828
32847
33227
32829
32848
33228
32830
32849
33229
32831
32850
33230
32832
32851
33231
32833
32852
33232
32834
32853
33233
32835
32854
33234
32836
32855
33235
32837
32856
33236
32838
32857
33237
32839
32858
33238
32859
33239
32841
32860
33240
32842
32861
33241
32843
32862
33242
32844
32863
33243
32845
32864
33244
32846
32865
33245
32847
32866
33246
32848
32867
33247
32849
32868
33248
32850
32869
33249
32851
32870
33250
32852
32871
33251
32853
32872
33252
32854
32873
33253
32855
32874
33254
32856
32875
33255
32857
32876
33256
32858
32877
33257
32859
32878
33258
32879
33259
32861
32880
33260
32862
32881
33261
32863
32882
33262
32864
32883
33263
32865
32884
33264
32866
32885
33265
32867
32886
33266
32868
32887
33267
32869
32888
33268
32870
32889
33269
32871
32890
33270
32872
32891
33271
32873
32892
33272
32874
32893
33273
32875
32894
33274
32876
32895
33275
32877
32896
33276
32878
32897
33277
32879
32898
33278
32899
33279
32881
32900
33280
32882
32901
33281
32883
32902
33282
32884
32903
33283
32885
32904
33284
32886
32905
33285
32887
32906
33286
32888
32907
33287
32889
32908
33288
32890
32909
33289
32891
32910
33290
32892
32911
33291
32893
32912
33292
32894
32913
33293
32895
32914
33294
32896
32915
33295
32897
32916
33296
32898
32917
33297
32899
32918
33298
32919
33299
32901
32920
33300
32902
32921
33301
32903
32922
33302
32904
32923
33303
32905
32924
33304
32906
32925
33305
32907
32926
33306
32908
32927
33307
32909
32928
33308
32910
32929
33309
32911
32930
33310
32912
32931
33311
32913
32932
33312
32914
32933
33313
32915
32934
33314
32916
32935
33315
32917
32936
33316
32918
32937
33317
32919
32938
33318
32939
33319
32921
32940
33320
32922
32941
33321
32923
32942
33322
32924
32943
33323
32925
32944
33324
32926
32945
33325
32927
32946
33326
32928
32947
33327
32929
32948
33328
32930
32949
33329
32931
32950
33330
32932
32951
33331
32933
32952
33332
32934
32953
33333
32935
32954
33334
32936
32955
33335
32937
32956
33336
32938
32957
33337
32939
32958
33338
32959
33339
32941
32960
33340
32942
32961
33341
32943
32962
33342
32944
32963
33343
32945
32964
33344
32946
32965
33345
32947
32966
33346
32948
32967
33347
32949
32968
33348
32950
32969
33349
32951
32970
33350
32952
32971
33351
32953
32972
33352
32954
32973
33353
32955
32974
33354
32956
32975
33355
32957
32976
33356
32958
32977
33357
32959
32978
33358
32979
33359
32961
32980
33360
32962
32981
33361
32963
32982
33362
32964
32983
33363
32965
32984
33364
32966
32985
33365
32967
32986
33366
32968
32987
33367
32969
32988
33368
32970
32989
33369
32971
32990
33370
32972
32991
33371
32973
32992
33372
32974
32993
33373
32975
32994
33374
32976
32995
33375
32977
32996
33376
32978
32997
33377
32979
32998
33378
32999
33379
32981
33000
33380
32982
33001
33381
32983
33002
33382
32984
33003
33383
32985
33004
33384
32986
33005
33385
32987
33006
33386
32988
33007
33387
32989
33008
33388
32990
33009
33389
32991
33010
33390
32992
33011
33391
32993
33012
33392
32994
33013
33393
32995
33014
33394
32996
33015
33395
32997
33016
33396
32998
33017
33397
32999
33018
33398
33019
33399
33001
33020
33400
33002
33021
33401
33003
33022
33402
33004
33023
33403
33005
33024
33404
33006
33025
33405
33007
33026
33406
33008
33027
33407
33009
33028
33408
33010
33029
33409
33011
33030
33410
33012
33031
33411
33013
33032
33412
33014
33033
33413
33015
33034
33414
33016
33035
33415
33017
33036
33416
33018
33037
33417
33019
33038
33418
33039
33419
33021
33040
33420
33022
33041
33421
33023
33042
33422
33024
33043
33423
33025
33044
33424
33026
33045
33425
33027
33046
33426
33028
33047
33427
33029
33048
33428
33030
33049
33429
33031
33050
33430
33032
33051
33431
33033
33052
33432
33034
33053
33433
33035
33054
33434
33036
33055
33435
33037
33056
33436
33038
33057
33437
33039
33058
33438
33059
33439
33041
33060
33440
33042
33061
33441
33043
33062
33442
33044
33063
33443
33045
33064
33444
33046
33065
33445
33047
33066
33446
33048
33067
33447
33049
33068
33448
33050
33069
33449
33051
33070
33450
33052
33071
33451
33053
33072
33452
33054
33073
33453
33055
33074
33454
33056
33075
33455
33057
33076
33456
33058
33077
33457
33059
33078
33458
33079
33459
33061
33080
33460
33062
33081
33461
33063
33082
33462
33064
33083
33463
33065
33084
33464
33066
33085
33465
33067
33086
33466
33068
33087
33467
33069
33088
33468
33070
33089
33469
33071
33090
33470
33072
33091
33471
33073
33092
33472
33074
33093
33473
33075
33094
33474
33076
33095
33475
33077
33096
33476
33078
33097
33477
33079
33098
33478
33099
33479
33081
33100
33480
33082
33101
33481
33083
33102
33482
33084
33103
33483
33085
33104
33484
33086
33105
33485
33087
33106
33486
33088
33107
33487
33089
33108
33488
33090
33109
33489
33091
33110
33490
33092
33111
33491
33093
33112
33492
33094
33113
33493
33095
33114
33494
33096
33115
33495
33097
33116
33496
33098
33117
33497
33099
33118
33498
33119
33499
33101
33120
33500
33102
33121
33501
33103
33122
33502
33104
33123
33503
33105
33124
33504
33106
33125
33505
33107
33126
33506
33108
33127
33507
33109
33128
33508
33110
33129
33509
33111
33130
33510
33112
33131
33511
33113
33132
33512
33114
33133
33513
33115
33134
33514
33116
33135
33515
33117
33136
33516
33118
33137
33517
33119
33138
33518
33139
33519
33121
33140
33520
33122
33141
33521
33123
33142
33522
33124
33143
33523
33125
33144
33524
33126
33145
33525
33127
33146
33526
33128
33147
33527
33129
33148
33528
33130
33149
33529
33131
33150
33530
33132
33151
33531
33133
33152
33532
33134
33153
33533
33135
33154
33534
33136
33155
33535
33137
33156
33536
33138
33157
33537
33139
33158
33538
33159
33539
33141
33160
33540
33142
33161
33541
33143
33162
33542
33144
33163
33543
33145
33164
33544
33146
33165
33545
33147
33166
33546
33148
33167
33547
33149
33168
33548
33150
33169
33549
33151
33170
33550
33152
33171
33551
33153
33172
33552
33154
33173
33553
33155
33174
33554
33156
33175
33555
33157
33176
33556
33158
33177
33557
33159
33178
33558
33179
33559
33161
33180
33560
33162
33181
33561
33163
33182
33562
33164
33183
33563
33165
33184
33564
33166
33185
33565
33167
33186
33566
33168
33187
33567
33169
33188
33568
33170
33189
33569
33171
33190
33570
33172
33191
33571
33173
33192
33572
33174
33193
33573
33175
33194
33574
33176
33195
33575
33177
33196
33576
33178
33197
33577
33179
33198
33578
33199
33579
33181
33580
33182
33581
33183
33582
33184
33583
33185
33584
33186
33585
33187
33586
33188
33587
33189
33588
33190
33589
33191
33590
33192
33591
33193
33592
33194
33593
33195
33594
33196
33595
33197
33596
33198
33597
33199
33598
33599
33201
33220
33600
33202
33221
33601
33203
33222
33602
33204
33223
33603
33205
33224
33604
33206
33225
33605
33207
33226
33606
33208
33227
33607
33209
33228
33608
33210
33229
33609
33211
33230
33610
33212
33231
33611
33213
33232
33612
33214
33233
33613
33215
33234
33614
33216
33235
33615
33217
33236
33616
33218
33237
33617
33219
33238
33618
33239
33619
33221
33240
33620
33222
33241
33621
33223
33242
33622
33224
33243
33623
33225
33244
33624
33226
33245
33625
33227
33246
33626
33228
33247
33627
33229
33248
33628
33230
33249
33629
33231
33250
33630
33232
33251
33631
33233
33252
33632
33234
33253
33633
33235
33254
33634
33236
33255
33635
33237
33256
33636
33238
33257
33637
33239
33258
33638
33259
33639
33241
33260
33640
33242
33261
33641
33243
33262
33642
33244
33263
33643
33245
33264
33644
33246
33265
33645
33247
33266
33646
33248
33267
33647
33249
33268
33648
33250
33269
33649
33251
33270
33650
33252
33271
33651
33253
33272
33652
33254
33273
33653
33255
33274
33654
33256
33275
33655
33257
33276
33656
33258
33277
33657
33259
33278
33658
33279
33659
33261
33280
33660
33262
33281
33661
33263
33282
33662
33264
33283
33663
33265
33284
33664
33266
33285
33665
33267
33286
33666
33268
33287
33667
33269
33288
33668
33270
33289
33669
33271
33290
33670
33272
33291
33671
33273
33292
33672
33274
33293
33673
33275
33294
33674
33276
33295
33675
33277
33296
33676
33278
33297
33677
33279
33298
33678
33299
33679
33281
33300
33680
33282
33301
33681
33283
33302
33682
33284
33303
33683
33285
33304
33684
33286
33305
33685
33287
33306
33686
33288
33307
33687
33289
33308
33688
33290
33309
33689
33291
33310
33690
33292
33311
33691
33293
33312
33692
33294
33313
33693
33295
33314
33694
33296
33315
33695
33297
33316
33696
33298
33317
33697
33299
33318
33698
33319
33699
33301
33320
33700
33302
33321
33701
33303
33322
33702
33304
33323
33703
33305
33324
33704
33306
33325
33705
33307
33326
33706
33308
33327
33707
33309
33328
33708
33310
33329
33709
33311
33330
33710
33312
33331
33711
33313
33332
33712
33314
33333
33713
33315
33334
33714
33316
33335
33715
33317
33336
33716
33318
33337
33717
33319
33338
33718
33339
33719
33321
33340
33720
33322
33341
33721
33323
33342
33722
33324
33343
33723
33325
33344
33724
33326
33345
33725
33327
33346
33726
33328
33347
33727
33329
33348
33728
33330
33349
33729
33331
33350
33730
33332
33351
33731
33333
33352
33732
33334
33353
33733
33335
33354
33734
33336
33355
33735
33337
33356
33736
33338
33357
33737
33339
33358
33738
33359
33739
33341
33360
33740
33342
33361
33741
33343
33362
33742
33344
33363
33743
33345
33364
33744
33346
33365
33745
33347
33366
33746
33348
33367
33747
33349
33368
33748
33350
33369
33749
33351
33370
33750
33352
33371
33751
33353
33372
33752
33354
33373
33753
33355
33374
33754
33356
33375
33755
33357
33376
33756
33358
33377
33757
33359
33378
33758
33379
33759
33361
33380
33760
33362
33381
33761
33363
33382
33762
33364
33383
33763
33365
33384
33764
33366
33385
33765
33367
33386
33766
33368
33387
33767
33369
33388
33768
33370
33389
33769
33371
33390
33770
33372
33391
33771
33373
33392
33772
33374
33393
33773
33375
33394
33774
33376
33395
33775
33377
33396
33776
33378
33397
33777
33379
33398
33778
33399
33779
33381
33400
33780
33382
33401
33781
33383
33402
33782
33384
33403
33783
33385
33404
33784
33386
33405
33785
33387
33406
33786
33388
33407
33787
33389
33408
33788
33390
33409
33789
33391
33410
33790
33392
33411
33791
33393
33412
33792
33394
33413
33793
33395
33414
33794
33396
33415
33795
33397
33416
33796
33398
33417
33797
33399
33418
33798
33419
33799
33401
33420
33800
33402
33421
33801
33403
33422
33802
33404
33423
33803
33405
33424
33804
33406
33425
33805
33407
33426
33806
33408
33427
33807
33409
33428
33808
33410
33429
33809
33411
33430
33810
33412
33431
33811
33413
33432
33812
33414
33433
33813
33415
33434
33814
33416
33435
33815
33417
33436
33816
33418
33437
33817
33419
33438
33818
33439
33819
33421
33440
33820
33422
33441
33821
33423
33442
33822
33424
33443
33823
33425
33444
33824
33426
33445
33825
33427
33446
33826
33428
33447
33827
33429
33448
33828
33430
33449
33829
33431
33450
33830
33432
33451
33831
33433
33452
33832
33434
33453
33833
33435
33454
33834
33436
33455
33835
33437
33456
33836
33438
33457
33837
33439
33458
33838
33459
33839
33441
33460
33840
33442
33461
33841
33443
33462
33842
33444
33463
33843
33445
33464
33844
33446
33465
33845
33447
33466
33846
33448
33467
33847
33449
33468
33848
33450
33469
33849
33451
33470
33850
33452
33471
33851
33453
33472
33852
33454
33473
33853
33455
33474
33854
33456
33475
33855
33457
33476
33856
33458
33477
33857
33459
33478
33858
33479
33859
33461
33480
33860
33462
33481
33861
33463
33482
33862
33464
33483
33863
33465
33484
33864
33466
33485
33865
33467
33486
33866
33468
33487
33867
33469
33488
33868
33470
33489
33869
33471
33490
33870
33472
33491
33871
33473
33492
33872
33474
33493
33873
33475
33494
33874
33476
33495
33875
33477
33496
33876
33478
33497
33877
33479
33498
33878
33499
33879
33481
33500
33880
33482
33501
33881
33483
33502
33882
33484
33503
33883
33485
33504
33884
33486
33505
33885
33487
33506
33886
33488
33507
33887
33489
33508
33888
33490
33509
33889
33491
33510
33890
33492
33511
33891
33493
33512
33892
33494
33513
33893
33495
33514
33894
33496
33515
33895
33497
33516
33896
33498
33517
33897
33499
33518
33898
33519
33899
33501
33520
33900
33502
33521
33901
33503
33522
33902
33504
33523
33903
33505
33524
33904
33506
33525
33905
33507
33526
33906
33508
33527
33907
33509
33528
33908
33510
33529
33909
33511
33530
33910
33512
33531
33911
33513
33532
33912
33514
33533
33913
33515
33534
33914
33516
33535
33915
33517
33536
33916
33518
33537
33917
33519
33538
33918
33539
33919
33521
33540
33920
33522
33541
33921
33523
33542
33922
33524
33543
33923
33525
33544
33924
33526
33545
33925
33527
33546
33926
33528
33547
33927
33529
33548
33928
33530
33549
33929
33531
33550
33930
33532
33551
33931
33533
33552
33932
33534
33553
33933
33535
33554
33934
33536
33555
33935
33537
33556
33936
33538
33557
33937
33539
33558
33938
33559
33939
33541
33560
33940
33542
33561
33941
33543
33562
33942
33544
33563
33943
33545
33564
33944
33546
33565
33945
33547
33566
33946
33548
33567
33947
33549
33568
33948
33550
33569
33949
33551
33570
33950
33552
33571
33951
33553
33572
33952
33554
33573
33953
33555
33574
33954
33556
33575
33955
33557
33576
33956
33558
33577
33957
33559
33578
33958
33579
33959
33561
33580
33960
33562
33581
33961
33563
33582
33962
33564
33583
33963
33565
33584
33964
33566
33585
33965
33567
33586
33966
33568
33587
33967
33569
33588
33968
33570
33589
33969
33571
33590
33970
33572
33591
33971
33573
33592
33972
33574
33593
33973
33575
33594
33974
33576
33595
33975
33577
33596
33976
33578
33597
33977
33579
33598
33978
33599
33979
33581
33980
33582
33981
33583
33982
33584
33983
33585
33984
33586
33985
33587
33986
33588
33987
33589
33988
33590
33989
33591
33990
33592
33991
33593
33992
33594
33993
33595
33994
33596
33995
33597
33996
33598
33997
33599
33998
33999
33601
33620
34000
33602
33621
34001
33603
33622
34002
33604
33623
34003
33605
33624
34004
33606
33625
34005
33607
33626
34006
33608
33627
34007
33609
33628
34008
33610
33629
34009
33611
33630
34010
33612
33631
34011
33613
33632
34012
33614
33633
34013
33615
33634
34014
33616
33635
34015
33617
33636
34016
33618
33637
34017
33619
33638
34018
33639
34019
33621
33640
34020
33622
33641
34021
33623
33642
34022
33624
33643
34023
33625
33644
34024
33626
33645
34025
33627
33646
34026
33628
33647
34027
33629
33648
34028
33630
33649
34029
33631
33650
34030
33632
33651
34031
33633
33652
34032
33634
33653
34033
33635
33654
34034
33636
33655
34035
33637
33656
34036
33638
33657
34037
33639
33658
34038
33659
34039
33641
33660
34040
33642
33661
34041
33643
33662
34042
33644
33663
34043
33645
33664
34044
33646
33665
34045
33647
33666
34046
33648
33667
34047
33649
33668
34048
33650
33669
34049
33651
33670
34050
33652
33671
34051
33653
33672
34052
33654
33673
34053
33655
33674
34054
33656
33675
34055
33657
33676
34056
33658
33677
34057
33659
33678
34058
33679
34059
33661
33680
34060
33662
33681
34061
33663
33682
34062
33664
33683
34063
33665
33684
34064
33666
33685
34065
33667
33686
34066
33668
33687
34067
33669
33688
34068
33670
33689
34069
33671
33690
34070
33672
33691
34071
33673
33692
34072
33674
33693
34073
33675
33694
34074
33676
33695
34075
33677
33696
34076
33678
33697
34077
33679
33698
34078
33699
34079
33681
33700
34080
33682
33701
34081
33683
33702
34082
33684
33703
34083
33685
33704
34084
33686
33705
34085
33687
33706
34086
33688
33707
34087
33689
33708
34088
33690
33709
34089
33691
33710
34090
33692
33711
34091
33693
33712
34092
33694
33713
34093
33695
33714
34094
33696
33715
34095
33697
33716
34096
33698
33717
34097
33699
33718
34098
33719
34099
33701
33720
34100
33702
33721
34101
33703
33722
34102
33704
33723
34103
33705
33724
34104
33706
33725
34105
33707
33726
34106
33708
33727
34107
33709
33728
34108
33710
33729
34109
33711
33730
34110
33712
33731
34111
33713
33732
34112
33714
33733
34113
33715
33734
34114
33716
33735
34115
33717
33736
34116
33718
33737
34117
33719
33738
34118
33739
34119
33721
33740
34120
33722
33741
34121
33723
33742
34122
33724
33743
34123
33725
33744
34124
33726
33745
34125
33727
33746
34126
33728
33747
34127
33729
33748
34128
33730
33749
34129
33731
33750
34130
33732
33751
34131
33733
33752
34132
33734
33753
34133
33735
33754
34134
33736
33755
34135
33737
33756
34136
33738
33757
34137
33739
33758
34138
33759
34139
33741
33760
34140
33742
33761
34141
33743
33762
34142
33744
33763
34143
33745
33764
34144
33746
33765
34145
33747
33766
34146
33748
33767
34147
33749
33768
34148
33750
33769
34149
33751
33770
34150
33752
33771
34151
33753
33772
34152
33754
33773
34153
33755
33774
34154
33756
33775
34155
33757
33776
34156
33758
33777
34157
33759
33778
34158
33779
34159
33761
33780
34160
33762
33781
34161
33763
33782
34162
33764
33783
34163
33765
33784
34164
33766
33785
34165
33767
33786
34166
33768
33787
34167
33769
33788
34168
33770
33789
34169
33771
33790
34170
33772
33791
34171
33773
33792
34172
33774
33793
34173
33775
33794
34174
33776
33795
34175
33777
33796
34176
33778
33797
34177
33779
33798
34178
33799
34179
33781
33800
34180
33782
33801
34181
33783
33802
34182
33784
33803
34183
33785
33804
34184
33786
33805
34185
33787
33806
34186
33788
33807
34187
33789
33808
34188
33790
33809
34189
33791
33810
34190
33792
33811
34191
33793
33812
34192
33794
33813
34193
33795
33814
34194
33796
33815
34195
33797
33816
34196
33798
33817
34197
33799
33818
34198
33819
34199
33801
33820
34200
33802
33821
34201
33803
33822
34202
33804
33823
34203
33805
33824
34204
33806
33825
34205
33807
33826
34206
33808
33827
34207
33809
33828
34208
33810
33829
34209
33811
33830
34210
33812
33831
34211
33813
33832
34212
33814
33833
34213
33815
33834
34214
33816
33835
34215
33817
33836
34216
33818
33837
34217
33819
33838
34218
33839
34219
33821
33840
34220
33822
33841
34221
33823
33842
34222
33824
33843
34223
33825
33844
34224
33826
33845
34225
33827
33846
34226
33828
33847
34227
33829
33848
34228
33830
33849
34229
33831
33850
34230
33832
33851
34231
33833
33852
34232
33834
33853
34233
33835
33854
34234
33836
33855
34235
33837
33856
34236
33838
33857
34237
33839
33858
34238
33859
34239
33841
33860
34240
33842
33861
34241
33843
33862
34242
33844
33863
34243
33845
33864
34244
33846
33865
34245
33847
33866
34246
33848
33867
34247
33849
33868
34248
33850
33869
34249
33851
33870
34250
33852
33871
34251
33853
33872
34252
33854
33873
34253
33855
33874
34254
33856
33875
34255
33857
33876
34256
33858
33877
34257
33859
33878
34258
33879
34259
33861
33880
34260
33862
33881
34261
33863
33882
34262
33864
33883
34263
33865
33884
34264
33866
33885
34265
33867
33886
34266
33868
33887
34267
33869
33888
34268
33870
33889
34269
33871
33890
34270
33872
33891
34271
33873
33892
34272
33874
33893
34273
33875
33894
34274
33876
33895
34275
33877
33896
34276
33878
33897
34277
33879
33898
34278
33899
34279
33881
33900
34280
33882
33901
34281
33883
33902
34282
33884
33903
34283
33885
33904
34284
33886
33905
34285
33887
33906
34286
33888
33907
34287
33889
33908
34288
33890
33909
34289
33891
33910
34290
33892
33911
34291
33893
33912
34292
33894
33913
34293
33895
33914
34294
33896
33915
34295
33897
33916
34296
33898
33917
34297
33899
33918
34298
33919
34299
33901
33920
34300
33902
33921
34301
33903
33922
34302
33904
33923
34303
33905
33924
34304
33906
33925
34305
33907
33926
34306
33908
33927
34307
33909
33928
34308
33910
33929
34309
33911
33930
34310
33912
33931
34311
33913
33932
34312
33914
33933
34313
33915
33934
34314
33916
33935
34315
33917
33936
34316
33918
33937
34317
33919
33938
34318
33939
34319
33921
33940
34320
33922
33941
34321
33923
33942
34322
33924
33943
34323
33925
33944
34324
33926
33945
34325
33927
33946
34326
33928
33947
34327
33929
33948
34328
33930
33949
34329
33931
33950
34330
33932
33951
34331
33933
33952
34332
33934
33953
34333
33935
33954
34334
33936
33955
34335
33937
33956
34336
33938
33957
34337
33939
33958
34338
33959
34339
33941
33960
34340
33942
33961
34341
33943
33962
34342
33944
33963
34343
33945
33964
34344
33946
33965
34345
33947
33966
34346
33948
33967
34347
33949
33968
34348
33950
33969
34349
33951
33970
34350
33952
33971
34351
33953
33972
34352
33954
33973
34353
33955
33974
34354
33956
33975
34355
33957
33976
34356
33958
33977
34357
33959
33978
34358
33979
34359
33961
33980
34360
33962
33981
34361
33963
33982
34362
33964
33983
34363
33965
33984
34364
33966
33985
34365
33967
33986
34366
33968
33987
34367
33969
33988
34368
33970
33989
34369
33971
33990
34370
33972
33991
34371
33973
33992
34372
33974
33993
34373
33975
33994
34374
33976
33995
34375
33977
33996
34376
33978
33997
34377
33979
33998
34378
33999
34379
33981
34380
33982
34381
33983
34382
33984
34383
33985
34384
33986
34385
33987
34386
33988
34387
33989
34388
33990
34389
33991
34390
33992
34391
33993
34392
33994
34393
33995
34394
33996
34395
33997
34396
33998
34397
33999
34398
34399
34001
34020
34400
34002
34021
34401
34003
34022
34402
34004
34023
34403
34005
34024
34404
34006
34025
34405
34007
34026
34406
34008
34027
34407
34009
34028
34408
34010
34029
34409
34011
34030
34410
34012
34031
34411
34013
34032
34412
34014
34033
34413
34015
34034
34414
34016
34035
34415
34017
34036
34416
34018
34037
34417
34019
34038
34418
34039
34419
34021
34040
34420
34022
34041
34421
34023
34042
34422
34024
34043
34423
34025
34044
34424
34026
34045
34425
34027
34046
34426
34028
34047
34427
34029
34048
34428
34030
34049
34429
34031
34050
34430
34032
34051
34431
34033
34052
34432
34034
34053
34433
34035
34054
34434
34036
34055
34435
34037
34056
34436
34038
34057
34437
34039
34058
34438
34059
34439
34041
34060
34440
34042
34061
34441
34043
34062
34442
34044
34063
34443
34045
34064
34444
34046
34065
34445
34047
34066
34446
34048
34067
34447
34049
34068
34448
34050
34069
34449
34051
34070
34450
34052
34071
34451
34053
34072
34452
34054
34073
34453
34055
34074
34454
34056
34075
34455
34057
34076
34456
34058
34077
34457
34059
34078
34458
34079
34459
34061
34080
34460
34062
34081
34461
34063
34082
34462
34064
34083
34463
34065
34084
34464
34066
34085
34465
34067
34086
34466
34068
34087
34467
34069
34088
34468
34070
34089
34469
34071
34090
34470
34072
34091
34471
34073
34092
34472
34074
34093
34473
34075
34094
34474
34076
34095
34475
34077
34096
34476
34078
34097
34477
34079
34098
34478
34099
34479
34081
34100
34480
34082
34101
34481
34083
34102
34482
34084
34103
34483
34085
34104
34484
34086
34105
34485
34087
34106
34486
34088
34107
34487
34089
34108
34488
34090
34109
34489
34091
34110
34490
34092
34111
34491
34093
34112
34492
34094
34113
34493
34095
34114
34494
34096
34115
34495
34097
34116
34496
34098
34117
34497
34099
34118
34498
34119
34499
34101
34120
34500
34102
34121
34501
34103
34122
34502
34104
34123
34503
34105
34124
34504
34106
34125
34505
34107
34126
34506
34108
34127
34507
34109
34128
34508
34110
34129
34509
34111
34130
34510
34112
34131
34511
34113
34132
34512
34114
34133
34513
34115
34134
34514
34116
34135
34515
34117
34136
34516
34118
34137
34517
34119
34138
34518
34139
34519
34121
34140
34520
34122
34141
34521
34123
34142
34522
34124
34143
34523
34125
34144
34524
34126
34145
34525
34127
34146
34526
34128
34147
34527
34129
34148
34528
34130
34149
34529
34131
34150
34530
34132
34151
34531
34133
34152
34532
34134
34153
34533
34135
34154
34534
34136
34155
34535
34137
34156
34536
34138
34157
34537
34139
34158
34538
34159
34539
34141
34160
34540
34142
34161
34541
34143
34162
34542
34144
34163
34543
34145
34164
34544
34146
34165
34545
34147
34166
34546
34148
34167
34547
34149
34168
34548
34150
34169
34549
34151
34170
34550
34152
34171
34551
34153
34172
34552
34154
34173
34553
34155
34174
34554
34156
34175
34555
34157
34176
34556
34158
34177
34557
34159
34178
34558
34179
34559
34161
34180
34560
34162
34181
34561
34163
34182
34562
34164
34183
34563
34165
34184
34564
34166
34185
34565
34167
34186
34566
34168
34187
34567
34169
34188
34568
34170
34189
34569
34171
34190
34570
34172
34191
34571
34173
34192
34572
34174
34193
34573
34175
34194
34574
34176
34195
34575
34177
34196
34576
34178
34197
34577
34179
34198
34578
34199
34579
34181
34200
34580
34182
34201
34581
34183
34202
34582
34184
34203
34583
34185
34204
34584
34186
34205
34585
34187
34206
34586
34188
34207
34587
34189
34208
34588
34190
34209
34589
34191
34210
34590
34192
34211
34591
34193
34212
34592
34194
34213
34593
34195
34214
34594
34196
34215
34595
34197
34216
34596
34198
34217
34597
34199
34218
34598
34219
34599
34201
34220
34600
34202
34221
34601
34203
34222
34602
34204
34223
34603
34205
34224
34604
34206
34225
34605
34207
34226
34606
34208
34227
34607
34209
34228
34608
34210
34229
34609
34211
34230
34610
34212
34231
34611
34213
34232
34612
34214
34233
34613
34215
34234
34614
34216
34235
34615
34217
34236
34616
34218
34237
34617
34219
34238
34618
34239
34619
34221
34240
34620
34222
34241
34621
34223
34242
34622
34224
34243
34623
34225
34244
34624
34226
34245
34625
34227
34246
34626
34228
34247
34627
34229
34248
34628
34230
34249
34629
34231
34250
34630
34232
34251
34631
34233
34252
34632
34234
34253
34633
34235
34254
34634
34236
34255
34635
34237
34256
34636
34238
34257
34637
34239
34258
34638
34259
34639
34241
34260
34640
34242
34261
34641
34243
34262
34642
34244
34263
34643
34245
34264
34644
34246
34265
34645
34247
34266
34646
34248
34267
34647
34249
34268
34648
34250
34269
34649
34251
34270
34650
34252
34271
34651
34253
34272
34652
34254
34273
34653
34255
34274
34654
34256
34275
34655
34257
34276
34656
34258
34277
34657
34259
34278
34658
34279
34659
34261
34280
34660
34262
34281
34661
34263
34282
34662
34264
34283
34663
34265
34284
34664
34266
34285
34665
34267
34286
34666
34268
34287
34667
34269
34288
34668
34270
34289
34669
34271
34290
34670
34272
34291
34671
34273
34292
34672
34274
34293
34673
34275
34294
34674
34276
34295
34675
34277
34296
34676
34278
34297
34677
34279
34298
34678
34299
34679
34281
34300
34680
34282
34301
34681
34283
34302
34682
34284
34303
34683
34285
34304
34684
34286
34305
34685
34287
34306
34686
34288
34307
34687
34289
34308
34688
34290
34309
34689
34291
34310
34690
34292
34311
34691
34293
34312
34692
34294
34313
34693
34295
34314
34694
34296
34315
34695
34297
34316
34696
34298
34317
34697
34299
34318
34698
34319
34699
34301
34320
34700
34302
34321
34701
34303
34322
34702
34304
34323
34703
34305
34324
34704
34306
34325
34705
34307
34326
34706
34308
34327
34707
34309
34328
34708
34310
34329
34709
34311
34330
34710
34312
34331
34711
34313
34332
34712
34314
34333
34713
34315
34334
34714
34316
34335
34715
34317
34336
34716
34318
34337
34717
34319
34338
34718
34339
34719
34321
34340
34720
34322
34341
34721
34323
34342
34722
34324
34343
34723
34325
34344
34724
34326
34345
34725
34327
34346
34726
34328
34347
34727
34329
34348
34728
34330
34349
34729
34331
34350
34730
34332
34351
34731
34333
34352
34732
34334
34353
34733
34335
34354
34734
34336
34355
34735
34337
34356
34736
34338
34357
34737
34339
34358
34738
34359
34739
34341
34360
34740
34342
34361
34741
34343
34362
34742
34344
34363
34743
34345
34364
34744
34346
34365
34745
34347
34366
34746
34348
34367
34747
34349
34368
34748
34350
34369
34749
34351
34370
34750
34352
34371
34751
34353
34372
34752
34354
34373
34753
34355
34374
34754
34356
34375
34755
34357
34376
34756
34358
34377
34757
34359
34378
34758
34379
34759
34361
34380
34760
34362
34381
34761
34363
34382
34762
34364
34383
34763
34365
34384
34764
34366
34385
34765
34367
34386
34766
34368
34387
34767
34369
34388
34768
34370
34389
34769
34371
34390
34770
34372
34391
34771
34373
34392
34772
34374
34393
34773
34375
34394
34774
34376
34395
34775
34377
34396
34776
34378
34397
34777
34379
34398
34778
34399
34779
34381
34780
34382
34781
34383
34782
34384
34783
34385
34784
34386
34785
34387
34786
34388
34787
34389
34788
34390
34789
34391
34790
34392
34791
34393
34792
34394
34793
34395
34794
34396
34795
34397
34796
34398
34797
34399
34798
34799
34401
34420
34800
34402
34421
34801
34403
34422
34802
34404
34423
34803
34405
34424
34804
34406
34425
34805
34407
34426
34806
34408
34427
34807
34409
34428
34808
34410
34429
34809
34411
34430
34810
34412
34431
34811
34413
34432
34812
34414
34433
34813
34415
34434
34814
34416
34435
34815
34417
34436
34816
34418
34437
34817
34419
34438
34818
34439
34819
34421
34440
34820
34422
34441
34821
34423
34442
34822
34424
34443
34823
34425
34444
34824
34426
34445
34825
34427
34446
34826
34428
34447
34827
34429
34448
34828
34430
34449
34829
34431
34450
34830
34432
34451
34831
34433
34452
34832
34434
34453
34833
34435
34454
34834
34436
34455
34835
34437
34456
34836
34438
34457
34837
34439
34458
34838
34459
34839
34441
34460
34840
34442
34461
34841
34443
34462
34842
34444
34463
34843
34445
34464
34844
34446
34465
34845
34447
34466
34846
34448
34467
34847
34449
34468
34848
34450
34469
34849
34451
34470
34850
34452
34471
34851
34453
34472
34852
34454
34473
34853
34455
34474
34854
34456
34475
34855
34457
34476
34856
34458
34477
34857
34459
34478
34858
34479
34859
34461
34480
34860
34462
34481
34861
34463
34482
34862
34464
34483
34863
34465
34484
34864
34466
34485
34865
34467
34486
34866
34468
34487
34867
34469
34488
34868
34470
34489
34869
34471
34490
34870
34472
34491
34871
34473
34492
34872
34474
34493
34873
34475
34494
34874
34476
34495
34875
34477
34496
34876
34478
34497
34877
34479
34498
34878
34499
34879
34481
34500
34880
34482
34501
34881
34483
34502
34882
34484
34503
34883
34485
34504
34884
34486
34505
34885
34487
34506
34886
34488
34507
34887
34489
34508
34888
34490
34509
34889
34491
34510
34890
34492
34511
34891
34493
34512
34892
34494
34513
34893
34495
34514
34894
34496
34515
34895
34497
34516
34896
34498
34517
34897
34499
34518
34898
34519
34899
34501
34520
34900
34502
34521
34901
34503
34522
34902
34504
34523
34903
34505
34524
34904
34506
34525
34905
34507
34526
34906
34508
34527
34907
34509
34528
34908
34510
34529
34909
34511
34530
34910
34512
34531
34911
34513
34532
34912
34514
34533
34913
34515
34534
34914
34516
34535
34915
34517
34536
34916
34518
34537
34917
34519
34538
34918
34539
34919
34521
34540
34920
34522
34541
34921
34523
34542
34922
34524
34543
34923
34525
34544
34924
34526
34545
34925
34527
34546
34926
34528
34547
34927
34529
34548
34928
34530
34549
34929
34531
34550
34930
34532
34551
34931
34533
34552
34932
34534
34553
34933
34535
34554
34934
34536
34555
34935
34537
34556
34936
34538
34557
34937
34539
34558
34938
34559
34939
34541
34560
34940
34542
34561
34941
34543
34562
34942
34544
34563
34943
34545
34564
34944
34546
34565
34945
34547
34566
34946
34548
34567
34947
34549
34568
34948
34550
34569
34949
34551
34570
34950
34552
34571
34951
34553
34572
34952
34554
34573
34953
34555
34574
34954
34556
34575
34955
34557
34576
34956
34558
34577
34957
34559
34578
34958
34579
34959
34561
34580
34960
34562
34581
34961
34563
34582
34962
34564
34583
34963
34565
34584
34964
34566
34585
34965
34567
34586
34966
34568
34587
34967
34569
34588
34968
34570
34589
34969
34571
34590
34970
34572
34591
34971
34573
34592
34972
34574
34593
34973
34575
34594
34974
34576
34595
34975
34577
34596
34976
34578
34597
34977
34579
34598
34978
34599
34979
34581
34600
34980
34582
34601
34981
34583
34602
34982
34584
34603
34983
34585
34604
34984
34586
34605
34985
34587
34606
34986
34588
34607
34987
34589
34608
34988
34590
34609
34989
34591
34610
34990
34592
34611
34991
34593
34612
34992
34594
34613
34993
34595
34614
34994
34596
34615
34995
34597
34616
34996
34598
34617
34997
34599
34618
34998
34619
34999
34601
34620
35000
34602
34621
35001
34603
34622
35002
34604
34623
35003
34605
34624
35004
34606
34625
35005
34607
34626
35006
34608
34627
35007
34609
34628
35008
34610
34629
35009
34611
34630
35010
34612
34631
35011
34613
34632
35012
34614
34633
35013
34615
34634
35014
34616
34635
35015
34617
34636
35016
34618
34637
35017
34619
34638
35018
34639
35019
34621
34640
35020
34622
34641
35021
34623
34642
35022
34624
34643
35023
34625
34644
35024
34626
34645
35025
34627
34646
35026
34628
34647
35027
34629
34648
35028
34630
34649
35029
34631
34650
35030
34632
34651
35031
34633
34652
35032
34634
34653
35033
34635
34654
35034
34636
34655
35035
34637
34656
35036
34638
34657
35037
34639
34658
35038
34659
35039
34641
34660
35040
34642
34661
35041
34643
34662
35042
34644
34663
35043
34645
34664
35044
34646
34665
35045
34647
34666
35046
34648
34667
35047
34649
34668
35048
34650
34669
35049
34651
34670
35050
34652
34671
35051
34653
34672
35052
34654
34673
35053
34655
34674
35054
34656
34675
35055
34657
34676
35056
34658
34677
35057
34659
34678
35058
34679
35059
34661
34680
35060
34662
34681
35061
34663
34682
35062
34664
34683
35063
34665
34684
35064
34666
34685
35065
34667
34686
35066
34668
34687
35067
34669
34688
35068
34670
34689
35069
34671
34690
35070
34672
34691
35071
34673
34692
35072
34674
34693
35073
34675
34694
35074
34676
34695
35075
34677
34696
35076
34678
34697
35077
34679
34698
35078
34699
35079
34681
34700
35080
34682
34701
35081
34683
34702
35082
34684
34703
35083
34685
34704
35084
34686
34705
35085
34687
34706
35086
34688
34707
35087
34689
34708
35088
34690
34709
35089
34691
34710
35090
34692
34711
35091
34693
34712
35092
34694
34713
35093
34695
34714
35094
34696
34715
35095
34697
34716
35096
34698
34717
35097
34699
34718
35098
34719
35099
34701
34720
35100
34702
34721
35101
34703
34722
35102
34704
34723
35103
34705
34724
35104
34706
34725
35105
34707
34726
35106
34708
34727
35107
34709
34728
35108
34710
34729
35109
34711
34730
35110
34712
34731
35111
34713
34732
35112
34714
34733
35113
34715
34734
35114
34716
34735
35115
34717
34736
35116
34718
34737
35117
34719
34738
35118
34739
35119
34721
34740
35120
34722
34741
35121
34723
34742
35122
34724
34743
35123
34725
34744
35124
34726
34745
35125
34727
34746
35126
34728
34747
35127
34729
34748
35128
34730
34749
35129
34731
34750
35130
34732
34751
35131
34733
34752
35132
34734
34753
35133
34735
34754
35134
34736
34755
35135
34737
34756
35136
34738
34757
35137
34739
34758
35138
34759
35139
34741
34760
35140
34742
34761
35141
34743
34762
35142
34744
34763
35143
34745
34764
35144
34746
34765
35145
34747
34766
35146
34748
34767
35147
34749
34768
35148
34750
34769
35149
34751
34770
35150
34752
34771
35151
34753
34772
35152
34754
34773
35153
34755
34774
35154
34756
34775
35155
34757
34776
35156
34758
34777
35157
34759
34778
35158
34779
35159
34761
34780
35160
34762
34781
35161
34763
34782
35162
34764
34783
35163
34765
34784
35164
34766
34785
35165
34767
34786
35166
34768
34787
35167
34769
34788
35168
34770
34789
35169
34771
34790
35170
34772
34791
35171
34773
34792
35172
34774
34793
35173
34775
34794
35174
34776
34795
35175
34777
34796
35176
34778
34797
35177
34779
34798
35178
34799
35179
34781
35180
34782
35181
34783
35182
34784
35183
34785
35184
34786
35185
34787
35186
34788
35187
34789
35188
34790
35189
34791
35190
34792
35191
34793
35192
34794
35193
34795
35194
34796
35195
34797
35196
34798
35197
34799
35198
35199
34801
34820
35200
34802
34821
35201
34803
34822
35202
34804
34823
35203
34805
34824
35204
34806
34825
35205
34807
34826
35206
34808
34827
35207
34809
34828
35208
34810
34829
35209
34811
34830
35210
34812
34831
35211
34813
34832
35212
34814
34833
35213
34815
34834
35214
34816
34835
35215
34817
34836
35216
34818
34837
35217
34819
34838
35218
34839
35219
34821
34840
35220
34822
34841
35221
34823
34842
35222
34824
34843
35223
34825
34844
35224
34826
34845
35225
34827
34846
35226
34828
34847
35227
34829
34848
35228
34830
34849
35229
34831
34850
35230
34832
34851
35231
34833
34852
35232
34834
34853
35233
34835
34854
35234
34836
34855
35235
34837
34856
35236
34838
34857
35237
34839
34858
35238
34859
35239
34841
34860
35240
34842
34861
35241
34843
34862
35242
34844
34863
35243
34845
34864
35244
34846
34865
35245
34847
34866
35246
34848
34867
35247
34849
34868
35248
34850
34869
35249
34851
34870
35250
34852
34871
35251
34853
34872
35252
34854
34873
35253
34855
34874
35254
34856
34875
35255
34857
34876
35256
34858
34877
35257
34859
34878
35258
34879
35259
34861
34880
35260
34862
34881
35261
34863
34882
35262
34864
34883
35263
34865
34884
35264
34866
34885
35265
34867
34886
35266
34868
34887
35267
34869
34888
35268
34870
34889
35269
34871
34890
35270
34872
34891
35271
34873
34892
35272
34874
34893
35273
34875
34894
35274
34876
34895
35275
34877
34896
35276
34878
34897
35277
34879
34898
35278
34899
35279
34881
34900
35280
34882
34901
35281
34883
34902
35282
34884
34903
35283
34885
34904
35284
34886
34905
35285
34887
34906
35286
34888
34907
35287
34889
34908
35288
34890
34909
35289
34891
34910
35290
34892
34911
35291
34893
34912
35292
34894
34913
35293
34895
34914
35294
34896
34915
35295
34897
34916
35296
34898
34917
35297
34899
34918
35298
34919
35299
34901
34920
35300
34902
34921
35301
34903
34922
35302
34904
34923
35303
34905
34924
35304
34906
34925
35305
34907
34926
35306
34908
34927
35307
34909
34928
35308
34910
34929
35309
34911
34930
35310
34912
34931
35311
34913
34932
35312
34914
34933
35313
34915
34934
35314
34916
34935
35315
34917
34936
35316
34918
34937
35317
34919
34938
35318
34939
35319
34921
34940
35320
34922
34941
35321
34923
34942
35322
34924
34943
35323
34925
34944
35324
34926
34945
35325
34927
34946
35326
34928
34947
35327
34929
34948
35328
34930
34949
35329
34931
34950
35330
34932
34951
35331
34933
34952
35332
34934
34953
35333
34935
34954
35334
34936
34955
35335
34937
34956
35336
34938
34957
35337
34939
34958
35338
34959
35339
34941
34960
35340
34942
34961
35341
34943
34962
35342
34944
34963
35343
34945
34964
35344
34946
34965
35345
34947
34966
35346
34948
34967
35347
34949
34968
35348
34950
34969
35349
34951
34970
35350
34952
34971
35351
34953
34972
35352
34954
34973
35353
34955
34974
35354
34956
34975
35355
34957
34976
35356
34958
34977
35357
34959
34978
35358
34979
35359
34961
34980
35360
34962
34981
35361
34963
34982
35362
34964
34983
35363
34965
34984
35364
34966
34985
35365
34967
34986
35366
34968
34987
35367
34969
34988
35368
34970
34989
35369
34971
34990
35370
34972
34991
35371
34973
34992
35372
34974
34993
35373
34975
34994
35374
34976
34995
35375
34977
34996
35376
34978
34997
35377
34979
34998
35378
34999
35379
34981
35000
35380
34982
35001
35381
34983
35002
35382
34984
35003
35383
34985
35004
35384
34986
35005
35385
34987
35006
35386
34988
35007
35387
34989
35008
35388
34990
35009
35389
34991
35010
35390
34992
35011
35391
34993
35012
35392
34994
35013
35393
34995
35014
35394
34996
35015
35395
34997
35016
35396
34998
35017
35397
34999
35018
35398
35019
35399
35001
35020
35400
35002
35021
35401
35003
35022
35402
35004
35023
35403
35005
35024
35404
35006
35025
35405
35007
35026
35406
35008
35027
35407
35009
35028
35408
35010
35029
35409
35011
35030
35410
35012
35031
35411
35013
35032
35412
35014
35033
35413
35015
35034
35414
35016
35035
35415
35017
35036
35416
35018
35037
35417
35019
35038
35418
35039
35419
35021
35040
35420
35022
35041
35421
35023
35042
35422
35024
35043
35423
35025
35044
35424
35026
35045
35425
35027
35046
35426
35028
35047
35427
35029
35048
35428
35030
35049
35429
35031
35050
35430
35032
35051
35431
35033
35052
35432
35034
35053
35433
35035
35054
35434
35036
35055
35435
35037
35056
35436
35038
35057
35437
35039
35058
35438
35059
35439
35041
35060
35440
35042
35061
35441
35043
35062
35442
35044
35063
35443
35045
35064
35444
35046
35065
35445
35047
35066
35446
35048
35067
35447
35049
35068
35448
35050
35069
35449
35051
35070
35450
35052
35071
35451
35053
35072
35452
35054
35073
35453
35055
35074
35454
35056
35075
35455
35057
35076
35456
35058
35077
35457
35059
35078
35458
35079
35459
35061
35080
35460
35062
35081
35461
35063
35082
35462
35064
35083
35463
35065
35084
35464
35066
35085
35465
35067
35086
35466
35068
35087
35467
35069
35088
35468
35070
35089
35469
35071
35090
35470
35072
35091
35471
35073
35092
35472
35074
35093
35473
35075
35094
35474
35076
35095
35475
35077
35096
35476
35078
35097
35477
35079
35098
35478
35099
35479
35081
35100
35480
35082
35101
35481
35083
35102
35482
35084
35103
35483
35085
35104
35484
35086
35105
35485
35087
35106
35486
35088
35107
35487
35089
35108
35488
35090
35109
35489
35091
35110
35490
35092
35111
35491
35093
35112
35492
35094
35113
35493
35095
35114
35494
35096
35115
35495
35097
35116
35496
35098
35117
35497
35099
35118
35498
35119
35499
35101
35120
35500
35102
35121
35501
35103
35122
35502
35104
35123
35503
35105
35124
35504
35106
35125
35505
35107
35126
35506
35108
35127
35507
35109
35128
35508
35110
35129
35509
35111
35130
35510
35112
35131
35511
35113
35132
35512
35114
35133
35513
35115
35134
35514
35116
35135
35515
35117
35136
35516
35118
35137
35517
35119
35138
35518
35139
35519
35121
35140
35520
35122
35141
35521
35123
35142
35522
35124
35143
35523
35125
35144
35524
35126
35145
35525
35127
35146
35526
35128
35147
35527
35129
35148
35528
35130
35149
35529
35131
35150
35530
35132
35151
35531
35133
35152
35532
35134
35153
35533
35135
35154
35534
35136
35155
35535
35137
35156
35536
35138
35157
35537
35139
35158
35538
35159
35539
35141
35160
35540
35142
35161
35541
35143
35162
35542
35144
35163
35543
35145
35164
35544
35146
35165
35545
35147
35166
35546
35148
35167
35547
35149
35168
35548
35150
35169
35549
35151
35170
35550
35152
35171
35551
35153
35172
35552
35154
35173
35553
35155
35174
35554
35156
35175
35555
35157
35176
35556
35158
35177
35557
35159
35178
35558
35179
35559
35161
35180
35560
35162
35181
35561
35163
35182
35562
35164
35183
35563
35165
35184
35564
35166
35185
35565
35167
35186
35566
35168
35187
35567
35169
35188
35568
35170
35189
35569
35171
35190
35570
35172
35191
35571
35173
35192
35572
35174
35193
35573
35175
35194
35574
35176
35195
35575
35177
35196
35576
35178
35197
35577
35179
35198
35578
35199
35579
35181
35580
35182
35581
35183
35582
35184
35583
35185
35584
35186
35585
35187
35586
35188
35587
35189
35588
35190
35589
35191
35590
35192
35591
35193
35592
35194
35593
35195
35594
35196
35595
35197
35596
35198
35597
35199
35598
35599
35201
35220
35600
35202
35221
35601
35203
35222
35602
35204
35223
35603
35205
35224
35604
35206
35225
35605
35207
35226
35606
35208
35227
35607
35209
35228
35608
35210
35229
35609
35211
35230
35610
35212
35231
35611
35213
35232
35612
35214
35233
35613
35215
35234
35614
35216
35235
35615
35217
35236
35616
35218
35237
35617
35219
35238
35618
35239
35619
35221
35240
35620
35222
35241
35621
35223
35242
35622
35224
35243
35623
35225
35244
35624
35226
35245
35625
35227
35246
35626
35228
35247
35627
35229
35248
35628
35230
35249
35629
35231
35250
35630
35232
35251
35631
35233
35252
35632
35234
35253
35633
35235
35254
35634
35236
35255
35635
35237
35256
35636
35238
35257
35637
35239
35258
35638
35259
35639
35241
35260
35640
35242
35261
35641
35243
35262
35642
35244
35263
35643
35245
35264
35644
35246
35265
35645
35247
35266
35646
35248
35267
35647
35249
35268
35648
35250
35269
35649
35251
35270
35650
35252
35271
35651
35253
35272
35652
35254
35273
35653
35255
35274
35654
35256
35275
35655
35257
35276
35656
35258
35277
35657
35259
35278
35658
35279
35659
35261
35280
35660
35262
35281
35661
35263
35282
35662
35264
35283
35663
35265
35284
35664
35266
35285
35665
35267
35286
35666
35268
35287
35667
35269
35288
35668
35270
35289
35669
35271
35290
35670
35272
35291
35671
35273
35292
35672
35274
35293
35673
35275
35294
35674
35276
35295
35675
35277
35296
35676
35278
35297
35677
35279
35298
35678
35299
35679
35281
35300
35680
35282
35301
35681
35283
35302
35682
35284
35303
35683
35285
35304
35684
35286
35305
35685
35287
35306
35686
35288
35307
35687
35289
35308
35688
35290
35309
35689
35291
35310
35690
35292
35311
35691
35293
35312
35692
35294
35313
35693
35295
35314
35694
35296
35315
35695
35297
35316
35696
35298
35317
35697
35299
35318
35698
35319
35699
35301
35320
35700
35302
35321
35701
35303
35322
35702
35304
35323
35703
35305
35324
35704
35306
35325
35705
35307
35326
35706
35308
35327
35707
35309
35328
35708
35310
35329
35709
35311
35330
35710
35312
35331
35711
35313
35332
35712
35314
35333
35713
35315
35334
35714
35316
35335
35715
35317
35336
35716
35318
35337
35717
35319
35338
35718
35339
35719
35321
35340
35720
35322
35341
35721
35323
35342
35722
35324
35343
35723
35325
35344
35724
35326
35345
35725
35327
35346
35726
35328
35347
35727
35329
35348
35728
35330
35349
35729
35331
35350
35730
35332
35351
35731
35333
35352
35732
35334
35353
35733
35335
35354
35734
35336
35355
35735
35337
35356
35736
35338
35357
35737
35339
35358
35738
35359
35739
35341
35360
35740
35342
35361
35741
35343
35362
35742
35344
35363
35743
35345
35364
35744
35346
35365
35745
35347
35366
35746
35348
35367
35747
35349
35368
35748
35350
35369
35749
35351
35370
35750
35352
35371
35751
35353
35372
35752
35354
35373
35753
35355
35374
35754
35356
35375
35755
35357
35376
35756
35358
35377
35757
35359
35378
35758
35379
35759
35361
35380
35760
35362
35381
35761
35363
35382
35762
35364
35383
35763
35365
35384
35764
35366
35385
35765
35367
35386
35766
35368
35387
35767
35369
35388
35768
35370
35389
35769
35371
35390
35770
35372
35391
35771
35373
35392
35772
35374
35393
35773
35375
35394
35774
35376
35395
35775
35377
35396
35776
35378
35397
35777
35379
35398
35778
35399
35779
35381
35400
35780
35382
35401
35781
35383
35402
35782
35384
35403
35783
35385
35404
35784
35386
35405
35785
35387
35406
35786
35388
35407
35787
35389
35408
35788
35390
35409
35789
35391
35410
35790
35392
35411
35791
35393
35412
35792
35394
35413
35793
35395
35414
35794
35396
35415
35795
35397
35416
35796
35398
35417
35797
35399
35418
35798
35419
35799
35401
35420
35800
35402
35421
35801
35403
35422
35802
35404
35423
35803
35405
35424
35804
35406
35425
35805
35407
35426
35806
35408
35427
35807
35409
35428
35808
35410
35429
35809
35411
35430
35810
35412
35431
35811
35413
35432
35812
35414
35433
35813
35415
35434
35814
35416
35435
35815
35417
35436
35816
35418
35437
35817
35419
35438
35818
35439
35819
35421
35440
35820
35422
35441
35821
35423
35442
35822
35424
35443
35823
35425
35444
35824
35426
35445
35825
35427
35446
35826
35428
35447
35827
35429
35448
35828
35430
35449
35829
35431
35450
35830
35432
35451
35831
35433
35452
35832
35434
35453
35833
35435
35454
35834
35436
35455
35835
35437
35456
35836
35438
35457
35837
35439
35458
35838
35459
35839
35441
35460
35840
35442
35461
35841
35443
35462
35842
35444
35463
35843
35445
35464
35844
35446
35465
35845
35447
35466
35846
35448
35467
35847
35449
35468
35848
35450
35469
35849
35451
35470
35850
35452
35471
35851
35453
35472
35852
35454
35473
35853
35455
35474
35854
35456
35475
35855
35457
35476
35856
35458
35477
35857
35459
35478
35858
35479
35859
35461
35480
35860
35462
35481
35861
35463
35482
35862
35464
35483
35863
35465
35484
35864
35466
35485
35865
35467
35486
35866
35468
35487
35867
35469
35488
35868
35470
35489
35869
35471
35490
35870
35472
35491
35871
35473
35492
35872
35474
35493
35873
35475
35494
35874
35476
35495
35875
35477
35496
35876
35478
35497
35877
35479
35498
35878
35499
35879
35481
35500
35880
35482
35501
35881
35483
35502
35882
35484
35503
35883
35485
35504
35884
35486
35505
35885
35487
35506
35886
35488
35507
35887
35489
35508
35888
35490
35509
35889
35491
35510
35890
35492
35511
35891
35493
35512
35892
35494
35513
35893
35495
35514
35894
35496
35515
35895
35497
35516
35896
35498
35517
35897
35499
35518
35898
35519
35899
35501
35520
35900
35502
35521
35901
35503
35522
35902
35504
35523
35903
35505
35524
35904
35506
35525
35905
35507
35526
35906
35508
35527
35907
35509
35528
35908
35510
35529
35909
35511
35530
35910
35512
35531
35911
35513
35532
35912
35514
35533
35913
35515
35534
35914
35516
35535
35915
35517
35536
35916
35518
35537
35917
35519
35538
35918
35539
35919
35521
35540
35920
35522
35541
35921
35523
35542
35922
35524
35543
35923
35525
35544
35924
35526
35545
35925
35527
35546
35926
35528
35547
35927
35529
35548
35928
35530
35549
35929
35531
35550
35930
35532
35551
35931
35533
35552
35932
35534
35553
35933
35535
35554
35934
35536
35555
35935
35537
35556
35936
35538
35557
35937
35539
35558
35938
35559
35939
35541
35560
35940
35542
35561
35941
35543
35562
35942
35544
35563
35943
35545
35564
35944
35546
35565
35945
35547
35566
35946
35548
35567
35947
35549
35568
35948
35550
35569
35949
35551
35570
35950
35552
35571
35951
35553
35572
35952
35554
35573
35953
35555
35574
35954
35556
35575
35955
35557
35576
35956
35558
35577
35957
35559
35578
35958
35579
35959
35561
35580
35960
35562
35581
35961
35563
35582
35962
35564
35583
35963
35565
35584
35964
35566
35585
35965
35567
35586
35966
35568
35587
35967
35569
35588
35968
35570
35589
35969
35571
35590
35970
35572
35591
35971
35573
35592
35972
35574
35593
35973
35575
35594
35974
35576
35595
35975
35577
35596
35976
35578
35597
35977
35579
35598
35978
35599
35979
35581
35980
35582
35981
35583
35982
35584
35983
35585
35984
35586
35985
35587
35986
35588
35987
35589
35988
35590
35989
35591
35990
35592
35991
35593
35992
35594
35993
35595
35994
35596
35995
35597
35996
35598
35997
35599
35998
35999
35601
35620
36000
35602
35621
36001
35603
35622
36002
35604
35623
36003
35605
35624
36004
35606
35625
36005
35607
35626
36006
35608
35627
36007
35609
35628
36008
35610
35629
36009
35611
35630
36010
35612
35631
36011
35613
35632
36012
35614
35633
36013
35615
35634
36014
35616
35635
36015
35617
35636
36016
35618
35637
36017
35619
35638
36018
35639
36019
35621
35640
36020
35622
35641
36021
35623
35642
36022
35624
35643
36023
35625
35644
36024
35626
35645
36025
35627
35646
36026
35628
35647
36027
35629
35648
36028
35630
35649
36029
35631
35650
36030
35632
35651
36031
35633
35652
36032
35634
35653
36033
35635
35654
36034
35636
35655
36035
35637
35656
36036
35638
35657
36037
35639
35658
36038
35659
36039
35641
35660
36040
35642
35661
36041
35643
35662
36042
35644
35663
36043
35645
35664
36044
35646
35665
36045
35647
35666
36046
35648
35667
36047
35649
35668
36048
35650
35669
36049
35651
35670
36050
35652
35671
36051
35653
35672
36052
35654
35673
36053
35655
35674
36054
35656
35675
36055
35657
35676
36056
35658
35677
36057
35659
35678
36058
35679
36059
35661
35680
36060
35662
35681
36061
35663
35682
36062
35664
35683
36063
35665
35684
36064
35666
35685
36065
35667
35686
36066
35668
35687
36067
35669
35688
36068
35670
35689
36069
35671
35690
36070
35672
35691
36071
35673
35692
36072
35674
35693
36073
35675
35694
36074
35676
35695
36075
35677
35696
36076
35678
35697
36077
35679
35698
36078
35699
36079
35681
35700
36080
35682
35701
36081
35683
35702
36082
35684
35703
36083
35685
35704
36084
35686
35705
36085
35687
35706
36086
35688
35707
36087
35689
35708
36088
35690
35709
36089
35691
35710
36090
35692
35711
36091
35693
35712
36092
35694
35713
36093
35695
35714
36094
35696
35715
36095
35697
35716
36096
35698
35717
36097
35699
35718
36098
35719
36099
35701
35720
36100
35702
35721
36101
35703
35722
36102
35704
35723
36103
35705
35724
36104
35706
35725
36105
35707
35726
36106
35708
35727
36107
35709
35728
36108
35710
35729
36109
35711
35730
36110
35712
35731
36111
35713
35732
36112
35714
35733
36113
35715
35734
36114
35716
35735
36115
35717
35736
36116
35718
35737
36117
35719
35738
36118
35739
36119
35721
35740
36120
35722
35741
36121
35723
35742
36122
35724
35743
36123
35725
35744
36124
35726
35745
36125
35727
35746
36126
35728
35747
36127
35729
35748
36128
35730
35749
36129
35731
35750
36130
35732
35751
36131
35733
35752
36132
35734
35753
36133
35735
35754
36134
35736
35755
36135
35737
35756
36136
35738
35757
36137
35739
35758
36138
35759
36139
35741
35760
36140
35742
35761
36141
35743
35762
36142
35744
35763
36143
35745
35764
36144
35746
35765
36145
35747
35766
36146
35748
35767
36147
35749
35768
36148
35750
35769
36149
35751
35770
36150
35752
35771
36151
35753
35772
36152
35754
35773
36153
35755
35774
36154
35756
35775
36155
35757
35776
36156
35758
35777
36157
35759
35778
36158
35779
36159
35761
35780
36160
35762
35781
36161
35763
35782
36162
35764
35783
36163
35765
35784
36164
35766
35785
36165
35767
35786
36166
35768
35787
36167
35769
35788
36168
35770
35789
36169
35771
35790
36170
35772
35791
36171
35773
35792
36172
35774
35793
36173
35775
35794
36174
35776
35795
36175
35777
35796
36176
35778
35797
36177
35779
35798
36178
35799
36179
35781
35800
36180
35782
35801
36181
35783
35802
36182
35784
35803
36183
35785
35804
36184
35786
35805
36185
35787
35806
36186
35788
35807
36187
35789
35808
36188
35790
35809
36189
35791
35810
36190
35792
35811
36191
35793
35812
36192
35794
35813
36193
35795
35814
36194
35796
35815
36195
35797
35816
36196
35798
35817
36197
35799
35818
36198
35819
36199
35801
35820
36200
35802
35821
36201
35803
35822
36202
35804
35823
36203
35805
35824
36204
35806
35825
36205
35807
35826
36206
35808
35827
36207
35809
35828
36208
35810
35829
36209
35811
35830
36210
35812
35831
36211
35813
35832
36212
35814
35833
36213
35815
35834
36214
35816
35835
36215
35817
35836
36216
35818
35837
36217
35819
35838
36218
35839
36219
35821
35840
36220
35822
35841
36221
35823
35842
36222
35824
35843
36223
35825
35844
36224
35826
35845
36225
35827
35846
36226
35828
35847
36227
35829
35848
36228
35830
35849
36229
35831
35850
36230
35832
35851
36231
35833
35852
36232
35834
35853
36233
35835
35854
36234
35836
35855
36235
35837
35856
36236
35838
35857
36237
35839
35858
36238
35859
36239
35841
35860
36240
35842
35861
36241
35843
35862
36242
35844
35863
36243
35845
35864
36244
35846
35865
36245
35847
35866
36246
35848
35867
36247
35849
35868
36248
35850
35869
36249
35851
35870
36250
35852
35871
36251
35853
35872
36252
35854
35873
36253
35855
35874
36254
35856
35875
36255
35857
35876
36256
35858
35877
36257
35859
35878
36258
35879
36259
35861
35880
36260
35862
35881
36261
35863
35882
36262
35864
35883
36263
35865
35884
36264
35866
35885
36265
35867
35886
36266
35868
35887
36267
35869
35888
36268
35870
35889
36269
35871
35890
36270
35872
35891
36271
35873
35892
36272
35874
35893
36273
35875
35894
36274
35876
35895
36275
35877
35896
36276
35878
35897
36277
35879
35898
36278
35899
36279
35881
35900
36280
35882
35901
36281
35883
35902
36282
35884
35903
36283
35885
35904
36284
35886
35905
36285
35887
35906
36286
35888
35907
36287
35889
35908
36288
35890
35909
36289
35891
35910
36290
35892
35911
36291
35893
35912
36292
35894
35913
36293
35895
35914
36294
35896
35915
36295
35897
35916
36296
35898
35917
36297
35899
35918
36298
35919
36299
35901
35920
36300
35902
35921
36301
35903
35922
36302
35904
35923
36303
35905
35924
36304
35906
35925
36305
35907
35926
36306
35908
35927
36307
35909
35928
36308
35910
35929
36309
35911
35930
36310
35912
35931
36311
35913
35932
36312
35914
35933
36313
35915
35934
36314
35916
35935
36315
35917
35936
36316
35918
35937
36317
35919
35938
36318
35939
36319
35921
35940
36320
35922
35941
36321
35923
35942
36322
35924
35943
36323
35925
35944
36324
35926
35945
36325
35927
35946
36326
35928
35947
36327
35929
35948
36328
35930
35949
36329
35931
35950
36330
35932
35951
36331
35933
35952
36332
35934
35953
36333
35935
35954
36334
35936
35955
36335
35937
35956
36336
35938
35957
36337
35939
35958
36338
35959
36339
35941
35960
36340
35942
35961
36341
35943
35962
36342
35944
35963
36343
35945
35964
36344
35946
35965
36345
35947
35966
36346
35948
35967
36347
35949
35968
36348
35950
35969
36349
35951
35970
36350
35952
35971
36351
35953
35972
36352
35954
35973
36353
35955
35974
36354
35956
35975
36355
35957
35976
36356
35958
35977
36357
35959
35978
36358
35979
36359
35961
35980
36360
35962
35981
36361
35963
35982
36362
35964
35983
36363
35965
35984
36364
35966
35985
36365
35967
35986
36366
35968
35987
36367
35969
35988
36368
35970
35989
36369
35971
35990
36370
35972
35991
36371
35973
35992
36372
35974
35993
36373
35975
35994
36374
35976
35995
36375
35977
35996
36376
35978
35997
36377
35979
35998
36378
35999
36379
35981
36380
35982
36381
35983
36382
35984
36383
35985
36384
35986
36385
35987
36386
35988
36387
35989
36388
35990
36389
35991
36390
35992
36391
35993
36392
35994
36393
35995
36394
35996
36395
35997
36396
35998
36397
35999
36398
36399
36001
36020
36400
36002
36021
36401
36003
36022
36402
36004
36023
36403
36005
36024
36404
36006
36025
36405
36007
36026
36406
36008
36027
36407
36009
36028
36408
36010
36029
36409
36011
36030
36410
36012
36031
36411
36013
36032
36412
36014
36033
36413
36015
36034
36414
36016
36035
36415
36017
36036
36416
36018
36037
36417
36019
36038
36418
36039
36419
36021
36040
36420
36022
36041
36421
36023
36042
36422
36024
36043
36423
36025
36044
36424
36026
36045
36425
36027
36046
36426
36028
36047
36427
36029
36048
36428
36030
36049
36429
36031
36050
36430
36032
36051
36431
36033
36052
36432
36034
36053
36433
36035
36054
36434
36036
36055
36435
36037
36056
36436
36038
36057
36437
36039
36058
36438
36059
36439
36041
36060
36440
36042
36061
36441
36043
36062
36442
36044
36063
36443
36045
36064
36444
36046
36065
36445
36047
36066
36446
36048
36067
36447
36049
36068
36448
36050
36069
36449
36051
36070
36450
36052
36071
36451
36053
36072
36452
36054
36073
36453
36055
36074
36454
36056
36075
36455
36057
36076
36456
36058
36077
36457
36059
36078
36458
36079
36459
36061
36080
36460
36062
36081
36461
36063
36082
36462
36064
36083
36463
36065
36084
36464
36066
36085
36465
36067
36086
36466
36068
36087
36467
36069
36088
36468
36070
36089
36469
36071
36090
36470
36072
36091
36471
36073
36092
36472
36074
36093
36473
36075
36094
36474
36076
36095
36475
36077
36096
36476
36078
36097
36477
36079
36098
36478
36099
36479
36081
36100
36480
36082
36101
36481
36083
36102
36482
36084
36103
36483
36085
36104
36484
36086
36105
36485
36087
36106
36486
36088
36107
36487
36089
36108
36488
36090
36109
36489
36091
36110
36490
36092
36111
36491
36093
36112
36492
36094
36113
36493
36095
36114
36494
36096
36115
36495
36097
36116
36496
36098
36117
36497
36099
36118
36498
36119
36499
36101
36120
36500
36102
36121
36501
36103
36122
36502
36104
36123
36503
36105
36124
36504
36106
36125
36505
36107
36126
36506
36108
36127
36507
36109
36128
36508
36110
36129
36509
36111
36130
36510
36112
36131
36511
36113
36132
36512
36114
36133
36513
36115
36134
36514
36116
36135
36515
36117
36136
36516
36118
36137
36517
36119
36138
36518
36139
36519
36121
36140
36520
36122
36141
36521
36123
36142
36522
36124
36143
36523
36125
36144
36524
36126
36145
36525
36127
36146
36526
36128
36147
36527
36129
36148
36528
36130
36149
36529
36131
36150
36530
36132
36151
36531
36133
36152
36532
36134
36153
36533
36135
36154
36534
36136
36155
36535
36137
36156
36536
36138
36157
36537
36139
36158
36538
36159
36539
36141
36160
36540
36142
36161
36541
36143
36162
36542
36144
36163
36543
36145
36164
36544
36146
36165
36545
36147
36166
36546
36148
36167
36547
36149
36168
36548
36150
36169
36549
36151
36170
36550
36152
36171
36551
36153
36172
36552
36154
36173
36553
36155
36174
36554
36156
36175
36555
36157
36176
36556
36158
36177
36557
36159
36178
36558
36179
36559
36161
36180
36560
36162
36181
36561
36163
36182
36562
36164
36183
36563
36165
36184
36564
36166
36185
36565
36167
36186
36566
36168
36187
36567
36169
36188
36568
36170
36189
36569
36171
36190
36570
36172
36191
36571
36173
36192
36572
36174
36193
36573
36175
36194
36574
36176
36195
36575
36177
36196
36576
36178
36197
36577
36179
36198
36578
36199
36579
36181
36200
36580
36182
36201
36581
36183
36202
36582
36184
36203
36583
36185
36204
36584
36186
36205
36585
36187
36206
36586
36188
36207
36587
36189
36208
36588
36190
36209
36589
36191
36210
36590
36192
36211
36591
36193
36212
36592
36194
36213
36593
36195
36214
36594
36196
36215
36595
36197
36216
36596
36198
36217
36597
36199
36218
36598
36219
36599
36201
36220
36600
36202
36221
36601
36203
36222
36602
36204
36223
36603
36205
36224
36604
36206
36225
36605
36207
36226
36606
36208
36227
36607
36209
36228
36608
36210
36229
36609
36211
36230
36610
36212
36231
36611
36213
36232
36612
36214
36233
36613
36215
36234
36614
36216
36235
36615
36217
36236
36616
36218
36237
36617
36219
36238
36618
36239
36619
36221
36240
36620
36222
36241
36621
36223
36242
36622
36224
36243
36623
36225
36244
36624
36226
36245
36625
36227
36246
36626
36228
36247
36627
36229
36248
36628
36230
36249
36629
36231
36250
36630
36232
36251
36631
36233
36252
36632
36234
36253
36633
36235
36254
36634
36236
36255
36635
36237
36256
36636
36238
36257
36637
36239
36258
36638
36259
36639
36241
36260
36640
36242
36261
36641
36243
36262
36642
36244
36263
36643
36245
36264
36644
36246
36265
36645
36247
36266
36646
36248
36267
36647
36249
36268
36648
36250
36269
36649
36251
36270
36650
36252
36271
36651
36253
36272
36652
36254
36273
36653
36255
36274
36654
36256
36275
36655
36257
36276
36656
36258
36277
36657
36259
36278
36658
36279
36659
36261
36280
36660
36262
36281
36661
36263
36282
36662
36264
36283
36663
36265
36284
36664
36266
36285
36665
36267
36286
36666
36268
36287
36667
36269
36288
36668
36270
36289
36669
36271
36290
36670
36272
36291
36671
36273
36292
36672
36274
36293
36673
36275
36294
36674
36276
36295
36675
36277
36296
36676
36278
36297
36677
36279
36298
36678
36299
36679
36281
36300
36680
36282
36301
36681
36283
36302
36682
36284
36303
36683
36285
36304
36684
36286
36305
36685
36287
36306
36686
36288
36307
36687
36289
36308
36688
36290
36309
36689
36291
36310
36690
36292
36311
36691
36293
36312
36692
36294
36313
36693
36295
36314
36694
36296
36315
36695
36297
36316
36696
36298
36317
36697
36299
36318
36698
36319
36699
36301
36320
36700
36302
36321
36701
36303
36322
36702
36304
36323
36703
36305
36324
36704
36306
36325
36705
36307
36326
36706
36308
36327
36707
36309
36328
36708
36310
36329
36709
36311
36330
36710
36312
36331
36711
36313
36332
36712
36314
36333
36713
36315
36334
36714
36316
36335
36715
36317
36336
36716
36318
36337
36717
36319
36338
36718
36339
36719
36321
36340
36720
36322
36341
36721
36323
36342
36722
36324
36343
36723
36325
36344
36724
36326
36345
36725
36327
36346
36726
36328
36347
36727
36329
36348
36728
36330
36349
36729
36331
36350
36730
36332
36351
36731
36333
36352
36732
36334
36353
36733
36335
36354
36734
36336
36355
36735
36337
36356
36736
36338
36357
36737
36339
36358
36738
36359
36739
36341
36360
36740
36342
36361
36741
36343
36362
36742
36344
36363
36743
36345
36364
36744
36346
36365
36745
36347
36366
36746
36348
36367
36747
36349
36368
36748
36350
36369
36749
36351
36370
36750
36352
36371
36751
36353
36372
36752
36354
36373
36753
36355
36374
36754
36356
36375
36755
36357
36376
36756
36358
36377
36757
36359
36378
36758
36379
36759
36361
36380
36760
36362
36381
36761
36363
36382
36762
36364
36383
36763
36365
36384
36764
36366
36385
36765
36367
36386
36766
36368
36387
36767
36369
36388
36768
36370
36389
36769
36371
36390
36770
36372
36391
36771
36373
36392
36772
36374
36393
36773
36375
36394
36774
36376
36395
36775
36377
36396
36776
36378
36397
36777
36379
36398
36778
36399
36779
36381
36780
36382
36781
36383
36782
36384
36783
36385
36784
36386
36785
36387
36786
36388
36787
36389
36788
36390
36789
36391
36790
36392
36791
36393
36792
36394
36793
36395
36794
36396
36795
36397
36796
36398
36797
36399
36798
36799
36401
36420
36800
36402
36421
36801
36403
36422
36802
36404
36423
36803
36405
36424
36804
36406
36425
36805
36407
36426
36806
36408
36427
36807
36409
36428
36808
36410
36429
36809
36411
36430
36810
36412
36431
36811
36413
36432
36812
36414
36433
36813
36415
36434
36814
36416
36435
36815
36417
36436
36816
36418
36437
36817
36419
36438
36818
36439
36819
36421
36440
36820
36422
36441
36821
36423
36442
36822
36424
36443
36823
36425
36444
36824
36426
36445
36825
36427
36446
36826
36428
36447
36827
36429
36448
36828
36430
36449
36829
36431
36450
36830
36432
36451
36831
36433
36452
36832
36434
36453
36833
36435
36454
36834
36436
36455
36835
36437
36456
36836
36438
36457
36837
36439
36458
36838
36459
36839
36441
36460
36840
36442
36461
36841
36443
36462
36842
36444
36463
36843
36445
36464
36844
36446
36465
36845
36447
36466
36846
36448
36467
36847
36449
36468
36848
36450
36469
36849
36451
36470
36850
36452
36471
36851
36453
36472
36852
36454
36473
36853
36455
36474
36854
36456
36475
36855
36457
36476
36856
36458
36477
36857
36459
36478
36858
36479
36859
36461
36480
36860
36462
36481
36861
36463
36482
36862
36464
36483
36863
36465
36484
36864
36466
36485
36865
36467
36486
36866
36468
36487
36867
36469
36488
36868
36470
36489
36869
36471
36490
36870
36472
36491
36871
36473
36492
36872
36474
36493
36873
36475
36494
36874
36476
36495
36875
36477
36496
36876
36478
36497
36877
36479
36498
36878
36499
36879
36481
36500
36880
36482
36501
36881
36483
36502
36882
36484
36503
36883
36485
36504
36884
36486
36505
36885
36487
36506
36886
36488
36507
36887
36489
36508
36888
36490
36509
36889
36491
36510
36890
36492
36511
36891
36493
36512
36892
36494
36513
36893
36495
36514
36894
36496
36515
36895
36497
36516
36896
36498
36517
36897
36499
36518
36898
36519
36899
36501
36520
36900
36502
36521
36901
36503
36522
36902
36504
36523
36903
36505
36524
36904
36506
36525
36905
36507
36526
36906
36508
36527
36907
36509
36528
36908
36510
36529
36909
36511
36530
36910
36512
36531
36911
36513
36532
36912
36514
36533
36913
36515
36534
36914
36516
36535
36915
36517
36536
36916
36518
36537
36917
36519
36538
36918
36539
36919
36521
36540
36920
36522
36541
36921
36523
36542
36922
36524
36543
36923
36525
36544
36924
36526
36545
36925
36527
36546
36926
36528
36547
36927
36529
36548
36928
36530
36549
36929
36531
36550
36930
36532
36551
36931
36533
36552
36932
36534
36553
36933
36535
36554
36934
36536
36555
36935
36537
36556
36936
36538
36557
36937
36539
36558
36938
36559
36939
36541
36560
36940
36542
36561
36941
36543
36562
36942
36544
36563
36943
36545
36564
36944
36546
36565
36945
36547
36566
36946
36548
36567
36947
36549
36568
36948
36550
36569
36949
36551
36570
36950
36552
36571
36951
36553
36572
36952
36554
36573
36953
36555
36574
36954
36556
36575
36955
36557
36576
36956
36558
36577
36957
36559
36578
36958
36579
36959
36561
36580
36960
36562
36581
36961
36563
36582
36962
36564
36583
36963
36565
36584
36964
36566
36585
36965
36567
36586
36966
36568
36587
36967
36569
36588
36968
36570
36589
36969
36571
36590
36970
36572
36591
36971
36573
36592
36972
36574
36593
36973
36575
36594
36974
36576
36595
36975
36577
36596
36976
36578
36597
36977
36579
36598
36978
36599
36979
36581
36600
36980
36582
36601
36981
36583
36602
36982
36584
36603
36983
36585
36604
36984
36586
36605
36985
36587
36606
36986
36588
36607
36987
36589
36608
36988
36590
36609
36989
36591
36610
36990
36592
36611
36991
36593
36612
36992
36594
36613
36993
36595
36614
36994
36596
36615
36995
36597
36616
36996
36598
36617
36997
36599
36618
36998
36619
36999
36601
36620
37000
36602
36621
37001
36603
36622
37002
36604
36623
37003
36605
36624
37004
36606
36625
37005
36607
36626
37006
36608
36627
37007
36609
36628
37008
36610
36629
37009
36611
36630
37010
36612
36631
37011
36613
36632
37012
36614
36633
37013
36615
36634
37014
36616
36635
37015
36617
36636
37016
36618
36637
37017
36619
36638
37018
36639
37019
36621
36640
37020
36622
36641
37021
36623
36642
37022
36624
36643
37023
36625
36644
37024
36626
36645
37025
36627
36646
37026
36628
36647
37027
36629
36648
37028
36630
36649
37029
36631
36650
37030
36632
36651
37031
36633
36652
37032
36634
36653
37033
36635
36654
37034
36636
36655
37035
36637
36656
37036
36638
36657
37037
36639
36658
37038
36659
37039
36641
36660
37040
36642
36661
37041
36643
36662
37042
36644
36663
37043
36645
36664
37044
36646
36665
37045
36647
36666
37046
36648
36667
37047
36649
36668
37048
36650
36669
37049
36651
36670
37050
36652
36671
37051
36653
36672
37052
36654
36673
37053
36655
36674
37054
36656
36675
37055
36657
36676
37056
36658
36677
37057
36659
36678
37058
36679
37059
36661
36680
37060
36662
36681
37061
36663
36682
37062
36664
36683
37063
36665
36684
37064
36666
36685
37065
36667
36686
37066
36668
36687
37067
36669
36688
37068
36670
36689
37069
36671
36690
37070
36672
36691
37071
36673
36692
37072
36674
36693
37073
36675
36694
37074
36676
36695
37075
36677
36696
37076
36678
36697
37077
36679
36698
37078
36699
37079
36681
36700
37080
36682
36701
37081
36683
36702
37082
36684
36703
37083
36685
36704
37084
36686
36705
37085
36687
36706
37086
36688
36707
37087
36689
36708
37088
36690
36709
37089
36691
36710
37090
36692
36711
37091
36693
36712
37092
36694
36713
37093
36695
36714
37094
36696
36715
37095
36697
36716
37096
36698
36717
37097
36699
36718
37098
36719
37099
36701
36720
37100
36702
36721
37101
36703
36722
37102
36704
36723
37103
36705
36724
37104
36706
36725
37105
36707
36726
37106
36708
36727
37107
36709
36728
37108
36710
36729
37109
36711
36730
37110
36712
36731
37111
36713
36732
37112
36714
36733
37113
36715
36734
37114
36716
36735
37115
36717
36736
37116
36718
36737
37117
36719
36738
37118
36739
37119
36721
36740
37120
36722
36741
37121
36723
36742
37122
36724
36743
37123
36725
36744
37124
36726
36745
37125
36727
36746
37126
36728
36747
37127
36729
36748
37128
36730
36749
37129
36731
36750
37130
36732
36751
37131
36733
36752
37132
36734
36753
37133
36735
36754
37134
36736
36755
37135
36737
36756
37136
36738
36757
37137
36739
36758
37138
36759
37139
36741
36760
37140
36742
36761
37141
36743
36762
37142
36744
36763
37143
36745
36764
37144
36746
36765
37145
36747
36766
37146
36748
36767
37147
36749
36768
37148
36750
36769
37149
36751
36770
37150
36752
36771
37151
36753
36772
37152
36754
36773
37153
36755
36774
37154
36756
36775
37155
36757
36776
37156
36758
36777
37157
36759
36778
37158
36779
37159
36761
36780
37160
36762
36781
37161
36763
36782
37162
36764
36783
37163
36765
36784
37164
36766
36785
37165
36767
36786
37166
36768
36787
37167
36769
36788
37168
36770
36789
37169
36771
36790
37170
36772
36791
37171
36773
36792
37172
36774
36793
37173
36775
36794
37174
36776
36795
37175
36777
36796
37176
36778
36797
37177
36779
36798
37178
36799
37179
36781
37180
36782
37181
36783
37182
36784
37183
36785
37184
36786
37185
36787
37186
36788
37187
36789
37188
36790
37189
36791
37190
36792
37191
36793
37192
36794
37193
36795
37194
36796
37195
36797
37196
36798
37197
36799
37198
37199
36801
36820
37200
36802
36821
37201
36803
36822
37202
36804
36823
37203
36805
36824
37204
36806
36825
37205
36807
36826
37206
36808
36827
37207
36809
36828
37208
36810
36829
37209
36811
36830
37210
36812
36831
37211
36813
36832
37212
36814
36833
37213
36815
36834
37214
36816
36835
37215
36817
36836
37216
36818
36837
37217
36819
36838
37218
36839
37219
36821
36840
37220
36822
36841
37221
36823
36842
37222
36824
36843
37223
36825
36844
37224
36826
36845
37225
36827
36846
37226
36828
36847
37227
36829
36848
37228
36830
36849
37229
36831
36850
37230
36832
36851
37231
36833
36852
37232
36834
36853
37233
36835
36854
37234
36836
36855
37235
36837
36856
37236
36838
36857
37237
36839
36858
37238
36859
37239
36841
36860
37240
36842
36861
37241
36843
36862
37242
36844
36863
37243
36845
36864
37244
36846
36865
37245
36847
36866
37246
36848
36867
37247
36849
36868
37248
36850
36869
37249
36851
36870
37250
36852
36871
37251
36853
36872
37252
36854
36873
37253
36855
36874
37254
36856
36875
37255
36857
36876
37256
36858
36877
37257
36859
36878
37258
36879
37259
36861
36880
37260
36862
36881
37261
36863
36882
37262
36864
36883
37263
36865
36884
37264
36866
36885
37265
36867
36886
37266
36868
36887
37267
36869
36888
37268
36870
36889
37269
36871
36890
37270
36872
36891
37271
36873
36892
37272
36874
36893
37273
36875
36894
37274
36876
36895
37275
36877
36896
37276
36878
36897
37277
36879
36898
37278
36899
37279
36881
36900
37280
36882
36901
37281
36883
36902
37282
36884
36903
37283
36885
36904
37284
36886
36905
37285
36887
36906
37286
36888
36907
37287
36889
36908
37288
36890
36909
37289
36891
36910
37290
36892
36911
37291
36893
36912
37292
36894
36913
37293
36895
36914
37294
36896
36915
37295
36897
36916
37296
36898
36917
37297
36899
36918
37298
36919
37299
36901
36920
37300
36902
36921
37301
36903
36922
37302
36904
36923
37303
36905
36924
37304
36906
36925
37305
36907
36926
37306
36908
36927
37307
36909
36928
37308
36910
36929
37309
36911
36930
37310
36912
36931
37311
36913
36932
37312
36914
36933
37313
36915
36934
37314
36916
36935
37315
36917
36936
37316
36918
36937
37317
36919
36938
37318
36939
37319
36921
36940
37320
36922
36941
37321
36923
36942
37322
36924
36943
37323
36925
36944
37324
36926
36945
37325
36927
36946
37326
36928
36947
37327
36929
36948
37328
36930
36949
37329
36931
36950
37330
36932
36951
37331
36933
36952
37332
36934
36953
37333
36935
36954
37334
36936
36955
37335
36937
36956
37336
36938
36957
37337
36939
36958
37338
36959
37339
36941
36960
37340
36942
36961
37341
36943
36962
37342
36944
36963
37343
36945
36964
37344
36946
36965
37345
36947
36966
37346
36948
36967
37347
36949
36968
37348
36950
36969
37349
36951
36970
37350
36952
36971
37351
36953
36972
37352
36954
36973
37353
36955
36974
37354
36956
36975
37355
36957
36976
37356
36958
36977
37357
36959
36978
37358
36979
37359
36961
36980
37360
36962
36981
37361
36963
36982
37362
36964
36983
37363
36965
36984
37364
36966
36985
37365
36967
36986
37366
36968
36987
37367
36969
36988
37368
36970
36989
37369
36971
36990
37370
36972
36991
37371
36973
36992
37372
36974
36993
37373
36975
36994
37374
36976
36995
37375
36977
36996
37376
36978
36997
37377
36979
36998
37378
36999
37379
36981
37000
37380
36982
37001
37381
36983
37002
37382
36984
37003
37383
36985
37004
37384
36986
37005
37385
36987
37006
37386
36988
37007
37387
36989
37008
37388
36990
37009
37389
36991
37010
37390
36992
37011
37391
36993
37012
37392
36994
37013
37393
36995
37014
37394
36996
37015
37395
36997
37016
37396
36998
37017
37397
36999
37018
37398
37019
37399
37001
37020
37400
37002
37021
37401
37003
37022
37402
37004
37023
37403
37005
37024
37404
37006
37025
37405
37007
37026
37406
37008
37027
37407
37009
37028
37408
37010
37029
37409
37011
37030
37410
37012
37031
37411
37013
37032
37412
37014
37033
37413
37015
37034
37414
37016
37035
37415
37017
37036
37416
37018
37037
37417
37019
37038
37418
37039
37419
37021
37040
37420
37022
37041
37421
37023
37042
37422
37024
37043
37423
37025
37044
37424
37026
37045
37425
37027
37046
37426
37028
37047
37427
37029
37048
37428
37030
37049
37429
37031
37050
37430
37032
37051
37431
37033
37052
37432
37034
37053
37433
37035
37054
37434
37036
37055
37435
37037
37056
37436
37038
37057
37437
37039
37058
37438
37059
37439
37041
37060
37440
37042
37061
37441
37043
37062
37442
37044
37063
37443
37045
37064
37444
37046
37065
37445
37047
37066
37446
37048
37067
37447
37049
37068
37448
37050
37069
37449
37051
37070
37450
37052
37071
37451
37053
37072
37452
37054
37073
37453
37055
37074
37454
37056
37075
37455
37057
37076
37456
37058
37077
37457
37059
37078
37458
37079
37459
37061
37080
37460
37062
37081
37461
37063
37082
37462
37064
37083
37463
37065
37084
37464
37066
37085
37465
37067
37086
37466
37068
37087
37467
37069
37088
37468
37070
37089
37469
37071
37090
37470
37072
37091
37471
37073
37092
37472
37074
37093
37473
37075
37094
37474
37076
37095
37475
37077
37096
37476
37078
37097
37477
37079
37098
37478
37099
37479
37081
37100
37480
37082
37101
37481
37083
37102
37482
37084
37103
37483
37085
37104
37484
37086
37105
37485
37087
37106
37486
37088
37107
37487
37089
37108
37488
37090
37109
37489
37091
37110
37490
37092
37111
37491
37093
37112
37492
37094
37113
37493
37095
37114
37494
37096
37115
37495
37097
37116
37496
37098
37117
37497
37099
37118
37498
37119
37499
37101
37120
37500
37102
37121
37501
37103
37122
37502
37104
37123
37503
37105
37124
37504
37106
37125
37505
37107
37126
37506
37108
37127
37507
37109
37128
37508
37110
37129
37509
37111
37130
37510
37112
37131
37511
37113
37132
37512
37114
37133
37513
37115
37134
37514
37116
37135
37515
37117
37136
37516
37118
37137
37517
37119
37138
37518
37139
37519
37121
37140
37520
37122
37141
37521
37123
37142
37522
37124
37143
37523
37125
37144
37524
37126
37145
37525
37127
37146
37526
37128
37147
37527
37129
37148
37528
37130
37149
37529
37131
37150
37530
37132
37151
37531
37133
37152
37532
37134
37153
37533
37135
37154
37534
37136
37155
37535
37137
37156
37536
37138
37157
37537
37139
37158
37538
37159
37539
37141
37160
37540
37142
37161
37541
37143
37162
37542
37144
37163
37543
37145
37164
37544
37146
37165
37545
37147
37166
37546
37148
37167
37547
37149
37168
37548
37150
37169
37549
37151
37170
37550
37152
37171
37551
37153
37172
37552
37154
37173
37553
37155
37174
37554
37156
37175
37555
37157
37176
37556
37158
37177
37557
37159
37178
37558
37179
37559
37161
37180
37560
37162
37181
37561
37163
37182
37562
37164
37183
37563
37165
37184
37564
37166
37185
37565
37167
37186
37566
37168
37187
37567
37169
37188
37568
37170
37189
37569
37171
37190
37570
37172
37191
37571
37173
37192
37572
37174
37193
37573
37175
37194
37574
37176
37195
37575
37177
37196
37576
37178
37197
37577
37179
37198
37578
37199
37579
37181
37580
37182
37581
37183
37582
37184
37583
37185
37584
37186
37585
37187
37586
37188
37587
37189
37588
37190
37589
37191
37590
37192
37591
37193
37592
37194
37593
37195
37594
37196
37595
37197
37596
37198
37597
37199
37598
37599
37201
37220
37600
37202
37221
37601
37203
37222
37602
37204
37223
37603
37205
37224
37604
37206
37225
37605
37207
37226
37606
37208
37227
37607
37209
37228
37608
37210
37229
37609
37211
37230
37610
37212
37231
37611
37213
37232
37612
37214
37233
37613
37215
37234
37614
37216
37235
37615
37217
37236
37616
37218
37237
37617
37219
37238
37618
37239
37619
37221
37240
37620
37222
37241
37621
37223
37242
37622
37224
37243
37623
37225
37244
37624
37226
37245
37625
37227
37246
37626
37228
37247
37627
37229
37248
37628
37230
37249
37629
37231
37250
37630
37232
37251
37631
37233
37252
37632
37234
37253
37633
37235
37254
37634
37236
37255
37635
37237
37256
37636
37238
37257
37637
37239
37258
37638
37259
37639
37241
37260
37640
37242
37261
37641
37243
37262
37642
37244
37263
37643
37245
37264
37644
37246
37265
37645
37247
37266
37646
37248
37267
37647
37249
37268
37648
37250
37269
37649
37251
37270
37650
37252
37271
37651
37253
37272
37652
37254
37273
37653
37255
37274
37654
37256
37275
37655
37257
37276
37656
37258
37277
37657
37259
37278
37658
37279
37659
37261
37280
37660
37262
37281
37661
37263
37282
37662
37264
37283
37663
37265
37284
37664
37266
37285
37665
37267
37286
37666
37268
37287
37667
37269
37288
37668
37270
37289
37669
37271
37290
37670
37272
37291
37671
37273
37292
37672
37274
37293
37673
37275
37294
37674
37276
37295
37675
37277
37296
37676
37278
37297
37677
37279
37298
37678
37299
37679
37281
37300
37680
37282
37301
37681
37283
37302
37682
37284
37303
37683
37285
37304
37684
37286
37305
37685
37287
37306
37686
37288
37307
37687
37289
37308
37688
37290
37309
37689
37291
37310
37690
37292
37311
37691
37293
37312
37692
37294
37313
37693
37295
37314
37694
37296
37315
37695
37297
37316
37696
37298
37317
37697
37299
37318
37698
37319
37699
37301
37320
37700
37302
37321
37701
37303
37322
37702
37304
37323
37703
37305
37324
37704
37306
37325
37705
37307
37326
37706
37308
37327
37707
37309
37328
37708
37310
37329
37709
37311
37330
37710
37312
37331
37711
37313
37332
37712
37314
37333
37713
37315
37334
37714
37316
37335
37715
37317
37336
37716
37318
37337
37717
37319
37338
37718
37339
37719
37321
37340
37720
37322
37341
37721
37323
37342
37722
37324
37343
37723
37325
37344
37724
37326
37345
37725
37327
37346
37726
37328
37347
37727
37329
37348
37728
37330
37349
37729
37331
37350
37730
37332
37351
37731
37333
37352
37732
37334
37353
37733
37335
37354
37734
37336
37355
37735
37337
37356
37736
37338
37357
37737
37339
37358
37738
37359
37739
37341
37360
37740
37342
37361
37741
37343
37362
37742
37344
37363
37743
37345
37364
37744
37346
37365
37745
37347
37366
37746
37348
37367
37747
37349
37368
37748
37350
37369
37749
37351
37370
37750
37352
37371
37751
37353
37372
37752
37354
37373
37753
37355
37374
37754
37356
37375
37755
37357
37376
37756
37358
37377
37757
37359
37378
37758
37379
37759
37361
37380
37760
37362
37381
37761
37363
37382
37762
37364
37383
37763
37365
37384
37764
37366
37385
37765
37367
37386
37766
37368
37387
37767
37369
37388
37768
37370
37389
37769
37371
37390
37770
37372
37391
37771
37373
37392
37772
37374
37393
37773
37375
37394
37774
37376
37395
37775
37377
37396
37776
37378
37397
37777
37379
37398
37778
37399
37779
37381
37400
37780
37382
37401
37781
37383
37402
37782
37384
37403
37783
37385
37404
37784
37386
37405
37785
37387
37406
37786
37388
37407
37787
37389
37408
37788
37390
37409
37789
37391
37410
37790
37392
37411
37791
37393
37412
37792
37394
37413
37793
37395
37414
37794
37396
37415
37795
37397
37416
37796
37398
37417
37797
37399
37418
37798
37419
37799
37401
37420
37800
37402
37421
37801
37403
37422
37802
37404
37423
37803
37405
37424
37804
37406
37425
37805
37407
37426
37806
37408
37427
37807
37409
37428
37808
37410
37429
37809
37411
37430
37810
37412
37431
37811
37413
37432
37812
37414
37433
37813
37415
37434
37814
37416
37435
37815
37417
37436
37816
37418
37437
37817
37419
37438
37818
37439
37819
37421
37440
37820
37422
37441
37821
37423
37442
37822
37424
37443
37823
37425
37444
37824
37426
37445
37825
37427
37446
37826
37428
37447
37827
37429
37448
37828
37430
37449
37829
37431
37450
37830
37432
37451
37831
37433
37452
37832
37434
37453
37833
37435
37454
37834
37436
37455
37835
37437
37456
37836
37438
37457
37837
37439
37458
37838
37459
37839
37441
37460
37840
37442
37461
37841
37443
37462
37842
37444
37463
37843
37445
37464
37844
37446
37465
37845
37447
37466
37846
37448
37467
37847
37449
37468
37848
37450
37469
37849
37451
37470
37850
37452
37471
37851
37453
37472
37852
37454
37473
37853
37455
37474
37854
37456
37475
37855
37457
37476
37856
37458
37477
37857
37459
37478
37858
37479
37859
37461
37480
37860
37462
37481
37861
37463
37482
37862
37464
37483
37863
37465
37484
37864
37466
37485
37865
37467
37486
37866
37468
37487
37867
37469
37488
37868
37470
37489
37869
37471
37490
37870
37472
37491
37871
37473
37492
37872
37474
37493
37873
37475
37494
37874
37476
37495
37875
37477
37496
37876
37478
37497
37877
37479
37498
37878
37499
37879
37481
37500
37880
37482
37501
37881
37483
37502
37882
37484
37503
37883
37485
37504
37884
37486
37505
37885
37487
37506
37886
37488
37507
37887
37489
37508
37888
37490
37509
37889
37491
37510
37890
37492
37511
37891
37493
37512
37892
37494
37513
37893
37495
37514
37894
37496
37515
37895
37497
37516
37896
37498
37517
37897
37499
37518
37898
37519
37899
37501
37520
37900
37502
37521
37901
37503
37522
37902
37504
37523
37903
37505
37524
37904
37506
37525
37905
37507
37526
37906
37508
37527
37907
37509
37528
37908
37510
37529
37909
37511
37530
37910
37512
37531
37911
37513
37532
37912
37514
37533
37913
37515
37534
37914
37516
37535
37915
37517
37536
37916
37518
37537
37917
37519
37538
37918
37539
37919
37521
37540
37920
37522
37541
37921
37523
37542
37922
37524
37543
37923
37525
37544
37924
37526
37545
37925
37527
37546
37926
37528
37547
37927
37529
37548
37928
37530
37549
37929
37531
37550
37930
37532
37551
37931
37533
37552
37932
37534
37553
37933
37535
37554
37934
37536
37555
37935
37537
37556
37936
37538
37557
37937
37539
37558
37938
37559
37939
37541
37560
37940
37542
37561
37941
37543
37562
37942
37544
37563
37943
37545
37564
37944
37546
37565
37945
37547
37566
37946
37548
37567
37947
37549
37568
37948
37550
37569
37949
37551
37570
37950
37552
37571
37951
37553
37572
37952
37554
37573
37953
37555
37574
37954
37556
37575
37955
37557
37576
37956
37558
37577
37957
37559
37578
37958
37579
37959
37561
37580
37960
37562
37581
37961
37563
37582
37962
37564
37583
37963
37565
37584
37964
37566
37585
37965
37567
37586
37966
37568
37587
37967
37569
37588
37968
37570
37589
37969
37571
37590
37970
37572
37591
37971
37573
37592
37972
37574
37593
37973
37575
37594
37974
37576
37595
37975
37577
37596
37976
37578
37597
37977
37579
37598
37978
37599
37979
37581
37980
37582
37981
37583
37982
37584
37983
37585
37984
37586
37985
37587
37986
37588
37987
37589
37988
37590
37989
37591
37990
37592
37991
37593
37992
37594
37993
37595
37994
37596
37995
37597
37996
37598
37997
37599
37998
37999
37601
37620
38000
37602
37621
38001
37603
37622
38002
37604
37623
38003
37605
37624
38004
37606
37625
38005
37607
37626
38006
37608
37627
38007
37609
37628
38008
37610
37629
38009
37611
37630
38010
37612
37631
38011
37613
37632
38012
37614
37633
38013
37615
37634
38014
37616
37635
38015
37617
37636
38016
37618
37637
38017
37619
37638
38018
37639
38019
37621
37640
38020
37622
37641
38021
37623
37642
38022
37624
37643
38023
37625
37644
38024
37626
37645
38025
37627
37646
38026
37628
37647
38027
37629
37648
38028
37630
37649
38029
37631
37650
38030
37632
37651
38031
37633
37652
38032
37634
37653
38033
37635
37654
38034
37636
37655
38035
37637
37656
38036
37638
37657
38037
37639
37658
38038
37659
38039
37641
37660
38040
37642
37661
38041
37643
37662
38042
37644
37663
38043
37645
37664
38044
37646
37665
38045
37647
37666
38046
37648
37667
38047
37649
37668
38048
37650
37669
38049
37651
37670
38050
37652
37671
38051
37653
37672
38052
37654
37673
38053
37655
37674
38054
37656
37675
38055
37657
37676
38056
37658
37677
38057
37659
37678
38058
37679
38059
37661
37680
38060
37662
37681
38061
37663
37682
38062
37664
37683
38063
37665
37684
38064
37666
37685
38065
37667
37686
38066
37668
37687
38067
37669
37688
38068
37670
37689
38069
37671
37690
38070
37672
37691
38071
37673
37692
38072
37674
37693
38073
37675
37694
38074
37676
37695
38075
37677
37696
38076
37678
37697
38077
37679
37698
38078
37699
38079
37681
37700
38080
37682
37701
38081
37683
37702
38082
37684
37703
38083
37685
37704
38084
37686
37705
38085
37687
37706
38086
37688
37707
38087
37689
37708
38088
37690
37709
38089
37691
37710
38090
37692
37711
38091
37693
37712
38092
37694
37713
38093
37695
37714
38094
37696
37715
38095
37697
37716
38096
37698
37717
38097
37699
37718
38098
37719
38099
37701
37720
38100
37702
37721
38101
37703
37722
38102
37704
37723
38103
37705
37724
38104
37706
37725
38105
37707
37726
38106
37708
37727
38107
37709
37728
38108
37710
37729
38109
37711
37730
38110
37712
37731
38111
37713
37732
38112
37714
37733
38113
37715
37734
38114
37716
37735
38115
37717
37736
38116
37718
37737
38117
37719
37738
38118
37739
38119
37721
37740
38120
37722
37741
38121
37723
37742
38122
37724
37743
38123
37725
37744
38124
37726
37745
38125
37727
37746
38126
37728
37747
38127
37729
37748
38128
37730
37749
38129
37731
37750
38130
37732
37751
38131
37733
37752
38132
37734
37753
38133
37735
37754
38134
37736
37755
38135
37737
37756
38136
37738
37757
38137
37739
37758
38138
37759
38139
37741
37760
38140
37742
37761
38141
37743
37762
38142
37744
37763
38143
37745
37764
38144
37746
37765
38145
37747
37766
38146
37748
37767
38147
37749
37768
38148
37750
37769
38149
37751
37770
38150
37752
37771
38151
37753
37772
38152
37754
37773
38153
37755
37774
38154
37756
37775
38155
37757
37776
38156
37758
37777
38157
37759
37778
38158
37779
38159
37761
37780
38160
37762
37781
38161
37763
37782
38162
37764
37783
38163
37765
37784
38164
37766
37785
38165
37767
37786
38166
37768
37787
38167
37769
37788
38168
37770
37789
38169
37771
37790
38170
37772
37791
38171
37773
37792
38172
37774
37793
38173
37775
37794
38174
37776
37795
38175
37777
37796
38176
37778
37797
38177
37779
37798
38178
37799
38179
37781
37800
38180
37782
37801
38181
37783
37802
38182
37784
37803
38183
37785
37804
38184
37786
37805
38185
37787
37806
38186
37788
37807
38187
37789
37808
38188
37790
37809
38189
37791
37810
38190
37792
37811
38191
37793
37812
38192
37794
37813
38193
37795
37814
38194
37796
37815
38195
37797
37816
38196
37798
37817
38197
37799
37818
38198
37819
38199
37801
37820
38200
37802
37821
38201
37803
37822
38202
37804
37823
38203
37805
37824
38204
37806
37825
38205
37807
37826
38206
37808
37827
38207
37809
37828
38208
37810
37829
38209
37811
37830
38210
37812
37831
38211
37813
37832
38212
37814
37833
38213
37815
37834
38214
37816
37835
38215
37817
37836
38216
37818
37837
38217
37819
37838
38218
37839
38219
37821
37840
38220
37822
37841
38221
37823
37842
38222
37824
37843
38223
37825
37844
38224
37826
37845
38225
37827
37846
38226
37828
37847
38227
37829
37848
38228
37830
37849
38229
37831
37850
38230
37832
37851
38231
37833
37852
38232
37834
37853
38233
37835
37854
38234
37836
37855
38235
37837
37856
38236
37838
37857
38237
37839
37858
38238
37859
38239
37841
37860
38240
37842
37861
38241
37843
37862
38242
37844
37863
38243
37845
37864
38244
37846
37865
38245
37847
37866
38246
37848
37867
38247
37849
37868
38248
37850
37869
38249
37851
37870
38250
37852
37871
38251
37853
37872
38252
37854
37873
38253
37855
37874
38254
37856
37875
38255
37857
37876
38256
37858
37877
38257
37859
37878
38258
37879
38259
37861
37880
38260
37862
37881
38261
37863
37882
38262
37864
37883
38263
37865
37884
38264
37866
37885
38265
37867
37886
38266
37868
37887
38267
37869
37888
38268
37870
37889
38269
37871
37890
38270
37872
37891
38271
37873
37892
38272
37874
37893
38273
37875
37894
38274
37876
37895
38275
37877
37896
38276
37878
37897
38277
37879
37898
38278
37899
38279
37881
37900
38280
37882
37901
38281
37883
37902
38282
37884
37903
38283
37885
37904
38284
37886
37905
38285
37887
37906
38286
37888
37907
38287
37889
37908
38288
37890
37909
38289
37891
37910
38290
37892
37911
38291
37893
37912
38292
37894
37913
38293
37895
37914
38294
37896
37915
38295
37897
37916
38296
37898
37917
38297
37899
37918
38298
37919
38299
37901
37920
38300
37902
37921
38301
37903
37922
38302
37904
37923
38303
37905
37924
38304
37906
37925
38305
37907
37926
38306
37908
37927
38307
37909
37928
38308
37910
37929
38309
37911
37930
38310
37912
37931
38311
37913
37932
38312
37914
37933
38313
37915
37934
38314
37916
37935
38315
37917
37936
38316
37918
37937
38317
37919
37938
38318
37939
38319
37921
37940
38320
37922
37941
38321
37923
37942
38322
37924
37943
38323
37925
37944
38324
37926
37945
38325
37927
37946
38326
37928
37947
38327
37929
37948
38328
37930
37949
38329
37931
37950
38330
37932
37951
38331
37933
37952
38332
37934
37953
38333
37935
37954
38334
37936
37955
38335
37937
37956
38336
37938
37957
38337
37939
37958
38338
37959
38339
37941
37960
38340
37942
37961
38341
37943
37962
38342
37944
37963
38343
37945
37964
38344
37946
37965
38345
37947
37966
38346
37948
37967
38347
37949
37968
38348
37950
37969
38349
37951
37970
38350
37952
37971
38351
37953
37972
38352
37954
37973
38353
37955
37974
38354
37956
37975
38355
37957
37976
38356
37958
37977
38357
37959
37978
38358
37979
38359
37961
37980
38360
37962
37981
38361
37963
37982
38362
37964
37983
38363
37965
37984
38364
37966
37985
38365
37967
37986
38366
37968
37987
38367
37969
37988
38368
37970
37989
38369
37971
37990
38370
37972
37991
38371
37973
37992
38372
37974
37993
38373
37975
37994
38374
37976
37995
38375
37977
37996
38376
37978
37997
38377
37979
37998
38378
37999
38379
37981
38380
37982
38381
37983
38382
37984
38383
37985
38384
37986
38385
37987
38386
37988
38387
37989
38388
37990
38389
37991
38390
37992
38391
37993
38392
37994
38393
37995
38394
37996
38395
37997
38396
37998
38397
37999
38398
38399
38001
38020
38400
38002
38021
38401
38003
38022
38402
38004
38023
38403
38005
38024
38404
38006
38025
38405
38007
38026
38406
38008
38027
38407
38009
38028
38408
38010
38029
38409
38011
38030
38410
38012
38031
38411
38013
38032
38412
38014
38033
38413
38015
38034
38414
38016
38035
38415
38017
38036
38416
38018
38037
38417
38019
38038
38418
38039
38419
38021
38040
38420
38022
38041
38421
38023
38042
38422
38024
38043
38423
38025
38044
38424
38026
38045
38425
38027
38046
38426
38028
38047
38427
38029
38048
38428
38030
38049
38429
38031
38050
38430
38032
38051
38431
38033
38052
38432
38034
38053
38433
38035
38054
38434
38036
38055
38435
38037
38056
38436
38038
38057
38437
38039
38058
38438
38059
38439
38041
38060
38440
38042
38061
38441
38043
38062
38442
38044
38063
38443
38045
38064
38444
38046
38065
38445
38047
38066
38446
38048
38067
38447
38049
38068
38448
38050
38069
38449
38051
38070
38450
38052
38071
38451
38053
38072
38452
38054
38073
38453
38055
38074
38454
38056
38075
38455
38057
38076
38456
38058
38077
38457
38059
38078
38458
38079
38459
38061
38080
38460
38062
38081
38461
38063
38082
38462
38064
38083
38463
38065
38084
38464
38066
38085
38465
38067
38086
38466
38068
38087
38467
38069
38088
38468
38070
38089
38469
38071
38090
38470
38072
38091
38471
38073
38092
38472
38074
38093
38473
38075
38094
38474
38076
38095
38475
38077
38096
38476
38078
38097
38477
38079
38098
38478
38099
38479
38081
38100
38480
38082
38101
38481
38083
38102
38482
38084
38103
38483
38085
38104
38484
38086
38105
38485
38087
38106
38486
38088
38107
38487
38089
38108
38488
38090
38109
38489
38091
38110
38490
38092
38111
38491
38093
38112
38492
38094
38113
38493
38095
38114
38494
38096
38115
38495
38097
38116
38496
38098
38117
38497
38099
38118
38498
38119
38499
38101
38120
38500
38102
38121
38501
38103
38122
38502
38104
38123
38503
38105
38124
38504
38106
38125
38505
38107
38126
38506
38108
38127
38507
38109
38128
38508
38110
38129
38509
38111
38130
38510
38112
38131
38511
38113
38132
38512
38114
38133
38513
38115
38134
38514
38116
38135
38515
38117
38136
38516
38118
38137
38517
38119
38138
38518
38139
38519
38121
38140
38520
38122
38141
38521
38123
38142
38522
38124
38143
38523
38125
38144
38524
38126
38145
38525
38127
38146
38526
38128
38147
38527
38129
38148
38528
38130
38149
38529
38131
38150
38530
38132
38151
38531
38133
38152
38532
38134
38153
38533
38135
38154
38534
38136
38155
38535
38137
38156
38536
38138
38157
38537
38139
38158
38538
38159
38539
38141
38160
38540
38142
38161
38541
38143
38162
38542
38144
38163
38543
38145
38164
38544
38146
38165
38545
38147
38166
38546
38148
38167
38547
38149
38168
38548
38150
38169
38549
38151
38170
38550
38152
38171
38551
38153
38172
38552
38154
38173
38553
38155
38174
38554
38156
38175
38555
38157
38176
38556
38158
38177
38557
38159
38178
38558
38179
38559
38161
38180
38560
38162
38181
38561
38163
38182
38562
38164
38183
38563
38165
38184
38564
38166
38185
38565
38167
38186
38566
38168
38187
38567
38169
38188
38568
38170
38189
38569
38171
38190
38570
38172
38191
38571
38173
38192
38572
38174
38193
38573
38175
38194
38574
38176
38195
38575
38177
38196
38576
38178
38197
38577
38179
38198
38578
38199
38579
38181
38200
38580
38182
38201
38581
38183
38202
38582
38184
38203
38583
38185
38204
38584
38186
38205
38585
38187
38206
38586
38188
38207
38587
38189
38208
38588
38190
38209
38589
38191
38210
38590
38192
38211
38591
38193
38212
38592
38194
38213
38593
38195
38214
38594
38196
38215
38595
38197
38216
38596
38198
38217
38597
38199
38218
38598
38219
38599
38201
38220
38600
38202
38221
38601
38203
38222
38602
38204
38223
38603
38205
38224
38604
38206
38225
38605
38207
38226
38606
38208
38227
38607
38209
38228
38608
38210
38229
38609
38211
38230
38610
38212
38231
38611
38213
38232
38612
38214
38233
38613
38215
38234
38614
38216
38235
38615
38217
38236
38616
38218
38237
38617
38219
38238
38618
38239
38619
38221
38240
38620
38222
38241
38621
38223
38242
38622
38224
38243
38623
38225
38244
38624
38226
38245
38625
38227
38246
38626
38228
38247
38627
38229
38248
38628
38230
38249
38629
38231
38250
38630
38232
38251
38631
38233
38252
38632
38234
38253
38633
38235
38254
38634
38236
38255
38635
38237
38256
38636
38238
38257
38637
38239
38258
38638
38259
38639
38241
38260
38640
38242
38261
38641
38243
38262
38642
38244
38263
38643
38245
38264
38644
38246
38265
38645
38247
38266
38646
38248
38267
38647
38249
38268
38648
38250
38269
38649
38251
38270
38650
38252
38271
38651
38253
38272
38652
38254
38273
38653
38255
38274
38654
38256
38275
38655
38257
38276
38656
38258
38277
38657
38259
38278
38658
38279
38659
38261
38280
38660
38262
38281
38661
38263
38282
38662
38264
38283
38663
38265
38284
38664
38266
38285
38665
38267
38286
38666
38268
38287
38667
38269
38288
38668
38270
38289
38669
38271
38290
38670
38272
38291
38671
38273
38292
38672
38274
38293
38673
38275
38294
38674
38276
38295
38675
38277
38296
38676
38278
38297
38677
38279
38298
38678
38299
38679
38281
38300
38680
38282
38301
38681
38283
38302
38682
38284
38303
38683
38285
38304
38684
38286
38305
38685
38287
38306
38686
38288
38307
38687
38289
38308
38688
38290
38309
38689
38291
38310
38690
38292
38311
38691
38293
38312
38692
38294
38313
38693
38295
38314
38694
38296
38315
38695
38297
38316
38696
38298
38317
38697
38299
38318
38698
38319
38699
38301
38320
38700
38302
38321
38701
38303
38322
38702
38304
38323
38703
38305
38324
38704
38306
38325
38705
38307
38326
38706
38308
38327
38707
38309
38328
38708
38310
38329
38709
38311
38330
38710
38312
38331
38711
38313
38332
38712
38314
38333
38713
38315
38334
38714
38316
38335
38715
38317
38336
38716
38318
38337
38717
38319
38338
38718
38339
38719
38321
38340
38720
38322
38341
38721
38323
38342
38722
38324
38343
38723
38325
38344
38724
38326
38345
38725
38327
38346
38726
38328
38347
38727
38329
38348
38728
38330
38349
38729
38331
38350
38730
38332
38351
38731
38333
38352
38732
38334
38353
38733
38335
38354
38734
38336
38355
38735
38337
38356
38736
38338
38357
38737
38339
38358
38738
38359
38739
38341
38360
38740
38342
38361
38741
38343
38362
38742
38344
38363
38743
38345
38364
38744
38346
38365
38745
38347
38366
38746
38348
38367
38747
38349
38368
38748
38350
38369
38749
38351
38370
38750
38352
38371
38751
38353
38372
38752
38354
38373
38753
38355
38374
38754
38356
38375
38755
38357
38376
38756
38358
38377
38757
38359
38378
38758
38379
38759
38361
38380
38760
38362
38381
38761
38363
38382
38762
38364
38383
38763
38365
38384
38764
38366
38385
38765
38367
38386
38766
38368
38387
38767
38369
38388
38768
38370
38389
38769
38371
38390
38770
38372
38391
38771
38373
38392
38772
38374
38393
38773
38375
38394
38774
38376
38395
38775
38377
38396
38776
38378
38397
38777
38379
38398
38778
38399
38779
38381
38780
38382
38781
38383
38782
38384
38783
38385
38784
38386
38785
38387
38786
38388
38787
38389
38788
38390
38789
38391
38790
38392
38791
38393
38792
38394
38793
38395
38794
38396
38795
38397
38796
38398
38797
38399
38798
38799
38401
38420
38800
38402
38421
38801
38403
38422
38802
38404
38423
38803
38405
38424
38804
38406
38425
38805
38407
38426
38806
38408
38427
38807
38409
38428
38808
38410
38429
38809
38411
38430
38810
38412
38431
38811
38413
38432
38812
38414
38433
38813
38415
38434
38814
38416
38435
38815
38417
38436
38816
38418
38437
38817
38419
38438
38818
38439
38819
38421
38440
38820
38422
38441
38821
38423
38442
38822
38424
38443
38823
38425
38444
38824
38426
38445
38825
38427
38446
38826
38428
38447
38827
38429
38448
38828
38430
38449
38829
38431
38450
38830
38432
38451
38831
38433
38452
38832
38434
38453
38833
38435
38454
38834
38436
38455
38835
38437
38456
38836
38438
38457
38837
38439
38458
38838
38459
38839
38441
38460
38840
38442
38461
38841
38443
38462
38842
38444
38463
38843
38445
38464
38844
38446
38465
38845
38447
38466
38846
38448
38467
38847
38449
38468
38848
38450
38469
38849
38451
38470
38850
38452
38471
38851
38453
38472
38852
38454
38473
38853
38455
38474
38854
38456
38475
38855
38457
38476
38856
38458
38477
38857
38459
38478
38858
38479
38859
38461
38480
38860
38462
38481
38861
38463
38482
38862
38464
38483
38863
38465
38484
38864
38466
38485
38865
38467
38486
38866
38468
38487
38867
38469
38488
38868
38470
38489
38869
38471
38490
38870
38472
38491
38871
38473
38492
38872
38474
38493
38873
38475
38494
38874
38476
38495
38875
38477
38496
38876
38478
38497
38877
38479
38498
38878
38499
38879
38481
38500
38880
38482
38501
38881
38483
38502
38882
38484
38503
38883
38485
38504
38884
38486
38505
38885
38487
38506
38886
38488
38507
38887
38489
38508
38888
38490
38509
38889
38491
38510
38890
38492
38511
38891
38493
38512
38892
38494
38513
38893
38495
38514
38894
38496
38515
38895
38497
38516
38896
38498
38517
38897
38499
38518
38898
38519
38899
38501
38520
38900
38502
38521
38901
38503
38522
38902
38504
38523
38903
38505
38524
38904
38506
38525
38905
38507
38526
38906
38508
38527
38907
38509
38528
38908
38510
38529
38909
38511
38530
38910
38512
38531
38911
38513
38532
38912
38514
38533
38913
38515
38534
38914
38516
38535
38915
38517
38536
38916
38518
38537
38917
38519
38538
38918
38539
38919
38521
38540
38920
38522
38541
38921
38523
38542
38922
38524
38543
38923
38525
38544
38924
38526
38545
38925
38527
38546
38926
38528
38547
38927
38529
38548
38928
38530
38549
38929
38531
38550
38930
38532
38551
38931
38533
38552
38932
38534
38553
38933
38535
38554
38934
38536
38555
38935
38537
38556
38936
38538
38557
38937
38539
38558
38938
38559
38939
38541
38560
38940
38542
38561
38941
38543
38562
38942
38544
38563
38943
38545
38564
38944
38546
38565
38945
38547
38566
38946
38548
38567
38947
38549
38568
38948
38550
38569
38949
38551
38570
38950
38552
38571
38951
38553
38572
38952
38554
38573
38953
38555
38574
38954
38556
38575
38955
38557
38576
38956
38558
38577
38957
38559
38578
38958
38579
38959
38561
38580
38960
38562
38581
38961
38563
38582
38962
38564
38583
38963
38565
38584
38964
38566
38585
38965
38567
38586
38966
38568
38587
38967
38569
38588
38968
38570
38589
38969
38571
38590
38970
38572
38591
38971
38573
38592
38972
38574
38593
38973
38575
38594
38974
38576
38595
38975
38577
38596
38976
38578
38597
38977
38579
38598
38978
38599
38979
38581
38600
38980
38582
38601
38981
38583
38602
38982
38584
38603
38983
38585
38604
38984
38586
38605
38985
38587
38606
38986
38588
38607
38987
38589
38608
38988
38590
38609
38989
38591
38610
38990
38592
38611
38991
38593
38612
38992
38594
38613
38993
38595
38614
38994
38596
38615
38995
38597
38616
38996
38598
38617
38997
38599
38618
38998
38619
38999
38601
38620
39000
38602
38621
39001
38603
38622
39002
38604
38623
39003
38605
38624
39004
38606
38625
39005
38607
38626
39006
38608
38627
39007
38609
38628
39008
38610
38629
39009
38611
38630
39010
38612
38631
39011
38613
38632
39012
38614
38633
39013
38615
38634
39014
38616
38635
39015
38617
38636
39016
38618
38637
39017
38619
38638
39018
38639
39019
38621
38640
39020
38622
38641
39021
38623
38642
39022
38624
38643
39023
38625
38644
39024
38626
38645
39025
38627
38646
39026
38628
38647
39027
38629
38648
39028
38630
38649
39029
38631
38650
39030
38632
38651
39031
38633
38652
39032
38634
38653
39033
38635
38654
39034
38636
38655
39035
38637
38656
39036
38638
38657
39037
38639
38658
39038
38659
39039
38641
38660
39040
38642
38661
39041
38643
38662
39042
38644
38663
39043
38645
38664
39044
38646
38665
39045
38647
38666
39046
38648
38667
39047
38649
38668
39048
38650
38669
39049
38651
38670
39050
38652
38671
39051
38653
38672
39052
38654
38673
39053
38655
38674
39054
38656
38675
39055
38657
38676
39056
38658
38677
39057
38659
38678
39058
38679
39059
38661
38680
39060
38662
38681
39061
38663
38682
39062
38664
38683
39063
38665
38684
39064
38666
38685
39065
38667
38686
39066
38668
38687
39067
38669
38688
39068
38670
38689
39069
38671
38690
39070
38672
38691
39071
38673
38692
39072
38674
38693
39073
38675
38694
39074
38676
38695
39075
38677
38696
39076
38678
38697
39077
38679
38698
39078
38699
39079
38681
38700
39080
38682
38701
39081
38683
38702
39082
38684
38703
39083
38685
38704
39084
38686
38705
39085
38687
38706
39086
38688
38707
39087
38689
38708
39088
38690
38709
39089
38691
38710
39090
38692
38711
39091
38693
38712
39092
38694
38713
39093
38695
38714
39094
38696
38715
39095
38697
38716
39096
38698
38717
39097
38699
38718
39098
38719
39099
38701
38720
39100
38702
38721
39101
38703
38722
39102
38704
38723
39103
38705
38724
39104
38706
38725
39105
38707
38726
39106
38708
38727
39107
38709
38728
39108
38710
38729
39109
38711
38730
39110
38712
38731
39111
38713
38732
39112
38714
38733
39113
38715
38734
39114
38716
38735
39115
38717
38736
39116
38718
38737
39117
38719
38738
39118
38739
39119
38721
38740
39120
38722
38741
39121
38723
38742
39122
38724
38743
39123
38725
38744
39124
38726
38745
39125
38727
38746
39126
38728
38747
39127
38729
38748
39128
38730
38749
39129
38731
38750
39130
38732
38751
39131
38733
38752
39132
38734
38753
39133
38735
38754
39134
38736
38755
39135
38737
38756
39136
38738
38757
39137
38739
38758
39138
38759
39139
38741
38760
39140
38742
38761
39141
38743
38762
39142
38744
38763
39143
38745
38764
39144
38746
38765
39145
38747
38766
39146
38748
38767
39147
38749
38768
39148
38750
38769
39149
38751
38770
39150
38752
38771
39151
38753
38772
39152
38754
38773
39153
38755
38774
39154
38756
38775
39155
38757
38776
39156
38758
38777
39157
38759
38778
39158
38779
39159
38761
38780
39160
38762
38781
39161
38763
38782
39162
38764
38783
39163
38765
38784
39164
38766
38785
39165
38767
38786
39166
38768
38787
39167
38769
38788
39168
38770
38789
39169
38771
38790
39170
38772
38791
39171
38773
38792
39172
38774
38793
39173
38775
38794
39174
38776
38795
39175
38777
38796
39176
38778
38797
39177
38779
38798
39178
38799
39179
38781
39180
38782
39181
38783
39182
38784
39183
38785
39184
38786
39185
38787
39186
38788
39187
38789
39188
38790
39189
38791
39190
38792
39191
38793
39192
38794
39193
38795
39194
38796
39195
38797
39196
38798
39197
38799
39198
39199
38801
38820
39200
38802
38821
39201
38803
38822
39202
38804
38823
39203
38805
38824
39204
38806
38825
39205
38807
38826
39206
38808
38827
39207
38809
38828
39208
38810
38829
39209
38811
38830
39210
38812
38831
39211
38813
38832
39212
38814
38833
39213
38815
38834
39214
38816
38835
39215
38817
38836
39216
38818
38837
39217
38819
38838
39218
38839
39219
38821
38840
39220
38822
38841
39221
38823
38842
39222
38824
38843
39223
38825
38844
39224
38826
38845
39225
38827
38846
39226
38828
38847
39227
38829
38848
39228
38830
38849
39229
38831
38850
39230
38832
38851
39231
38833
38852
39232
38834
38853
39233
38835
38854
39234
38836
38855
39235
38837
38856
39236
38838
38857
39237
38839
38858
39238
38859
39239
38841
38860
39240
38842
38861
39241
38843
38862
39242
38844
38863
39243
38845
38864
39244
38846
38865
39245
38847
38866
39246
38848
38867
39247
38849
38868
39248
38850
38869
39249
38851
38870
39250
38852
38871
39251
38853
38872
39252
38854
38873
39253
38855
38874
39254
38856
38875
39255
38857
38876
39256
38858
38877
39257
38859
38878
39258
38879
39259
38861
38880
39260
38862
38881
39261
38863
38882
39262
38864
38883
39263
38865
38884
39264
38866
38885
39265
38867
38886
39266
38868
38887
39267
38869
38888
39268
38870
38889
39269
38871
38890
39270
38872
38891
39271
38873
38892
39272
38874
38893
39273
38875
38894
39274
38876
38895
39275
38877
38896
39276
38878
38897
39277
38879
38898
39278
38899
39279
38881
38900
39280
38882
38901
39281
38883
38902
39282
38884
38903
39283
38885
38904
39284
38886
38905
39285
38887
38906
39286
38888
38907
39287
38889
38908
39288
38890
38909
39289
38891
38910
39290
38892
38911
39291
38893
38912
39292
38894
38913
39293
38895
38914
39294
38896
38915
39295
38897
38916
39296
38898
38917
39297
38899
38918
39298
38919
39299
38901
38920
39300
38902
38921
39301
38903
38922
39302
38904
38923
39303
38905
38924
39304
38906
38925
39305
38907
38926
39306
38908
38927
39307
38909
38928
39308
38910
38929
39309
38911
38930
39310
38912
38931
39311
38913
38932
39312
38914
38933
39313
38915
38934
39314
38916
38935
39315
38917
38936
39316
38918
38937
39317
38919
38938
39318
38939
39319
38921
38940
39320
38922
38941
39321
38923
38942
39322
38924
38943
39323
38925
38944
39324
38926
38945
39325
38927
38946
39326
38928
38947
39327
38929
38948
39328
38930
38949
39329
38931
38950
39330
38932
38951
39331
38933
38952
39332
38934
38953
39333
38935
38954
39334
38936
38955
39335
38937
38956
39336
38938
38957
39337
38939
38958
39338
38959
39339
38941
38960
39340
38942
38961
39341
38943
38962
39342
38944
38963
39343
38945
38964
39344
38946
38965
39345
38947
38966
39346
38948
38967
39347
38949
38968
39348
38950
38969
39349
38951
38970
39350
38952
38971
39351
38953
38972
39352
38954
38973
39353
38955
38974
39354
38956
38975
39355
38957
38976
39356
38958
38977
39357
38959
38978
39358
38979
39359
38961
38980
39360
38962
38981
39361
38963
38982
39362
38964
38983
39363
38965
38984
39364
38966
38985
39365
38967
38986
39366
38968
38987
39367
38969
38988
39368
38970
38989
39369
38971
38990
39370
38972
38991
39371
38973
38992
39372
38974
38993
39373
38975
38994
39374
38976
38995
39375
38977
38996
39376
38978
38997
39377
38979
38998
39378
38999
39379
38981
39000
39380
38982
39001
39381
38983
39002
39382
38984
39003
39383
38985
39004
39384
38986
39005
39385
38987
39006
39386
38988
39007
39387
38989
39008
39388
38990
39009
39389
38991
39010
39390
38992
39011
39391
38993
39012
39392
38994
39013
39393
38995
39014
39394
38996
39015
39395
38997
39016
39396
38998
39017
39397
38999
39018
39398
39019
39399
39001
39020
39400
39002
39021
39401
39003
39022
39402
39004
39023
39403
39005
39024
39404
39006
39025
39405
39007
39026
39406
39008
39027
39407
39009
39028
39408
39010
39029
39409
39011
39030
39410
39012
39031
39411
39013
39032
39412
39014
39033
39413
39015
39034
39414
39016
39035
39415
39017
39036
39416
39018
39037
39417
39019
39038
39418
39039
39419
39021
39040
39420
39022
39041
39421
39023
39042
39422
39024
39043
39423
39025
39044
39424
39026
39045
39425
39027
39046
39426
39028
39047
39427
39029
39048
39428
39030
39049
39429
39031
39050
39430
39032
39051
39431
39033
39052
39432
39034
39053
39433
39035
39054
39434
39036
39055
39435
39037
39056
39436
39038
39057
39437
39039
39058
39438
39059
39439
39041
39060
39440
39042
39061
39441
39043
39062
39442
39044
39063
39443
39045
39064
39444
39046
39065
39445
39047
39066
39446
39048
39067
39447
39049
39068
39448
39050
39069
39449
39051
39070
39450
39052
39071
39451
39053
39072
39452
39054
39073
39453
39055
39074
39454
39056
39075
39455
39057
39076
39456
39058
39077
39457
39059
39078
39458
39079
39459
39061
39080
39460
39062
39081
39461
39063
39082
39462
39064
39083
39463
39065
39084
39464
39066
39085
39465
39067
39086
39466
39068
39087
39467
39069
39088
39468
39070
39089
39469
39071
39090
39470
39072
39091
39471
39073
39092
39472
39074
39093
39473
39075
39094
39474
39076
39095
39475
39077
39096
39476
39078
39097
39477
39079
39098
39478
39099
39479
39081
39100
39480
39082
39101
39481
39083
39102
39482
39084
39103
39483
39085
39104
39484
39086
39105
39485
39087
39106
39486
39088
39107
39487
39089
39108
39488
39090
39109
39489
39091
39110
39490
39092
39111
39491
39093
39112
39492
39094
39113
39493
39095
39114
39494
39096
39115
39495
39097
39116
39496
39098
39117
39497
39099
39118
39498
39119
39499
39101
39120
39500
39102
39121
39501
39103
39122
39502
39104
39123
39503
39105
39124
39504
39106
39125
39505
39107
39126
39506
39108
39127
39507
39109
39128
39508
39110
39129
39509
39111
39130
39510
39112
39131
39511
39113
39132
39512
39114
39133
39513
39115
39134
39514
39116
39135
39515
39117
39136
39516
39118
39137
39517
39119
39138
39518
39139
39519
39121
39140
39520
39122
39141
39521
39123
39142
39522
39124
39143
39523
39125
39144
39524
39126
39145
39525
39127
39146
39526
39128
39147
39527
39129
39148
39528
39130
39149
39529
39131
39150
39530
39132
39151
39531
39133
39152
39532
39134
39153
39533
39135
39154
39534
39136
39155
39535
39137
39156
39536
39138
39157
39537
39139
39158
39538
39159
39539
39141
39160
39540
39142
39161
39541
39143
39162
39542
39144
39163
39543
39145
39164
39544
39146
39165
39545
39147
39166
39546
39148
39167
39547
39149
39168
39548
39150
39169
39549
39151
39170
39550
39152
39171
39551
39153
39172
39552
39154
39173
39553
39155
39174
39554
39156
39175
39555
39157
39176
39556
39158
39177
39557
39159
39178
39558
39179
39559
39161
39180
39560
39162
39181
39561
39163
39182
39562
39164
39183
39563
39165
39184
39564
39166
39185
39565
39167
39186
39566
39168
39187
39567
39169
39188
39568
39170
39189
39569
39171
39190
39570
39172
39191
39571
39173
39192
39572
39174
39193
39573
39175
39194
39574
39176
39195
39575
39177
39196
39576
39178
39197
39577
39179
39198
39578
39199
39579
39181
39580
39182
39581
39183
39582
39184
39583
39185
39584
39186
39585
39187
39586
39188
39587
39189
39588
39190
39589
39191
39590
39192
39591
39193
39592
39194
39593
39195
39594
39196
39595
39197
39596
39198
39597
39199
39598
39599
39201
39220
39600
39202
39221
39601
39203
39222
39602
39204
39223
39603
39205
39224
39604
39206
39225
39605
39207
39226
39606
39208
39227
39607
39209
39228
39608
39210
39229
39609
39211
39230
39610
39212
39231
39611
39213
39232
39612
39214
39233
39613
39215
39234
39614
39216
39235
39615
39217
39236
39616
39218
39237
39617
39219
39238
39618
39239
39619
39221
39240
39620
39222
39241
39621
39223
39242
39622
39224
39243
39623
39225
39244
39624
39226
39245
39625
39227
39246
39626
39228
39247
39627
39229
39248
39628
39230
39249
39629
39231
39250
39630
39232
39251
39631
39233
39252
39632
39234
39253
39633
39235
39254
39634
39236
39255
39635
39237
39256
39636
39238
39257
39637
39239
39258
39638
39259
39639
39241
39260
39640
39242
39261
39641
39243
39262
39642
39244
39263
39643
39245
39264
39644
39246
39265
39645
39247
39266
39646
39248
39267
39647
39249
39268
39648
39250
39269
39649
39251
39270
39650
39252
39271
39651
39253
39272
39652
39254
39273
39653
39255
39274
39654
39256
39275
39655
39257
39276
39656
39258
39277
39657
39259
39278
39658
39279
39659
39261
39280
39660
39262
39281
39661
39263
39282
39662
39264
39283
39663
39265
39284
39664
39266
39285
39665
39267
39286
39666
39268
39287
39667
39269
39288
39668
39270
39289
39669
39271
39290
39670
39272
39291
39671
39273
39292
39672
39274
39293
39673
39275
39294
39674
39276
39295
39675
39277
39296
39676
39278
39297
39677
39279
39298
39678
39299
39679
39281
39300
39680
39282
39301
39681
39283
39302
39682
39284
39303
39683
39285
39304
39684
39286
39305
39685
39287
39306
39686
39288
39307
39687
39289
39308
39688
39290
39309
39689
39291
39310
39690
39292
39311
39691
39293
39312
39692
39294
39313
39693
39295
39314
39694
39296
39315
39695
39297
39316
39696
39298
39317
39697
39299
39318
39698
39319
39699
39301
39320
39700
39302
39321
39701
39303
39322
39702
39304
39323
39703
39305
39324
39704
39306
39325
39705
39307
39326
39706
39308
39327
39707
39309
39328
39708
39310
39329
39709
39311
39330
39710
39312
39331
39711
39313
39332
39712
39314
39333
39713
39315
39334
39714
39316
39335
39715
39317
39336
39716
39318
39337
39717
39319
39338
39718
39339
39719
39321
39340
39720
39322
39341
39721
39323
39342
39722
39324
39343
39723
39325
39344
39724
39326
39345
39725
39327
39346
39726
39328
39347
39727
39329
39348
39728
39330
39349
39729
39331
39350
39730
39332
39351
39731
39333
39352
39732
39334
39353
39733
39335
39354
39734
39336
39355
39735
39337
39356
39736
39338
39357
39737
39339
39358
39738
39359
39739
39341
39360
39740
39342
39361
39741
39343
39362
39742
39344
39363
39743
39345
39364
39744
39346
39365
39745
39347
39366
39746
39348
39367
39747
39349
39368
39748
39350
39369
39749
39351
39370
39750
39352
39371
39751
39353
39372
39752
39354
39373
39753
39355
39374
39754
39356
39375
39755
39357
39376
39756
39358
39377
39757
39359
39378
39758
39379
39759
39361
39380
39760
39362
39381
39761
39363
39382
39762
39364
39383
39763
39365
39384
39764
39366
39385
39765
39367
39386
39766
39368
39387
39767
39369
39388
39768
39370
39389
39769
39371
39390
39770
39372
39391
39771
39373
39392
39772
39374
39393
39773
39375
39394
39774
39376
39395
39775
39377
39396
39776
39378
39397
39777
39379
39398
39778
39399
39779
39381
39400
39780
39382
39401
39781
39383
39402
39782
39384
39403
39783
39385
39404
39784
39386
39405
39785
39387
39406
39786
39388
39407
39787
39389
39408
39788
39390
39409
39789
39391
39410
39790
39392
39411
39791
39393
39412
39792
39394
39413
39793
39395
39414
39794
39396
39415
39795
39397
39416
39796
39398
39417
39797
39399
39418
39798
39419
39799
39401
39420
39800
39402
39421
39801
39403
39422
39802
39404
39423
39803
39405
39424
39804
39406
39425
39805
39407
39426
39806
39408
39427
39807
39409
39428
39808
39410
39429
39809
39411
39430
39810
39412
39431
39811
39413
39432
39812
39414
39433
39813
39415
39434
39814
39416
39435
39815
39417
39436
39816
39418
39437
39817
39419
39438
39818
39439
39819
39421
39440
39820
39422
39441
39821
39423
39442
39822
39424
39443
39823
39425
39444
39824
39426
39445
39825
39427
39446
39826
39428
39447
39827
39429
39448
39828
39430
39449
39829
39431
39450
39830
39432
39451
39831
39433
39452
39832
39434
39453
39833
39435
39454
39834
39436
39455
39835
39437
39456
39836
39438
39457
39837
39439
39458
39838
39459
39839
39441
39460
39840
39442
39461
39841
39443
39462
39842
39444
39463
39843
39445
39464
39844
39446
39465
39845
39447
39466
39846
39448
39467
39847
39449
39468
39848
39450
39469
39849
39451
39470
39850
39452
39471
39851
39453
39472
39852
39454
39473
39853
39455
39474
39854
39456
39475
39855
39457
39476
39856
39458
39477
39857
39459
39478
39858
39479
39859
39461
39480
39860
39462
39481
39861
39463
39482
39862
39464
39483
39863
39465
39484
39864
39466
39485
39865
39467
39486
39866
39468
39487
39867
39469
39488
39868
39470
39489
39869
39471
39490
39870
39472
39491
39871
39473
39492
39872
39474
39493
39873
39475
39494
39874
39476
39495
39875
39477
39496
39876
39478
39497
39877
39479
39498
39878
39499
39879
39481
39500
39880
39482
39501
39881
39483
39502
39882
39484
39503
39883
39485
39504
39884
39486
39505
39885
39487
39506
39886
39488
39507
39887
39489
39508
39888
39490
39509
39889
39491
39510
39890
39492
39511
39891
39493
39512
39892
39494
39513
39893
39495
39514
39894
39496
39515
39895
39497
39516
39896
39498
39517
39897
39499
39518
39898
39519
39899
39501
39520
39900
39502
39521
39901
39503
39522
39902
39504
39523
39903
39505
39524
39904
39506
39525
39905
39507
39526
39906
39508
39527
39907
39509
39528
39908
39510
39529
39909
39511
39530
39910
39512
39531
39911
39513
39532
39912
39514
39533
39913
39515
39534
39914
39516
39535
39915
39517
39536
39916
39518
39537
39917
39519
39538
39918
39539
39919
39521
39540
39920
39522
39541
39921
39523
39542
39922
39524
39543
39923
39525
39544
39924
39526
39545
39925
39527
39546
39926
39528
39547
39927
39529
39548
39928
39530
39549
39929
39531
39550
39930
39532
39551
39931
39533
39552
39932
39534
39553
39933
39535
39554
39934
39536
39555
39935
39537
39556
39936
39538
39557
39937
39539
39558
39938
39559
39939
39541
39560
39940
39542
39561
39941
39543
39562
39942
39544
39563
39943
39545
39564
39944
39546
39565
39945
39547
39566
39946
39548
39567
39947
39549
39568
39948
39550
39569
39949
39551
39570
39950
39552
39571
39951
39553
39572
39952
39554
39573
39953
39555
39574
39954
39556
39575
39955
39557
39576
39956
39558
39577
39957
39559
39578
39958
39579
39959
39561
39580
39960
39562
39581
39961
39563
39582
39962
39564
39583
39963
39565
39584
39964
39566
39585
39965
39567
39586
39966
39568
39587
39967
39569
39588
39968
39570
39589
39969
39571
39590
39970
39572
39591
39971
39573
39592
39972
39574
39593
39973
39575
39594
39974
39576
39595
39975
39577
39596
39976
39578
39597
39977
39579
39598
39978
39599
39979
39581
39980
39582
39981
39583
39982
39584
39983
39585
39984
39586
39985
39587
39986
39588
39987
39589
39988
39590
39989
39591
39990
39592
39991
39593
39992
39594
39993
39595
39994
39596
39995
39597
39996
39598
39997
39599
39998
39999
39601
39620
39602
39621
39603
39622
39604
39623
39605
39624
39606
39625
39607
39626
39608
39627
39609
39628
39610
39629
39611
39630
39612
39631
39613
39632
39614
39633
39615
39634
39616
39635
39617
39636
39618
39637
39619
39638
39639
39621
39640
39622
39641
39623
39642
39624
39643
39625
39644
39626
39645
39627
39646
39628
39647
39629
39648
39630
39649
39631
39650
39632
39651
39633
39652
39634
39653
39635
39654
39636
39655
39637
39656
39638
39657
39639
39658
39659
39641
39660
39642
39661
39643
39662
39644
39663
39645
39664
39646
39665
39647
39666
39648
39667
39649
39668
39650
39669
39651
39670
39652
39671
39653
39672
39654
39673
39655
39674
39656
39675
39657
39676
39658
39677
39659
39678
39679
39661
39680
39662
39681
39663
39682
39664
39683
39665
39684
39666
39685
39667
39686
39668
39687
39669
39688
39670
39689
39671
39690
39672
39691
39673
39692
39674
39693
39675
39694
39676
39695
39677
39696
39678
39697
39679
39698
39699
39681
39700
39682
39701
39683
39702
39684
39703
39685
39704
39686
39705
39687
39706
39688
39707
39689
39708
39690
39709
39691
39710
39692
39711
39693
39712
39694
39713
39695
39714
39696
39715
39697
39716
39698
39717
39699
39718
39719
39701
39720
39702
39721
39703
39722
39704
39723
39705
39724
39706
39725
39707
39726
39708
39727
39709
39728
39710
39729
39711
39730
39712
39731
39713
39732
39714
39733
39715
39734
39716
39735
39717
39736
39718
39737
39719
39738
39739
39721
39740
39722
39741
39723
39742
39724
39743
39725
39744
39726
39745
39727
39746
39728
39747
39729
39748
39730
39749
39731
39750
39732
39751
39733
39752
39734
39753
39735
39754
39736
39755
39737
39756
39738
39757
39739
39758
39759
39741
39760
39742
39761
39743
39762
39744
39763
39745
39764
39746
39765
39747
39766
39748
39767
39749
39768
39750
39769
39751
39770
39752
39771
39753
39772
39754
39773
39755
39774
39756
39775
39757
39776
39758
39777
39759
39778
39779
39761
39780
39762
39781
39763
39782
39764
39783
39765
39784
39766
39785
39767
39786
39768
39787
39769
39788
39770
39789
39771
39790
39772
39791
39773
39792
39774
39793
39775
39794
39776
39795
39777
39796
39778
39797
39779
39798
39799
39781
39800
39782
39801
39783
39802
39784
39803
39785
39804
39786
39805
39787
39806
39788
39807
39789
39808
39790
39809
39791
39810
39792
39811
39793
39812
39794
39813
39795
39814
39796
39815
39797
39816
39798
39817
39799
39818
39819
39801
39820
39802
39821
39803
39822
39804
39823
39805
39824
39806
39825
39807
39826
39808
39827
39809
39828
39810
39829
39811
39830
39812
39831
39813
39832
39814
39833
39815
39834
39816
39835
39817
39836
39818
39837
39819
39838
39839
39821
39840
39822
39841
39823
39842
39824
39843
39825
39844
39826
39845
39827
39846
39828
39847
39829
39848
39830
39849
39831
39850
39832
39851
39833
39852
39834
39853
39835
39854
39836
39855
39837
39856
39838
39857
39839
39858
39859
39841
39860
39842
39861
39843
39862
39844
39863
39845
39864
39846
39865
39847
39866
39848
39867
39849
39868
39850
39869
39851
39870
39852
39871
39853
39872
39854
39873
39855
39874
39856
39875
39857
39876
39858
39877
39859
39878
39879
39861
39880
39862
39881
39863
39882
39864
39883
39865
39884
39866
39885
39867
39886
39868
39887
39869
39888
39870
39889
39871
39890
39872
39891
39873
39892
39874
39893
39875
39894
39876
39895
39877
39896
39878
39897
39879
39898
39899
39881
39900
39882
39901
39883
39902
39884
39903
39885
39904
39886
39905
39887
39906
39888
39907
39889
39908
39890
39909
39891
39910
39892
39911
39893
39912
39894
39913
39895
39914
39896
39915
39897
39916
39898
39917
39899
39918
39919
39901
39920
39902
39921
39903
39922
39904
39923
39905
39924
39906
39925
39907
39926
39908
39927
39909
39928
39910
39929
39911
39930
39912
39931
39913
39932
39914
39933
39915
39934
39916
39935
39917
39936
39918
39937
39919
39938
39939
39921
39940
39922
39941
39923
39942
39924
39943
39925
39944
39926
39945
39927
39946
39928
39947
39929
39948
39930
39949
39931
39950
39932
39951
39933
39952
39934
39953
39935
39954
39936
39955
39937
39956
39938
39957
39939
39958
39959
39941
39960
39942
39961
39943
39962
39944
39963
39945
39964
39946
39965
39947
39966
39948
39967
39949
39968
39950
39969
39951
39970
39952
39971
39953
39972
39954
39973
39955
39974
39956
39975
39957
39976
39958
39977
39959
39978
39979
39961
39980
39962
39981
39963
39982
39964
39983
39965
39984
39966
39985
39967
39986
39968
39987
39969
39988
39970
39989
39971
39990
39972
39991
39973
39992
39974
39993
39975
39994
39976
39995
39977
39996
39978
39997
39979
39998
39999
39981
39982
39983
39984
39985
39986
39987
39988
39989
39990
39991
39992
39993
39994
39995
39996
39997
39998
39999
)


// ************************************************************************* //
