/*--------------------------------*- C++ -*----------------------------------*\
| =========                 |                                                 |
| \\      /  F ield         | OpenFOAM: The Open Source CFD Toolbox           |
|  \\    /   O peration     | Version:  2312                                  |
|   \\  /    A nd           | Website:  www.openfoam.com                      |
|    \\/     M anipulation  |                                                 |
\*---------------------------------------------------------------------------*/
FoamFile
{
    version     2.0;
    format      ascii;
    arch        "LSB;label=32;scalar=64";
    note        "nPoints:44541  nCells:40000  nFaces:124400  nInternalFaces:115600";
    class       labelList;
    location    "constant/polyMesh";
    object      neighbour;
}
// * * * * * * * * * * * * * * * * * * * * * * * * * * * * * * * * * * * * * //


115600
(
1
401
1017
4955
4956
39981
2
4
78
400
3
77
1017
4
1016
5
4955
6
400
402
7
399
403
8
398
404
9
397
405
10
396
406
11
395
407
12
394
408
13
393
409
14
392
410
15
391
411
16
390
412
17
389
413
18
388
414
19
387
415
20
386
416
21
385
417
22
384
418
23
419
24
384
3206
25
383
3011
26
350
3010
27
349
2815
28
316
2814
29
315
2619
30
282
2618
31
281
2423
32
248
2422
33
247
2227
34
214
2226
35
213
2031
36
180
2030
37
179
1835
38
146
1834
39
145
1639
40
112
1638
41
111
1443
42
1442
43
111
6808
44
110
6809
45
109
6810
46
108
6811
47
107
6812
48
106
6813
49
105
6814
50
104
6815
51
103
6816
52
102
6817
53
101
6818
54
100
6819
55
99
6820
56
98
6821
57
97
6822
58
96
6823
59
95
6824
60
94
1230
61
1229
62
94
15208
63
93
15207
64
92
15206
65
91
15205
66
90
15204
67
89
15203
68
88
15202
69
87
15201
70
86
15200
71
85
15199
72
84
15198
73
83
15197
74
82
15196
75
81
15195
76
80
15194
77
79
15193
78
15192
79
367
39981
80
366
39989
81
333
39988
82
332
39986
83
299
39987
84
298
39957
85
265
39993
86
264
39994
87
231
39799
88
230
39808
89
197
39809
90
196
39810
91
163
38746
92
162
38745
93
129
38730
94
128
39999
95
15209
96
128
6825
97
127
37095
98
126
37094
99
125
37093
100
124
37092
101
123
37091
102
122
37090
103
121
37089
104
120
34655
105
119
34654
106
118
34653
107
117
34652
108
116
34651
109
115
34650
110
114
34649
111
113
34648
112
34647
113
145
34646
114
144
34645
115
143
34644
116
142
35156
117
141
35155
118
140
35154
119
139
35153
120
138
35348
121
137
34656
122
136
37088
123
135
37087
124
134
37184
125
133
37183
126
132
39997
127
131
37097
128
130
37096
129
39998
130
162
38731
131
161
38732
132
160
38733
133
159
38734
134
158
38735
135
157
37185
136
156
37186
137
155
37187
138
154
35349
139
153
35347
140
152
35342
141
151
35341
142
150
35157
143
149
34831
144
148
34832
145
147
34833
146
34834
147
179
34835
148
178
35161
149
177
35160
150
176
35159
151
175
35158
152
174
35340
153
173
35343
154
172
35346
155
171
35350
156
170
37188
157
169
37191
158
168
37192
159
167
38736
160
166
38737
161
165
38740
162
164
38741
163
38744
164
196
38743
165
195
38742
166
194
38739
167
193
38738
168
192
37194
169
191
37193
170
190
37190
171
189
37189
172
188
35351
173
187
35345
174
186
35344
175
185
35339
176
184
35165
177
183
35164
178
182
35163
179
181
35162
180
34836
181
213
34837
182
212
35200
183
211
35201
184
210
35323
185
209
35166
186
208
35338
187
207
35337
188
206
35353
189
205
35352
190
204
37253
191
203
37254
192
202
37279
193
201
37280
194
200
39693
195
199
39694
196
198
39804
197
39805
198
230
39806
199
229
39803
200
228
39695
201
227
39692
202
226
37281
203
225
37278
204
224
37255
205
223
37244
206
222
37243
207
221
35354
208
220
35355
209
219
35356
210
218
35324
211
217
35322
212
216
35202
213
215
35199
214
34838
215
247
35197
216
246
35198
217
245
35203
218
244
35321
219
243
35325
220
242
35328
221
241
35357
222
240
37242
223
239
37241
224
238
37273
225
237
37256
226
236
37277
227
235
37282
228
234
39691
229
233
39696
230
232
39802
231
39807
232
264
39800
233
263
39801
234
262
39697
235
261
39698
236
260
37283
237
259
37276
238
258
37275
239
257
37274
240
256
37240
241
255
35359
242
254
35358
243
253
35327
244
252
35326
245
251
35205
246
250
35204
247
249
35195
248
35196
249
281
38618
250
280
38619
251
279
38622
252
278
38623
253
277
38626
254
276
38627
255
275
38630
256
274
38631
257
273
38634
258
272
38635
259
271
39662
260
270
39701
261
269
39700
262
268
39699
263
267
39812
264
266
39811
265
39822
266
298
39821
267
297
39820
268
296
39813
269
295
39814
270
294
39703
271
293
39702
272
292
39661
273
291
39660
274
290
38633
275
289
38632
276
288
38629
277
287
38628
278
286
38625
279
285
38624
280
284
38621
281
283
38620
282
38617
283
315
38616
284
314
38615
285
313
38614
286
312
38613
287
311
38612
288
310
38611
289
309
38610
290
308
39185
291
307
39186
292
306
39659
293
305
39658
294
304
39657
295
303
39704
296
302
39815
297
301
39818
298
300
39819
299
39956
300
332
39955
301
331
39954
302
330
39817
303
329
39816
304
328
39705
305
327
39706
306
326
39707
307
325
39188
308
324
39187
309
323
39184
310
322
39183
311
321
39182
312
320
39106
313
319
39105
314
318
39104
315
317
39103
316
39102
317
349
39101
318
348
39110
319
347
39109
320
346
39108
321
345
39107
322
344
39181
323
343
39180
324
342
39179
325
341
39178
326
340
39709
327
339
39708
328
338
39893
329
337
39894
330
336
39897
331
335
39898
332
334
39953
333
39985
334
366
39984
335
365
39952
336
364
39899
337
363
39896
338
362
39895
339
361
39892
340
360
39711
341
359
39710
342
358
39385
343
357
39384
344
356
39383
345
355
39382
346
354
39381
347
353
39380
348
352
39112
349
351
39111
350
39100
351
383
39099
352
382
39098
353
381
39113
354
380
39379
355
379
39378
356
378
39377
357
377
39376
358
376
39375
359
375
39386
360
374
39719
361
373
39712
362
372
39891
363
371
39890
364
370
39889
365
369
39900
366
368
39951
367
39983
368
400
39982
369
399
39950
370
398
39901
371
397
39945
372
396
39944
373
395
39943
374
394
39721
375
393
39720
376
392
39387
377
391
39419
378
390
39418
379
389
39417
380
388
39416
381
387
39415
382
386
39114
383
385
39115
384
39116
385
3207
386
39117
387
39414
388
39413
389
39412
390
39424
391
39423
392
39420
393
39425
394
39426
395
39942
396
39941
397
39940
398
39939
399
39946
400
39947
401
402
39921
39947
39982
403
4761
4955
404
4760
39947
405
4567
39946
406
4566
39939
407
4373
39940
408
4372
39941
409
4179
39942
410
4178
39426
411
3985
39425
412
3984
39420
413
3791
39423
414
3790
39424
415
3597
39412
416
3596
39413
417
3403
39414
418
3402
39117
419
3207
3209
420
3206
421
3205
3209
422
3204
3210
423
3203
3211
424
3202
3212
425
3201
3213
426
3200
3214
427
3199
3215
428
3198
3216
429
3197
3217
430
3196
3218
431
3195
3219
432
3194
3220
433
3193
3221
434
3192
3222
435
3191
3223
436
3190
3224
437
3189
3225
438
3188
3226
439
3187
3227
440
3186
3228
441
3185
3229
442
3184
3230
443
3183
3231
444
3182
3232
445
3181
3233
446
3180
3234
447
3179
3235
448
3178
3236
449
3177
3237
450
3176
3238
451
3175
3239
452
3174
3240
453
3173
3241
454
3172
3242
455
3171
3243
456
3170
3244
457
3169
3245
458
3168
3246
459
3167
3247
460
3166
3248
461
3165
3249
462
3164
3250
463
3163
3251
464
3162
3252
465
3161
3253
466
3160
3254
467
3159
3255
468
3158
3256
469
3157
3257
470
3156
3258
471
3155
3259
472
3154
3260
473
3153
3261
474
3152
3262
475
3151
3263
476
3150
3264
477
3149
3265
478
3148
3266
479
3147
3267
480
3146
3268
481
3145
3269
482
3144
3270
483
3143
3271
484
3142
3272
485
3141
3273
486
3140
3274
487
3139
3275
488
3138
3276
489
3137
3277
490
3136
3278
491
3135
3279
492
3134
3280
493
3133
3281
494
3132
3282
495
3131
3283
496
3130
3284
497
3129
3285
498
3128
3286
499
3127
3287
500
3126
3288
501
3125
3289
502
3124
3290
503
3123
3291
504
3122
3292
505
3121
3293
506
3120
3294
507
3119
3295
508
3118
3296
509
3117
3297
510
3116
3298
511
3115
3299
512
3114
3300
513
3113
3301
514
3112
3302
515
3111
3303
516
3110
3304
517
3109
3305
518
592
519
593
3305
520
628
3306
521
629
3499
522
664
3500
523
665
3693
524
700
3694
525
701
3887
526
736
3888
527
737
4081
528
772
4082
529
773
4275
530
808
4276
531
809
4469
532
844
4470
533
845
4663
534
880
4664
535
881
4857
536
916
4858
537
919
538
916
918
539
915
1115
540
914
1116
541
913
1117
542
912
1118
543
911
1119
544
910
1120
545
909
1121
546
908
1122
547
907
1123
548
906
1124
549
905
1125
550
904
1126
551
903
1127
552
902
1128
553
901
1129
554
900
1130
555
899
1131
556
1132
557
899
1327
558
898
1328
559
863
1329
560
862
1330
561
827
1331
562
826
1332
563
791
1333
564
790
1334
565
755
1335
566
754
1336
567
719
1337
568
718
1338
569
683
1339
570
682
1340
571
647
1341
572
646
1342
573
611
1343
574
610
1344
575
1345
576
610
1540
577
609
1541
578
608
1736
579
607
1737
580
606
1932
581
605
1933
582
604
2128
583
603
2129
584
602
2324
585
601
2325
586
600
2520
587
599
2521
588
598
2716
589
597
2717
590
596
2912
591
595
2913
592
594
3108
593
3109
594
628
5069
595
627
5070
596
626
5071
597
625
5072
598
624
5073
599
623
5074
600
622
5075
601
621
5076
602
620
5077
603
619
5078
604
618
5079
605
617
5080
606
616
5081
607
615
5082
608
614
5083
609
613
5084
610
612
5085
611
5086
612
646
5087
613
645
5102
614
644
5103
615
643
5106
616
642
5107
617
641
5118
618
640
5119
619
639
5122
620
638
5123
621
637
9299
622
636
9300
623
635
9303
624
634
9304
625
633
9315
626
632
9316
627
631
9319
628
630
9320
629
5068
630
664
5067
631
663
9321
632
662
9318
633
661
9317
634
660
9314
635
659
9305
636
658
9302
637
657
9301
638
656
9298
639
655
5124
640
654
5121
641
653
5120
642
652
5117
643
651
5108
644
650
5105
645
649
5104
646
648
5101
647
5088
648
682
5089
649
681
5100
650
680
5111
651
679
5110
652
678
5109
653
677
5116
654
676
5127
655
675
5126
656
674
5125
657
673
9297
658
672
9308
659
671
9307
660
670
9306
661
669
9313
662
668
9324
663
667
9323
664
666
9322
665
5066
666
700
5065
667
699
9327
668
698
9326
669
697
9325
670
696
9312
671
695
9311
672
694
9310
673
693
9309
674
692
9296
675
691
5130
676
690
5129
677
689
5128
678
688
5115
679
687
5114
680
686
5113
681
685
5112
682
684
5099
683
5090
684
718
5091
685
717
5098
686
716
5137
687
715
5136
688
714
5135
689
713
5134
690
712
5133
691
711
5132
692
710
5131
693
709
9295
694
708
9334
695
707
9333
696
706
9332
697
705
9331
698
704
9330
699
703
9329
700
702
9328
701
5064
702
736
5063
703
735
9349
704
734
9348
705
733
9347
706
732
9346
707
731
9337
708
730
9336
709
729
9335
710
728
9294
711
727
5152
712
726
5151
713
725
5150
714
724
5149
715
723
5140
716
722
5139
717
721
5138
718
720
5097
719
5092
720
754
5093
721
753
5096
722
752
5143
723
751
5142
724
750
5141
725
749
5148
726
748
5155
727
747
5154
728
746
5153
729
745
9293
730
744
9340
731
743
9339
732
742
9338
733
741
9345
734
740
9352
735
739
9351
736
738
9350
737
5062
738
772
5061
739
771
9355
740
770
9354
741
769
9353
742
768
9344
743
767
9343
744
766
9342
745
765
9341
746
764
9292
747
763
5158
748
762
5157
749
761
5156
750
760
5147
751
759
5146
752
758
5145
753
757
5144
754
756
5095
755
5094
756
790
6929
757
789
6930
758
788
6931
759
787
8660
760
786
8659
761
785
8658
762
784
8657
763
783
8656
764
782
8673
765
781
9987
766
780
9986
767
779
9985
768
778
9984
769
777
9983
770
776
9982
771
775
9981
772
774
10006
773
5060
774
808
5059
775
807
10005
776
806
10004
777
805
10003
778
804
10002
779
803
9991
780
802
9990
781
801
9989
782
800
9988
783
799
8672
784
798
8671
785
797
8670
786
796
8669
787
795
8662
788
794
8661
789
793
6932
790
792
6933
791
6928
792
826
6927
793
825
6934
794
824
6935
795
823
8664
796
822
8663
797
821
8668
798
820
8960
799
819
8963
800
818
8964
801
817
9995
802
816
9994
803
815
9993
804
814
9992
805
813
10001
806
812
12754
807
811
12755
808
810
12756
809
5058
810
844
5057
811
843
12757
812
842
12758
813
841
12753
814
840
10000
815
839
9999
816
838
9998
817
837
9997
818
836
9996
819
835
8965
820
834
8962
821
833
8961
822
832
8667
823
831
8666
824
830
8665
825
829
6936
826
828
6937
827
6926
828
862
6925
829
861
6938
830
860
6939
831
859
8847
832
858
8848
833
857
8969
834
856
8968
835
855
8967
836
854
8966
837
853
12729
838
852
12730
839
851
12743
840
850
12744
841
849
12751
842
848
12752
843
847
12759
844
846
12760
845
5056
846
880
5055
847
879
12761
848
878
12762
849
877
12763
850
876
12750
851
875
12745
852
874
12742
853
873
12731
854
872
12732
855
871
8973
856
870
8972
857
869
8971
858
868
8970
859
867
8849
860
866
8850
861
865
6940
862
864
6941
863
6924
864
898
6923
865
897
6942
866
896
6943
867
895
8851
868
894
8852
869
893
8977
870
892
8976
871
891
8975
872
890
8974
873
889
12733
874
888
12734
875
887
12741
876
886
12746
877
885
12749
878
884
12764
879
883
12767
880
882
12768
881
5054
882
916
5053
883
915
12769
884
914
12766
885
913
12765
886
912
12748
887
911
12747
888
910
12740
889
909
12735
890
908
12736
891
907
8981
892
906
8980
893
905
8979
894
904
8978
895
903
8853
896
902
8854
897
901
6944
898
900
6945
899
6922
900
6947
901
6946
902
8856
903
8855
904
8986
905
8985
906
8984
907
8983
908
8982
909
12737
910
12738
911
12739
912
12774
913
12773
914
12772
915
12771
916
12770
917
918
4858
5051
5053
12770
919
1113
1115
920
4858
921
1113
4859
922
1112
4860
923
1111
4861
924
1110
4862
925
1109
4863
926
1108
4864
927
1107
4865
928
1106
4866
929
1105
4867
930
1104
4868
931
1103
4869
932
1102
4870
933
1101
4871
934
1100
4872
935
1099
4873
936
1098
4874
937
1097
4875
938
1096
4876
939
1095
4877
940
1094
4878
941
1093
4879
942
1092
4880
943
1091
4881
944
1090
4882
945
1089
4883
946
1088
4884
947
1087
4885
948
1086
4886
949
1085
4887
950
1084
4888
951
1083
4889
952
1082
4890
953
1081
4891
954
1080
4892
955
1079
4893
956
1078
4894
957
1077
4895
958
1076
4896
959
1075
4897
960
1074
4898
961
1073
4899
962
1072
4900
963
1071
4901
964
1070
4902
965
1069
4903
966
1068
4904
967
1067
4905
968
1066
4906
969
1065
4907
970
1064
4908
971
1063
4909
972
1062
4910
973
1061
4911
974
1060
4912
975
1059
4913
976
1058
4914
977
1057
4915
978
1056
4916
979
1055
4917
980
1054
4918
981
1053
4919
982
1052
4920
983
1051
4921
984
1050
4922
985
1049
4923
986
1048
4924
987
1047
4925
988
1046
4926
989
1045
4927
990
1044
4928
991
1043
4929
992
1042
4930
993
1041
4931
994
1040
4932
995
1039
4933
996
1038
4934
997
1037
4935
998
1036
4936
999
1035
4937
1000
1034
4938
1001
1033
4939
1002
1032
4940
1003
1031
4941
1004
1030
4942
1005
1029
4943
1006
1028
4944
1007
1027
4945
1008
1026
4946
1009
1025
4947
1010
1024
4948
1011
1023
4949
1012
1022
4950
1013
1021
4951
1014
1020
4952
1015
1019
4953
1016
1018
4954
1017
4955
1018
15192
1019
4956
15191
1020
4957
15158
1021
4958
15157
1022
4959
15124
1023
4960
15123
1024
4961
15090
1025
4962
15089
1026
4963
15056
1027
4964
15055
1028
4965
15022
1029
4966
15021
1030
4967
14988
1031
4968
14987
1032
4969
14954
1033
4970
14953
1034
4971
14920
1035
4972
14919
1036
4973
14886
1037
4974
14885
1038
4975
14852
1039
4976
14851
1040
4977
14818
1041
4978
14817
1042
4979
14784
1043
4980
14783
1044
4981
14750
1045
4982
14749
1046
4983
14716
1047
4984
14715
1048
4985
14682
1049
4986
14681
1050
4987
14648
1051
4988
14647
1052
4989
14614
1053
4990
14613
1054
4991
14580
1055
4992
14579
1056
4993
14546
1057
4994
14545
1058
4995
14512
1059
4996
14511
1060
4997
14478
1061
4998
14477
1062
4999
14444
1063
5000
14443
1064
5001
14410
1065
5002
14409
1066
5003
14376
1067
5004
14375
1068
5005
14342
1069
5006
14341
1070
5007
14308
1071
5008
14307
1072
5009
14274
1073
5010
14273
1074
5011
14240
1075
5012
14239
1076
5013
14206
1077
5014
14205
1078
5015
14172
1079
5016
14171
1080
5017
14138
1081
5018
14137
1082
5019
14104
1083
5020
14103
1084
5021
14070
1085
5022
14069
1086
5023
14036
1087
5024
14035
1088
5025
14002
1089
5026
14001
1090
5027
13968
1091
5028
13967
1092
5029
13934
1093
5030
13933
1094
5031
13900
1095
5032
13899
1096
5033
13866
1097
5034
13865
1098
5035
7219
1099
5036
7218
1100
5037
7183
1101
5038
7182
1102
5039
7147
1103
5040
7146
1104
5041
7111
1105
5042
7110
1106
5043
7075
1107
5044
7074
1108
5045
7039
1109
5046
7038
1110
5047
7003
1111
5048
7002
1112
5049
6967
1113
5050
6966
1114
5051
1115
6964
6966
13463
1116
12770
1117
6964
12771
1118
6963
12772
1119
6962
12773
1120
6961
12774
1121
6960
12739
1122
6959
12738
1123
6958
12737
1124
6957
8982
1125
6956
8983
1126
6955
8984
1127
6954
8985
1128
6953
8986
1129
6952
8855
1130
6951
8856
1131
6946
6950
1132
6947
6949
1133
1327
1134
1326
6949
1135
1325
6984
1136
1324
6985
1137
1323
7020
1138
1322
7021
1139
1321
7056
1140
1320
7057
1141
1319
7092
1142
1318
7093
1143
1317
7128
1144
1316
7129
1145
1315
7164
1146
1314
7165
1147
1313
7200
1148
1312
7201
1149
1311
7236
1150
1310
7235
1151
1309
13849
1152
1308
13882
1153
1307
13883
1154
1306
13916
1155
1305
13917
1156
1304
13950
1157
1303
13951
1158
1302
13984
1159
1301
13985
1160
1300
14018
1161
1299
14019
1162
1298
14052
1163
1297
14053
1164
1296
14086
1165
1295
14087
1166
1294
14120
1167
1293
14121
1168
1292
14154
1169
1291
14155
1170
1290
14188
1171
1289
14189
1172
1288
14222
1173
1287
14223
1174
1286
14256
1175
1285
14257
1176
1284
14290
1177
1283
14291
1178
1282
14324
1179
1281
14325
1180
1280
14358
1181
1279
14359
1182
1278
14392
1183
1277
14393
1184
1276
14426
1185
1275
14427
1186
1274
14460
1187
1273
14461
1188
1272
14494
1189
1271
14495
1190
1270
14528
1191
1269
14529
1192
1268
14562
1193
1267
14563
1194
1266
14596
1195
1265
14597
1196
1264
14630
1197
1263
14631
1198
1262
14664
1199
1261
14665
1200
1260
14698
1201
1259
14699
1202
1258
14732
1203
1257
14733
1204
1256
14766
1205
1255
14767
1206
1254
14800
1207
1253
14801
1208
1252
14834
1209
1251
14835
1210
1250
14868
1211
1249
14869
1212
1248
14902
1213
1247
14903
1214
1246
14936
1215
1245
14937
1216
1244
14970
1217
1243
14971
1218
1242
15004
1219
1241
15005
1220
1240
15038
1221
1239
15039
1222
1238
15072
1223
1237
15073
1224
1236
15106
1225
1235
15107
1226
1234
15140
1227
1233
15141
1228
1232
15174
1229
1231
15175
1230
15208
1231
6824
15209
1232
6791
15210
1233
6790
15211
1234
6757
15212
1235
6756
15213
1236
6723
15214
1237
6722
15215
1238
6689
15216
1239
6688
15217
1240
6655
15218
1241
6654
15219
1242
6621
15220
1243
6620
15221
1244
6587
15222
1245
6586
15223
1246
6553
15224
1247
6552
15225
1248
6519
15226
1249
6518
15227
1250
6485
15228
1251
6484
15229
1252
6451
15230
1253
6450
15231
1254
6417
15232
1255
6416
15233
1256
6383
15234
1257
6382
15235
1258
6349
15236
1259
6348
15237
1260
6315
15238
1261
6314
15239
1262
6281
15240
1263
6280
15241
1264
6247
15242
1265
6246
15243
1266
6213
15244
1267
6212
15245
1268
6179
15246
1269
6178
15247
1270
6145
15248
1271
6144
15249
1272
6111
15250
1273
6110
15251
1274
6077
15252
1275
6076
15253
1276
6043
15254
1277
6042
15255
1278
6009
15256
1279
6008
15257
1280
5975
15258
1281
5974
15259
1282
5941
15260
1283
5940
15261
1284
5907
15262
1285
5906
15263
1286
5873
15264
1287
5872
15265
1288
5839
15266
1289
5838
15267
1290
5805
15268
1291
5804
15269
1292
5771
15270
1293
5770
15271
1294
5737
15272
1295
5736
15273
1296
5703
15274
1297
5702
15275
1298
5669
15276
1299
5668
15277
1300
5635
15278
1301
5634
15279
1302
5601
15280
1303
5600
15281
1304
5567
15282
1305
5566
15283
1306
5533
15284
1307
5532
15285
1308
5499
15286
1309
5498
15287
1310
5465
13848
1311
5464
13847
1312
5431
7237
1313
5430
7238
1314
5397
7239
1315
5396
7240
1316
5363
7241
1317
5362
7242
1318
5329
7243
1319
5328
7244
1320
5295
7245
1321
5294
7246
1322
5261
7247
1323
5260
7248
1324
5227
7249
1325
5226
7250
1326
5193
7251
1327
5192
6948
1328
6947
1329
5192
6922
1330
5191
6923
1331
5190
6924
1332
5189
6925
1333
5188
6926
1334
5187
6927
1335
5186
6928
1336
5185
6929
1337
5094
5184
1338
5093
5183
1339
5092
5182
1340
5091
5181
1341
5090
5180
1342
5089
5179
1343
5088
5178
1344
5087
5177
1345
5086
5176
1346
1540
1347
1539
5176
1348
1538
5209
1349
1537
5210
1350
1536
5243
1351
1535
5244
1352
1534
5277
1353
1533
5278
1354
1532
5311
1355
1531
5312
1356
1530
5345
1357
1529
5346
1358
1528
5379
1359
1527
5380
1360
1526
5413
1361
1525
5414
1362
1524
5447
1363
1523
5448
1364
1522
5481
1365
1521
5482
1366
1520
5515
1367
1519
5516
1368
1518
5549
1369
1517
5550
1370
1516
5583
1371
1515
5584
1372
1514
5617
1373
1513
5618
1374
1512
5651
1375
1511
5652
1376
1510
5685
1377
1509
5686
1378
1508
5719
1379
1507
5720
1380
1506
5753
1381
1505
5754
1382
1504
5787
1383
1503
5788
1384
1502
5821
1385
1501
5822
1386
1500
5855
1387
1499
5856
1388
1498
5889
1389
1497
5890
1390
1496
5923
1391
1495
5924
1392
1494
5957
1393
1493
5958
1394
1492
5991
1395
1491
5992
1396
1490
6025
1397
1489
6026
1398
1488
6059
1399
1487
6060
1400
1486
6093
1401
1485
6094
1402
1484
6127
1403
1483
6128
1404
1482
6161
1405
1481
6162
1406
1480
6195
1407
1479
6196
1408
1478
6229
1409
1477
6230
1410
1476
6263
1411
1475
6264
1412
1474
6297
1413
1473
6298
1414
1472
6331
1415
1471
6332
1416
1470
6365
1417
1469
6366
1418
1468
6399
1419
1467
6400
1420
1466
6433
1421
1465
6434
1422
1464
6467
1423
1463
6468
1424
1462
6501
1425
1461
6502
1426
1460
6535
1427
1459
6536
1428
1458
6569
1429
1457
6570
1430
1456
6603
1431
1455
6604
1432
1454
6637
1433
1453
6638
1434
1452
6671
1435
1451
6672
1436
1450
6705
1437
1449
6706
1438
1448
6739
1439
1447
6740
1440
1446
6773
1441
1445
6774
1442
1444
6807
1443
6808
1444
1638
34647
1445
1637
34212
1446
1636
34211
1447
1635
34210
1448
1634
34209
1449
1633
34208
1450
1632
34207
1451
1631
34206
1452
1630
34205
1453
1629
29858
1454
1628
29857
1455
1627
29856
1456
1626
29855
1457
1625
29854
1458
1624
29853
1459
1623
29852
1460
1622
29851
1461
1621
26419
1462
1620
26418
1463
1619
26417
1464
1618
26416
1465
1617
26415
1466
1616
26414
1467
1615
26413
1468
1614
26412
1469
1613
26109
1470
1612
26108
1471
1611
26107
1472
1610
26106
1473
1609
26105
1474
1608
26104
1475
1607
26103
1476
1606
26102
1477
1605
21386
1478
1604
21385
1479
1603
21384
1480
1602
21383
1481
1601
21382
1482
1600
21381
1483
1599
21380
1484
1598
21379
1485
1597
18635
1486
1596
18634
1487
1595
18633
1488
1594
18632
1489
1593
18631
1490
1592
18630
1491
1591
18629
1492
1590
18628
1493
1589
12073
1494
1588
12072
1495
1587
12071
1496
1586
12070
1497
1585
12069
1498
1584
12068
1499
1583
12067
1500
1582
12066
1501
1581
11557
1502
1580
11556
1503
1579
11555
1504
1578
11554
1505
1577
11553
1506
1576
11552
1507
1575
11551
1508
1574
11550
1509
1573
11121
1510
1572
11120
1511
1571
11119
1512
1570
11118
1513
1569
11117
1514
1568
11116
1515
1567
11115
1516
1566
11114
1517
1565
8184
1518
1564
8183
1519
1563
8182
1520
1562
8181
1521
1561
8180
1522
1560
8179
1523
1559
8178
1524
1558
8177
1525
1557
7716
1526
1556
7715
1527
1555
7714
1528
1554
7713
1529
1553
7712
1530
1552
7711
1531
1551
7710
1532
1550
7709
1533
1549
7280
1534
1548
7279
1535
1547
7278
1536
1546
7277
1537
1545
7276
1538
1544
7275
1539
1543
7274
1540
1542
5175
1541
5086
1542
1736
5085
1543
1735
5174
1544
1734
7287
1545
1733
7286
1546
1732
7285
1547
1731
7284
1548
1730
7283
1549
1729
7282
1550
1728
7281
1551
1727
7708
1552
1726
7723
1553
1725
7722
1554
1724
7721
1555
1723
7720
1556
1722
7719
1557
1721
7718
1558
1720
7717
1559
1719
8176
1560
1718
8191
1561
1717
8190
1562
1716
8189
1563
1715
8188
1564
1714
8187
1565
1713
8186
1566
1712
8185
1567
1711
11113
1568
1710
11128
1569
1709
11127
1570
1708
11126
1571
1707
11125
1572
1706
11124
1573
1705
11123
1574
1704
11122
1575
1703
11549
1576
1702
11564
1577
1701
11563
1578
1700
11562
1579
1699
11561
1580
1698
11560
1581
1697
11559
1582
1696
11558
1583
1695
12065
1584
1694
12080
1585
1693
12079
1586
1692
12078
1587
1691
12077
1588
1690
12076
1589
1689
12075
1590
1688
12074
1591
1687
18627
1592
1686
18642
1593
1685
18641
1594
1684
18640
1595
1683
18639
1596
1682
18638
1597
1681
18637
1598
1680
18636
1599
1679
21378
1600
1678
21393
1601
1677
21392
1602
1676
21391
1603
1675
21390
1604
1674
21389
1605
1673
21388
1606
1672
21387
1607
1671
26101
1608
1670
26116
1609
1669
26115
1610
1668
26114
1611
1667
26113
1612
1666
26112
1613
1665
26111
1614
1664
26110
1615
1663
26411
1616
1662
26426
1617
1661
26425
1618
1660
26424
1619
1659
26423
1620
1658
26422
1621
1657
26421
1622
1656
26420
1623
1655
29850
1624
1654
29865
1625
1653
29864
1626
1652
29863
1627
1651
29862
1628
1650
29861
1629
1649
29860
1630
1648
29859
1631
1647
34204
1632
1646
34219
1633
1645
34218
1634
1644
34217
1635
1643
34216
1636
1642
34215
1637
1641
34214
1638
1640
34213
1639
34646
1640
1834
34834
1641
1833
34258
1642
1832
34257
1643
1831
34252
1644
1830
34251
1645
1829
34232
1646
1828
34231
1647
1827
34220
1648
1826
34203
1649
1825
29902
1650
1824
29901
1651
1823
29896
1652
1822
29895
1653
1821
29874
1654
1820
29873
1655
1819
29866
1656
1818
29867
1657
1817
26463
1658
1816
26462
1659
1815
26457
1660
1814
26456
1661
1813
26435
1662
1812
26434
1663
1811
26427
1664
1810
26428
1665
1809
26215
1666
1808
26214
1667
1807
26207
1668
1806
26206
1669
1805
26123
1670
1804
26122
1671
1803
26117
1672
1802
26100
1673
1801
24635
1674
1800
24634
1675
1799
24629
1676
1798
24628
1677
1797
21402
1678
1796
21401
1679
1795
21394
1680
1794
21395
1681
1793
18681
1682
1792
18680
1683
1791
18675
1684
1790
18674
1685
1789
18655
1686
1788
18654
1687
1787
18643
1688
1786
18626
1689
1785
15696
1690
1784
15695
1691
1783
15670
1692
1782
15669
1693
1781
12089
1694
1780
12088
1695
1779
12081
1696
1778
12082
1697
1777
11603
1698
1776
11602
1699
1775
11597
1700
1774
11596
1701
1773
11577
1702
1772
11576
1703
1771
11565
1704
1770
11548
1705
1769
11165
1706
1768
11164
1707
1767
11159
1708
1766
11158
1709
1765
11137
1710
1764
11136
1711
1763
11129
1712
1762
11130
1713
1761
8228
1714
1760
8227
1715
1759
8222
1716
1758
8221
1717
1757
8200
1718
1756
8199
1719
1755
8192
1720
1754
8193
1721
1753
7918
1722
1752
7917
1723
1751
7910
1724
1750
7909
1725
1749
7730
1726
1748
7729
1727
1747
7724
1728
1746
7707
1729
1745
7322
1730
1744
7321
1731
1743
7316
1732
1742
7315
1733
1741
7294
1734
1740
7293
1735
1739
7288
1736
1738
5173
1737
5084
1738
1932
5083
1739
1931
5172
1740
1930
7289
1741
1929
7292
1742
1928
7295
1743
1927
7314
1744
1926
7317
1745
1925
7320
1746
1924
7323
1747
1923
7706
1748
1922
7725
1749
1921
7728
1750
1920
7731
1751
1919
7912
1752
1918
7911
1753
1917
7916
1754
1916
7919
1755
1915
8194
1756
1914
8197
1757
1913
8198
1758
1912
8201
1759
1911
8220
1760
1910
8223
1761
1909
8226
1762
1908
8229
1763
1907
11131
1764
1906
11134
1765
1905
11135
1766
1904
11138
1767
1903
11157
1768
1902
11160
1769
1901
11163
1770
1900
11166
1771
1899
11547
1772
1898
11566
1773
1897
11575
1774
1896
11578
1775
1895
11595
1776
1894
11598
1777
1893
11601
1778
1892
11604
1779
1891
12083
1780
1890
12086
1781
1889
12087
1782
1888
12090
1783
1887
15668
1784
1886
15671
1785
1885
15694
1786
1884
15697
1787
1883
18625
1788
1882
18644
1789
1881
18653
1790
1880
18656
1791
1879
18673
1792
1878
18676
1793
1877
18679
1794
1876
18682
1795
1875
21396
1796
1874
21399
1797
1873
21400
1798
1872
21403
1799
1871
24627
1800
1870
24630
1801
1869
24633
1802
1868
24636
1803
1867
26099
1804
1866
26118
1805
1865
26121
1806
1864
26124
1807
1863
26209
1808
1862
26208
1809
1861
26213
1810
1860
26216
1811
1859
26429
1812
1858
26432
1813
1857
26433
1814
1856
26436
1815
1855
26455
1816
1854
26458
1817
1853
26461
1818
1852
26464
1819
1851
29868
1820
1850
29871
1821
1849
29872
1822
1848
29875
1823
1847
29894
1824
1846
29897
1825
1845
29900
1826
1844
29903
1827
1843
34202
1828
1842
34221
1829
1841
34230
1830
1840
34233
1831
1839
34250
1832
1838
34253
1833
1837
34256
1834
1836
34259
1835
34835
1836
2030
34836
1837
2029
34260
1838
2028
34255
1839
2027
34254
1840
2026
34249
1841
2025
34234
1842
2024
34229
1843
2023
34222
1844
2022
34223
1845
2021
29904
1846
2020
29899
1847
2019
29898
1848
2018
29893
1849
2017
29876
1850
2016
29877
1851
2015
29870
1852
2014
29869
1853
2013
26465
1854
2012
26460
1855
2011
26459
1856
2010
26454
1857
2009
26437
1858
2008
26438
1859
2007
26431
1860
2006
26430
1861
2005
26217
1862
2004
26212
1863
2003
26211
1864
2002
26210
1865
2001
26125
1866
2000
26120
1867
1999
26119
1868
1998
26098
1869
1997
24637
1870
1996
24632
1871
1995
24631
1872
1994
24626
1873
1993
21404
1874
1992
21405
1875
1991
21398
1876
1990
21397
1877
1989
18683
1878
1988
18678
1879
1987
18677
1880
1986
18672
1881
1985
18657
1882
1984
18652
1883
1983
18645
1884
1982
18646
1885
1981
15698
1886
1980
15693
1887
1979
15672
1888
1978
15673
1889
1977
12091
1890
1976
12092
1891
1975
12085
1892
1974
12084
1893
1973
11605
1894
1972
11600
1895
1971
11599
1896
1970
11594
1897
1969
11579
1898
1968
11574
1899
1967
11567
1900
1966
11568
1901
1965
11167
1902
1964
11162
1903
1963
11161
1904
1962
11156
1905
1961
11139
1906
1960
11140
1907
1959
11133
1908
1958
11132
1909
1957
8230
1910
1956
8225
1911
1955
8224
1912
1954
8219
1913
1953
8202
1914
1952
8203
1915
1951
8196
1916
1950
8195
1917
1949
7920
1918
1948
7915
1919
1947
7914
1920
1946
7913
1921
1945
7732
1922
1944
7727
1923
1943
7726
1924
1942
7705
1925
1941
7324
1926
1940
7319
1927
1939
7318
1928
1938
7313
1929
1937
7296
1930
1936
7291
1931
1935
7290
1932
1934
5171
1933
5082
1934
2128
5081
1935
2127
5170
1936
2126
7299
1937
2125
7298
1938
2124
7297
1939
2123
7312
1940
2122
7327
1941
2121
7326
1942
2120
7325
1943
2119
7704
1944
2118
7735
1945
2117
7734
1946
2116
7733
1947
2115
7924
1948
2114
7923
1949
2113
7922
1950
2112
7921
1951
2111
8206
1952
2110
8205
1953
2109
8204
1954
2108
8217
1955
2107
8218
1956
2106
8233
1957
2105
8232
1958
2104
8231
1959
2103
11143
1960
2102
11142
1961
2101
11141
1962
2100
11154
1963
2099
11155
1964
2098
11170
1965
2097
11169
1966
2096
11168
1967
2095
11569
1968
2094
11572
1969
2093
11573
1970
2092
11580
1971
2091
11593
1972
2090
11608
1973
2089
11607
1974
2088
11606
1975
2087
12095
1976
2086
12094
1977
2085
12093
1978
2084
15675
1979
2083
15674
1980
2082
15691
1981
2081
15692
1982
2080
15699
1983
2079
18647
1984
2078
18650
1985
2077
18651
1986
2076
18658
1987
2075
18671
1988
2074
18686
1989
2073
18685
1990
2072
18684
1991
2071
21408
1992
2070
21407
1993
2069
21406
1994
2068
24624
1995
2067
24625
1996
2066
24640
1997
2065
24639
1998
2064
24638
1999
2063
26097
2000
2062
26128
2001
2061
26127
2002
2060
26126
2003
2059
26221
2004
2058
26220
2005
2057
26219
2006
2056
26218
2007
2055
26441
2008
2054
26440
2009
2053
26439
2010
2052
26452
2011
2051
26453
2012
2050
26468
2013
2049
26467
2014
2048
26466
2015
2047
29880
2016
2046
29879
2017
2045
29878
2018
2044
29891
2019
2043
29892
2020
2042
29907
2021
2041
29906
2022
2040
29905
2023
2039
34224
2024
2038
34227
2025
2037
34228
2026
2036
34235
2027
2035
34248
2028
2034
34263
2029
2033
34262
2030
2032
34261
2031
34837
2032
2226
34838
2033
2225
34839
2034
2224
34840
2035
2223
34264
2036
2222
34247
2037
2221
34236
2038
2220
34237
2039
2219
34226
2040
2218
34225
2041
2217
29918
2042
2216
29917
2043
2215
29908
2044
2214
29909
2045
2213
29890
2046
2212
29889
2047
2211
29882
2048
2210
29881
2049
2209
26479
2050
2208
26478
2051
2207
26469
2052
2206
26470
2053
2205
26451
2054
2204
26450
2055
2203
26443
2056
2202
26442
2057
2201
26235
2058
2200
26234
2059
2199
26233
2060
2198
26222
2061
2197
26223
2062
2196
26224
2063
2195
26129
2064
2194
26096
2065
2193
24651
2066
2192
24650
2067
2191
24641
2068
2190
24642
2069
2189
24623
2070
2188
24622
2071
2187
24615
2072
2186
21409
2073
2185
21410
2074
2184
21411
2075
2183
18687
2076
2182
18670
2077
2181
18659
2078
2180
18660
2079
2179
18649
2080
2178
18648
2081
2177
15700
2082
2176
15701
2083
2175
15690
2084
2174
15689
2085
2173
15676
2086
2172
15677
2087
2171
15678
2088
2170
12096
2089
2169
12097
2090
2168
12098
2091
2167
11609
2092
2166
11592
2093
2165
11581
2094
2164
11582
2095
2163
11571
2096
2162
11570
2097
2161
11181
2098
2160
11180
2099
2159
11171
2100
2158
11172
2101
2157
11153
2102
2156
11152
2103
2155
11145
2104
2154
11144
2105
2153
8244
2106
2152
8243
2107
2151
8234
2108
2150
8235
2109
2149
8216
2110
2148
8215
2111
2147
8208
2112
2146
8207
2113
2145
7934
2114
2144
7933
2115
2143
7926
2116
2142
7925
2117
2141
7744
2118
2140
7743
2119
2139
7736
2120
2138
7737
2121
2137
7334
2122
2136
7333
2123
2135
7328
2124
2134
7311
2125
2133
7306
2126
2132
7305
2127
2131
7300
2128
2130
5169
2129
5080
2130
2324
5079
2131
2323
5168
2132
2322
7301
2133
2321
7304
2134
2320
7307
2135
2319
7310
2136
2318
7329
2137
2317
7332
2138
2316
7335
2139
2315
7738
2140
2314
7741
2141
2313
7742
2142
2312
7745
2143
2311
7928
2144
2310
7927
2145
2309
7932
2146
2308
7935
2147
2307
8210
2148
2306
8209
2149
2305
8214
2150
2304
8237
2151
2303
8236
2152
2302
8241
2153
2301
8242
2154
2300
8245
2155
2299
11147
2156
2298
11146
2157
2297
11151
2158
2296
11174
2159
2295
11173
2160
2294
11178
2161
2293
11179
2162
2292
11182
2163
2291
11585
2164
2290
11584
2165
2289
11583
2166
2288
11590
2167
2287
11591
2168
2286
11610
2169
2285
12099
2170
2284
12102
2171
2283
15680
2172
2282
15679
2173
2281
15684
2174
2280
15685
2175
2279
15688
2176
2278
15703
2177
2277
15702
2178
2276
15707
2179
2275
18663
2180
2274
18662
2181
2273
18661
2182
2272
18668
2183
2271
18669
2184
2270
18688
2185
2269
21412
2186
2268
21415
2187
2267
24617
2188
2266
24616
2189
2265
24621
2190
2264
24644
2191
2263
24643
2192
2262
24648
2193
2261
24649
2194
2260
24652
2195
2259
26095
2196
2258
26130
2197
2257
26225
2198
2256
26228
2199
2255
26229
2200
2254
26232
2201
2253
26237
2202
2252
26236
2203
2251
26445
2204
2250
26444
2205
2249
26449
2206
2248
26472
2207
2247
26471
2208
2246
26476
2209
2245
26477
2210
2244
26480
2211
2243
29884
2212
2242
29883
2213
2241
29888
2214
2240
29911
2215
2239
29910
2216
2238
29915
2217
2237
29916
2218
2236
29919
2219
2235
34240
2220
2234
34239
2221
2233
34238
2222
2232
34245
2223
2231
34246
2224
2230
34265
2225
2229
34841
2226
2228
34844
2227
35197
2228
2422
35196
2229
2421
34843
2230
2420
34842
2231
2419
34266
2232
2418
34267
2233
2417
34244
2234
2416
34243
2235
2415
34242
2236
2414
34241
2237
2413
29920
2238
2412
29921
2239
2411
29914
2240
2410
29913
2241
2409
29912
2242
2408
29887
2243
2407
29886
2244
2406
29885
2245
2405
26481
2246
2404
26482
2247
2403
26475
2248
2402
26474
2249
2401
26473
2250
2400
26448
2251
2399
26447
2252
2398
26446
2253
2397
26239
2254
2396
26238
2255
2395
26231
2256
2394
26230
2257
2393
26227
2258
2392
26226
2259
2391
26131
2260
2390
26132
2261
2389
24653
2262
2388
24654
2263
2387
24647
2264
2386
24646
2265
2385
24645
2266
2384
24620
2267
2383
24619
2268
2382
24618
2269
2381
21414
2270
2380
21413
2271
2379
18689
2272
2378
18690
2273
2377
18667
2274
2376
18666
2275
2375
18665
2276
2374
18664
2277
2373
15706
2278
2372
15705
2279
2371
15704
2280
2370
15687
2281
2369
15686
2282
2368
15683
2283
2367
15682
2284
2366
15681
2285
2365
12101
2286
2364
12100
2287
2363
11611
2288
2362
11612
2289
2361
11589
2290
2360
11588
2291
2359
11587
2292
2358
11586
2293
2357
11183
2294
2356
11184
2295
2355
11177
2296
2354
11176
2297
2353
11175
2298
2352
11150
2299
2351
11149
2300
2350
11148
2301
2349
8246
2302
2348
8247
2303
2347
8240
2304
2346
8239
2305
2345
8238
2306
2344
8213
2307
2343
8212
2308
2342
8211
2309
2341
7936
2310
2340
7931
2311
2339
7930
2312
2338
7929
2313
2337
7746
2314
2336
7747
2315
2335
7740
2316
2334
7739
2317
2333
7336
2318
2332
7331
2319
2331
7330
2320
2330
7309
2321
2329
7308
2322
2328
7303
2323
2327
7302
2324
2326
5167
2325
5078
2326
2520
5077
2327
2519
9371
2328
2518
9372
2329
2517
9379
2330
2516
9380
2331
2515
9403
2332
2514
9404
2333
2513
9411
2334
2512
9412
2335
2511
9723
2336
2510
9724
2337
2509
9731
2338
2508
9732
2339
2507
9759
2340
2506
9760
2341
2505
9767
2342
2504
9768
2343
2503
13153
2344
2502
13154
2345
2501
13167
2346
2500
13168
2347
2499
13189
2348
2498
13190
2349
2497
13197
2350
2496
13198
2351
2495
17290
2352
2494
17291
2353
2493
17298
2354
2492
17299
2355
2491
17654
2356
2490
17655
2357
2489
17662
2358
2488
17663
2359
2487
18965
2360
2486
18966
2361
2485
18973
2362
2484
18974
2363
2483
18997
2364
2482
18998
2365
2481
19005
2366
2480
19006
2367
2479
19313
2368
2478
19314
2369
2477
19321
2370
2476
19322
2371
2475
19349
2372
2474
19350
2373
2473
19357
2374
2472
19358
2375
2471
23085
2376
2470
23086
2377
2469
23093
2378
2468
23094
2379
2467
23121
2380
2466
23122
2381
2465
23129
2382
2464
23130
2383
2463
27238
2384
2462
27239
2385
2461
27252
2386
2460
27253
2387
2459
27274
2388
2458
27275
2389
2457
27282
2390
2456
27283
2391
2455
28571
2392
2454
28574
2393
2453
28575
2394
2452
28578
2395
2451
28579
2396
2450
28582
2397
2449
28583
2398
2448
28586
2399
2447
31116
2400
2446
31117
2401
2445
31124
2402
2444
31125
2403
2443
32471
2404
2442
32474
2405
2441
32475
2406
2440
32478
2407
2439
33994
2408
2438
33995
2409
2437
34002
2410
2436
34003
2411
2435
35643
2412
2434
35644
2413
2433
35657
2414
2432
35658
2415
2431
35742
2416
2430
35743
2417
2429
35756
2418
2428
35757
2419
2427
35778
2420
2426
35779
2421
2425
35786
2422
2424
35787
2423
38618
2424
2618
38617
2425
2617
35788
2426
2616
35785
2427
2615
35780
2428
2614
35777
2429
2613
35758
2430
2612
35755
2431
2611
35744
2432
2610
35741
2433
2609
35659
2434
2608
35656
2435
2607
35645
2436
2606
35642
2437
2605
34004
2438
2604
34001
2439
2603
33996
2440
2602
33993
2441
2601
32477
2442
2600
32476
2443
2599
32473
2444
2598
32472
2445
2597
31126
2446
2596
31123
2447
2595
31118
2448
2594
31115
2449
2593
28585
2450
2592
28584
2451
2591
28581
2452
2590
28580
2453
2589
28577
2454
2588
28576
2455
2587
28573
2456
2586
28572
2457
2585
27284
2458
2584
27281
2459
2583
27276
2460
2582
27273
2461
2581
27254
2462
2580
27251
2463
2579
27240
2464
2578
27237
2465
2577
23131
2466
2576
23128
2467
2575
23123
2468
2574
23120
2469
2573
23095
2470
2572
23092
2471
2571
23087
2472
2570
23084
2473
2569
19359
2474
2568
19356
2475
2567
19351
2476
2566
19348
2477
2565
19323
2478
2564
19320
2479
2563
19315
2480
2562
19312
2481
2561
19007
2482
2560
19004
2483
2559
18999
2484
2558
18996
2485
2557
18975
2486
2556
18972
2487
2555
18967
2488
2554
18964
2489
2553
17664
2490
2552
17661
2491
2551
17656
2492
2550
17653
2493
2549
17300
2494
2548
17297
2495
2547
17292
2496
2546
17289
2497
2545
13199
2498
2544
13196
2499
2543
13191
2500
2542
13188
2501
2541
13169
2502
2540
13166
2503
2539
13155
2504
2538
13152
2505
2537
9769
2506
2536
9766
2507
2535
9761
2508
2534
9758
2509
2533
9733
2510
2532
9730
2511
2531
9725
2512
2530
9722
2513
2529
9413
2514
2528
9410
2515
2527
9405
2516
2526
9402
2517
2525
9381
2518
2524
9378
2519
2523
9373
2520
2522
9370
2521
5076
2522
2716
5075
2523
2715
9369
2524
2714
9374
2525
2713
9377
2526
2712
9382
2527
2711
9401
2528
2710
9406
2529
2709
9409
2530
2708
9414
2531
2707
9721
2532
2706
9726
2533
2705
9729
2534
2704
9734
2535
2703
9757
2536
2702
9762
2537
2701
9765
2538
2700
9770
2539
2699
13151
2540
2698
13156
2541
2697
13165
2542
2696
13170
2543
2695
13187
2544
2694
13192
2545
2693
13195
2546
2692
13200
2547
2691
17288
2548
2690
17293
2549
2689
17296
2550
2688
17301
2551
2687
17652
2552
2686
17657
2553
2685
17660
2554
2684
17665
2555
2683
18963
2556
2682
18968
2557
2681
18971
2558
2680
18976
2559
2679
18995
2560
2678
19000
2561
2677
19003
2562
2676
19008
2563
2675
19311
2564
2674
19316
2565
2673
19319
2566
2672
19324
2567
2671
19347
2568
2670
19352
2569
2669
19355
2570
2668
19360
2571
2667
23083
2572
2666
23088
2573
2665
23091
2574
2664
23096
2575
2663
23119
2576
2662
23124
2577
2661
23127
2578
2660
23132
2579
2659
27236
2580
2658
27241
2581
2657
27250
2582
2656
27255
2583
2655
27272
2584
2654
27277
2585
2653
27280
2586
2652
27285
2587
2651
30756
2588
2650
30757
2589
2649
30760
2590
2648
30761
2591
2647
31040
2592
2646
31043
2593
2645
31044
2594
2644
31047
2595
2643
31114
2596
2642
31119
2597
2641
31122
2598
2640
31127
2599
2639
33732
2600
2638
33733
2601
2637
33736
2602
2636
33737
2603
2635
33992
2604
2634
33997
2605
2633
34000
2606
2632
34005
2607
2631
35641
2608
2630
35646
2609
2629
35655
2610
2628
35660
2611
2627
35740
2612
2626
35745
2613
2625
35754
2614
2624
35759
2615
2623
35776
2616
2622
35781
2617
2621
35784
2618
2620
35789
2619
38616
2620
2814
39102
2621
2813
35790
2622
2812
35783
2623
2811
35782
2624
2810
35775
2625
2809
35760
2626
2808
35753
2627
2807
35746
2628
2806
35747
2629
2805
35661
2630
2804
35654
2631
2803
35647
2632
2802
35648
2633
2801
34006
2634
2800
33999
2635
2799
33998
2636
2798
33991
2637
2797
33738
2638
2796
33735
2639
2795
33734
2640
2794
33731
2641
2793
31128
2642
2792
31121
2643
2791
31120
2644
2790
31113
2645
2789
31046
2646
2788
31045
2647
2787
31042
2648
2786
31041
2649
2785
30762
2650
2784
30759
2651
2783
30758
2652
2782
30755
2653
2781
27286
2654
2780
27279
2655
2779
27278
2656
2778
27271
2657
2777
27256
2658
2776
27249
2659
2775
27242
2660
2774
27243
2661
2773
23133
2662
2772
23126
2663
2771
23125
2664
2770
23118
2665
2769
23097
2666
2768
23090
2667
2767
23089
2668
2766
23082
2669
2765
19361
2670
2764
19354
2671
2763
19353
2672
2762
19346
2673
2761
19325
2674
2760
19318
2675
2759
19317
2676
2758
19310
2677
2757
19009
2678
2756
19002
2679
2755
19001
2680
2754
18994
2681
2753
18977
2682
2752
18970
2683
2751
18969
2684
2750
18962
2685
2749
17666
2686
2748
17659
2687
2747
17658
2688
2746
17651
2689
2745
17302
2690
2744
17295
2691
2743
17294
2692
2742
17287
2693
2741
13201
2694
2740
13194
2695
2739
13193
2696
2738
13186
2697
2737
13171
2698
2736
13164
2699
2735
13157
2700
2734
13158
2701
2733
9771
2702
2732
9764
2703
2731
9763
2704
2730
9756
2705
2729
9735
2706
2728
9728
2707
2727
9727
2708
2726
9720
2709
2725
9415
2710
2724
9408
2711
2723
9407
2712
2722
9400
2713
2721
9383
2714
2720
9376
2715
2719
9375
2716
2718
9368
2717
5074
2718
2912
5073
2719
2911
9367
2720
2910
9386
2721
2909
9385
2722
2908
9384
2723
2907
9399
2724
2906
9418
2725
2905
9417
2726
2904
9416
2727
2903
9739
2728
2902
9738
2729
2901
9737
2730
2900
9736
2731
2899
9755
2732
2898
9774
2733
2897
9773
2734
2896
9772
2735
2895
13159
2736
2894
13162
2737
2893
13163
2738
2892
13172
2739
2891
13185
2740
2890
13204
2741
2889
13203
2742
2888
13202
2743
2887
17286
2744
2886
17305
2745
2885
17304
2746
2884
17303
2747
2883
17650
2748
2882
17669
2749
2881
17668
2750
2880
17667
2751
2879
18961
2752
2878
18980
2753
2877
18979
2754
2876
18978
2755
2875
18993
2756
2874
19012
2757
2873
19011
2758
2872
19010
2759
2871
19329
2760
2870
19328
2761
2869
19327
2762
2868
19326
2763
2867
19345
2764
2866
19364
2765
2865
19363
2766
2864
19362
2767
2863
23101
2768
2862
23100
2769
2861
23099
2770
2860
23098
2771
2859
23117
2772
2858
23136
2773
2857
23135
2774
2856
23134
2775
2855
27244
2776
2854
27247
2777
2853
27248
2778
2852
27257
2779
2851
27270
2780
2850
27289
2781
2849
27288
2782
2848
27287
2783
2847
30754
2784
2846
30765
2785
2845
30764
2786
2844
30763
2787
2843
31104
2788
2842
31107
2789
2841
31108
2790
2840
31111
2791
2839
31112
2792
2838
31131
2793
2837
31130
2794
2836
31129
2795
2835
33730
2796
2834
33741
2797
2833
33740
2798
2832
33739
2799
2831
33990
2800
2830
34009
2801
2829
34008
2802
2828
34007
2803
2827
35649
2804
2826
35652
2805
2825
35653
2806
2824
35662
2807
2823
35748
2808
2822
35751
2809
2821
35752
2810
2820
35761
2811
2819
35774
2812
2818
35793
2813
2817
35792
2814
2816
35791
2815
39101
2816
3010
39100
2817
3009
38515
2818
3008
38514
2819
3007
35794
2820
3006
35773
2821
3005
35762
2822
3004
35763
2823
3003
35750
2824
3002
35749
2825
3001
35663
2826
3000
35664
2827
2999
35651
2828
2998
35650
2829
2997
34018
2830
2996
34017
2831
2995
34010
2832
2994
34011
2833
2993
33748
2834
2992
33747
2835
2991
33742
2836
2990
33729
2837
2989
33724
2838
2988
33723
2839
2987
31132
2840
2986
31133
2841
2985
31110
2842
2984
31109
2843
2983
31106
2844
2982
31105
2845
2981
30774
2846
2980
30773
2847
2979
30766
2848
2978
30767
2849
2977
30674
2850
2976
30673
2851
2975
27290
2852
2974
27269
2853
2973
27258
2854
2972
27259
2855
2971
27246
2856
2970
27245
2857
2969
23143
2858
2968
23142
2859
2967
23137
2860
2966
23116
2861
2965
23111
2862
2964
23110
2863
2963
23103
2864
2962
23102
2865
2961
19371
2866
2960
19370
2867
2959
19365
2868
2958
19344
2869
2957
19339
2870
2956
19338
2871
2955
19331
2872
2954
19330
2873
2953
19019
2874
2952
19018
2875
2951
19013
2876
2950
18992
2877
2949
18987
2878
2948
18986
2879
2947
18981
2880
2946
18960
2881
2945
17678
2882
2944
17677
2883
2943
17670
2884
2942
17671
2885
2941
17314
2886
2940
17313
2887
2939
17306
2888
2938
17307
2889
2937
16670
2890
2936
16669
2891
2935
13205
2892
2934
13184
2893
2933
13173
2894
2932
13174
2895
2931
13161
2896
2930
13160
2897
2929
9781
2898
2928
9780
2899
2927
9775
2900
2926
9754
2901
2925
9749
2902
2924
9748
2903
2923
9741
2904
2922
9740
2905
2921
9425
2906
2920
9424
2907
2919
9419
2908
2918
9398
2909
2917
9393
2910
2916
9392
2911
2915
9387
2912
2914
9366
2913
5072
2914
3108
5071
2915
3107
9365
2916
3106
9388
2917
3105
9391
2918
3104
9394
2919
3103
9397
2920
3102
9420
2921
3101
9423
2922
3100
9426
2923
3099
9743
2924
3098
9742
2925
3097
9747
2926
3096
9750
2927
3095
9753
2928
3094
9776
2929
3093
9779
2930
3092
9782
2931
3091
13177
2932
3090
13176
2933
3089
13175
2934
3088
13182
2935
3087
13183
2936
3086
13206
2937
3085
16668
2938
3084
16671
2939
3083
17308
2940
3082
17311
2941
3081
17312
2942
3080
17315
2943
3079
17672
2944
3078
17675
2945
3077
17676
2946
3076
17679
2947
3075
18959
2948
3074
18982
2949
3073
18985
2950
3072
18988
2951
3071
18991
2952
3070
19014
2953
3069
19017
2954
3068
19020
2955
3067
19333
2956
3066
19332
2957
3065
19337
2958
3064
19340
2959
3063
19343
2960
3062
19366
2961
3061
19369
2962
3060
19372
2963
3059
23105
2964
3058
23104
2965
3057
23109
2966
3056
23112
2967
3055
23115
2968
3054
23138
2969
3053
23141
2970
3052
23144
2971
3051
27262
2972
3050
27261
2973
3049
27260
2974
3048
27267
2975
3047
27268
2976
3046
27291
2977
3045
30672
2978
3044
30675
2979
3043
30768
2980
3042
30771
2981
3041
30772
2982
3040
30775
2983
3039
31138
2984
3038
31137
2985
3037
31136
2986
3036
31135
2987
3035
31134
2988
3034
33715
2989
3033
33722
2990
3032
33725
2991
3031
33728
2992
3030
33743
2993
3029
33746
2994
3028
33749
2995
3027
34012
2996
3026
34015
2997
3025
34016
2998
3024
34019
2999
3023
35667
3000
3022
35666
3001
3021
35665
3002
3020
35672
3003
3019
35766
3004
3018
35765
3005
3017
35764
3006
3016
35771
3007
3015
35772
3008
3014
35795
3009
3013
38517
3010
3012
38516
3011
39099
3012
3206
39116
3013
3205
38519
3014
3204
38518
3015
3203
35796
3016
3202
35797
3017
3201
35770
3018
3200
35769
3019
3199
35768
3020
3198
35767
3021
3197
35671
3022
3196
35670
3023
3195
35669
3024
3194
35668
3025
3193
34020
3026
3192
34021
3027
3191
34014
3028
3190
34013
3029
3189
33750
3030
3188
33745
3031
3187
33744
3032
3186
33727
3033
3185
33726
3034
3184
33721
3035
3183
33716
3036
3182
33717
3037
3181
31142
3038
3180
31141
3039
3179
31140
3040
3178
31139
3041
3177
30776
3042
3176
30777
3043
3175
30770
3044
3174
30769
3045
3173
30676
3046
3172
30677
3047
3171
27292
3048
3170
27293
3049
3169
27266
3050
3168
27265
3051
3167
27264
3052
3166
27263
3053
3165
23145
3054
3164
23140
3055
3163
23139
3056
3162
23114
3057
3161
23113
3058
3160
23108
3059
3159
23107
3060
3158
23106
3061
3157
19373
3062
3156
19368
3063
3155
19367
3064
3154
19342
3065
3153
19341
3066
3152
19336
3067
3151
19335
3068
3150
19334
3069
3149
19021
3070
3148
19016
3071
3147
19015
3072
3146
18990
3073
3145
18989
3074
3144
18984
3075
3143
18983
3076
3142
18958
3077
3141
17680
3078
3140
17681
3079
3139
17674
3080
3138
17673
3081
3137
17316
3082
3136
17317
3083
3135
17310
3084
3134
17309
3085
3133
16672
3086
3132
16673
3087
3131
13207
3088
3130
13208
3089
3129
13181
3090
3128
13180
3091
3127
13179
3092
3126
13178
3093
3125
9783
3094
3124
9778
3095
3123
9777
3096
3122
9752
3097
3121
9751
3098
3120
9746
3099
3119
9745
3100
3118
9744
3101
3117
9427
3102
3116
9422
3103
3115
9421
3104
3114
9396
3105
3113
9395
3106
3112
9390
3107
3111
9389
3108
3110
9364
3109
5070
3110
5069
3111
9435
3112
9434
3113
9433
3114
9432
3115
9431
3116
9430
3117
9429
3118
9428
3119
9791
3120
9790
3121
9789
3122
9788
3123
9787
3124
9786
3125
9785
3126
9784
3127
13213
3128
13212
3129
13211
3130
13210
3131
13209
3132
16675
3133
16674
3134
17321
3135
17320
3136
17319
3137
17318
3138
17685
3139
17684
3140
17683
3141
17682
3142
18956
3143
18957
3144
19028
3145
19027
3146
19026
3147
19025
3148
19024
3149
19023
3150
19022
3151
19381
3152
19380
3153
19379
3154
19378
3155
19377
3156
19376
3157
19375
3158
19374
3159
23153
3160
23152
3161
23151
3162
23150
3163
23149
3164
23148
3165
23147
3166
23146
3167
27298
3168
27297
3169
27296
3170
27295
3171
27294
3172
30679
3173
30678
3174
30781
3175
30780
3176
30779
3177
30778
3178
31147
3179
31146
3180
31145
3181
31144
3182
31143
3183
33718
3184
33719
3185
33720
3186
33755
3187
33754
3188
33753
3189
33752
3190
33751
3191
34024
3192
34023
3193
34022
3194
35807
3195
35806
3196
35805
3197
35804
3198
35803
3199
35802
3200
35801
3201
35800
3202
35799
3203
35798
3204
39995
3205
39996
3206
3208
3207
3208
39116
39117
3209
38519
39118
39996
3210
3402
3211
3401
39996
3212
3400
39995
3213
3399
35798
3214
3398
35799
3215
3397
35800
3216
3396
35801
3217
3395
35802
3218
3394
35803
3219
3393
35804
3220
3392
35805
3221
3391
35806
3222
3390
35807
3223
3389
34022
3224
3388
34023
3225
3387
34024
3226
3386
33751
3227
3385
33752
3228
3384
33753
3229
3383
33754
3230
3382
33755
3231
3381
33720
3232
3380
33719
3233
3379
33718
3234
3378
31143
3235
3377
31144
3236
3376
31145
3237
3375
31146
3238
3374
31147
3239
3373
30778
3240
3372
30779
3241
3371
30780
3242
3370
30781
3243
3369
30678
3244
3368
30679
3245
3367
27294
3246
3366
27295
3247
3365
27296
3248
3364
27297
3249
3363
27298
3250
3362
23146
3251
3361
23147
3252
3360
23148
3253
3359
23149
3254
3358
23150
3255
3357
23151
3256
3356
23152
3257
3355
23153
3258
3354
19374
3259
3353
19375
3260
3352
19376
3261
3351
19377
3262
3350
19378
3263
3349
19379
3264
3348
19380
3265
3347
19381
3266
3346
19022
3267
3345
19023
3268
3344
19024
3269
3343
19025
3270
3342
19026
3271
3341
19027
3272
3340
19028
3273
3339
18957
3274
3338
18956
3275
3337
17682
3276
3336
17683
3277
3335
17684
3278
3334
17685
3279
3333
17318
3280
3332
17319
3281
3331
17320
3282
3330
17321
3283
3329
16674
3284
3328
16675
3285
3327
13209
3286
3326
13210
3287
3325
13211
3288
3324
13212
3289
3323
13213
3290
3322
9784
3291
3321
9785
3292
3320
9786
3293
3319
9787
3294
3318
9788
3295
3317
9789
3296
3316
9790
3297
3315
9791
3298
3314
9428
3299
3313
9429
3300
3312
9430
3301
3311
9431
3302
3310
9432
3303
3309
9433
3304
3308
9434
3305
3307
9435
3306
5069
3307
3499
5068
3308
3498
9436
3309
3497
9439
3310
3496
9798
3311
3495
9797
3312
3494
9796
3313
3493
9795
3314
3492
9794
3315
3491
9793
3316
3490
9792
3317
3489
13221
3318
3488
13220
3319
3487
13219
3320
3486
13218
3321
3485
13217
3322
3484
13216
3323
3483
13215
3324
3482
13214
3325
3481
16680
3326
3480
16679
3327
3479
16678
3328
3478
16677
3329
3477
16676
3330
3476
17323
3331
3475
17322
3332
3474
17689
3333
3473
17688
3334
3472
17687
3335
3471
17686
3336
3470
18950
3337
3469
18951
3338
3468
18954
3339
3467
18955
3340
3466
19030
3341
3465
19029
3342
3464
19388
3343
3463
19387
3344
3462
19386
3345
3461
19385
3346
3460
19384
3347
3459
19383
3348
3458
19382
3349
3457
22961
3350
3456
22962
3351
3455
22965
3352
3454
22966
3353
3453
23157
3354
3452
23156
3355
3451
23155
3356
3450
23154
3357
3449
27306
3358
3448
27305
3359
3447
27304
3360
3446
27303
3361
3445
27302
3362
3444
27301
3363
3443
27300
3364
3442
27299
3365
3441
30684
3366
3440
30683
3367
3439
30682
3368
3438
30681
3369
3437
30680
3370
3436
30739
3371
3435
30782
3372
3434
31151
3373
3433
31150
3374
3432
31149
3375
3431
31148
3376
3430
32942
3377
3429
32943
3378
3428
32950
3379
3427
33760
3380
3426
33759
3381
3425
33758
3382
3424
33757
3383
3423
33756
3384
3422
34029
3385
3421
34028
3386
3420
34027
3387
3419
34026
3388
3418
34025
3389
3417
35810
3390
3416
35809
3391
3415
35808
3392
3414
37906
3393
3413
37907
3394
3412
37914
3395
3411
37915
3396
3410
37926
3397
3409
37927
3398
3408
37934
3399
3407
37935
3400
3406
39121
3401
3405
39120
3402
3404
39119
3403
39118
3404
3596
39131
3405
3595
39130
3406
3594
39123
3407
3593
39122
3408
3592
37936
3409
3591
37933
3410
3590
37928
3411
3589
37925
3412
3588
37916
3413
3587
37913
3414
3586
37908
3415
3585
37905
3416
3584
35865
3417
3583
35864
3418
3582
35811
3419
3581
35812
3420
3580
35813
3421
3579
35814
3422
3578
35815
3423
3577
34030
3424
3576
34031
3425
3575
34032
3426
3574
34033
3427
3573
34034
3428
3572
33761
3429
3571
32949
3430
3570
32944
3431
3569
32941
3432
3568
32925
3433
3567
32924
3434
3566
31153
3435
3565
31152
3436
3564
30783
3437
3563
30738
3438
3562
30733
3439
3561
30732
3440
3560
30711
3441
3559
30710
3442
3558
30685
3443
3557
30686
3444
3556
30687
3445
3555
30688
3446
3554
30689
3447
3553
30690
3448
3552
30691
3449
3551
30692
3450
3550
27307
3451
3549
24923
3452
3548
24870
3453
3547
24871
3454
3546
23158
3455
3545
23159
3456
3544
22964
3457
3543
22963
3458
3542
22960
3459
3541
22959
3460
3540
22958
3461
3539
22957
3462
3538
22956
3463
3537
22955
3464
3536
22031
3465
3535
22030
3466
3534
19692
3467
3533
19691
3468
3532
19690
3469
3531
18953
3470
3530
18952
3471
3529
18949
3472
3528
18948
3473
3527
18947
3474
3526
17691
3475
3525
17690
3476
3524
17457
3477
3523
17456
3478
3522
17451
3479
3521
17450
3480
3520
16701
3481
3519
16700
3482
3518
16681
3483
3517
16682
3484
3516
16683
3485
3515
16684
3486
3514
16685
3487
3513
16686
3488
3512
13228
3489
3511
13227
3490
3510
13222
3491
3509
12520
3492
3508
12503
3493
3507
12502
3494
3506
12497
3495
3505
12496
3496
3504
12479
3497
3503
12478
3498
3502
9438
3499
3501
9437
3500
5067
3501
3693
5066
3502
3692
12473
3503
3691
12474
3504
3690
12477
3505
3689
12480
3506
3688
12495
3507
3687
12498
3508
3686
12501
3509
3685
12504
3510
3684
12519
3511
3683
13223
3512
3682
13226
3513
3681
13229
3514
3680
16687
3515
3679
16690
3516
3678
16691
3517
3677
16694
3518
3676
16695
3519
3675
16698
3520
3674
16699
3521
3673
16702
3522
3672
17449
3523
3671
17452
3524
3670
17455
3525
3669
17458
3526
3668
17693
3527
3667
17692
3528
3666
18946
3529
3665
18945
3530
3664
18944
3531
3663
18943
3532
3662
18942
3533
3661
19689
3534
3660
19694
3535
3659
19693
3536
3658
22029
3537
3657
22032
3538
3656
22954
3539
3655
22953
3540
3654
22952
3541
3653
22951
3542
3652
23164
3543
3651
23163
3544
3650
23162
3545
3649
23161
3546
3648
23160
3547
3647
24873
3548
3646
24872
3549
3645
24921
3550
3644
24922
3551
3643
27308
3552
3642
30693
3553
3641
30696
3554
3640
30697
3555
3639
30700
3556
3638
30701
3557
3637
30704
3558
3636
30705
3559
3635
30708
3560
3634
30709
3561
3633
30712
3562
3632
30731
3563
3631
30734
3564
3630
30737
3565
3629
30784
3566
3628
31155
3567
3627
31154
3568
3626
32923
3569
3625
32926
3570
3624
32940
3571
3623
32945
3572
3622
32948
3573
3621
33762
3574
3620
34035
3575
3619
34038
3576
3618
34039
3577
3617
34042
3578
3616
34043
3579
3615
35816
3580
3614
35843
3581
3613
35844
3582
3612
35859
3583
3611
35860
3584
3610
35863
3585
3609
35866
3586
3608
37904
3587
3607
37909
3588
3606
37912
3589
3605
37917
3590
3604
37924
3591
3603
37929
3592
3602
37932
3593
3601
37937
3594
3600
39125
3595
3599
39124
3596
3598
39129
3597
39132
3598
3790
39411
3599
3789
39128
3600
3788
39127
3601
3787
39126
3602
3786
37938
3603
3785
37931
3604
3784
37930
3605
3783
37923
3606
3782
37918
3607
3781
37911
3608
3780
37910
3609
3779
37903
3610
3778
35867
3611
3777
35862
3612
3776
35861
3613
3775
35858
3614
3774
35845
3615
3773
35842
3616
3772
35817
3617
3771
35818
3618
3770
34041
3619
3769
34040
3620
3768
34037
3621
3767
34036
3622
3766
33763
3623
3765
32947
3624
3764
32946
3625
3763
32939
3626
3762
32927
3627
3761
32922
3628
3760
32921
3629
3759
31156
3630
3758
31157
3631
3757
30736
3632
3756
30735
3633
3755
30730
3634
3754
30713
3635
3753
30714
3636
3752
30707
3637
3751
30706
3638
3750
30703
3639
3749
30702
3640
3748
30699
3641
3747
30698
3642
3746
30695
3643
3745
30694
3644
3744
27309
3645
3743
27310
3646
3742
24920
3647
3741
24919
3648
3740
24874
3649
3739
24875
3650
3738
24094
3651
3737
24093
3652
3736
23218
3653
3735
23217
3654
3734
23216
3655
3733
23215
3656
3732
23214
3657
3731
23213
3658
3730
22033
3659
3729
22028
3660
3728
22027
3661
3727
19695
3662
3726
19688
3663
3725
19687
3664
3724
19686
3665
3723
19685
3666
3722
19666
3667
3721
19665
3668
3720
19664
3669
3719
19663
3670
3718
17459
3671
3717
17454
3672
3716
17453
3673
3715
17448
3674
3714
16703
3675
3713
16704
3676
3712
16697
3677
3711
16696
3678
3710
16693
3679
3709
16692
3680
3708
16689
3681
3707
16688
3682
3706
13230
3683
3705
13225
3684
3704
13224
3685
3703
12518
3686
3702
12505
3687
3701
12500
3688
3700
12499
3689
3699
12494
3690
3698
12481
3691
3697
12476
3692
3696
12475
3693
3695
12472
3694
5065
3695
3887
5064
3696
3886
12471
3697
3885
12484
3698
3884
12483
3699
3883
12482
3700
3882
12493
3701
3881
12508
3702
3880
12507
3703
3879
12506
3704
3878
12517
3705
3877
13233
3706
3876
13232
3707
3875
13231
3708
3874
16711
3709
3873
16710
3710
3872
16709
3711
3871
16708
3712
3870
16707
3713
3869
16706
3714
3868
16705
3715
3867
17446
3716
3866
17447
3717
3865
17462
3718
3864
17461
3719
3863
17460
3720
3862
19662
3721
3861
19669
3722
3860
19668
3723
3859
19667
3724
3858
19684
3725
3857
22018
3726
3856
22019
3727
3855
22022
3728
3854
22023
3729
3853
22026
3730
3852
22035
3731
3851
22034
3732
3850
23212
3733
3849
23211
3734
3848
23210
3735
3847
23209
3736
3846
24084
3737
3845
24085
3738
3844
24092
3739
3843
24095
3740
3842
24876
3741
3841
24885
3742
3840
24918
3743
3839
24917
3744
3838
27311
3745
3837
28935
3746
3836
28934
3747
3835
28933
3748
3834
28932
3749
3833
28931
3750
3832
28930
3751
3831
28929
3752
3830
30717
3753
3829
30716
3754
3828
30715
3755
3827
30728
3756
3826
30729
3757
3825
31160
3758
3824
31159
3759
3823
31158
3760
3822
31161
3761
3821
32920
3762
3820
32929
3763
3819
32928
3764
3818
32938
3765
3817
33766
3766
3816
33765
3767
3815
33764
3768
3814
35823
3769
3813
35822
3770
3812
35821
3771
3811
35820
3772
3810
35819
3773
3809
35840
3774
3808
35841
3775
3807
35846
3776
3806
35857
3777
3805
35870
3778
3804
35869
3779
3803
35868
3780
3802
37902
3781
3801
37921
3782
3800
37920
3783
3799
37919
3784
3798
37922
3785
3797
37941
3786
3796
37940
3787
3795
37939
3788
3794
39403
3789
3793
39404
3790
3792
39409
3791
39410
3792
3984
39422
3793
3983
39408
3794
3982
39405
3795
3981
39402
3796
3980
39399
3797
3979
39398
3798
3978
37942
3799
3977
37897
3800
3976
37898
3801
3975
37899
3802
3974
37900
3803
3973
37901
3804
3972
37467
3805
3971
37466
3806
3970
35871
3807
3969
35856
3808
3968
35847
3809
3967
35848
3810
3966
35839
3811
3965
35838
3812
3964
35833
3813
3963
35832
3814
3962
35825
3815
3961
35824
3816
3960
33773
3817
3959
33772
3818
3958
33767
3819
3957
32937
3820
3956
32931
3821
3955
32930
3822
3954
32919
3823
3953
31162
3824
3952
30973
3825
3951
30974
3826
3950
30975
3827
3949
30976
3828
3948
30727
3829
3947
30726
3830
3946
30719
3831
3945
30718
3832
3944
28990
3833
3943
28989
3834
3942
28984
3835
3941
28983
3836
3940
28948
3837
3939
28947
3838
3938
28936
3839
3937
28937
3840
3936
28938
3841
3935
28939
3842
3934
24884
3843
3933
24877
3844
3932
24878
3845
3931
24091
3846
3930
24086
3847
3929
24083
3848
3928
24082
3849
3927
24081
3850
3926
23511
3851
3925
23510
3852
3924
23509
3853
3923
22036
3854
3922
22025
3855
3921
22024
3856
3920
22021
3857
3919
22020
3858
3918
22017
3859
3917
19683
3860
3916
19678
3861
3915
19677
3862
3914
19670
3863
3913
19661
3864
3912
19660
3865
3911
17472
3866
3910
17463
3867
3909
17464
3868
3908
17445
3869
3907
17444
3870
3906
17439
3871
3905
17438
3872
3904
17431
3873
3903
17430
3874
3902
17429
3875
3901
16712
3876
3900
16713
3877
3899
16714
3878
3898
13234
3879
3897
12516
3880
3896
12513
3881
3895
12512
3882
3894
12509
3883
3893
12492
3884
3892
12489
3885
3891
12488
3886
3890
12485
3887
3889
12470
3888
5063
3889
4081
5062
3890
4080
12469
3891
4079
12486
3892
4078
12487
3893
4077
12490
3894
4076
12491
3895
4075
12510
3896
4074
12511
3897
4073
12514
3898
4072
12515
3899
4071
16716
3900
4070
16715
3901
4069
17424
3902
4068
17425
3903
4067
17428
3904
4066
17433
3905
4065
17432
3906
4064
17437
3907
4063
17440
3908
4062
17443
3909
4061
17466
3910
4060
17465
3911
4059
17470
3912
4058
17471
3913
4057
19659
3914
4056
19672
3915
4055
19671
3916
4054
19676
3917
4053
19679
3918
4052
19682
3919
4051
22016
3920
4050
23499
3921
4049
23500
3922
4048
23503
3923
4047
23504
3924
4046
23507
3925
4045
23508
3926
4044
23513
3927
4043
23512
3928
4042
24080
3929
4041
24079
3930
4040
24078
3931
4039
24087
3932
4038
24090
3933
4037
24879
3934
4036
24882
3935
4035
24883
3936
4034
28940
3937
4033
28941
3938
4032
28942
3939
4031
28945
3940
4030
28946
3941
4029
28949
3942
4028
28982
3943
4027
28985
3944
4026
28988
3945
4025
28991
3946
4024
30721
3947
4023
30720
3948
4022
30725
3949
4021
30978
3950
4020
30977
3951
4019
30982
3952
4018
30983
3953
4017
32916
3954
4016
32917
3955
4015
32918
3956
4014
32933
3957
4013
32932
3958
4012
32936
3959
4011
33768
3960
4010
33771
3961
4009
33774
3962
4008
35827
3963
4007
35826
3964
4006
35831
3965
4005
35834
3966
4004
35837
3967
4003
35850
3968
4002
35849
3969
4001
35854
3970
4000
35855
3971
3999
35872
3972
3998
37465
3973
3997
37889
3974
3996
37888
3975
3995
37887
3976
3994
37886
3977
3993
37885
3978
3992
37896
3979
3991
39396
3980
3990
39397
3981
3989
39400
3982
3988
39401
3983
3987
39406
3984
3986
39407
3985
39421
3986
4178
39389
3987
4177
39390
3988
4176
39391
3989
4175
39392
3990
4174
39393
3991
4173
39394
3992
4172
39395
3993
4171
37895
3994
4170
37894
3995
4169
37893
3996
4168
37892
3997
4167
37891
3998
4166
37890
3999
4165
37464
4000
4164
37463
4001
4163
37462
4002
4162
35853
4003
4161
35852
4004
4160
35851
4005
4159
35836
4006
4158
35835
4007
4157
35830
4008
4156
35829
4009
4155
35828
4010
4154
33775
4011
4153
33770
4012
4152
33769
4013
4151
32935
4014
4150
32934
4015
4149
32912
4016
4148
32913
4017
4147
32914
4018
4146
32915
4019
4145
30984
4020
4144
30981
4021
4143
30980
4022
4142
30979
4023
4141
30724
4024
4140
30723
4025
4139
30722
4026
4138
28992
4027
4137
28987
4028
4136
28986
4029
4135
28981
4030
4134
28950
4031
4133
28951
4032
4132
28944
4033
4131
28943
4034
4130
25012
4035
4129
25013
4036
4128
25014
4037
4127
24881
4038
4126
24880
4039
4125
24089
4040
4124
24088
4041
4123
24077
4042
4122
23696
4043
4121
23697
4044
4120
23698
4045
4119
23514
4046
4118
23515
4047
4117
23506
4048
4116
23505
4049
4115
23502
4050
4114
23501
4051
4113
23498
4052
4112
22015
4053
4111
19681
4054
4110
19680
4055
4109
19675
4056
4108
19674
4057
4107
19673
4058
4106
19658
4059
4105
19657
4060
4104
17469
4061
4103
17468
4062
4102
17467
4063
4101
17442
4064
4100
17441
4065
4099
17436
4066
4098
17435
4067
4097
17434
4068
4096
17427
4069
4095
17426
4070
4094
17423
4071
4093
17422
4072
4092
16717
4073
4091
16718
4074
4090
12461
4075
4089
12462
4076
4088
12463
4077
4087
12464
4078
4086
12465
4079
4085
12466
4080
4084
12467
4081
4083
12468
4082
5061
4083
4275
5060
4084
4274
16727
4085
4273
16726
4086
4272
16725
4087
4271
16724
4088
4270
16723
4089
4269
16722
4090
4268
16721
4091
4267
16720
4092
4266
16719
4093
4265
17420
4094
4264
17421
4095
4263
19635
4096
4262
19636
4097
4261
19639
4098
4260
19640
4099
4259
19643
4100
4258
19644
4101
4257
19647
4102
4256
19648
4103
4255
19651
4104
4254
19652
4105
4253
19655
4106
4252
19656
4107
4251
22002
4108
4250
22003
4109
4249
22006
4110
4248
22007
4111
4247
22010
4112
4246
22011
4113
4245
22014
4114
4244
23497
4115
4243
23520
4116
4242
23519
4117
4241
23518
4118
4240
23517
4119
4239
23516
4120
4238
23700
4121
4237
23699
4122
4236
25022
4123
4235
25021
4124
4234
25020
4125
4233
25019
4126
4232
25018
4127
4231
25017
4128
4230
25016
4129
4229
25015
4130
4228
28956
4131
4227
28955
4132
4226
28954
4133
4225
28953
4134
4224
28952
4135
4223
28979
4136
4222
28980
4137
4221
32133
4138
4220
32134
4139
4219
32137
4140
4218
32138
4141
4217
33463
4142
4216
33464
4143
4215
33467
4144
4214
33468
4145
4213
33471
4146
4212
33472
4147
4211
33475
4148
4210
33476
4149
4209
33479
4150
4208
36212
4151
4207
36211
4152
4206
36210
4153
4205
36209
4154
4204
36208
4155
4203
36207
4156
4202
36320
4157
4201
36323
4158
4200
36324
4159
4199
37452
4160
4198
37453
4161
4197
37456
4162
4196
37457
4163
4195
37460
4164
4194
37461
4165
4193
38309
4166
4192
38310
4167
4191
38313
4168
4190
38314
4169
4189
39437
4170
4188
39436
4171
4187
39435
4172
4186
39434
4173
4185
39433
4174
4184
39432
4175
4183
39431
4176
4182
39430
4177
4181
39429
4178
4180
39428
4179
39427
4180
4372
39931
4181
4371
39930
4182
4370
39635
4183
4369
39634
4184
4368
39611
4185
4367
39610
4186
4366
39605
4187
4365
39604
4188
4364
39486
4189
4363
39485
4190
4362
39438
4191
4361
39439
4192
4360
38312
4193
4359
38311
4194
4358
38308
4195
4357
38307
4196
4356
37459
4197
4355
37458
4198
4354
37455
4199
4353
37454
4200
4352
37451
4201
4351
37450
4202
4350
36322
4203
4349
36321
4204
4348
36292
4205
4347
36291
4206
4346
36286
4207
4345
36285
4208
4344
36214
4209
4343
36213
4210
4342
33478
4211
4341
33477
4212
4340
33474
4213
4339
33473
4214
4338
33470
4215
4337
33469
4216
4336
33466
4217
4335
33465
4218
4334
33462
4219
4333
33461
4220
4332
32136
4221
4331
32135
4222
4330
32132
4223
4329
32131
4224
4328
28978
4225
4327
28977
4226
4326
28970
4227
4325
28969
4228
4324
28968
4229
4323
28957
4230
4322
28958
4231
4321
28959
4232
4320
25050
4233
4319
25049
4234
4318
25042
4235
4317
25041
4236
4316
25040
4237
4315
25023
4238
4314
25024
4239
4313
25025
4240
4312
25026
4241
4311
25027
4242
4310
23547
4243
4309
23546
4244
4308
23521
4245
4307
23496
4246
4306
22013
4247
4305
22012
4248
4304
22009
4249
4303
22008
4250
4302
22005
4251
4301
22004
4252
4300
22001
4253
4299
22000
4254
4298
19654
4255
4297
19653
4256
4296
19650
4257
4295
19649
4258
4294
19646
4259
4293
19645
4260
4292
19642
4261
4291
19641
4262
4290
19638
4263
4289
19637
4264
4288
19634
4265
4287
19633
4266
4286
17419
4267
4285
17418
4268
4284
16768
4269
4283
16767
4270
4282
16762
4271
4281
16761
4272
4280
16737
4273
4279
16736
4274
4278
16729
4275
4277
16728
4276
5059
4277
4469
5058
4278
4468
16731
4279
4467
16730
4280
4466
16735
4281
4465
16738
4282
4464
16760
4283
4463
16763
4284
4462
16766
4285
4461
16769
4286
4460
17417
4287
4459
19631
4288
4458
19632
4289
4457
21990
4290
4456
21989
4291
4455
21988
4292
4454
21987
4293
4453
21986
4294
4452
21985
4295
4451
21984
4296
4450
21991
4297
4449
21994
4298
4448
21995
4299
4447
21998
4300
4446
21999
4301
4445
23482
4302
4444
23483
4303
4443
23486
4304
4442
23487
4305
4441
23490
4306
4440
23491
4307
4439
23494
4308
4438
23495
4309
4437
23522
4310
4436
23545
4311
4435
23548
4312
4434
25028
4313
4433
25031
4314
4432
25032
4315
4431
25035
4316
4430
25036
4317
4429
25039
4318
4428
25044
4319
4427
25043
4320
4426
25048
4321
4425
25051
4322
4424
28960
4323
4423
28963
4324
4422
28964
4325
4421
28967
4326
4420
28972
4327
4419
28971
4328
4418
28976
4329
4417
32129
4330
4416
32130
4331
4415
33455
4332
4414
33456
4333
4413
33459
4334
4412
33460
4335
4411
36225
4336
4410
36224
4337
4409
36223
4338
4408
36222
4339
4407
36221
4340
4406
36220
4341
4405
36219
4342
4404
36218
4343
4403
36217
4344
4402
36216
4345
4401
36215
4346
4400
36284
4347
4399
36287
4348
4398
36290
4349
4397
36293
4350
4396
37445
4351
4395
37446
4352
4394
37449
4353
4393
38297
4354
4392
38298
4355
4391
38301
4356
4390
38302
4357
4389
38305
4358
4388
38306
4359
4387
39443
4360
4386
39442
4361
4385
39441
4362
4384
39440
4363
4383
39483
4364
4382
39484
4365
4381
39487
4366
4380
39603
4367
4379
39606
4368
4378
39609
4369
4377
39612
4370
4376
39633
4371
4375
39928
4372
4374
39929
4373
39932
4374
4566
39933
4375
4565
39934
4376
4564
39927
4377
4563
39632
4378
4562
39613
4379
4561
39608
4380
4560
39607
4381
4559
39602
4382
4558
39488
4383
4557
39489
4384
4556
39482
4385
4555
39481
4386
4554
39467
4387
4553
39466
4388
4552
39444
4389
4551
39445
4390
4550
38304
4391
4549
38303
4392
4548
38300
4393
4547
38299
4394
4546
38296
4395
4545
37448
4396
4544
37447
4397
4543
37444
4398
4542
36294
4399
4541
36289
4400
4540
36288
4401
4539
36283
4402
4538
36265
4403
4537
36264
4404
4536
36263
4405
4535
36262
4406
4534
36249
4407
4533
36248
4408
4532
36247
4409
4531
36246
4410
4530
36239
4411
4529
36238
4412
4528
36226
4413
4527
36227
4414
4526
33458
4415
4525
33457
4416
4524
33454
4417
4523
33453
4418
4522
32128
4419
4521
28975
4420
4520
28974
4421
4519
28973
4422
4518
28966
4423
4517
28965
4424
4516
28962
4425
4515
28961
4426
4514
25052
4427
4513
25047
4428
4512
25046
4429
4511
25045
4430
4510
25038
4431
4509
25037
4432
4508
25034
4433
4507
25033
4434
4506
25030
4435
4505
25029
4436
4504
23549
4437
4503
23544
4438
4502
23523
4439
4501
23524
4440
4500
23493
4441
4499
23492
4442
4498
23489
4443
4497
23488
4444
4496
23485
4445
4495
23484
4446
4494
23481
4447
4493
23480
4448
4492
21997
4449
4491
21996
4450
4490
21993
4451
4489
21992
4452
4488
21983
4453
4487
19623
4454
4486
19624
4455
4485
19625
4456
4484
19626
4457
4483
19627
4458
4482
19628
4459
4481
19629
4460
4480
19630
4461
4479
17416
4462
4478
16770
4463
4477
16765
4464
4476
16764
4465
4475
16759
4466
4474
16739
4467
4473
16734
4468
4472
16733
4469
4471
16732
4470
5057
4471
4663
5056
4472
4662
16743
4473
4661
16742
4474
4660
16741
4475
4659
16740
4476
4658
16758
4477
4657
16773
4478
4656
16772
4479
4655
16771
4480
4654
17415
4481
4653
17414
4482
4652
17413
4483
4651
17412
4484
4650
17411
4485
4649
17410
4486
4648
17409
4487
4647
17408
4488
4646
19622
4489
4645
21982
4490
4644
23471
4491
4643
23472
4492
4642
23475
4493
4641
23476
4494
4640
23479
4495
4639
23532
4496
4638
23531
4497
4637
23530
4498
4636
23529
4499
4635
23528
4500
4634
23527
4501
4633
23526
4502
4632
23525
4503
4631
23542
4504
4630
23543
4505
4629
25063
4506
4628
25062
4507
4627
25061
4508
4626
25060
4509
4625
25059
4510
4624
25058
4511
4623
25057
4512
4622
25056
4513
4621
25055
4514
4620
25054
4515
4619
25053
4516
4618
32015
4517
4617
32016
4518
4616
32021
4519
4615
32022
4520
4614
32027
4521
4613
32028
4522
4612
32126
4523
4611
32127
4524
4610
33452
4525
4609
36231
4526
4608
36230
4527
4607
36229
4528
4606
36228
4529
4605
36232
4530
4604
36237
4531
4603
36240
4532
4602
36245
4533
4601
36252
4534
4600
36251
4535
4599
36250
4536
4598
36261
4537
4597
36268
4538
4596
36267
4539
4595
36266
4540
4594
36282
4541
4593
36297
4542
4592
36296
4543
4591
36295
4544
4590
37443
4545
4589
38291
4546
4588
38292
4547
4587
38295
4548
4586
39450
4549
4585
39449
4550
4584
39448
4551
4583
39447
4552
4582
39446
4553
4581
39464
4554
4580
39465
4555
4579
39468
4556
4578
39480
4557
4577
39491
4558
4576
39490
4559
4575
39600
4560
4574
39601
4561
4573
39616
4562
4572
39615
4563
4571
39614
4564
4570
39631
4565
4569
39926
4566
4568
39935
4567
39938
4568
4760
39937
4569
4759
39936
4570
4758
39925
4571
4757
39630
4572
4756
39624
4573
4755
39623
4574
4754
39617
4575
4753
39618
4576
4752
39599
4577
4751
39598
4578
4750
39492
4579
4749
39479
4580
4748
39469
4581
4747
39470
4582
4746
39463
4583
4745
39462
4584
4744
39459
4585
4743
39458
4586
4742
39452
4587
4741
39451
4588
4740
38294
4589
4739
38293
4590
4738
38290
4591
4737
37442
4592
4736
37439
4593
4735
37438
4594
4734
36298
4595
4733
36281
4596
4732
36276
4597
4731
36275
4598
4730
36269
4599
4729
36260
4600
4728
36257
4601
4727
36256
4602
4726
36253
4603
4725
36244
4604
4724
36241
4605
4723
36236
4606
4722
36233
4607
4721
33446
4608
4720
33447
4609
4719
33448
4610
4718
33449
4611
4717
33450
4612
4716
33451
4613
4715
32125
4614
4714
32029
4615
4713
32026
4616
4712
32023
4617
4711
32020
4618
4710
32017
4619
4709
32014
4620
4708
27087
4621
4707
27086
4622
4706
27081
4623
4705
27080
4624
4704
25093
4625
4703
25092
4626
4702
25087
4627
4701
25086
4628
4700
25080
4629
4699
25079
4630
4698
25064
4631
4697
25065
4632
4696
23541
4633
4695
23540
4634
4694
23539
4635
4693
23538
4636
4692
23537
4637
4691
23536
4638
4690
23535
4639
4689
23534
4640
4688
23533
4641
4687
23478
4642
4686
23477
4643
4685
23474
4644
4684
23473
4645
4683
23470
4646
4682
21981
4647
4681
19621
4648
4680
19618
4649
4679
19617
4650
4678
19614
4651
4677
19613
4652
4676
19610
4653
4675
19609
4654
4674
19606
4655
4673
19605
4656
4672
16780
4657
4671
16779
4658
4670
16774
4659
4669
16757
4660
4668
16752
4661
4667
16751
4662
4666
16745
4663
4665
16744
4664
5055
4665
4857
5054
4666
4856
16747
4667
4855
16746
4668
4854
16750
4669
4853
16753
4670
4852
16756
4671
4851
16775
4672
4850
16778
4673
4849
16781
4674
4848
19604
4675
4847
19607
4676
4846
19608
4677
4845
19611
4678
4844
19612
4679
4843
19615
4680
4842
19616
4681
4841
19619
4682
4840
19620
4683
4839
21980
4684
4838
23469
4685
4837
23468
4686
4836
23467
4687
4835
23466
4688
4834
23465
4689
4833
23464
4690
4832
23463
4691
4831
23462
4692
4830
23461
4693
4829
23460
4694
4828
23459
4695
4827
23458
4696
4826
23457
4697
4825
23456
4698
4824
25066
4699
4823
25077
4700
4822
25078
4701
4821
25081
4702
4820
25085
4703
4819
25088
4704
4818
25091
4705
4817
25094
4706
4816
27079
4707
4815
27082
4708
4814
27085
4709
4813
27088
4710
4812
32013
4711
4811
32018
4712
4810
32019
4713
4809
32024
4714
4808
32025
4715
4807
32030
4716
4806
32124
4717
4805
32123
4718
4804
32122
4719
4803
32121
4720
4802
32120
4721
4801
32119
4722
4800
33445
4723
4799
36234
4724
4798
36235
4725
4797
36242
4726
4796
36243
4727
4795
36254
4728
4794
36255
4729
4793
36258
4730
4792
36259
4731
4791
36270
4732
4790
36274
4733
4789
36277
4734
4788
36280
4735
4787
37436
4736
4786
37437
4737
4785
37440
4738
4784
37441
4739
4783
38289
4740
4782
39456
4741
4781
39455
4742
4780
39454
4743
4779
39453
4744
4778
39457
4745
4777
39460
4746
4776
39461
4747
4775
39472
4748
4774
39471
4749
4773
39477
4750
4772
39478
4751
4771
39493
4752
4770
39597
4753
4769
39620
4754
4768
39619
4755
4767
39621
4756
4766
39622
4757
4765
39625
4758
4764
39629
4759
4763
39924
4760
4762
39949
4761
39948
4762
4954
39921
4763
4953
39922
4764
4952
39923
4765
4951
39628
4766
4950
39626
4767
4949
39627
4768
4948
39593
4769
4947
39594
4770
4946
39595
4771
4945
39596
4772
4944
39494
4773
4943
39495
4774
4942
39476
4775
4941
39475
4776
4940
39473
4777
4939
39474
4778
4938
38281
4779
4937
38282
4780
4936
38283
4781
4935
38284
4782
4934
38285
4783
4933
38286
4784
4932
38287
4785
4931
38288
4786
4930
37433
4787
4929
37434
4788
4928
37435
4789
4927
36279
4790
4926
36278
4791
4925
36273
4792
4924
36271
4793
4923
36272
4794
4922
33429
4795
4921
33430
4796
4920
33431
4797
4919
33432
4798
4918
33433
4799
4917
33434
4800
4916
33435
4801
4915
33436
4802
4914
33437
4803
4913
33438
4804
4912
33439
4805
4911
33440
4806
4910
33441
4807
4909
33442
4808
4908
33443
4809
4907
33444
4810
4906
32008
4811
4905
32009
4812
4904
32010
4813
4903
32011
4814
4902
32012
4815
4901
27084
4816
4900
27083
4817
4899
27077
4818
4898
27078
4819
4897
25090
4820
4896
25089
4821
4895
25084
4822
4894
25082
4823
4893
25083
4824
4892
25076
4825
4891
25067
4826
4890
25068
4827
4889
25069
4828
4888
25070
4829
4887
25071
4830
4886
25072
4831
4885
25073
4832
4884
25074
4833
4883
25075
4834
4882
21972
4835
4881
21973
4836
4880
21974
4837
4879
21975
4838
4878
21976
4839
4877
21977
4840
4876
21978
4841
4875
21979
4842
4874
19596
4843
4873
19597
4844
4872
19598
4845
4871
19599
4846
4870
19600
4847
4869
19601
4848
4868
19602
4849
4867
19603
4850
4866
16782
4851
4865
16777
4852
4864
16776
4853
4863
16755
4854
4862
16754
4855
4861
16749
4856
4860
16748
4857
4859
5052
4858
5053
4859
4860
5051
4861
5050
4862
5049
4863
5048
4864
5047
4865
5046
4866
5045
4867
5044
4868
5043
4869
5042
4870
5041
4871
5040
4872
5039
4873
5038
4874
5037
4875
5036
4876
5035
4877
5034
4878
5033
4879
5032
4880
5031
4881
5030
4882
5029
4883
5028
4884
5027
4885
5026
4886
5025
4887
5024
4888
5023
4889
5022
4890
5021
4891
5020
4892
5019
4893
5018
4894
5017
4895
5016
4896
5015
4897
5014
4898
5013
4899
5012
4900
5011
4901
5010
4902
5009
4903
5008
4904
5007
4905
5006
4906
5005
4907
5004
4908
5003
4909
5002
4910
5001
4911
5000
4912
4999
4913
4998
4914
4997
4915
4996
4916
4995
4917
4994
4918
4993
4919
4992
4920
4991
4921
4990
4922
4989
4923
4988
4924
4987
4925
4986
4926
4985
4927
4984
4928
4983
4929
4982
4930
4981
4931
4980
4932
4979
4933
4978
4934
4977
4935
4976
4936
4975
4937
4974
4938
4973
4939
4972
4940
4971
4941
4970
4942
4969
4943
4968
4944
4967
4945
4966
4946
4965
4947
4964
4948
4963
4949
4962
4950
4961
4951
4960
4952
4959
4953
4958
4954
4957
4955
4956
4957
39921
39980
4958
39922
39975
4959
39923
39974
4960
39628
39846
4961
39626
39845
4962
39627
39840
4963
39593
39839
4964
39528
39594
4965
39527
39595
4966
39516
39596
4967
39494
39515
4968
38981
39495
4969
38972
39476
4970
38973
39475
4971
38974
39473
4972
38975
39474
4973
38281
38976
4974
38282
38977
4975
38283
38978
4976
38284
38979
4977
38285
38980
4978
38244
38286
4979
38243
38287
4980
38242
38288
4981
37433
38241
4982
37426
37434
4983
37425
37435
4984
36149
36279
4985
36148
36278
4986
36143
36273
4987
36142
36271
4988
36140
36272
4989
33429
36141
4990
33430
33545
4991
33431
33544
4992
33432
33541
4993
33433
33539
4994
33434
33540
4995
33395
33435
4996
33392
33436
4997
33393
33437
4998
33394
33438
4999
32105
33439
5000
32104
33440
5001
32103
33441
5002
32102
33442
5003
32100
33443
5004
32101
33444
5005
32004
32008
5006
32005
32009
5007
32006
32010
5008
28769
32011
5009
28768
32012
5010
27084
28763
5011
27083
28762
5012
27077
28761
5013
25118
27078
5014
25090
25117
5015
25089
25114
5016
25084
25113
5017
25082
25110
5018
25083
25108
5019
25076
25109
5020
23994
25067
5021
23993
25068
5022
23992
25069
5023
23990
25070
5024
23991
25071
5025
23443
25072
5026
23442
25073
5027
23441
25074
5028
23440
25075
5029
21972
23439
5030
21973
23438
5031
21974
22360
5032
21975
22359
5033
21976
22356
5034
21977
22355
5035
21978
22352
5036
21979
22351
5037
19596
22348
5038
19597
22343
5039
19598
22344
5040
19599
22345
5041
19600
22346
5042
19601
22347
5043
16993
19602
5044
16992
19603
5045
16782
16784
5046
16777
16785
5047
16776
16786
5048
13471
16755
5049
13470
16754
5050
13465
16749
5051
13464
16748
5052
13463
5053
13352
16747
16748
5054
12769
5055
12768
16747
5056
12761
16744
5057
12760
16743
5058
12757
16732
5059
12756
16731
5060
10005
16728
5061
10006
16727
5062
9355
12468
5063
9350
12469
5064
9349
12470
5065
9328
12471
5066
9327
12472
5067
9322
12473
5068
9321
9437
5069
9320
9436
5070
9435
5071
9320
9364
5072
9319
9365
5073
9316
9366
5074
9315
9367
5075
9304
9368
5076
9303
9369
5077
9300
9370
5078
9299
9371
5079
5123
5167
5080
5122
5168
5081
5119
5169
5082
5118
5170
5083
5107
5171
5084
5106
5172
5085
5103
5173
5086
5102
5174
5087
5175
5088
5102
7270
5089
5101
7271
5090
5100
7358
5091
5099
7359
5092
5098
7372
5093
5097
7373
5094
5096
7376
5095
6929
7377
5096
5144
6930
7262
5097
5143
7263
5098
5138
7264
5099
5137
7265
5100
5112
7266
5101
5111
7267
5102
5104
7268
5103
7269
5104
5106
7350
5105
5111
7351
5106
5108
5110
7434
5107
7349
5108
5118
7348
5109
5117
7435
5110
5114
5116
7462
5111
5113
7433
5112
7430
5113
5137
7429
5114
5136
7464
5115
5135
7463
5116
5128
5134
7638
5117
5127
7639
5118
5120
7640
5119
7347
5120
5122
7346
5121
5127
7641
5122
5124
5126
7760
5123
7345
5124
5166
9299
5125
5165
9298
5126
5130
5164
9297
5127
5129
7761
5128
7648
5129
5133
7649
5130
5132
7762
5131
5163
9296
5132
5152
5162
9295
5133
5151
7777
5134
5150
7778
5135
5149
7637
5136
5140
7574
5137
5139
7549
5138
7550
5139
5143
7551
5140
5142
7572
5141
5149
7573
5142
5146
5148
7580
5143
5145
7571
5144
7566
5145
6931
7567
5146
7570
8660
5147
7581
8659
5148
5156
8492
8658
5149
5155
8491
5150
7780
5151
5155
7779
5152
5154
8488
5153
5161
9294
5154
5158
5160
9293
5155
5157
8489
5156
8490
5157
8493
8657
5158
8654
8656
5159
8673
9292
5160
8652
8654
8674
9291
5161
8489
8651
9590
5162
8486
8488
9583
5163
7775
7777
9582
5164
7762
7774
9459
5165
7761
7765
9456
5166
7760
7766
9449
5167
7343
7345
9448
5168
7302
9371
5169
7301
7345
5170
7300
7346
5171
7299
7347
5172
7290
7348
5173
7289
7349
5174
7288
7350
5175
7269
7287
5176
7270
7274
5177
5209
5178
5208
7270
5179
5207
7271
5180
5206
7358
5181
5205
7359
5182
5204
7372
5183
5203
7373
5184
5202
7376
5185
5201
7377
5186
5200
8688
5187
5199
8689
5188
5198
8692
5189
5197
8693
5190
5196
8706
5191
5195
8707
5192
5194
8710
5193
6921
5194
5226
6920
5195
5225
8709
5196
5224
8708
5197
5223
8705
5198
5222
8694
5199
5221
8691
5200
5220
8690
5201
5219
8687
5202
5218
7378
5203
5217
7375
5204
5216
7374
5205
5215
7371
5206
5214
7360
5207
5213
7357
5208
5212
7272
5209
5211
7273
5210
7274
5211
5243
7275
5212
5242
7364
5213
5241
7363
5214
5240
7362
5215
5239
7361
5216
5238
7370
5217
5237
7381
5218
5236
7380
5219
5235
7379
5220
5234
8698
5221
5233
8697
5222
5232
8696
5223
5231
8695
5224
5230
8704
5225
5229
8712
5226
5228
8711
5227
6919
5228
5260
6918
5229
5259
8714
5230
5258
8713
5231
5257
8703
5232
5256
8702
5233
5255
8701
5234
5254
8700
5235
5253
8699
5236
5252
7384
5237
5251
7383
5238
5250
7382
5239
5249
7369
5240
5248
7368
5241
5247
7367
5242
5246
7366
5243
5245
7365
5244
7276
5245
5277
7277
5246
5276
7392
5247
5275
7391
5248
5274
7390
5249
5273
7389
5250
5272
7388
5251
5271
7387
5252
5270
7386
5253
5269
7385
5254
5268
8721
5255
5267
8720
5256
5266
8719
5257
5265
8718
5258
5264
8717
5259
5263
8716
5260
5262
8715
5261
6917
5262
5294
6916
5263
5293
8738
5264
5292
8737
5265
5291
8736
5266
5290
8725
5267
5289
8724
5268
5288
8723
5269
5287
8722
5270
5286
7410
5271
5285
7409
5272
5284
7408
5273
5283
7407
5274
5282
7396
5275
5281
7395
5276
5280
7394
5277
5279
7393
5278
7278
5279
5311
7279
5280
5310
7400
5281
5309
7399
5282
5308
7398
5283
5307
7397
5284
5306
7406
5285
5305
7413
5286
5304
7412
5287
5303
7411
5288
5302
8729
5289
5301
8728
5290
5300
8727
5291
5299
8726
5292
5298
8735
5293
5297
8740
5294
5296
8739
5295
6915
5296
5328
6914
5297
5327
8742
5298
5326
8741
5299
5325
8734
5300
5324
8733
5301
5323
8732
5302
5322
8731
5303
5321
8730
5304
5320
7416
5305
5319
7415
5306
5318
7414
5307
5317
7405
5308
5316
7404
5309
5315
7403
5310
5314
7402
5311
5313
7401
5312
7280
5313
5345
7709
5314
5344
7848
5315
5343
7849
5316
5342
7878
5317
5341
7879
5318
5340
8026
5319
5339
8027
5320
5338
8096
5321
5337
8095
5322
5336
9035
5323
5335
9036
5324
5334
9065
5325
5333
9066
5326
5332
10726
5327
5331
10727
5328
5330
10756
5329
6913
5330
5362
6912
5331
5361
10757
5332
5360
10728
5333
5359
10729
5334
5358
9067
5335
5357
9068
5336
5356
9037
5337
5355
9038
5338
5354
8098
5339
5353
8097
5340
5352
8028
5341
5351
8029
5342
5350
7880
5343
5349
7881
5344
5348
7850
5345
5347
7851
5346
7710
5347
5379
7711
5348
5378
7852
5349
5377
7853
5350
5376
7882
5351
5375
7883
5352
5374
8030
5353
5373
8031
5354
5372
8100
5355
5371
8099
5356
5370
9039
5357
5369
9040
5358
5368
9069
5359
5367
9070
5360
5366
10730
5361
5365
10731
5362
5364
10758
5363
6911
5364
5396
6910
5365
5395
10759
5366
5394
10732
5367
5393
10733
5368
5392
9071
5369
5391
9072
5370
5390
9041
5371
5389
9042
5372
5388
8102
5373
5387
8101
5374
5386
8032
5375
5385
8033
5376
5384
7884
5377
5383
7885
5378
5382
7854
5379
5381
7855
5380
7712
5381
5413
7713
5382
5412
7856
5383
5411
7857
5384
5410
7886
5385
5409
7887
5386
5408
8034
5387
5407
8035
5388
5406
8104
5389
5405
8103
5390
5404
9043
5391
5403
9044
5392
5402
9073
5393
5401
9074
5394
5400
10734
5395
5399
10735
5396
5398
10760
5397
6909
5398
5430
6908
5399
5429
10761
5400
5428
10736
5401
5427
10737
5402
5426
9075
5403
5425
9076
5404
5424
9045
5405
5423
9046
5406
5422
8106
5407
5421
8105
5408
5420
8036
5409
5419
8037
5410
5418
7888
5411
5417
7889
5412
5416
7858
5413
5415
7859
5414
7714
5415
5447
7715
5416
5446
7860
5417
5445
7861
5418
5444
7890
5419
5443
7891
5420
5442
8038
5421
5441
8039
5422
5440
8108
5423
5439
8107
5424
5438
9047
5425
5437
9048
5426
5436
9077
5427
5435
9078
5428
5434
10738
5429
5433
10739
5430
5432
10762
5431
6907
5432
5464
6906
5433
5463
10763
5434
5462
10740
5435
5461
10741
5436
5460
9079
5437
5459
9080
5438
5458
9049
5439
5457
9050
5440
5456
8110
5441
5455
8109
5442
5454
8040
5443
5453
8041
5444
5452
7892
5445
5451
7893
5446
5450
7862
5447
5449
7863
5448
7716
5449
5481
8177
5450
5480
8306
5451
5479
8307
5452
5478
8310
5453
5477
8311
5454
5476
8324
5455
5475
8325
5456
5474
8328
5457
5473
8329
5458
5472
9107
5459
5471
9108
5460
5470
9137
5461
5469
9138
5462
5468
10790
5463
5467
10791
5464
5466
10820
5465
6905
5466
5498
6904
5467
5497
10821
5468
5496
10792
5469
5495
10793
5470
5494
9139
5471
5493
9140
5472
5492
9109
5473
5491
9110
5474
5490
8330
5475
5489
8327
5476
5488
8326
5477
5487
8323
5478
5486
8312
5479
5485
8309
5480
5484
8308
5481
5483
8305
5482
8178
5483
5515
8179
5484
5514
8316
5485
5513
8315
5486
5512
8314
5487
5511
8313
5488
5510
8322
5489
5509
8333
5490
5508
8332
5491
5507
8331
5492
5506
9111
5493
5505
9112
5494
5504
9141
5495
5503
9142
5496
5502
10794
5497
5501
10795
5498
5500
10822
5499
6903
5500
5532
6902
5501
5531
10823
5502
5530
10796
5503
5529
10797
5504
5528
9143
5505
5527
9144
5506
5526
9113
5507
5525
9114
5508
5524
8336
5509
5523
8335
5510
5522
8334
5511
5521
8321
5512
5520
8320
5513
5519
8319
5514
5518
8318
5515
5517
8317
5516
8180
5517
5549
8181
5518
5548
8344
5519
5547
8343
5520
5546
8342
5521
5545
8341
5522
5544
8340
5523
5543
8339
5524
5542
8338
5525
5541
8337
5526
5540
9115
5527
5539
9116
5528
5538
9145
5529
5537
9146
5530
5536
10798
5531
5535
10799
5532
5534
10824
5533
6901
5534
5566
6900
5535
5565
10825
5536
5564
10800
5537
5563
10801
5538
5562
9147
5539
5561
9148
5540
5560
9117
5541
5559
9118
5542
5558
8362
5543
5557
8361
5544
5556
8360
5545
5555
8359
5546
5554
8348
5547
5553
8347
5548
5552
8346
5549
5551
8345
5550
8182
5551
5583
8183
5552
5582
8352
5553
5581
8351
5554
5580
8350
5555
5579
8349
5556
5578
8358
5557
5577
8365
5558
5576
8364
5559
5575
8363
5560
5574
9119
5561
5573
9120
5562
5572
9149
5563
5571
9150
5564
5570
10802
5565
5569
10803
5566
5568
10826
5567
6899
5568
5600
6898
5569
5599
10827
5570
5598
10804
5571
5597
10805
5572
5596
9151
5573
5595
9152
5574
5594
9121
5575
5593
9122
5576
5592
8368
5577
5591
8367
5578
5590
8366
5579
5589
8357
5580
5588
8356
5581
5587
8355
5582
5586
8354
5583
5585
8353
5584
8184
5585
5617
11114
5586
5616
11301
5587
5615
11302
5588
5614
11305
5589
5613
11306
5590
5612
11319
5591
5611
11320
5592
5610
11323
5593
5609
11324
5594
5608
11827
5595
5607
11828
5596
5606
11857
5597
5605
11858
5598
5604
15918
5599
5603
15919
5600
5602
15948
5601
6897
5602
5634
6896
5603
5633
15949
5604
5632
15920
5605
5631
15921
5606
5630
11859
5607
5629
11860
5608
5628
11829
5609
5627
11830
5610
5626
11325
5611
5625
11322
5612
5624
11321
5613
5623
11318
5614
5622
11307
5615
5621
11304
5616
5620
11303
5617
5619
11300
5618
11115
5619
5651
11116
5620
5650
11311
5621
5649
11310
5622
5648
11309
5623
5647
11308
5624
5646
11317
5625
5645
11328
5626
5644
11327
5627
5643
11326
5628
5642
11831
5629
5641
11832
5630
5640
11861
5631
5639
11862
5632
5638
15922
5633
5637
15923
5634
5636
15950
5635
6895
5636
5668
6894
5637
5667
15951
5638
5666
15924
5639
5665
15925
5640
5664
11863
5641
5663
11864
5642
5662
11833
5643
5661
11834
5644
5660
11331
5645
5659
11330
5646
5658
11329
5647
5657
11316
5648
5656
11315
5649
5655
11314
5650
5654
11313
5651
5653
11312
5652
11117
5653
5685
11118
5654
5684
11339
5655
5683
11338
5656
5682
11337
5657
5681
11336
5658
5680
11335
5659
5679
11334
5660
5678
11333
5661
5677
11332
5662
5676
11835
5663
5675
11836
5664
5674
11865
5665
5673
11866
5666
5672
15926
5667
5671
15927
5668
5670
15952
5669
6893
5670
5702
6892
5671
5701
15953
5672
5700
15928
5673
5699
15929
5674
5698
11867
5675
5697
11868
5676
5696
11837
5677
5695
11838
5678
5694
11357
5679
5693
11356
5680
5692
11355
5681
5691
11354
5682
5690
11343
5683
5689
11342
5684
5688
11341
5685
5687
11340
5686
11119
5687
5719
11120
5688
5718
11347
5689
5717
11346
5690
5716
11345
5691
5715
11344
5692
5714
11353
5693
5713
11360
5694
5712
11359
5695
5711
11358
5696
5710
11839
5697
5709
11840
5698
5708
11869
5699
5707
11870
5700
5706
15930
5701
5705
15931
5702
5704
15954
5703
6891
5704
5736
6890
5705
5735
15955
5706
5734
15932
5707
5733
15933
5708
5732
11871
5709
5731
11872
5710
5730
11841
5711
5729
11842
5712
5728
11363
5713
5727
11362
5714
5726
11361
5715
5725
11352
5716
5724
11351
5717
5723
11350
5718
5722
11349
5719
5721
11348
5720
11121
5721
5753
11550
5722
5752
11986
5723
5751
11987
5724
5750
12014
5725
5749
12015
5726
5748
12143
5727
5747
12144
5728
5746
12211
5729
5745
12212
5730
5744
15987
5731
5743
15988
5732
5742
16017
5733
5741
16018
5734
5740
16027
5735
5739
16028
5736
5738
16031
5737
6889
5738
5770
6888
5739
5769
16030
5740
5768
16029
5741
5767
16026
5742
5766
16019
5743
5765
16016
5744
5764
15989
5745
5763
15990
5746
5762
12213
5747
5761
12210
5748
5760
12145
5749
5759
12146
5750
5758
12016
5751
5757
12017
5752
5756
11988
5753
5755
11989
5754
11551
5755
5787
11552
5756
5786
11990
5757
5785
11991
5758
5784
12018
5759
5783
12019
5760
5782
12147
5761
5781
12148
5762
5780
12209
5763
5779
12214
5764
5778
15991
5765
5777
15992
5766
5776
16021
5767
5775
16020
5768
5774
16025
5769
5773
20650
5770
5772
20653
5771
6887
5772
5804
6886
5773
5803
20652
5774
5802
20651
5775
5801
16024
5776
5800
16023
5777
5799
16022
5778
5798
15993
5779
5797
15994
5780
5796
12215
5781
5795
12208
5782
5794
12149
5783
5793
12150
5784
5792
12020
5785
5791
12021
5786
5790
11992
5787
5789
11993
5788
11553
5789
5821
11554
5790
5820
11994
5791
5819
11995
5792
5818
12022
5793
5817
12023
5794
5816
12151
5795
5815
12152
5796
5814
12207
5797
5813
12216
5798
5812
15995
5799
5811
15996
5800
5810
20665
5801
5809
20666
5802
5808
20786
5803
5807
20787
5804
5806
20790
5805
6885
5806
5838
6884
5807
5837
20789
5808
5836
20788
5809
5835
20785
5810
5834
20667
5811
5833
20668
5812
5832
15997
5813
5831
15998
5814
5830
12217
5815
5829
12206
5816
5828
12153
5817
5827
12154
5818
5826
12024
5819
5825
12025
5820
5824
11996
5821
5823
11997
5822
11555
5823
5855
11556
5824
5854
11998
5825
5853
11999
5826
5852
12026
5827
5851
12027
5828
5850
12155
5829
5849
12156
5830
5848
12205
5831
5847
12218
5832
5846
15999
5833
5845
16000
5834
5844
20669
5835
5843
20670
5836
5842
20866
5837
5841
20865
5838
5840
20864
5839
6883
5840
5872
6882
5841
5871
20869
5842
5870
20868
5843
5869
20867
5844
5868
20671
5845
5867
20672
5846
5866
16001
5847
5865
16002
5848
5864
12219
5849
5863
12204
5850
5862
12157
5851
5861
12158
5852
5860
12028
5853
5859
12029
5854
5858
12000
5855
5857
12001
5856
11557
5857
5889
12066
5858
5888
12179
5859
5887
12178
5860
5886
12177
5861
5885
12184
5862
5884
12185
5863
5883
12186
5864
5882
12203
5865
5881
18514
5866
5880
20692
5867
5879
20693
5868
5878
20904
5869
5877
20905
5870
5876
20954
5871
5875
20955
5872
5874
21579
5873
6881
5874
5906
6880
5875
5905
21578
5876
5904
20956
5877
5903
20957
5878
5902
20906
5879
5901
20907
5880
5900
20694
5881
5899
20695
5882
5898
18515
5883
5897
12202
5884
5896
12187
5885
5895
12188
5886
5894
12183
5887
5893
12182
5888
5892
12181
5889
5891
12180
5890
12067
5891
5923
12068
5892
5922
12193
5893
5921
12192
5894
5920
12191
5895
5919
12190
5896
5918
12189
5897
5917
12200
5898
5916
12201
5899
5915
18516
5900
5914
20696
5901
5913
20697
5902
5912
20908
5903
5911
20909
5904
5910
20958
5905
5909
20959
5906
5908
21580
5907
6879
5908
5940
6878
5909
5939
21581
5910
5938
20960
5911
5937
20961
5912
5936
20910
5913
5935
20911
5914
5934
20698
5915
5933
20699
5916
5932
18517
5917
5931
18518
5918
5930
12199
5919
5929
12198
5920
5928
12197
5921
5927
12196
5922
5926
12195
5923
5925
12194
5924
12069
5925
5957
12070
5926
5956
18525
5927
5955
18524
5928
5954
18523
5929
5953
18522
5930
5952
18521
5931
5951
18520
5932
5950
18519
5933
5949
18544
5934
5948
20700
5935
5947
20701
5936
5946
20912
5937
5945
20913
5938
5944
20962
5939
5943
20963
5940
5942
21582
5941
6877
5942
5974
6876
5943
5973
21583
5944
5972
20964
5945
5971
20965
5946
5970
20914
5947
5969
20915
5948
5968
20702
5949
5967
20703
5950
5966
18543
5951
5965
18542
5952
5964
18541
5953
5963
18540
5954
5962
18529
5955
5961
18528
5956
5960
18527
5957
5959
18526
5958
12071
5959
5991
12072
5960
5990
18533
5961
5989
18532
5962
5988
18531
5963
5987
18530
5964
5986
18539
5965
5985
20707
5966
5984
20706
5967
5983
20705
5968
5982
20704
5969
5981
20917
5970
5980
20916
5971
5979
20967
5972
5978
20966
5973
5977
21585
5974
5976
21584
5975
6875
5976
6008
6874
5977
6007
22575
5978
6006
21586
5979
6005
21587
5980
6004
20968
5981
6003
20969
5982
6002
20918
5983
6001
20919
5984
6000
20710
5985
5999
20709
5986
5998
20708
5987
5997
18538
5988
5996
18537
5989
5995
18536
5990
5994
18535
5991
5993
18534
5992
12073
5993
6025
18628
5994
6024
21174
5995
6023
21175
5996
6022
21202
5997
6021
21203
5998
6020
21301
5999
6019
21302
6000
6018
21331
6001
6017
21332
6002
6016
22552
6003
6015
22553
6004
6014
22556
6005
6013
22557
6006
6012
22570
6007
6011
22571
6008
6010
22574
6009
6873
6010
6042
6872
6011
6041
22573
6012
6040
22572
6013
6039
22569
6014
6038
22558
6015
6037
22555
6016
6036
22554
6017
6035
22551
6018
6034
21333
6019
6033
21334
6020
6032
21303
6021
6031
21304
6022
6030
21204
6023
6029
21205
6024
6028
21176
6025
6027
21177
6026
18629
6027
6059
18630
6028
6058
21178
6029
6057
21179
6030
6056
21206
6031
6055
21207
6032
6054
21305
6033
6053
21306
6034
6052
21335
6035
6051
21336
6036
6050
22562
6037
6049
22561
6038
6048
22560
6039
6047
22559
6040
6046
22568
6041
6045
25268
6042
6044
25271
6043
6871
6044
6076
6870
6045
6075
25270
6046
6074
25269
6047
6073
22567
6048
6072
22566
6049
6071
22565
6050
6070
22564
6051
6069
22563
6052
6068
21337
6053
6067
21338
6054
6066
21307
6055
6065
21308
6056
6064
21208
6057
6063
21209
6058
6062
21180
6059
6061
21181
6060
18631
6061
6093
18632
6062
6092
21182
6063
6091
21183
6064
6090
21210
6065
6089
21211
6066
6088
21309
6067
6087
21310
6068
6086
21339
6069
6085
21340
6070
6084
24437
6071
6083
24438
6072
6082
24455
6073
6081
24456
6074
6080
25415
6075
6079
25416
6076
6078
25433
6077
6869
6078
6110
6868
6079
6109
25432
6080
6108
25417
6081
6107
25418
6082
6106
24457
6083
6105
24458
6084
6104
24439
6085
6103
24440
6086
6102
21341
6087
6101
21342
6088
6100
21311
6089
6099
21312
6090
6098
21212
6091
6097
21213
6092
6096
21184
6093
6095
21185
6094
18633
6095
6127
18634
6096
6126
21186
6097
6125
21187
6098
6124
21214
6099
6123
21215
6100
6122
21313
6101
6121
21314
6102
6120
21343
6103
6119
21344
6104
6118
24441
6105
6117
24442
6106
6116
24459
6107
6115
24460
6108
6114
25419
6109
6113
25420
6110
6112
25434
6111
6867
6112
6144
6866
6113
6143
25435
6114
6142
25421
6115
6141
25422
6116
6140
24461
6117
6139
24462
6118
6138
24443
6119
6137
24444
6120
6136
21345
6121
6135
21346
6122
6134
21315
6123
6133
21316
6124
6132
21216
6125
6131
21217
6126
6130
21188
6127
6129
21189
6128
18635
6129
6161
21379
6130
6160
21711
6131
6159
21712
6132
6158
21715
6133
6157
21716
6134
6156
21729
6135
6155
21730
6136
6154
21733
6137
6153
21734
6138
6152
25886
6139
6151
25887
6140
6150
25941
6141
6149
25942
6142
6148
25982
6143
6147
25983
6144
6146
26803
6145
6865
6146
6178
6864
6147
6177
26804
6148
6176
25984
6149
6175
25985
6150
6174
25943
6151
6173
25944
6152
6172
25888
6153
6171
25889
6154
6170
21735
6155
6169
21732
6156
6168
21731
6157
6167
21728
6158
6166
21717
6159
6165
21714
6160
6164
21713
6161
6163
21710
6162
21380
6163
6195
21381
6164
6194
21721
6165
6193
21720
6166
6192
21719
6167
6191
21718
6168
6190
21727
6169
6189
21738
6170
6188
21737
6171
6187
21736
6172
6186
25890
6173
6185
25891
6174
6184
25945
6175
6183
25946
6176
6182
25986
6177
6181
25987
6178
6180
26805
6179
6863
6180
6212
6862
6181
6211
26806
6182
6210
25988
6183
6209
25989
6184
6208
25947
6185
6207
25948
6186
6206
25892
6187
6205
25893
6188
6204
21741
6189
6203
21740
6190
6202
21739
6191
6201
21726
6192
6200
21725
6193
6199
21724
6194
6198
21723
6195
6197
21722
6196
21382
6197
6229
21383
6198
6228
21749
6199
6227
21748
6200
6226
21747
6201
6225
21746
6202
6224
21745
6203
6223
21744
6204
6222
21743
6205
6221
21742
6206
6220
25894
6207
6219
25895
6208
6218
25949
6209
6217
25950
6210
6216
25990
6211
6215
25991
6212
6214
26807
6213
6861
6214
6246
6860
6215
6245
26808
6216
6244
25992
6217
6243
25993
6218
6242
25951
6219
6241
25952
6220
6240
25896
6221
6239
25897
6222
6238
21767
6223
6237
21766
6224
6236
21765
6225
6235
21764
6226
6234
21753
6227
6233
21752
6228
6232
21751
6229
6231
21750
6230
21384
6231
6263
21385
6232
6262
21757
6233
6261
21756
6234
6260
21755
6235
6259
21754
6236
6258
21763
6237
6257
21770
6238
6256
21769
6239
6255
21768
6240
6254
25898
6241
6253
25899
6242
6252
25953
6243
6251
25954
6244
6250
25994
6245
6249
25995
6246
6248
26809
6247
6859
6248
6280
6858
6249
6279
26810
6250
6278
25996
6251
6277
25997
6252
6276
25955
6253
6275
25956
6254
6274
25900
6255
6273
25901
6256
6272
21773
6257
6271
21772
6258
6270
21771
6259
6269
21762
6260
6268
21761
6261
6267
21760
6262
6266
21759
6263
6265
21758
6264
21386
6265
6297
26102
6266
6296
26145
6267
6295
26146
6268
6294
26175
6269
6293
26176
6270
6292
26334
6271
6291
26335
6272
6290
26364
6273
6289
26365
6274
6288
27779
6275
6287
27780
6276
6286
27807
6277
6285
27808
6278
6284
28088
6279
6283
28089
6280
6282
28118
6281
6857
6282
6314
6856
6283
6313
28119
6284
6312
28090
6285
6311
28091
6286
6310
27809
6287
6309
27810
6288
6308
27781
6289
6307
27782
6290
6306
26366
6291
6305
26367
6292
6304
26336
6293
6303
26337
6294
6302
26177
6295
6301
26178
6296
6300
26147
6297
6299
26148
6298
26103
6299
6331
26104
6300
6330
26149
6301
6329
26150
6302
6328
26179
6303
6327
26180
6304
6326
26338
6305
6325
26339
6306
6324
26368
6307
6323
26369
6308
6322
27783
6309
6321
27784
6310
6320
27811
6311
6319
27812
6312
6318
28092
6313
6317
28093
6314
6316
28120
6315
6855
6316
6348
6854
6317
6347
28121
6318
6346
28094
6319
6345
28095
6320
6344
27813
6321
6343
27814
6322
6342
27785
6323
6341
27786
6324
6340
26370
6325
6339
26371
6326
6338
26340
6327
6337
26341
6328
6336
26181
6329
6335
26182
6330
6334
26151
6331
6333
26152
6332
26105
6333
6365
26106
6334
6364
26153
6335
6363
26154
6336
6362
26183
6337
6361
26184
6338
6360
26342
6339
6359
26343
6340
6358
26372
6341
6357
26373
6342
6356
27787
6343
6355
27788
6344
6354
27815
6345
6353
27816
6346
6352
28096
6347
6351
28097
6348
6350
28122
6349
6853
6350
6382
6852
6351
6381
28123
6352
6380
28098
6353
6379
28099
6354
6378
27817
6355
6377
27818
6356
6376
27789
6357
6375
27790
6358
6374
26374
6359
6373
26375
6360
6372
26344
6361
6371
26345
6362
6370
26185
6363
6369
26186
6364
6368
26155
6365
6367
26156
6366
26107
6367
6399
26108
6368
6398
26157
6369
6397
26158
6370
6396
26187
6371
6395
26188
6372
6394
26346
6373
6393
26347
6374
6392
26376
6375
6391
26377
6376
6390
27791
6377
6389
27792
6378
6388
27819
6379
6387
27820
6380
6386
28100
6381
6385
28101
6382
6384
28124
6383
6851
6384
6416
6850
6385
6415
28125
6386
6414
28102
6387
6413
28103
6388
6412
27821
6389
6411
27822
6390
6410
27793
6391
6409
27794
6392
6408
26378
6393
6407
26379
6394
6406
26348
6395
6405
26349
6396
6404
26189
6397
6403
26190
6398
6402
26159
6399
6401
26160
6400
26109
6401
6433
26412
6402
6432
28173
6403
6431
28172
6404
6430
28171
6405
6429
28170
6406
6428
28169
6407
6427
28190
6408
6426
28191
6409
6425
28192
6410
6424
29386
6411
6423
29387
6412
6422
29746
6413
6421
29747
6414
6420
29810
6415
6419
29811
6416
6418
30338
6417
6849
6418
6450
6848
6419
6449
30339
6420
6448
29812
6421
6447
29813
6422
6446
29748
6423
6445
29749
6424
6444
29388
6425
6443
29389
6426
6442
28193
6427
6441
28194
6428
6440
28189
6429
6439
28188
6430
6438
28177
6431
6437
28176
6432
6436
28175
6433
6435
28174
6434
26413
6435
6467
26414
6436
6466
28181
6437
6465
28180
6438
6464
28179
6439
6463
28178
6440
6462
28187
6441
6461
28196
6442
6460
28195
6443
6459
28200
6444
6458
29390
6445
6457
29391
6446
6456
29750
6447
6455
29751
6448
6454
29814
6449
6453
29815
6450
6452
30340
6451
6847
6452
6484
6846
6453
6483
30341
6454
6482
29816
6455
6481
29817
6456
6480
29752
6457
6479
29753
6458
6478
29392
6459
6477
29393
6460
6476
28199
6461
6475
28198
6462
6474
28197
6463
6473
28186
6464
6472
28185
6465
6471
28184
6466
6470
28183
6467
6469
28182
6468
26415
6469
6501
26416
6470
6500
29402
6471
6499
29401
6472
6498
29400
6473
6497
29399
6474
6496
29398
6475
6495
29397
6476
6494
29396
6477
6493
29395
6478
6492
29394
6479
6491
29755
6480
6490
29754
6481
6489
29819
6482
6488
29818
6483
6487
30343
6484
6486
30342
6485
6845
6486
6518
6844
6487
6517
31535
6488
6516
30344
6489
6515
30345
6490
6514
29820
6491
6513
29821
6492
6512
29756
6493
6511
29757
6494
6510
29420
6495
6509
29419
6496
6508
29418
6497
6507
29417
6498
6506
29406
6499
6505
29405
6500
6504
29404
6501
6503
29403
6502
26417
6503
6535
26418
6504
6534
29410
6505
6533
29409
6506
6532
29408
6507
6531
29407
6508
6530
29416
6509
6529
29423
6510
6528
29422
6511
6527
29421
6512
6526
29758
6513
6525
29759
6514
6524
29822
6515
6523
29823
6516
6522
30346
6517
6521
30347
6518
6520
31536
6519
6843
6520
6552
6842
6521
6551
31537
6522
6550
30348
6523
6549
30349
6524
6548
29824
6525
6547
29825
6526
6546
29760
6527
6545
29761
6528
6544
29426
6529
6543
29425
6530
6542
29424
6531
6541
29415
6532
6540
29414
6533
6539
29413
6534
6538
29412
6535
6537
29411
6536
26419
6537
6569
29851
6538
6568
29994
6539
6567
29995
6540
6566
29998
6541
6565
29999
6542
6564
30012
6543
6563
30013
6544
6562
30016
6545
6561
30017
6546
6560
31551
6547
6559
31552
6548
6558
31581
6549
6557
31582
6550
6556
31591
6551
6555
31592
6552
6554
31595
6553
6841
6554
6586
6840
6555
6585
31594
6556
6584
31593
6557
6583
31590
6558
6582
31583
6559
6581
31580
6560
6580
31553
6561
6579
31554
6562
6578
30018
6563
6577
30015
6564
6576
30014
6565
6575
30011
6566
6574
30000
6567
6573
29997
6568
6572
29996
6569
6571
29993
6570
29852
6571
6603
29853
6572
6602
30004
6573
6601
30003
6574
6600
30002
6575
6599
30001
6576
6598
30010
6577
6597
30021
6578
6596
30020
6579
6595
30019
6580
6594
31555
6581
6593
31556
6582
6592
31585
6583
6591
31584
6584
6590
31589
6585
6589
34948
6586
6588
34949
6587
6839
6588
6620
6838
6589
6619
34950
6590
6618
34947
6591
6617
31588
6592
6616
31587
6593
6615
31586
6594
6614
31557
6595
6613
31558
6596
6612
30024
6597
6611
30023
6598
6610
30022
6599
6609
30009
6600
6608
30008
6601
6607
30007
6602
6606
30006
6603
6605
30005
6604
29854
6605
6637
29855
6606
6636
30032
6607
6635
30031
6608
6634
30030
6609
6633
30029
6610
6632
30028
6611
6631
30027
6612
6630
30026
6613
6629
30025
6614
6628
31559
6615
6627
31560
6616
6626
34757
6617
6625
34758
6618
6624
34953
6619
6623
34952
6620
6622
34951
6621
6837
6622
6654
6836
6623
6653
34956
6624
6652
34955
6625
6651
34954
6626
6650
34759
6627
6649
34760
6628
6648
31561
6629
6647
31562
6630
6646
30050
6631
6645
30049
6632
6644
30048
6633
6643
30047
6634
6642
30036
6635
6641
30035
6636
6640
30034
6637
6639
30033
6638
29856
6639
6671
29857
6640
6670
30040
6641
6669
30039
6642
6668
30038
6643
6667
30037
6644
6666
30046
6645
6665
30053
6646
6664
30052
6647
6663
30051
6648
6662
31563
6649
6661
31564
6650
6660
34761
6651
6659
34762
6652
6658
34959
6653
6657
34958
6654
6656
34957
6655
6835
6656
6688
6834
6657
6687
34962
6658
6686
34961
6659
6685
34960
6660
6684
34763
6661
6683
34764
6662
6682
31565
6663
6681
31566
6664
6680
30056
6665
6679
30055
6666
6678
30054
6667
6677
30045
6668
6676
30044
6669
6675
30043
6670
6674
30042
6671
6673
30041
6672
29858
6673
6705
34205
6674
6704
34471
6675
6703
34472
6676
6702
34503
6677
6701
34504
6678
6700
34569
6679
6699
34570
6680
6698
34599
6681
6697
34600
6682
6696
34723
6683
6695
34724
6684
6694
34765
6685
6693
34766
6686
6692
37022
6687
6691
37023
6688
6690
37052
6689
6833
6690
6722
6832
6691
6721
37053
6692
6720
37024
6693
6719
37025
6694
6718
34767
6695
6717
34768
6696
6716
34725
6697
6715
34726
6698
6714
34601
6699
6713
34602
6700
6712
34571
6701
6711
34572
6702
6710
34505
6703
6709
34506
6704
6708
34473
6705
6707
34474
6706
34206
6707
6739
34207
6708
6738
34475
6709
6737
34476
6710
6736
34507
6711
6735
34508
6712
6734
34573
6713
6733
34574
6714
6732
34603
6715
6731
34604
6716
6730
34727
6717
6729
34728
6718
6728
34769
6719
6727
34770
6720
6726
37026
6721
6725
37027
6722
6724
37054
6723
6831
6724
6756
6830
6725
6755
37055
6726
6754
37028
6727
6753
37029
6728
6752
34771
6729
6751
34772
6730
6750
34729
6731
6749
34730
6732
6748
34605
6733
6747
34606
6734
6746
34575
6735
6745
34576
6736
6744
34509
6737
6743
34510
6738
6742
34477
6739
6741
34478
6740
34208
6741
6773
34209
6742
6772
34479
6743
6771
34480
6744
6770
34511
6745
6769
34512
6746
6768
34577
6747
6767
34578
6748
6766
34607
6749
6765
34608
6750
6764
34731
6751
6763
34732
6752
6762
34773
6753
6761
34774
6754
6760
37030
6755
6759
37031
6756
6758
37056
6757
6829
6758
6790
6828
6759
6789
37057
6760
6788
37032
6761
6787
37033
6762
6786
34775
6763
6785
34776
6764
6784
34733
6765
6783
34734
6766
6782
34609
6767
6781
34610
6768
6780
34579
6769
6779
34580
6770
6778
34513
6771
6777
34514
6772
6776
34481
6773
6775
34482
6774
34210
6775
6807
34211
6776
6806
34483
6777
6805
34484
6778
6804
34515
6779
6803
34516
6780
6802
34581
6781
6801
34582
6782
6800
34611
6783
6799
34612
6784
6798
34735
6785
6797
34736
6786
6796
34777
6787
6795
34778
6788
6794
37034
6789
6793
37035
6790
6792
37058
6791
6827
6792
6824
6826
6793
6823
37059
6794
6822
37036
6795
6821
37037
6796
6820
34779
6797
6819
34780
6798
6818
34737
6799
6817
34738
6800
6816
34613
6801
6815
34614
6802
6814
34583
6803
6813
34584
6804
6812
34517
6805
6811
34518
6806
6810
34485
6807
6809
34486
6808
34212
6809
34647
6810
34648
6811
34649
6812
34650
6813
34651
6814
34652
6815
34653
6816
34654
6817
34655
6818
37089
6819
37090
6820
37091
6821
37092
6822
37093
6823
37094
6824
37095
6825
6826
15209
37095
39998
6827
15210
37059
38709
6828
15211
37058
38708
6829
15212
37057
38685
6830
15213
37056
38684
6831
15214
37055
37136
6832
15215
37054
37135
6833
15216
37053
37118
6834
15217
37052
37117
6835
15218
34962
36689
6836
15219
34957
36688
6837
15220
34956
36683
6838
15221
34951
36682
6839
15222
34950
34976
6840
15223
34949
34975
6841
15224
31594
34974
6842
15225
31595
34973
6843
15226
31537
34359
6844
15227
31536
33343
6845
15228
31535
33344
6846
15229
30342
31526
6847
15230
30341
31525
6848
15231
30340
31512
6849
15232
30339
31511
6850
15233
30338
31506
6851
15234
28125
31463
6852
15235
28124
31462
6853
15236
28123
31445
6854
15237
28122
31444
6855
15238
28121
31421
6856
15239
28120
31420
6857
15240
28119
31407
6858
15241
28118
31406
6859
15242
26810
29250
6860
15243
26809
29251
6861
15244
26808
29236
6862
15245
26807
29235
6863
15246
26806
27729
6864
15247
26805
27728
6865
15248
26804
27723
6866
15249
26803
27722
6867
15250
25435
26917
6868
15251
25434
26761
6869
15252
25432
26762
6870
15253
25411
25433
6871
15254
25270
25410
6872
15255
25271
25275
6873
15256
22573
25276
6874
15257
22574
25219
6875
15258
22575
25218
6876
15259
21584
22526
6877
15260
21583
22525
6878
15261
21582
22512
6879
15262
21581
22511
6880
15263
21580
22504
6881
15264
21578
22503
6882
15265
21569
21579
6883
15266
20869
21568
6884
15267
20862
20864
6885
15268
20789
20861
6886
15269
20790
20860
6887
15270
20652
20658
6888
15271
20653
20657
6889
15272
16030
19966
6890
15273
16031
19967
6891
15274
15955
19876
6892
15275
15954
19875
6893
15276
15953
19862
6894
15277
15952
19861
6895
15278
15951
19848
6896
15279
15950
19847
6897
15280
15949
18204
6898
15281
15948
18203
6899
10827
15282
18058
6900
10826
15283
18053
6901
10825
15284
15905
6902
10824
15285
15904
6903
10823
15286
15899
6904
10822
15287
15898
6905
10821
13814
13848
6906
10820
13813
13847
6907
7237
10763
13808
6908
7238
10762
13807
6909
7239
10761
11025
6910
7240
10760
11024
6911
7241
10759
10893
6912
7242
10758
10892
6913
7243
10757
10873
6914
7244
10756
10872
6915
7245
8742
10551
6916
7246
8739
10546
6917
7247
8738
10545
6918
7248
8715
8909
6919
7249
8714
8908
6920
7250
8711
8881
6921
7251
8709
8880
6922
6948
7254
8710
6923
6945
6947
6924
6942
8710
6925
6941
8707
6926
6938
8706
6927
6937
8693
6928
6934
8692
6929
6933
8689
6930
8688
6931
6933
7261
6932
8660
8682
6933
6935
8661
8683
6934
7260
6935
6937
7259
6936
8664
8767
6937
6939
8665
8768
6938
7258
6939
6941
7257
6940
8847
8861
6941
6943
8850
8860
6942
7256
6943
6945
7255
6944
8851
8859
6945
8854
8856
8858
6946
7254
6947
7253
8856
6948
6949
7251
7253
6950
6984
6951
6983
7253
6952
6982
8857
6953
6981
8988
6954
6980
8987
6955
6979
9000
6956
6978
10566
6957
6977
10567
6958
6976
10568
6959
6975
12946
6960
6974
12945
6961
6973
12944
6962
6972
12775
6963
6971
13458
6964
6970
13459
6965
13462
6966
6968
6970
13461
6967
13464
6968
7002
13465
6969
7001
13466
6970
6998
7000
13467
6971
13460
6972
6998
13457
6973
6997
12950
6974
6996
12949
6975
6995
12948
6976
6994
12947
6977
6993
10569
6978
6992
10570
6979
6991
10565
6980
6990
8999
6981
6989
8998
6982
6988
8989
6983
6987
8990
6984
6986
7252
6985
7251
6986
7020
7250
6987
7019
8992
6988
7018
8991
6989
7017
8996
6990
7016
8997
6991
7015
10563
6992
7014
10564
6993
7013
10571
6994
7012
10572
6995
7011
13408
6996
7010
13409
6997
7009
13412
6998
7008
12951
6999
13456
7000
7006
7008
13455
7001
7005
13468
7002
7004
13469
7003
13470
7004
7038
13471
7005
7037
13472
7006
7036
13579
7007
7035
13578
7008
7032
7034
13453
7009
13454
7010
7032
13411
7011
7031
13410
7012
7030
13407
7013
7029
10573
7014
7028
10574
7015
7027
10575
7016
7026
10562
7017
7025
10561
7018
7024
8995
7019
7023
8994
7020
7022
8993
7021
7249
7022
7056
7248
7023
7055
10555
7024
7054
10556
7025
7053
10559
7026
7052
10560
7027
7051
10577
7028
7050
10576
7029
7049
10948
7030
7048
10949
7031
7047
13448
7032
7046
13449
7033
13452
7034
7044
7046
13451
7035
7043
13576
7036
7042
13577
7037
7041
13580
7038
7040
13581
7039
16786
7040
7074
16785
7041
7073
16787
7042
7072
16788
7043
7071
16789
7044
7070
13575
7045
7069
13570
7046
7066
7068
13571
7047
13450
7048
7066
13447
7049
7065
10950
7050
7064
10951
7051
7063
10952
7052
7062
10578
7053
7061
10913
7054
7060
10558
7055
7059
10557
7056
7058
10554
7057
7247
7058
7092
7246
7059
7091
10553
7060
7090
10915
7061
7089
10914
7062
7088
10912
7063
7087
10911
7064
7086
10953
7065
7085
10956
7066
7084
15309
7067
13446
7068
7082
7084
13445
7069
7081
13572
7070
7080
13573
7071
7079
13574
7072
7078
16790
7073
7077
16989
7074
7076
16990
7075
16784
7076
7110
16992
7077
7109
16991
7078
7108
16988
7079
7107
16987
7080
7106
16986
7081
7105
16180
7082
7104
16177
7083
7103
16176
7084
7100
7102
15307
7085
15308
7086
7100
10955
7087
7099
10954
7088
7098
10910
7089
7097
10918
7090
7096
10917
7091
7095
10916
7092
7094
10552
7093
7245
7094
7128
7244
7095
7127
10922
7096
7126
10921
7097
7125
10920
7098
7124
10919
7099
7123
15302
7100
7122
15303
7101
15306
7102
7120
7122
15305
7103
7119
15310
7104
7118
16175
7105
7117
16178
7106
7116
16179
7107
7115
16985
7108
7114
16996
7109
7113
16995
7110
7112
16994
7111
16993
7112
7146
22347
7113
7145
17027
7114
7144
17026
7115
7143
16997
7116
7142
16984
7117
7141
16983
7118
7140
16982
7119
7139
16174
7120
7138
15311
7121
7137
15312
7122
7134
7136
15313
7123
15304
7124
7134
15301
7125
7133
10926
7126
7132
10925
7127
7131
10924
7128
7130
10923
7129
7243
7130
7164
7242
7131
7163
13836
7132
7162
13835
7133
7161
10928
7134
7160
10927
7135
15300
7136
7158
7160
15299
7137
7157
15314
7138
7156
15315
7139
7155
15316
7140
7154
16173
7141
7153
16981
7142
7152
17022
7143
7151
17023
7144
7150
17024
7145
7149
17025
7146
7148
19575
7147
22346
7148
7182
22345
7149
7181
19574
7150
7180
19571
7151
7179
19570
7152
7178
18129
7153
7177
18128
7154
7176
16980
7155
7175
16172
7156
7174
16171
7157
7173
15368
7158
7172
15365
7159
7171
15364
7160
7168
7170
15297
7161
15298
7162
7168
13833
7163
7167
13834
7164
7166
13837
7165
7241
7166
7200
7240
7167
7199
13838
7168
7198
13839
7169
13832
7170
7196
7198
13831
7171
7195
15296
7172
7194
15363
7173
7193
15366
7174
7192
15367
7175
7191
16170
7176
7190
16978
7177
7189
16979
7178
7188
18127
7179
7187
18130
7180
7186
19569
7181
7185
19572
7182
7184
19573
7183
22344
7184
7218
22343
7185
7217
22342
7186
7216
22341
7187
7215
19568
7188
7214
18131
7189
7213
18126
7190
7212
18125
7191
7211
16977
7192
7210
16169
7193
7209
17963
7194
7208
17964
7195
7207
15362
7196
7206
15295
7197
7205
13830
7198
7202
7204
13843
7199
13840
7200
7202
13841
7201
7239
7202
7236
7238
7203
13842
7204
7234
7236
13845
7205
7233
13844
7206
7232
15293
7207
7231
15294
7208
7230
15361
7209
7229
17965
7210
7228
17962
7211
7227
16168
7212
7226
16976
7213
7225
18124
7214
7224
18133
7215
7223
18132
7216
7222
19567
7217
7221
22340
7218
7220
22349
7219
22348
7220
13865
22351
7221
13864
22350
7222
13863
22339
7223
13862
20129
7224
13861
18135
7225
13860
18134
7226
13859
18123
7227
13858
18122
7228
13857
17960
7229
13856
17961
7230
13855
17966
7231
13854
17967
7232
13853
17968
7233
13852
15292
7234
13851
15291
7235
13846
13850
7236
13847
13849
7237
7238
13845
13847
7239
13842
7240
13841
7241
13838
7242
13837
7243
13836
7244
10923
7245
10922
7246
10552
7247
10553
7248
10554
7249
10555
7250
8993
7251
8992
7252
7253
8880
8990
8992
7254
8857
7255
8858
8880
7256
8710
8749
8859
7257
8707
8750
8860
7258
8706
8751
8861
7259
8693
8752
8768
7260
8692
8753
8767
7261
8683
8689
8754
7262
8682
8686
8688
7263
7377
7423
7567
7264
7376
7424
7566
7265
7373
7425
7551
7266
7372
7426
7550
7267
7359
7427
7429
7268
7356
7358
7430
7269
7271
7351
7355
7270
7350
7354
7271
7273
7272
7358
7273
7355
7357
7363
7274
7354
7364
7275
7287
7276
7286
7364
7277
7285
7365
7278
7284
7392
7279
7283
7393
7280
7282
7400
7281
7401
7709
7282
7322
7520
7708
7283
7321
7515
7284
7316
7486
7285
7315
7481
7286
7294
7448
7287
7293
7443
7288
7354
7289
7293
7353
7290
7292
7438
7291
7299
7437
7292
7296
7298
7474
7293
7295
7441
7294
7442
7295
7315
7447
7296
7314
7476
7297
7313
7475
7298
7306
7312
7660
7299
7305
7655
7300
7644
7301
7305
7643
7302
7304
7344
7303
7343
9372
7304
7308
7342
9379
7305
7307
7757
7306
7656
7307
7311
7659
7308
7310
7756
7309
7341
9380
7310
7330
7340
9403
7311
7329
7755
7312
7328
7672
7313
7327
7671
7314
7318
7500
7315
7317
7479
7316
7480
7317
7321
7485
7318
7320
7502
7319
7327
7501
7320
7324
7326
7534
7321
7323
7513
7322
7514
7323
7519
7707
7324
7532
7706
7325
7533
7705
7326
7334
7692
7704
7327
7333
7687
7328
7676
7329
7333
7675
7330
7332
7754
7331
7339
9404
7332
7336
7338
9411
7333
7335
7753
7334
7688
7335
7691
7737
7336
7738
7752
7337
7739
9412
7338
7750
7752
7812
9551
7339
7753
7811
9546
7340
7754
7800
9517
7341
7755
7797
9512
7342
7756
7768
9479
7343
7757
7767
9474
7344
7766
9453
7345
7643
7757
7759
7346
7760
7347
7641
7643
7348
7640
7644
7349
7435
7437
7350
7434
7438
7351
7353
7352
7430
7434
7353
7355
7431
7439
7445
7354
7438
7442
7355
7443
7356
7444
7357
7427
7431
7451
7358
7360
7362
7359
7360
7372
7361
7371
7427
7362
7368
7370
7454
7363
7367
7451
7364
7366
7444
7365
7443
7366
7392
7448
7367
7391
7449
7368
7390
7450
7369
7389
7455
7370
7382
7388
7560
7371
7381
7555
7372
7374
7426
7373
7374
7376
7375
7381
7425
7376
7378
7380
7424
7377
7378
8688
7379
7423
8687
7380
7384
7422
8698
7381
7383
7563
7382
7556
7383
7387
7561
7384
7386
7562
7385
7421
8699
7386
7410
7420
8721
7387
7409
8059
7388
7408
7606
7389
7407
7605
7390
7396
7492
7391
7395
7489
7392
7394
7482
7393
7481
7394
7400
7486
7395
7399
7487
7396
7398
7488
7397
7407
7493
7398
7404
7406
7526
7399
7403
7523
7400
7402
7516
7401
7515
7402
7520
7848
7403
7521
7849
7404
7522
7878
7405
7527
7879
7406
7414
7624
8026
7407
7413
7621
7408
7608
7409
7413
7607
7410
7412
8058
7411
7419
8722
7412
7416
7418
8729
7413
7415
8057
7414
7622
7415
7623
8027
7416
8056
8096
7417
8095
8730
7418
8056
8074
8094
8827
7419
8057
8073
8822
7420
8058
8062
8809
7421
8059
8061
8806
7422
7562
7594
8761
7423
7563
7593
8756
7424
7568
8686
7425
7563
7565
7426
7552
7556
7427
7553
7555
7428
7454
7429
7431
7453
7465
7553
7430
7464
7550
7431
7433
7432
7452
7433
7439
7459
7461
7465
7434
7462
7464
7435
7439
7436
7462
7640
7437
7439
7461
7473
7645
7438
7474
7644
7439
7441
7440
7441
7445
7459
7473
7477
7442
7474
7476
7443
7445
7447
7444
7448
7445
7449
7451
7446
7452
7447
7449
7457
7477
7483
7448
7476
7480
7449
7481
7450
7482
7451
7455
7457
7489
7452
7454
7453
7457
7459
7454
7456
7468
7554
7455
7555
7456
7492
7560
7457
7469
7491
7559
7458
7490
7459
7469
7471
7477
7497
7460
7468
7461
7467
7471
7473
7653
7462
7466
7646
7463
7639
7464
7466
7574
7638
7465
7549
7466
7468
7548
7467
7575
7651
7468
7470
7586
7652
7469
7547
7470
7508
7546
7471
7507
7587
7667
7472
7498
7662
7473
7475
7477
7499
7661
7474
7654
7475
7655
7476
7500
7660
7477
7479
7478
7479
7483
7497
7499
7503
7480
7500
7502
7481
7483
7485
7482
7486
7483
7487
7489
7484
7490
7485
7487
7495
7503
7517
7486
7502
7514
7487
7515
7488
7516
7489
7493
7495
7523
7490
7492
7491
7495
7497
7492
7494
7508
7604
7493
7605
7494
7526
7608
7495
7509
7525
7609
7496
7524
7497
7503
7505
7509
7511
7498
7508
7499
7505
7507
7669
7500
7504
7670
7501
7671
7502
7504
7534
7676
7503
7513
7504
7512
7505
7535
7677
7506
7538
7678
7507
7509
7539
7615
7683
7508
7614
7668
7509
7545
7510
7544
7511
7525
7539
7541
7543
7512
7524
7530
7538
7513
7517
7531
7535
7514
7532
7534
7515
7517
7519
7516
7520
7517
7521
7523
7518
7524
7519
7521
7529
7531
7873
7520
7532
7846
7521
7847
7522
7874
7523
7527
7529
7877
7524
7526
7525
7529
7526
7528
7620
7527
7621
7528
7624
7980
7529
7541
7625
7979
7530
7978
7531
7537
7541
7977
7532
7536
7962
7533
7845
7534
7536
7692
7844
7535
7687
7536
7538
7686
7537
7693
7961
7538
7540
7694
7976
7539
7685
7540
7616
7684
7541
7629
7699
7987
7542
7986
7543
7625
7627
7629
8023
7544
7616
7618
7620
7545
7609
7611
7615
7546
7602
7604
7614
7547
7559
7587
7589
7548
7554
7586
7590
7549
7553
7575
7577
7550
7572
7574
7551
7553
7552
7566
7572
7553
7557
7565
7577
7554
7555
7557
7559
7556
7560
7557
7561
7563
7558
7564
7590
7559
7561
7589
7595
7603
7560
7604
7561
7605
7562
7606
7563
7595
8059
7564
7565
7591
7593
7595
7566
7568
7578
7567
7571
7568
7570
8682
7569
7593
8685
7570
7578
7582
7592
8777
7571
7581
8681
7572
7578
7580
7573
7577
7574
7576
7580
7780
7575
7637
7576
7586
7636
7577
7579
7585
7781
7578
7590
7579
7591
7580
7582
7584
8496
7581
8491
7582
8492
8680
7583
8497
8776
7584
7592
7598
8498
8787
7585
7591
7597
8499
7586
7588
7590
7786
7587
7635
7588
7614
7634
7589
7597
7613
7787
7590
7596
7602
7591
7592
7596
7593
7599
8788
7594
8757
7595
7599
8061
8760
7596
8060
7597
7599
7601
7598
8066
8504
7599
8067
8505
8792
7600
8791
7601
8061
8067
8069
8814
7602
8060
8064
8066
7603
7611
7613
7604
7606
7610
8060
7605
7609
7606
7608
7607
8059
7608
7610
7622
8058
7609
7621
7610
7620
7611
7619
8063
7612
7618
8064
7613
7615
7617
7827
8065
7614
7826
8066
7615
7633
7616
7632
7617
7629
7631
7618
7628
7832
8078
7619
7627
8071
7620
7622
7626
8072
7621
7625
7622
7624
7623
8057
7624
7626
8052
8056
7625
8025
7626
8024
7627
8051
8075
7628
8076
8084
7629
7833
8077
8085
7630
8022
7631
7699
7833
7835
8021
7632
7684
7830
7832
7633
7683
7827
7829
7634
7668
7824
7826
7635
7667
7787
7789
7636
7652
7784
7786
7637
7651
7781
7783
7638
7778
7780
7639
7649
7651
7640
7646
7648
7641
7645
7642
7648
7760
7643
7645
7647
7657
7759
7644
7656
7645
7655
7646
7654
7647
7651
7653
7648
7650
7664
7764
7649
7761
7650
7762
7778
7651
7665
7763
7783
7652
7653
7665
7667
7654
7662
7664
7655
7657
7661
7656
7660
7657
7659
7757
7658
7664
7758
7659
7661
7663
7673
7769
7660
7672
7756
7661
7671
7662
7670
7663
7667
7669
7664
7666
7680
7770
7665
7771
7666
7784
7792
7667
7681
7789
7793
7668
7669
7681
7683
7670
7678
7680
7671
7673
7677
7672
7676
7673
7675
7755
7674
7680
7798
7675
7677
7679
7689
7799
7676
7688
7754
7677
7687
7678
7686
7679
7683
7685
7680
7682
7696
7802
7681
7803
7682
7804
7824
7683
7697
7807
7829
7684
7685
7697
7699
7686
7694
7696
7687
7689
7693
7688
7692
7689
7691
7753
7690
7696
7810
7691
7693
7695
7813
7839
7692
7752
7840
7693
7703
7694
7702
7695
7699
7701
7696
7698
7814
7838
7697
7809
7698
7808
7830
7699
7819
7835
7837
7700
7701
7837
7987
8003
8021
7702
7838
7976
8004
7703
7839
7959
7961
7704
7840
7842
7844
7705
7735
7737
7706
7726
7844
7707
7725
7845
7708
7724
7846
7709
7723
7847
7710
7848
7711
7723
7851
7712
7722
7852
7713
7721
7855
7714
7720
7856
7715
7719
7859
7716
7718
7860
7717
7863
8177
7718
7864
7918
8176
7719
7865
7917
7720
7866
7910
7721
7867
7909
7722
7730
7868
7723
7729
7869
7724
7870
7725
7729
7871
7726
7728
7964
7727
7735
7843
7728
7732
7734
7966
7729
7731
7965
7730
7902
7731
7903
7909
7732
7912
7970
7733
7913
7971
7734
7744
7924
8012
7735
7743
8007
7736
7842
7737
7741
7743
7841
7738
7840
7739
7741
7751
7740
7750
9723
7741
7747
7749
9724
7742
7944
7743
7745
7747
7943
7744
8008
7745
7925
8011
7746
7928
7942
7747
7929
7941
9732
7748
9731
7749
7941
7943
8467
12551
7750
7944
7948
9907
7751
7947
9902
7752
7840
7944
7946
7753
7813
7754
7810
7755
7799
7756
7798
7757
7769
7758
7759
7767
7769
7771
7760
7764
7766
7761
7762
7764
7763
7777
7764
7774
7776
7792
7765
7771
7766
7772
7774
9455
7767
9454
7768
7772
9475
7769
7795
7797
9480
7770
7798
7771
7793
7795
7803
7772
7792
7773
7795
9482
7774
7792
7794
8484
9485
7775
9460
7776
8484
8486
9587
7777
7783
7791
8487
7778
8488
7779
7783
7780
7782
8488
8490
7781
8491
7782
7786
8496
7783
7785
8487
8495
7784
7785
7789
7791
7786
7788
8500
8648
7787
8499
7788
7826
8504
7789
7825
8503
8647
7790
7824
7791
7793
7823
8483
8647
7792
8484
8648
7793
7794
7804
7795
7805
8483
9486
7796
9481
7797
7801
7803
7805
9520
7798
7800
9513
7799
7803
7800
7802
7810
7801
7811
9518
7802
7806
7816
9519
7803
7807
7809
7804
7805
7807
7823
7806
8482
9523
7807
7817
8481
9524
7808
7822
7809
7817
7819
7821
7810
7814
7816
7811
7813
7812
7816
9547
7813
7815
7947
9552
7814
7946
7815
7819
7951
7816
7818
7950
9553
7817
9554
7818
8480
9557
7819
7953
8479
9558
7820
7952
7821
7835
8479
8643
9266
7822
7830
8480
8644
7823
7829
8481
8645
7824
8482
8646
7825
7829
7826
7828
8508
8646
7827
8507
7828
7832
8512
7829
7831
8511
8645
7830
7831
7835
7832
7834
8516
8644
7833
8515
7834
8520
8524
7835
8519
8525
8643
7836
7837
8019
8021
8525
9266
7838
7952
8018
7839
7951
7957
7840
7946
7958
7841
7842
7944
7958
8008
7843
7959
8007
7844
7960
7964
7966
7845
7961
7846
7962
7964
7847
7871
7873
7848
7870
7874
7849
7851
7850
7874
7878
7851
7853
7875
7881
7852
7870
7853
7855
7869
7854
7882
7900
7855
7857
7885
7905
7856
7868
7857
7859
7867
7858
7886
7906
7859
7861
7889
8167
7860
7866
7861
7863
7865
7862
7890
8168
7863
7893
8173
8307
7864
8306
7865
8171
8173
8175
7866
8168
8170
7867
8165
8167
7868
7906
7908
7869
7903
7905
7870
7900
7902
7871
7875
7872
7902
7964
7873
7875
7901
7963
7983
7874
7962
7978
7875
7877
7876
7900
7877
7881
7899
7981
7983
7878
7978
7980
7879
7881
7880
7980
8026
7881
7883
7981
8029
7882
7883
7885
7899
7884
7994
8030
7885
7887
7995
8033
7886
7898
7887
7889
7897
7888
8034
8290
7889
7891
8037
8291
7890
7896
7891
7893
7895
7892
8038
8296
7893
8041
8297
8311
7894
8310
7895
8173
8297
8299
8397
7896
8168
8286
8296
7897
8167
8287
8291
7898
7906
8288
8290
7899
7905
7995
7997
7900
7992
7994
7901
7905
7902
7904
7968
7992
7903
7965
7904
7908
7970
7905
7907
7969
7997
7906
7907
8167
7908
8158
8166
8288
7909
8159
8165
7910
7912
7911
7917
8165
7912
7914
7916
8164
7913
8159
7914
7924
8160
7915
7923
8163
7916
7920
7922
8278
7917
7919
8277
7918
8170
7919
8171
8193
7920
8194
8282
7921
8195
8281
7922
7934
8206
8438
7923
7933
8433
7924
7926
8266
7925
8261
7926
7928
8260
7927
7933
8265
7928
7930
7932
8258
7929
8259
7930
7940
9759
7931
7939
9760
7932
7936
7938
9767
7933
7935
8257
7934
8434
7935
8207
8437
7936
8210
8256
7937
8211
9768
7938
8254
8256
9251
13095
7939
8257
9248
13090
7940
8258
9237
12582
7941
8259
9236
12577
7942
8468
12556
7943
8011
8259
8469
7944
8008
8466
7945
7946
7948
7956
7958
8466
7947
7951
7948
7950
9903
7949
8467
9908
7950
7954
7956
8472
9909
7951
7953
9910
7952
7956
7953
7955
9266
7954
8478
9913
7955
8473
8477
9914
7956
8018
8464
9265
7957
8465
7958
8004
8016
8018
7959
8009
7960
8004
8006
7961
7963
7967
7975
7962
7976
7963
7977
7964
7968
7984
7965
7966
7968
7970
7967
7971
8007
7968
7972
7974
8006
7969
7991
7970
7972
7998
8158
7971
8159
7972
8012
8160
7973
8013
8161
7974
7998
8000
8014
8270
7975
7989
7991
8005
7976
7984
7988
8004
7977
7987
7978
7984
7986
7979
7983
7980
7982
7986
8024
7981
8025
7982
7994
8048
7983
7985
7993
8049
7984
7992
7985
7991
7986
7988
7990
8088
7987
8023
7988
8022
7989
8003
8087
7990
8000
8002
8126
7991
7993
7999
8127
7992
7998
7993
7997
7994
7996
8128
7995
8047
7996
8046
8290
7997
7999
8133
8289
7998
8288
7999
8157
8000
8134
8156
8001
8135
8271
8002
8014
8460
8462
8542
8003
8005
8017
8537
8004
8018
8020
8005
8006
8014
8016
8007
8009
8013
8008
8012
8009
8011
8010
8016
8466
8011
8013
8015
8263
8469
8012
8260
8013
8261
8014
8262
8015
8269
8016
8462
8470
9233
8017
8465
8018
8462
8464
8538
8019
8020
8526
8538
9265
8021
8087
8527
8537
8022
8524
8023
8085
8087
8024
8084
8088
8025
8049
8051
8026
8048
8052
8027
8029
8028
8052
8096
8029
8031
8053
8097
8030
8048
8031
8033
8047
8032
8100
8130
8033
8035
8101
8131
8034
8046
8035
8037
8045
8036
8104
8382
8037
8039
8105
8387
8038
8044
8039
8041
8043
8040
8108
8388
8041
8109
8325
8393
8042
8324
8043
8297
8391
8393
8395
8044
8296
8388
8390
8045
8291
8385
8387
8046
8290
8382
8384
8047
8131
8133
8048
8128
8130
8049
8053
8050
8088
8128
8051
8053
8089
8091
8129
8052
8084
8092
8053
8055
8054
8130
8055
8091
8097
8117
8141
8056
8092
8094
8096
8057
8075
8058
8072
8059
8063
8060
8061
8063
8062
8805
8063
8069
8073
8810
8064
8072
8065
8069
8071
8066
8068
8078
8512
8067
8507
8068
8506
8815
8069
8079
8513
8818
8070
8819
8071
8073
8079
8081
8820
8072
8076
8078
8073
8075
8074
8821
8075
8081
8093
8826
8076
8092
8077
8081
8083
8078
8080
8122
8520
8079
8515
8080
8514
8939
8081
8121
8521
8940
8082
8941
8083
8093
8119
8121
9032
8084
8090
8092
8122
8085
8089
8086
8122
8524
8087
8089
8123
8125
8527
8088
8126
8089
8127
8090
8138
8091
8119
8123
8139
8092
8118
8140
8093
8094
8118
9033
8095
8117
9034
8096
8098
9035
8097
8098
8100
8099
8117
9038
8100
8102
8116
9039
8101
8141
8102
8104
8142
8103
8115
9042
8104
8106
8114
9043
8105
8381
8106
8108
8380
8107
8113
9046
8108
8110
8112
9047
8109
8379
8110
8328
8378
8111
8329
9050
8112
8376
8378
8584
9051
8113
8379
8583
9052
8114
8380
8564
9053
8115
8381
8563
9054
8116
8142
8144
9055
8117
8141
8145
9056
8118
9057
8119
8145
9058
8120
8146
10129
8121
8123
8147
8533
10128
8122
8522
9031
8123
8523
8124
8528
8125
8139
8147
8149
8535
8126
8136
8138
8536
8127
8135
8537
8128
8134
8138
8129
8133
8130
8132
8138
8140
8131
8141
8132
8142
8382
8133
8137
8143
8383
8134
8384
8135
8137
8155
8136
8542
8554
8137
8149
8543
8555
8138
8150
8154
8139
8140
8146
8150
8141
8143
8145
8142
8143
8381
8144
8150
8562
8145
8151
8563
9090
8146
9089
8147
8151
10148
8148
8534
10147
8149
8151
8549
8567
10152
8150
8544
8568
8151
8153
8152
10151
8153
8563
8565
8567
10172
8154
8560
8562
8568
8155
8383
8555
8559
8156
8384
8554
8558
8157
8271
8289
8293
8158
8270
8274
8288
8159
8161
8275
8160
8164
8161
8163
8261
8162
8262
8270
8163
8267
8273
8275
8279
8164
8266
8278
8165
8275
8277
8166
8170
8167
8169
8275
8287
8168
8169
8173
8170
8172
8276
8286
8171
8277
8172
8282
8302
8173
8283
8299
8301
8174
8175
8301
8307
8397
8399
8176
8302
8304
8306
8177
8191
8193
8178
8306
8179
8191
8305
8180
8190
8316
8181
8189
8317
8182
8188
8344
8183
8187
8345
8184
8186
8352
8185
8353
11114
8186
8228
9195
11113
8187
8227
9190
8188
8222
9179
8189
8221
9174
8190
8200
8416
8191
8199
8411
8192
8304
8193
8197
8199
8303
8194
8302
8195
8197
8403
8196
8206
8404
8197
8203
8205
8407
8198
8408
8199
8201
8203
8409
8200
8410
8201
8221
8415
8202
8220
8602
8203
8217
8219
8601
8204
8600
8205
8215
8217
10299
8206
8208
8446
8207
8441
8208
8210
8442
8209
8215
8445
8210
8212
8214
10296
8211
8255
8212
8254
13153
8213
8253
13154
8214
8238
8252
13167
8215
8237
10297
8216
10298
8217
8235
8237
10303
8218
10304
8219
8233
8235
10333
8220
8224
10227
8221
8223
10226
8222
9175
8223
8227
9178
8224
8226
10231
8225
8233
10230
8226
8230
8232
10243
8227
8229
10242
8228
9191
8229
9194
11130
8230
10247
11131
8231
10246
11132
8232
8244
11143
11251
8233
8243
11248
8234
10338
8235
8241
8243
10337
8236
10332
8237
8239
8241
10331
8238
10330
8239
8251
13168
8240
8250
13189
8241
8247
8249
13190
8242
11195
8243
8245
8247
11194
8244
11247
8245
11144
11252
8246
11147
11193
8247
11148
11192
13198
8248
13197
8249
11192
11194
11244
16409
8250
11195
11243
16398
8251
10331
11198
16393
8252
10330
11199
16271
8253
10297
10327
16266
8254
10296
10326
16255
8255
10293
16250
8256
8442
10294
10296
8257
8437
9250
8258
8434
9249
8259
8265
9238
8260
9235
8261
8263
8265
8262
8266
8263
8267
8269
8264
9233
9235
8265
8267
8435
9232
9238
8266
8434
8267
8433
8268
8432
8269
8273
8431
8459
9232
8270
8460
9233
8271
8273
8272
8460
8554
8273
8293
8427
8459
8557
8274
8428
8275
8285
8287
8293
8276
8277
8279
8283
8285
8278
8282
8279
8281
8433
8280
8428
8432
8281
8283
8405
8429
8439
8282
8404
8438
8283
8403
8284
8402
8285
8299
8425
8429
8451
8286
8294
8428
8287
8295
8299
8288
8292
8289
8290
8292
8384
8291
8292
8296
8293
8295
8385
8294
8558
8295
8425
8427
8573
8296
8298
8390
8297
8298
8396
8299
8391
8423
8425
8300
8301
8397
8421
8423
8451
8302
8400
8402
8303
8403
8304
8400
8408
8410
8305
8399
8411
8306
8308
8316
8307
8308
8310
8309
8315
8399
8310
8312
8314
8398
8311
8397
8312
8324
8396
8313
8323
8591
8314
8320
8322
8592
8315
8319
8419
8316
8318
8412
8317
8411
8318
8344
8416
8319
8343
8417
8320
8342
8418
8321
8341
9170
8322
8334
8340
9169
8323
8333
9166
8324
8326
8590
8325
8395
8326
8328
8394
8327
8333
8617
8328
8330
8332
8618
8329
8377
8330
8376
9107
8331
8375
9110
8332
8336
8374
9111
8333
8335
10266
8334
9167
8335
8339
9168
8336
8338
10265
8337
8373
9114
8338
8362
8372
9115
8339
8361
10264
8340
8360
10261
8341
8359
9206
8342
8348
9171
8343
8347
9172
8344
8346
9173
8345
9174
8346
8352
9179
8347
8351
9180
8348
8350
9181
8349
8359
9186
8350
8356
8358
9187
8351
8355
9188
8352
8354
9189
8353
9190
8354
9195
11301
8355
9196
11302
8356
9197
11305
8357
9202
11306
8358
8366
9203
11319
8359
8365
9204
8360
9205
8361
8365
10262
8362
8364
10263
8363
8371
9118
8364
8368
8370
9119
8365
8367
11100
8366
11099
8367
11098
11320
8368
11105
11323
8369
9122
11324
8370
9123
11103
11105
11371
8371
9124
11100
11102
8372
9125
10263
11071
8373
9126
10264
11068
8374
9127
10265
10268
8375
9128
9162
10266
8376
8618
8620
9129
8377
8621
9106
8378
8394
8586
8618
8379
8393
8585
8380
8388
8582
8381
8387
8561
8382
8562
8383
8387
8384
8386
8562
8385
8386
8390
8558
8387
8389
8559
8561
8388
8389
8393
8390
8392
8574
8582
8391
8573
8392
8576
8588
8393
8575
8585
8587
8394
8395
8587
8617
8396
8588
8590
8397
8423
8591
8398
8399
8419
8421
8591
8400
8412
8401
8413
8421
8402
8406
8408
8452
8598
8403
8405
8451
8404
8408
8405
8407
8441
8406
8440
8450
8407
8447
8453
8599
8408
8446
8600
8409
8410
8598
8600
8602
8411
8413
8415
8412
8416
8413
8417
8419
8414
8420
8598
8415
8417
8595
8603
9176
8416
8602
9175
8417
9174
8418
9173
8419
8595
9170
9172
8420
8592
8421
8593
8595
8597
8422
8452
8423
8589
8591
8593
8609
8424
8588
8425
8451
8455
8609
8611
8426
8576
8427
8429
8455
8457
8577
8428
8458
8572
8429
8431
8430
8450
8431
8439
8449
8457
9256
8432
8458
9255
8433
8435
8439
8434
8438
8435
8437
8436
9249
9255
8437
8439
8443
9250
9256
8438
8442
8439
8441
8440
8441
8443
8447
8449
8442
8446
8443
8445
8444
10294
10310
8445
8447
10295
10301
10309
8446
10296
10298
8447
10299
8448
10300
8449
8453
10307
10309
10313
8450
8456
10310
8451
8453
8455
8452
8453
8597
8609
8454
8606
8455
8607
8609
9214
10313
8456
8612
8457
10311
10313
10349
8458
9257
10280
8459
9228
9230
8460
8632
9231
8461
8553
8462
8634
9231
9233
9243
8463
8541
8464
8470
8474
9243
9263
8465
8473
9264
8466
8470
8472
8467
8469
8468
8472
12552
8469
8471
9236
12557
8470
9235
8471
9234
8472
8474
9241
12558
8473
12559
8474
8476
12562
8475
9242
12563
8476
9263
9267
9269
12669
8477
9264
9270
12664
8478
9265
9271
9933
8479
9266
9272
9928
8480
9273
9709
8481
9274
9706
8482
9275
9695
8483
9276
9692
8484
9277
9609
8485
9606
8486
8648
9277
9279
9607
8487
8651
9588
8488
8648
8650
8489
8490
8650
8654
8491
8493
8495
8492
8496
8493
8497
8679
8494
8654
8678
8495
8497
8501
8653
9010
8496
8500
8650
8497
8499
8498
9011
8499
8501
8505
9012
8500
8504
8501
8503
8649
8502
9013
9281
8503
8505
8509
9016
9282
8504
8508
9283
8505
8507
8506
9017
8507
8509
8513
9018
8508
8512
8509
8511
9284
8510
9019
10372
8511
8513
8517
9022
10371
8512
8516
10370
8513
8515
8514
9023
8515
8517
8521
9024
8516
8520
8517
8519
10383
8518
9025
10382
8519
8521
8531
9028
10385
8520
8530
10384
8521
8523
8522
9029
8523
8531
8533
9030
8524
8528
8530
8525
8527
8526
8530
8642
8527
8529
8539
8641
8528
8536
8529
8533
8535
8530
8532
8546
10390
8531
10389
8532
10388
10464
8533
8547
10391
10465
8534
10466
8535
8547
8549
10617
8536
8544
8546
8537
8539
8543
8538
8542
8539
8541
9264
8540
8546
8640
8541
8543
8545
8635
8639
8542
8634
9263
8543
8553
8544
8552
8545
8549
8551
8546
8548
10396
10402
8547
10395
8548
10394
10616
8549
10397
10403
10621
8550
10620
8551
8567
8629
10403
10631
8552
8568
8630
10402
8553
8555
8631
8635
8554
8632
8634
8555
8557
8556
8568
8557
8559
8569
8571
8631
8558
8572
8632
8559
8573
8560
8574
8561
8565
8569
8581
8562
8564
8582
8563
8564
9095
8565
8583
9096
8566
8624
10177
8567
8569
8625
8629
10176
8568
10173
8569
8570
8630
8571
8579
8581
8625
9226
8572
8574
8578
9227
8573
8577
9228
8574
8576
8575
8581
8576
8578
8580
8614
8577
8611
8578
8612
10280
8579
8613
10279
8580
8626
9217
9225
8581
8585
8623
9218
8582
8624
8583
8585
8584
8624
9101
8585
8621
8623
9102
8586
8587
8619
8621
9218
8588
8614
8616
8589
8611
8590
8610
8616
9165
8591
8617
9166
8592
8593
9166
9170
8594
8608
9165
8595
9170
9184
9208
10220
8596
9183
8597
8603
8605
10220
10224
8598
8606
8608
8599
8603
8600
8604
8606
10300
8601
10299
8602
8604
10227
10304
8603
10226
8604
10225
8605
10228
10305
8606
10219
10235
10306
8607
10307
8608
9213
10219
10314
8609
9212
10220
8610
8611
8615
9212
9214
8612
8614
8613
9214
10349
8614
9215
9217
10278
8615
9218
8616
9211
9215
9219
8617
8619
9164
8618
9167
8619
10266
8620
9163
9219
8621
9130
9162
9220
8622
9131
8623
9218
9220
9222
10204
8624
8626
10185
8625
10180
8626
8628
10181
8627
9222
10184
8628
9223
9225
10414
10648
8629
9226
10413
10645
8630
10404
10634
8631
9226
10405
8632
8636
9227
8633
9228
8634
8636
9229
9231
9261
8635
9262
8636
8638
10402
8637
10283
10405
8638
9261
10284
10286
10406
8639
9262
9268
10401
8640
9263
9269
10396
8641
9264
9270
10395
8642
9265
9271
10390
8643
9266
9272
10389
8644
9273
10384
8645
9274
10383
8646
9275
10370
8647
9276
9284
8648
9277
9283
8649
8650
9279
9281
9283
8651
8653
8652
9279
9589
8653
9280
9290
10022
8654
9281
10023
8655
8656
8674
8676
8678
10023
8657
8671
8673
8658
8670
8678
8659
8669
8679
8660
8662
8680
8661
8681
8662
8664
8773
8663
8669
8774
8664
8666
8668
8781
8665
8772
8666
8771
8847
8667
8782
8848
8668
8961
8969
9005
8669
8958
8960
8670
8957
8671
8677
8960
8672
8676
8963
8673
8675
8964
9988
8674
9987
8675
10016
10022
8676
10017
10025
10027
8677
10024
10028
8678
8957
8959
9009
8679
9010
8680
8957
9011
8681
8774
8776
8682
8773
8777
8683
8685
8684
8767
8773
8685
8754
8758
8766
8778
8686
8757
8777
8687
8754
8756
8688
8690
8698
8689
8690
8692
8691
8697
8754
8692
8694
8696
8753
8693
8694
8706
8695
8705
8752
8696
8702
8704
8799
8697
8701
8764
8698
8700
8755
8699
8756
8700
8721
8761
8701
8720
8762
8702
8719
8763
8703
8718
8800
8704
8713
8717
8889
8705
8712
8886
8706
8708
8751
8707
8708
8710
8709
8712
8750
8710
8711
8749
8712
8714
8748
8713
8887
8714
8716
8888
8715
8747
8716
8738
8746
8717
8737
8915
8718
8736
8914
8719
8725
8833
8720
8724
8832
8721
8723
8807
8722
8806
8723
8729
8809
8724
8728
8808
8725
8727
8831
8726
8736
8918
8727
8733
8735
8919
8728
8732
8830
8729
8731
8823
8730
8822
8731
8827
9035
8732
8828
9036
8733
8829
9065
8734
8924
9066
8735
8741
8925
10726
8736
8740
8926
8737
8917
8738
8740
8916
8739
8745
8740
8742
8744
8741
10117
8742
10118
10727
8743
10756
8744
10118
10549
10551
10755
8745
10117
10546
10548
8746
8916
10543
10545
8747
8909
8911
8915
8748
8888
8906
8908
8749
8881
8883
8887
8750
8878
8880
8751
8863
8887
8752
8862
8886
8753
8769
8799
8754
8764
8766
8755
8756
8758
8762
8764
8757
8761
8758
8760
8788
8759
8765
8789
8760
8762
8790
8802
8804
8761
8791
8805
8762
8806
8763
8807
8764
8800
8802
8832
8765
8799
8766
8796
8798
8802
8767
8769
8779
8768
8772
8769
8771
8861
8770
8798
8862
8771
8779
8783
8797
8845
8772
8782
8846
8773
8779
8781
8774
8778
8775
8781
8957
8776
8778
8780
8786
8956
8777
8787
9011
8778
8788
8779
8789
8780
8796
8781
8783
8785
10047
8782
8958
8783
8867
9005
8784
8868
10048
8785
8797
8841
8895
10049
8786
8794
8796
10046
8787
8789
8793
8955
8788
8792
9012
8789
8791
8790
8796
8791
8793
8795
8813
8792
8814
8793
8815
9017
8794
8816
8954
8795
8839
8841
10053
8796
8802
8838
8842
8797
8798
8842
8844
8799
8801
8885
8800
8886
8801
8833
8889
8802
8834
8842
8890
8803
8804
8832
8834
8836
8838
8805
8807
8811
8813
8806
8810
8814
8807
8809
8808
8832
8809
8811
8823
8831
8810
8822
8811
8819
8821
8812
8824
8836
8813
8817
8819
8837
8943
8814
8816
8838
8815
8819
8816
8818
9018
8817
8839
8953
8818
8936
8938
8952
8819
8939
9023
8820
8821
8939
8941
8943
8822
8824
8826
8823
8827
8824
8828
8830
8825
8921
8943
8826
8828
8922
8942
9060
8827
8941
9033
8828
9034
8829
9061
8830
8922
8924
9064
8831
8919
8921
8832
8836
8918
8833
8834
8914
8918
8835
8913
8933
8836
8918
8920
8928
8934
8837
8921
8838
8934
8936
8944
8839
8933
8840
8936
10054
8841
8933
8935
10057
10107
8842
8896
10052
8843
8933
8844
8890
8892
8896
8932
8845
8885
8893
8895
8846
8862
8864
8868
8847
8861
8865
8867
8848
8850
8849
8867
8969
8850
8852
8866
8970
8851
8865
8852
8854
8872
8853
8871
8977
8854
8874
8978
8986
8855
8873
8856
8986
8988
8857
8858
8988
8990
8859
8873
8879
8860
8872
8878
8861
8863
8865
8862
8863
8885
8864
8878
8884
8865
8869
8877
8893
8866
8872
8867
8869
8871
9003
8868
9004
8869
8895
10079
8870
8894
10080
8871
8875
8877
8899
10081
8872
8874
9002
8873
8877
8874
8876
8988
8875
8987
9001
8876
8902
8998
10086
8877
8879
8901
8989
8878
8900
8879
8883
8880
8882
8990
8881
8882
8908
8992
8883
8901
8907
8991
8884
8900
8906
8885
8887
8891
8893
8886
8890
8887
8889
8888
8889
8891
8915
8890
8914
8891
8913
8892
8906
8912
8893
8897
8905
8931
8894
8900
8895
8897
8899
10089
8896
10090
8897
10095
10107
8898
10096
10108
8899
8903
8905
10097
10536
8900
8902
10088
8901
8905
8902
8904
8996
8903
8997
10087
8904
10102
10539
10561
8905
8907
8995
10538
8906
10537
8907
8911
8908
8910
8994
8909
8993
8910
10545
10555
8911
10538
10544
10556
8912
10537
10543
8913
8915
8929
8931
8914
8928
8932
8915
8917
8916
8917
8929
10117
8918
8926
8928
8919
8920
8924
8926
8921
8923
8927
8945
8922
8944
8923
10123
10133
8924
10120
10122
10134
8925
10135
8926
10118
10120
10725
8927
10117
8928
10112
10116
10120
8929
10111
8930
10116
10543
8931
10109
10111
10115
10542
8932
10108
10537
8933
10107
10111
8934
8935
8945
10111
8936
8946
10058
10110
8937
10059
8938
8944
8946
8948
10471
8939
8943
8949
8951
8940
9024
8941
8949
9029
9031
8942
9032
8943
8949
10123
10125
8944
8945
10123
8946
10112
10122
8947
10113
10474
8948
10122
10140
10475
10589
8949
10123
10141
10470
8950
10126
8951
9027
9029
10468
10470
8952
9024
9026
10471
8953
9021
9023
10059
8954
9018
9020
10054
8955
9015
9017
10053
8956
9012
9014
10046
8957
9009
9011
10047
8958
8959
9005
10047
8960
9006
9008
10028
8961
8963
8962
8968
9006
8963
8965
8967
10029
8964
10028
8965
9995
10027
8966
9996
10030
8967
8973
10073
12729
8968
8972
10074
8969
8971
10075
8970
9004
8971
8977
9003
8972
8976
10076
8973
8975
10490
8974
10491
12732
8975
8981
10494
12733
8976
8980
10495
8977
8979
10083
8978
9002
8979
8985
9001
8980
8984
10084
8981
8983
10496
8982
10497
12736
8983
10568
12737
8984
10567
8985
10566
8986
9000
8987
8988
8998
9000
8989
8990
8996
8998
8991
8992
8994
8996
8993
8994
10555
8995
10556
8996
10559
10561
8997
8998
10561
10563
8999
9000
10086
10563
10565
9001
10566
9002
10084
10086
9003
10081
10083
9004
10076
10080
9005
10075
10079
9006
10048
9007
10029
10075
9008
10032
10048
10050
10078
9009
10033
10045
10047
9010
9014
10024
9011
9013
10023
9012
9013
9017
9014
9016
10036
9015
10035
10045
9016
9020
10042
10044
9017
9019
10041
9018
9019
9023
9020
9022
10373
9021
10055
10376
9022
9026
10060
10377
9023
9025
10378
9024
9025
9029
9026
9028
10447
9027
10456
10472
9028
10457
10463
10477
9029
10446
10464
9030
9031
10464
10466
10468
9032
10126
10128
9033
10125
10129
9034
9058
9060
9035
9057
9061
9036
9038
9037
9061
9065
9038
9040
9062
9068
9039
9057
9040
9042
9056
9041
9069
9087
9042
9044
9072
9092
9043
9055
9044
9046
9054
9045
9073
9093
9046
9048
9076
9098
9047
9053
9048
9050
9052
9049
9077
9099
9050
9080
9104
9108
9051
9107
9052
9102
9104
9106
9053
9099
9101
9054
9096
9098
9055
9093
9095
9056
9090
9092
9057
9087
9089
9058
9062
9059
9089
10129
9060
9062
9088
10130
10132
9061
10125
10133
9062
9064
9063
9087
9064
9068
9086
10132
10136
9065
10133
10135
9066
9068
9067
10135
10726
9068
9070
10136
10729
9069
9070
9072
9086
9071
10159
10730
9072
9074
10160
10733
9073
9085
9074
9076
9084
9075
10165
10734
9076
9078
10166
10737
9077
9083
9078
9080
9082
9079
10191
10738
9080
9138
10192
10741
9081
9137
9082
9104
9136
10192
10194
9083
9099
10189
10191
9084
9098
10166
10168
9085
9093
10163
10165
9086
9092
10160
10162
9087
10157
10159
9088
9092
9089
9091
10149
10157
9090
10148
9091
9095
10151
9092
9094
10150
10162
9093
9094
9098
9095
9097
10163
10171
9096
10172
9097
9101
10177
9098
9100
10168
10178
9099
9100
9104
9101
9103
10179
10189
9102
10180
9103
9131
10185
9104
9132
10186
10194
9105
9106
9108
9132
9134
9136
9107
9129
9131
9108
9110
9109
9137
9110
9112
9134
9140
9111
9129
9112
9114
9128
9113
9141
9159
9114
9116
9144
11818
9115
9127
9116
9118
9126
9117
9145
11817
9118
9120
9148
11816
9119
9125
9120
9122
9124
9121
9149
11819
9122
9152
11824
11828
9123
11827
9124
11822
11824
11826
9125
11819
11821
9126
11814
11816
9127
11067
11817
9128
10841
11818
9129
9159
9161
9130
9134
9131
9133
9161
10209
9132
10204
9133
10195
10203
9134
9160
10200
10210
9135
9159
9136
9140
9158
10198
10200
9137
10195
10197
9138
9140
9139
10197
10790
9140
9142
10198
10793
9141
9142
9144
9158
9143
10794
11062
9144
9146
10797
11061
9145
9157
9146
9148
9156
9147
10798
11063
9148
9150
10801
15447
9149
9155
9150
9152
9154
9151
10802
15446
9152
10805
11858
15448
9153
11857
9154
11824
11856
15448
15450
9155
11819
15444
15446
9156
11816
15422
15447
9157
11063
11065
11817
9158
10839
11061
11818
9159
10838
11062
9160
11818
9161
10211
10838
10840
9162
10212
10841
9163
10213
10268
9164
10214
10266
10267
9165
9167
9209
9211
9166
9208
9212
9167
9169
9168
10266
9169
9209
10261
10265
9170
9206
9208
9171
9172
9184
9186
9206
9173
9181
9183
9174
9176
9180
9175
9179
9176
9178
10226
9177
9183
10225
9178
9180
9182
9192
10232
9179
9191
10231
9180
9190
9181
9189
9182
9186
9188
9183
9185
9199
10233
9184
10224
9185
9207
10223
9186
9200
10238
10258
9187
9205
9188
9200
9202
9204
9189
9197
9199
9190
9192
9196
9191
9195
9192
9194
10242
9193
9199
10241
9194
9196
9198
10248
11296
9195
10247
11295
9196
11112
9197
11111
9198
9202
11110
9199
9201
10249
11377
9200
10240
9201
10239
11095
9202
10254
11096
11376
9203
11109
9204
11096
11098
11108
9205
11095
11099
9206
10258
10262
9207
10261
9208
10222
10258
10260
9209
10221
9210
10260
10267
9211
10217
10221
10270
11075
9212
10214
10216
9213
10221
9214
10216
10218
10347
9215
10348
9216
10216
10277
9217
9219
9221
10215
10276
9218
9222
9224
9219
9220
10214
9221
10209
10213
9222
10208
10273
10275
9223
10205
9224
10275
10429
10659
9225
10276
10278
10428
9226
10279
10415
9227
10412
9228
10279
10283
9229
10280
9230
9260
10281
10283
9231
9255
9257
9259
9232
9244
9233
9239
9255
9234
9235
9239
9241
9243
9236
9238
9237
9241
12578
9238
9240
9248
12583
9239
9249
9240
9244
9254
9241
9245
9247
12584
9242
12585
9243
9245
9267
12588
9244
9262
9245
9259
9261
9246
10287
12589
9247
9259
10288
10290
13101
9248
9252
9254
13098
9249
9251
13091
9250
9254
9251
9253
10294
9252
10293
13096
9253
10290
10292
13097
9254
9256
9258
10321
9255
9259
9256
9257
10310
9258
10281
10311
9259
10290
10322
10356
9260
9261
10284
10288
10356
9262
10287
9263
9267
9264
9265
9266
9268
10287
13122
9269
10286
10362
13123
9270
10363
12670
9271
10364
12665
9272
9934
10365
9273
9929
10366
9274
9708
10367
9275
9707
10368
9276
9694
10369
9277
9285
9693
9278
9608
9279
9283
9285
9287
9941
9280
9942
9281
9287
9289
10037
9282
10036
9283
9287
10041
10372
9284
9285
10370
10372
9286
9940
10369
9287
10372
10374
10380
12372
9288
10040
9289
9941
9945
12372
12719
9290
9942
9944
12714
9291
9589
9593
10021
9292
9590
9592
10016
9293
9341
9987
9294
9340
9590
9295
9335
9583
9296
9334
9582
9297
9309
9459
9298
9308
9456
9299
9301
9449
9300
9448
9301
9303
9447
9302
9308
9450
9303
9305
9307
9465
9304
9446
9305
9315
9445
9306
9314
9466
9307
9311
9313
9493
9308
9310
9464
9309
9457
9310
9334
9458
9311
9333
9495
9312
9332
9494
9313
9325
9331
9621
9314
9324
9622
9315
9317
9623
9316
9444
9317
9319
9443
9318
9324
9624
9319
9321
9323
9803
9320
9442
9321
9363
9322
9362
9323
9327
9361
9324
9326
9804
9325
9631
9326
9330
9632
9327
9329
9805
9328
9360
9329
9349
9359
9330
9348
9822
9331
9347
9823
9332
9346
9620
9333
9337
9599
9334
9336
9580
9335
9581
9336
9340
9584
9337
9339
9597
9338
9346
9598
9339
9343
9345
9951
9340
9342
9596
9341
9591
9342
9592
9986
9343
9953
9985
9344
9952
9984
9345
9353
9967
9983
9346
9352
9964
9347
9825
9348
9352
9824
9349
9351
9973
9350
9358
9351
9355
9357
9352
9354
9972
9353
9965
9354
9966
9982
9355
9979
9981
9356
10006
9357
9977
9979
10007
12468
9358
9972
9976
12469
9359
9973
9975
12470
9360
9820
9822
12471
9361
9805
9819
12472
9362
9804
9808
12473
9363
9437
9803
9809
9364
9436
9440
9442
9365
9389
9435
9366
9388
9442
9367
9387
9443
9368
9386
9444
9369
9375
9445
9370
9374
9446
9371
9373
9447
9372
9448
9373
9379
9453
9374
9378
9452
9375
9377
9469
9376
9386
9468
9377
9383
9385
9505
9378
9382
9472
9379
9381
9473
9380
9474
9381
9403
9479
9382
9402
9478
9383
9401
9507
9384
9400
9506
9385
9393
9399
9643
9386
9392
9638
9387
9627
9388
9392
9626
9389
9391
9441
9390
9434
9440
9391
9395
9433
9799
9392
9394
9800
9393
9639
9394
9398
9642
9395
9397
9813
9396
9432
9812
9397
9421
9431
9843
9398
9420
9844
9399
9419
9655
9400
9418
9654
9401
9407
9531
9402
9406
9510
9403
9405
9511
9404
9512
9405
9411
9517
9406
9410
9516
9407
9409
9533
9408
9418
9532
9409
9415
9417
9565
9410
9414
9544
9411
9413
9545
9412
9546
9413
9551
9723
9414
9550
9722
9415
9563
9721
9416
9564
9720
9417
9425
9675
9739
9418
9424
9670
9419
9659
9420
9424
9658
9421
9423
9847
9422
9430
9848
9423
9427
9429
9861
9424
9426
9860
9425
9671
9426
9674
9740
9427
9743
9865
9428
9744
9864
9429
9791
9793
9430
9794
9431
9795
9432
9796
9433
9797
9434
9798
9435
9439
9436
9437
9439
9438
12473
9439
9809
12474
12478
9440
9798
9441
9799
9809
9442
9626
9800
9802
9443
9803
9444
9624
9626
9445
9623
9627
9446
9466
9468
9447
9465
9469
9448
9450
9452
9449
9453
9450
9454
9456
9451
9457
9465
9452
9454
9462
9470
9476
9453
9469
9473
9454
9474
9455
9475
9456
9460
9462
9482
9457
9459
9458
9462
9464
9459
9461
9495
9581
9460
9582
9461
9485
9587
9462
9484
9496
9586
9463
9483
9464
9470
9490
9492
9496
9465
9493
9495
9466
9470
9467
9493
9623
9468
9470
9492
9504
9628
9469
9505
9627
9470
9472
9471
9472
9476
9490
9504
9508
9473
9505
9507
9474
9476
9478
9475
9479
9476
9480
9482
9477
9483
9478
9480
9488
9508
9514
9479
9507
9511
9480
9512
9481
9513
9482
9486
9488
9520
9483
9485
9484
9488
9490
9485
9487
9499
9605
9486
9606
9487
9523
9609
9488
9500
9522
9610
9489
9521
9490
9500
9502
9508
9528
9491
9499
9492
9498
9502
9504
9636
9493
9497
9629
9494
9622
9495
9497
9599
9621
9496
9580
9497
9499
9579
9498
9600
9634
9499
9501
9615
9635
9500
9578
9501
9539
9577
9502
9538
9616
9650
9503
9529
9645
9504
9506
9508
9530
9644
9505
9637
9506
9638
9507
9531
9643
9508
9510
9509
9510
9514
9528
9530
9534
9511
9531
9533
9512
9514
9516
9513
9517
9514
9518
9520
9515
9521
9516
9518
9526
9534
9548
9517
9533
9545
9518
9546
9519
9547
9520
9524
9526
9554
9521
9523
9522
9526
9528
9523
9525
9539
9691
9524
9692
9525
9557
9695
9526
9540
9556
9696
9527
9555
9528
9534
9536
9540
9542
9529
9539
9530
9536
9538
9652
9531
9535
9653
9532
9654
9533
9535
9565
9659
9534
9544
9535
9543
9536
9566
9660
9537
9569
9661
9538
9540
9570
9666
9700
9539
9651
9687
9540
9576
9541
9575
9542
9556
9570
9572
9574
9543
9555
9561
9569
9544
9548
9562
9566
9545
9563
9565
9546
9548
9550
9547
9551
9548
9552
9554
9549
9555
9550
9552
9560
9562
9904
9551
9563
9901
9552
9902
9553
9903
9554
9558
9560
9910
9555
9557
9556
9560
9557
9559
9705
9558
9706
9559
9709
9913
9560
9572
9710
9912
9561
9911
9562
9568
9572
9918
9563
9567
9919
9564
9900
9565
9567
9675
9719
9566
9670
9567
9569
9669
9568
9676
9718
9569
9571
9677
9717
9570
9668
9571
9667
9701
9572
9682
9714
9716
9573
9925
9574
9710
9712
9714
9926
9575
9701
9703
9705
9576
9696
9698
9700
9577
9687
9689
9691
9578
9610
9612
9616
9579
9603
9605
9615
9580
9586
9600
9602
9581
9597
9599
9582
9584
9586
9583
9587
9584
9588
9590
9585
9591
9597
9586
9588
9594
9602
9604
9587
9605
9588
9606
9589
9607
9590
9594
9942
9591
9592
9594
9596
9593
9953
10015
9594
9944
9954
10020
9595
9943
9596
9602
9948
9950
9954
9597
9951
9953
9598
9602
9599
9601
9825
9951
9600
9620
9601
9615
9619
9602
9614
9826
9950
9603
9604
9612
9614
9948
9605
9607
9611
9943
9606
9610
9607
9609
9608
9942
9609
9611
9693
9941
9610
9692
9611
9691
9612
9690
9946
9613
9689
9947
9614
9616
9688
9832
9960
9615
9831
9949
9616
9618
9617
9687
9618
9650
9686
9832
9834
9619
9635
9829
9831
9620
9634
9826
9828
9621
9823
9825
9622
9632
9634
9623
9629
9631
9624
9628
9625
9631
9803
9626
9628
9630
9640
9802
9627
9639
9628
9638
9629
9637
9630
9634
9636
9631
9633
9647
9807
9632
9804
9633
9805
9823
9634
9648
9806
9828
9635
9636
9648
9650
9637
9645
9647
9638
9640
9644
9639
9643
9640
9642
9800
9641
9647
9801
9642
9644
9646
9656
9814
9643
9655
9813
9644
9654
9645
9653
9646
9650
9652
9647
9649
9663
9815
9648
9816
9649
9829
9837
9650
9664
9834
9838
9651
9652
9664
9666
9686
9653
9661
9663
9654
9656
9660
9655
9659
9656
9658
9844
9657
9663
9845
9658
9660
9662
9672
9846
9659
9671
9847
9660
9670
9661
9669
9662
9666
9668
9663
9665
9679
9851
9664
9852
9665
9853
9877
9666
9680
9856
9882
9667
9685
9668
9680
9682
9684
9669
9677
9679
9670
9672
9676
9671
9675
9672
9674
9860
9673
9679
9859
9674
9676
9678
9866
9892
9675
9865
9893
9676
9894
9677
9895
9678
9682
12531
9679
9681
9867
9891
9680
9858
9681
9857
9883
9682
9872
9888
9890
9683
12532
9684
9714
9886
9888
12638
9685
9701
9883
9885
9686
9700
9880
9882
9687
9877
9879
9688
9700
9689
9699
9879
12380
9690
9698
12379
9691
9693
9697
12374
9692
9696
9693
9695
9694
9940
9695
9697
9707
9939
9696
9706
9697
9705
9698
9704
12375
9699
9703
12384
9700
9702
9880
12383
9701
9702
9714
9703
9713
9885
12392
9704
9712
12385
9705
9707
9711
12386
9706
9710
9707
9709
9708
9938
9709
9711
9929
9937
9710
9928
9711
9927
9712
9930
12389
9713
12390
12643
9714
9886
12391
12644
9715
9716
9926
12638
12640
12644
9717
9923
9925
12532
9718
9918
9922
12531
9719
9895
9919
9921
9720
9894
9898
9900
9721
9727
9739
9722
9726
9900
9723
9725
9901
9724
9902
9725
9731
9907
9726
9730
9906
9727
9729
9899
9728
9738
9898
9729
9735
9737
12548
9730
9734
12549
9731
9733
12550
9732
12551
9733
9759
12556
9734
9758
12555
9735
9757
12572
9736
9756
12571
9737
9749
9755
12608
9738
9748
12547
9739
9741
9897
9740
9894
9741
9743
9893
9742
9748
12527
9743
9745
9747
12526
9744
12523
9745
9791
12522
9746
9790
12543
9747
9751
9789
12544
9748
9750
12545
9749
12546
9750
9754
12607
9751
9753
12623
9752
9788
12622
9753
9777
9787
13629
9754
9776
13608
9755
9775
13609
9756
9774
13610
9757
9763
13083
9758
9762
12575
9759
9761
12576
9760
12577
9761
9767
12582
9762
9766
12581
9763
9765
13085
9764
9774
13084
9765
9771
9773
13109
9766
9770
13088
9767
9769
13089
9768
13090
9769
13095
13153
9770
13094
13152
9771
13111
13151
9772
13110
13158
9773
9781
13159
13647
9774
9780
13642
9775
13615
9776
9780
13614
9777
9779
13627
9778
9786
13628
9779
9783
9785
13661
9780
9782
13640
9781
13641
9782
13160
13646
9783
13177
13659
9784
13178
13660
9785
13213
13215
9786
13216
9787
13217
9788
13218
9789
13219
9790
13220
9791
13221
9792
9793
12520
12522
13221
9794
9864
12503
9795
9861
12502
9796
9848
12497
9797
9843
12496
9798
9812
12479
9799
12478
9800
9810
9812
9801
9813
9802
9810
9814
9816
9803
9807
9809
9804
9805
9807
9806
9822
9807
9819
9821
9837
9808
9816
9809
9817
9819
12474
9810
9811
9817
12478
9812
9814
9840
9842
12479
9813
9843
9814
9844
9815
9845
9816
9838
9840
9852
9817
9837
9818
9840
12477
9819
9837
9839
12412
12476
9820
12475
9821
9975
12412
12484
9822
9828
9836
9974
9823
9973
9824
9828
9825
9827
9965
9973
9826
9964
9827
9831
9963
9828
9830
9970
9974
9829
9830
9834
9836
9831
9833
12404
12410
9832
9962
9833
9879
9961
9834
9878
12405
12415
9835
9877
9836
9838
9876
12413
12415
9837
12410
12412
9838
9839
9853
9840
9854
12413
12481
9841
12480
9842
9850
9852
9854
12495
9843
9845
9849
12496
9844
9848
9845
9847
9846
9852
9847
9849
9851
9859
9848
9860
9849
9861
9850
9862
12497
9851
9855
9869
12498
9852
9856
9858
9853
9854
9856
9876
9855
12424
12494
9856
9870
12425
12499
9857
9875
9858
9870
9872
9874
9859
9867
9869
9860
9862
9866
9861
9865
9862
9864
9863
9869
12502
9864
9866
9868
12503
12521
9865
12522
9866
12523
9867
12524
9868
9872
12537
9869
9871
12504
12538
9870
12501
9871
12444
12500
9872
12445
12505
12539
9873
12536
9874
9888
12445
12447
12634
9875
9883
12444
12448
9876
9882
12425
12427
9877
12424
12428
9878
9882
9879
9881
12428
12430
9880
12431
9881
9885
12432
9882
9884
12427
12433
9883
9884
9888
9885
9887
12448
12450
9886
12451
9887
12452
12637
9888
12447
12453
12636
9889
9890
12634
12636
12638
13246
9891
12532
12534
12536
9892
12529
12531
12537
9893
9895
12524
12528
9894
12523
12527
9895
9897
9896
12531
9897
9921
12528
12530
12604
9898
12527
12547
9899
9921
12548
9900
9906
9920
12549
9901
9919
9902
9904
9906
9903
9907
9904
9908
9910
9905
9911
9919
9906
9908
9916
9920
12553
9907
12550
9908
12551
9909
12552
9910
9914
9916
12559
9911
9913
9912
9916
9918
9913
9915
9925
9927
9914
9928
9915
9933
12562
9916
9924
9932
12561
9917
12560
9918
9920
9922
9924
12567
9919
9925
9920
9921
12568
9922
12569
9923
12530
12596
9924
12533
12597
12640
9925
12598
12641
9926
9927
12641
12643
9928
9930
9932
9929
9933
9930
9934
9936
9931
12643
12649
9932
9934
12642
12652
12666
9933
12641
12663
9934
12664
9935
12665
9936
10365
12367
12652
12672
9937
10366
12368
12649
9938
10367
12369
12389
9939
10368
12370
12386
9940
10369
12371
12375
9941
12372
12374
9942
9946
9943
9944
9946
9948
9945
9957
12715
9946
9958
12373
12718
9947
12374
9948
9958
9960
12379
9949
9957
9950
9956
9960
9962
9951
9955
9963
9952
9964
9953
9955
9967
10013
9954
10014
9955
9957
12697
9956
9968
12698
9957
9959
12402
12821
9958
12696
9959
12378
12695
9960
12381
12401
12822
9961
12380
9962
12401
12405
12431
9963
12402
12404
9964
9968
9970
9965
9967
9966
9970
9972
9967
9969
9979
10011
9968
10012
9969
12402
12859
9970
9978
12403
12860
9971
12404
9972
9974
9976
9978
12409
9973
9979
9974
9975
12410
9976
12411
12485
9977
12418
12486
9978
12419
12467
12880
9979
12408
12881
9980
9981
10007
10009
10011
12881
9982
10004
10006
9983
10003
10011
9984
10002
10012
9985
9991
10013
9986
9990
10014
9987
9989
10015
9988
10016
9989
9995
10017
9990
9994
10018
9991
9993
12701
9992
10002
12700
9993
9999
10001
12781
9994
9998
12704
9995
9997
12705
9996
12706
9997
12707
12729
9998
12708
12730
9999
12743
12785
10000
12744
12780
10001
12751
12753
12867
10002
12754
12864
10003
12863
10004
10010
12754
10005
10009
12755
10006
10008
12756
10007
10008
12880
16727
10009
12875
12879
16728
10010
12874
12882
10011
12861
12863
12865
10012
12860
10013
12859
12863
10014
12698
12700
10015
12697
12701
10016
10018
10020
10017
10021
10018
12706
12712
10019
12701
12705
10020
12702
12710
12712
12716
10021
12697
12715
10022
12712
12714
10023
10025
10037
10024
10036
10025
10033
10035
10026
10038
12712
10027
10031
10033
10067
12711
10028
10030
12706
10029
10033
10030
10032
10074
10031
10073
12707
10032
10066
10072
12726
10033
10065
10488
10034
10035
10043
10045
10065
10067
10036
10038
10042
10037
10041
10038
10040
12714
10039
10067
12713
10040
10042
10068
10375
12720
10041
10374
12719
10042
10373
10043
10376
10044
10064
10068
10453
10045
10051
10053
10055
10046
10050
10047
10049
10053
10048
10049
10079
10050
10052
10090
10051
10065
10091
10052
10056
10064
10094
10053
10057
10095
10054
10055
10057
10059
10056
10060
10453
10057
10061
10063
10518
10058
10106
10059
10061
10474
10520
10060
10471
10061
10454
10472
10062
10473
10519
10063
10454
10482
10524
10682
10064
10453
10483
10485
10065
10069
10486
10066
10487
10067
10069
10071
12725
10068
12722
10069
10452
12721
10070
10483
12972
10071
10484
10486
10504
12971
10072
10487
10503
12810
10073
10488
10492
12727
10074
10491
12728
10075
10488
10490
10076
10078
10077
10083
10490
10078
10080
10082
10092
10489
10079
10091
10488
10080
10090
10081
10089
10082
10086
10088
10083
10085
10099
10500
10084
10495
10085
10496
10566
10086
10100
10499
10565
10087
10088
10100
10102
10563
10089
10097
10099
10090
10092
10096
10091
10095
10092
10094
10487
10093
10099
10502
10094
10096
10098
10505
10517
10095
10486
10518
10096
10106
10097
10105
10098
10102
10104
10099
10101
10506
10530
10100
10501
10101
10510
10564
10102
10511
10531
10575
10103
10562
10104
10531
10539
10577
10579
10105
10530
10534
10536
10106
10108
10517
10521
10107
10518
10520
10108
10110
10109
10536
10110
10114
10521
10535
10111
10113
10520
10112
10113
10115
10121
10114
10583
10589
10115
10582
10590
10594
10116
10591
10593
10117
10119
10548
10118
10119
10752
10120
10549
10591
10751
10121
10724
10122
10589
10591
10723
10123
10139
10124
10125
10131
10133
10139
10141
10126
10130
10127
10141
10468
10128
10130
10142
10146
10467
10129
10147
10466
10130
10148
10131
10149
10132
10138
10142
10156
10133
10137
10157
10134
10135
10137
10139
10724
10136
10725
10137
10159
10748
10138
10158
10749
10139
10143
10860
10862
10140
10723
10141
10143
10604
10722
10142
10469
10143
10145
10698
10144
10699
10721
10145
10702
10858
10860
10884
10146
10154
10156
10697
10147
10149
10153
10618
10148
10152
10617
10149
10151
10150
10156
10151
10153
10155
10171
10152
10172
10153
10173
10620
10154
10174
10619
10155
10704
10856
10858
10156
10162
10170
10859
10157
10860
10158
10162
10159
10161
10772
10860
10160
10747
10161
10165
10746
10162
10164
10773
10859
10163
10164
10168
10170
10165
10167
10778
11010
10166
10745
10167
10191
10744
10168
10190
10779
11009
10169
10189
10170
10178
10188
10855
11009
10171
10856
11010
10172
10174
10178
10173
10177
10174
10176
10631
10175
10632
10856
10176
10178
10182
10633
10855
10177
10181
10634
10178
10180
10179
10180
10182
10186
10188
10181
10185
10182
10184
10645
10183
10646
10854
10184
10186
10206
10647
10853
10185
10205
10648
10186
10204
10187
10203
10188
10194
10202
10853
11039
10189
10854
11038
10190
10194
10191
10193
10784
11038
10192
10743
10193
10197
10742
10194
10196
10785
11039
10195
10196
10200
10202
10197
10199
10814
11054
10198
10789
10199
10812
11062
10200
10813
10837
11055
10201
10838
10202
10210
10849
10851
11055
10203
10852
11054
10204
10206
10210
10205
10209
10206
10208
10659
10207
10660
10852
10208
10210
10661
10845
10851
10209
10662
10844
10210
10212
10211
10212
10845
10847
10849
10213
10842
10844
10214
10269
10273
10215
10270
10216
10271
10273
11224
10217
11211
10218
10271
11076
11212
10219
10221
10346
11077
10220
10236
10345
10221
10223
10222
10223
10257
11075
11077
10224
10236
10238
10225
10233
10235
10226
10228
10232
10227
10231
10228
10230
10333
10229
10235
10334
10230
10232
10234
10244
10339
10231
10243
10338
10232
10242
10233
10241
10234
10238
10240
10235
10237
10251
10340
10236
10341
10237
10344
11077
10238
10252
11078
11262
10239
10257
10240
10252
10254
10256
10241
10249
10251
10242
10244
10248
10243
10247
10244
10246
11248
10245
10251
11249
10246
10248
10250
11250
11404
10247
11251
11293
10248
11294
10249
11403
10250
10254
11402
10251
10253
11269
11441
10252
11264
10253
11089
11263
10254
11090
11270
11442
10255
11443
10256
11090
11092
11096
11650
10257
11089
11093
11095
10258
11078
11080
10259
11095
10260
10262
11070
11080
11094
10261
11069
11075
10262
10264
10263
11099
10264
11070
11100
10265
11069
10266
10267
10268
10270
11069
10269
10841
11068
10270
10272
10842
11073
10271
11074
10272
11083
11225
10273
10843
11084
11676
10274
10844
10275
11224
11228
11676
11678
10276
10430
10662
10277
10431
11224
10278
10348
10352
11211
10279
10349
10351
10280
10282
10281
10349
10282
10350
10356
10283
10351
10357
10415
10284
10412
10285
10357
10411
10286
10288
10358
10360
13131
10287
10361
13126
10288
13127
10289
13128
10290
10356
10358
10422
13133
10291
13102
10292
10322
10324
10422
16247
10293
10321
10325
16248
10294
10326
16249
10295
10321
10296
10320
10326
10328
10297
10298
10328
10330
10299
10301
10303
10300
10304
10301
10305
10307
10302
10308
10328
10303
10305
10317
10329
10335
10304
10330
10332
10305
10333
10306
10334
10307
10317
10341
10345
10308
10314
10309
10315
10317
10319
10310
10312
10320
10311
10321
10312
10322
10350
10313
10315
10323
10353
10314
10348
10315
10345
10347
10316
11203
11209
10317
10343
10345
11204
11214
10318
10342
10319
10329
11200
11204
11238
10320
10328
11201
11203
10321
10323
10325
10322
10323
10355
10324
10354
11203
10325
10423
11202
16262
10326
11201
16257
10327
16256
10328
11199
11201
16265
10329
10330
11197
11199
10331
10332
11195
11197
10333
10335
10337
10334
10338
10335
10339
10341
10336
10342
11197
10337
10339
11196
11246
11260
10338
11195
11247
10339
11248
10340
11249
10341
11260
11262
11264
10342
10344
10343
11238
11260
10344
11237
11261
11275
10345
11262
11274
10346
10347
11212
11214
11274
10348
11209
11211
10349
10353
10350
10351
10353
10355
10352
10426
10428
10353
10425
10431
11210
10354
11209
10355
10423
10425
11208
10356
10422
10426
10357
10358
10416
10426
10359
10421
13132
10360
10416
10418
10420
16243
10361
10409
10411
13704
10362
10406
10408
13703
10363
10399
10401
13702
10364
10396
10398
12671
10365
10393
10395
12672
10366
10390
10392
10367
10387
10389
10368
10384
10386
10369
10381
10383
10370
10380
10371
10383
10372
10378
10380
10382
10373
10374
10376
10378
10375
10379
12828
10376
10450
10452
12829
10377
10453
10378
10450
10454
10456
10379
10447
10380
10448
10450
12831
10381
12371
10382
10386
10448
12370
10383
10385
10447
10384
10385
10389
10386
10388
10446
10387
10459
12369
10388
10392
10460
12368
10389
10391
10445
10390
10391
10395
10392
10394
10444
10393
10611
12367
10394
10398
10612
12366
10395
10397
10443
10396
10397
10401
10398
10400
10442
10399
10625
12365
10400
10408
10626
12364
10401
10403
10407
10441
10402
10406
10403
10405
10404
10630
10405
10407
10413
10635
10406
10412
10407
10411
10408
10410
10440
10409
10639
12363
10410
10418
10640
12362
10411
10413
10417
10439
10412
10416
10413
10415
10414
10644
10415
10417
10429
10649
10416
10428
10417
10427
10418
10436
10438
10419
10653
12361
10420
10434
10436
10654
12360
10421
10427
10433
16244
10422
10424
10426
16245
10423
16246
10424
11207
16281
10425
10433
11218
16286
10426
10432
11217
10427
10428
10432
10436
10429
10431
10430
10436
10658
10431
10435
10663
11228
10432
11223
10433
10435
11222
10434
11221
16287
10435
10667
11230
12359
10436
10666
11229
10437
10438
10654
10656
10658
10666
10439
10649
10651
10653
10440
10640
10642
10644
10441
10635
10637
10639
10442
10626
10628
10630
10443
10621
10623
10625
10444
10612
10614
10616
10445
10465
10609
10611
10446
10460
10462
10464
10447
10457
10459
10448
10456
10449
10459
12844
10450
10456
10458
10480
12845
10451
12830
10452
10454
10480
10482
12979
10453
10483
12974
10454
10455
10456
10472
10478
10480
10682
10457
10458
10462
10478
10459
10461
10479
12846
10460
12847
10461
10611
13030
10462
10610
10678
13031
10463
10609
10679
10464
10468
10606
10608
10465
10466
10608
10616
10467
10617
10468
10608
10618
10698
10469
10470
10604
10606
10698
10471
10475
10477
10472
10474
10473
10477
10474
10476
10584
10682
10475
10583
10476
10588
10604
10477
10587
10605
10681
10478
10606
10479
10679
10681
10480
10678
10690
12987
10481
12982
10482
10682
10684
10690
12981
10483
10525
12980
10484
12973
10485
10515
10525
12992
10486
10516
10518
10524
10487
10505
10488
10502
10489
10490
10492
10500
10502
10491
10495
10492
10494
12789
10493
10503
12790
10494
10498
10500
10508
12805
10495
10497
12800
10496
10500
10497
10499
10567
10498
10568
12801
10499
10509
10569
12806
10500
10510
10570
10501
10502
10506
10508
10510
10503
10505
10504
10508
12809
10505
10507
10515
12970
10506
10516
10507
10511
10529
10508
10512
10514
12969
10509
12808
10510
10512
10572
12807
10511
10571
10512
10574
10947
10513
10573
13406
10514
10945
10947
10949
13405
10515
10527
10529
13404
10516
10526
12995
10517
10523
10529
10518
10522
10530
10519
10520
10522
10524
10584
10521
10583
10522
10534
10582
10523
10533
10585
10524
10526
10528
10686
10525
10683
10526
10684
12991
10527
10685
12996
10528
10943
10945
13421
10529
10533
10942
10946
10530
10947
10531
10533
10532
10576
10947
10533
10579
10907
10946
10952
10534
10906
10535
10579
10581
10536
10540
10542
10594
10537
10539
10538
10542
10539
10541
10559
10540
10560
10541
10579
10595
10913
10542
10544
10558
10596
10543
10593
10544
10548
10545
10547
10557
10546
10554
10547
10551
10553
10548
10550
10596
10915
10549
10593
10550
10592
10870
10551
10597
10871
10916
10552
10872
10553
10916
10922
10554
10915
10555
10557
10556
10557
10559
10558
10915
10559
10913
10914
10560
10561
10577
10913
10562
10563
10575
10577
10564
10565
10571
10575
10566
10570
10567
10568
10570
10569
12946
10570
10572
12947
10571
10572
10574
10573
13408
10574
10949
13407
10575
10948
10576
10577
10948
10952
10578
10579
10911
10913
10952
10580
10581
10595
10907
10909
10911
10582
10594
10600
10906
10583
10585
10601
10584
10588
10585
10587
10683
10586
10686
10906
10587
10601
10687
10717
10905
10588
10688
10716
10589
10601
10603
10590
10722
10591
10599
10601
10865
10592
10864
10593
10597
10599
10869
10594
10596
10595
10599
10596
10598
10912
10597
10914
10598
10878
10917
10599
10879
10909
10918
10600
10868
10601
10903
10905
10909
10602
10603
10717
10865
10901
10903
10604
10716
10720
10722
10605
10699
10606
10680
10700
10716
10607
10679
10608
10694
10696
10698
10700
10609
10615
10610
10614
10694
10611
10613
10677
13032
10612
13033
10613
10625
13060
10614
10624
10676
13061
10615
10623
10695
10616
10618
10622
10696
10617
10621
10618
10620
10619
10697
10620
10622
10632
10704
10621
10631
10622
10630
10623
10629
10705
10624
10628
10999
10625
10627
10675
13062
10626
13063
10627
10639
13710
10628
10638
10674
13711
10629
10637
10998
10630
10632
10636
11000
10631
10635
10632
10634
10633
11001
10634
10636
10646
11006
10635
10645
10636
10644
10637
10643
11005
10638
10642
13767
10639
10641
10673
13716
10640
13715
10641
10653
16236
10642
10652
10672
16235
10643
10651
13768
10644
10646
10650
11044
10645
10649
10646
10648
10647
11043
10648
10650
10660
11048
10649
10659
10650
10658
10651
10657
11047
10652
10656
13773
10653
10655
10671
16901
10654
16902
10655
10667
16903
10656
10668
10670
16906
10657
10665
13774
10658
10660
10664
11050
10659
10663
10660
10662
10661
11049
10662
10664
11681
13781
10663
11678
10664
10666
11679
10665
11680
13780
10666
10668
11689
13779
10667
11686
10668
11687
16908
10669
11688
16907
10670
13777
13779
16067
16930
10671
13774
13776
16931
10672
13771
13773
16900
10673
13768
13770
16234
10674
13717
13765
13767
10675
10998
13718
13764
10676
10710
10999
13719
10677
10695
10709
13720
10678
10692
10694
13051
10679
10691
13052
10680
10694
10681
10691
10693
10715
10682
10688
10690
10683
10684
10686
10688
10685
10689
12990
10686
10943
10961
13021
10687
10942
10688
10941
10961
10963
10689
10715
10690
10714
10961
12989
10691
12988
10692
10714
13053
10693
10709
10713
13054
10694
10700
10708
10965
10695
10696
10708
10999
10697
10701
10705
10698
10702
10704
10699
10700
10702
10720
10701
10719
10702
10706
10708
10967
10703
10968
10704
10706
10858
10969
11002
10705
11001
10706
10999
11000
10707
10970
11003
10708
10710
10995
10997
10999
10709
10966
10710
10712
13721
10711
13722
13764
10712
10995
15319
15321
16197
10713
10966
10974
16192
10714
10965
10975
13551
10715
10962
13550
10716
10963
10965
10717
10719
10718
10904
10963
10719
10901
10938
10964
10972
10720
10965
10967
10721
10901
10968
10722
10862
10866
10884
10723
10865
10724
10862
10864
10725
10749
10751
10726
10748
10752
10727
10729
10728
10752
10756
10729
10731
10753
10757
10730
10748
10731
10733
10747
10732
10758
10770
10733
10735
10759
10775
10734
10746
10735
10737
10745
10736
10760
10776
10737
10739
10761
10781
10738
10744
10739
10741
10743
10740
10762
10782
10741
10763
10787
10791
10742
10790
10743
10785
10787
10789
10744
10782
10784
10745
10779
10781
10746
10776
10778
10747
10773
10775
10748
10770
10772
10749
10753
10750
10772
10862
10751
10753
10771
10863
10875
10752
10864
10870
10753
10755
10754
10770
10755
10757
10769
10873
10875
10756
10870
10872
10757
10758
10759
10769
10760
10768
10761
10767
10762
10766
10763
10765
10764
10820
10765
10787
10819
13808
13810
10766
10782
13805
13807
10767
10781
11025
11027
10768
10776
11022
11024
10769
10775
10893
10895
10770
10890
10892
10771
10775
10772
10774
10888
10890
10773
10861
10774
10778
10886
10775
10777
10887
10895
10776
10777
10781
10778
10780
11014
11022
10779
11011
10780
10784
11016
10781
10783
11015
11027
10782
10783
10787
10784
10786
13799
13805
10785
13798
10786
10814
13797
10787
10815
13800
13810
10788
10789
10791
10815
10817
10819
10790
10812
10814
10791
10793
10792
10820
10793
10795
10817
10821
10794
10812
10795
10797
10811
10796
10822
10834
10797
10799
10823
15416
10798
10810
10799
10801
10809
10800
10824
15417
10801
10803
10825
15909
10802
10808
10803
10805
10807
10804
10826
15910
10805
10827
15915
15919
10806
15918
10807
15448
15913
15915
15917
10808
15446
15910
15912
10809
15420
15447
15909
10810
11063
15417
15419
10811
11061
15414
15416
10812
10834
10836
11062
10813
10817
10814
10816
10836
13821
10815
13820
10816
13811
13819
10817
10835
13816
13822
10818
10834
10819
10821
10833
13814
13816
10820
13811
13813
10821
10822
10823
10833
10824
10832
10825
10831
10826
10830
10827
10829
10828
15948
10829
15915
15947
18056
18058
10830
15910
18053
18055
10831
15905
15907
15909
10832
15417
15902
15904
10833
15416
15899
15901
10834
15896
15898
10835
15416
10836
15411
15415
15896
10837
15412
15414
10838
11058
11060
11062
10839
10849
10840
10848
11060
11065
10841
10847
11066
11818
10842
11067
10843
10847
11808
10844
10846
11677
11807
10845
11678
10846
10850
11681
10847
11682
11810
13790
10848
11809
10849
11059
13790
15424
10850
11058
10851
11057
13786
13790
10852
11056
13781
10853
11049
11053
10854
11040
11048
10855
11037
11043
10856
11006
11008
10857
11001
10858
11002
11008
11010
11012
10859
10885
10860
10886
11010
10861
10862
10884
10886
10888
10863
10864
10866
10876
10888
10865
10869
10866
10868
10867
10883
10901
10868
10876
10880
10882
10902
10869
10879
10903
10870
10876
10878
10871
10875
10872
10874
10878
10921
10873
10922
10874
10892
10923
10875
10877
10891
10924
10876
10890
10877
10889
10878
10880
10925
10929
10879
10920
10880
10919
10935
10881
10926
10934
10882
10927
10929
10931
10933
10883
10889
10897
10986
10884
10888
10898
10900
10885
10968
10886
10898
10969
11012
10887
11011
10888
10896
10898
11014
10889
10890
10896
10929
10891
10895
10892
10894
10929
13835
10893
13836
10894
11024
13837
10895
10930
11023
13834
10896
11022
10897
10930
11021
10898
10931
10987
11020
10899
11013
10900
10969
10971
10987
15327
10901
10968
10972
10986
10902
10903
10934
10938
10986
10904
10935
10905
10936
10938
10940
10906
10908
10941
10907
10942
10908
10953
10957
10909
10936
10954
10958
10910
10935
10911
10918
10954
15302
10912
10953
10913
10914
10918
10915
10917
10916
10917
10921
10918
10920
10919
10920
10926
15302
10921
10925
10922
10924
10923
10924
13836
10925
13835
10926
10928
10927
15301
10928
15298
15300
10929
13833
13835
10930
10931
11030
13833
10932
11031
15298
10933
10987
10989
15299
15347
10934
10986
10990
15300
10935
10937
15301
10936
15302
10937
10979
15303
10938
10980
10990
15304
10939
10985
10940
10964
10976
10980
10984
10941
10963
10977
10979
10942
10958
10960
10943
10957
10944
10960
13438
10945
10957
10959
13439
15309
10946
10950
13422
10947
10951
10957
10948
10949
10951
10950
13448
10951
13447
15309
10952
10956
10953
10954
10956
10955
15303
10956
10958
15306
15308
10957
15309
10958
10959
10979
10960
10978
13444
15308
10961
10977
13443
10962
13022
10963
10975
10977
13549
10964
10965
10973
10975
10966
10967
10973
10995
10968
10970
10972
10969
10970
15326
10971
10995
15325
10972
10988
10994
15328
10973
10985
10974
10984
10994
10975
10983
15319
16193
10976
13554
10977
10981
10983
13555
10978
13556
10979
10981
13559
15307
10980
15306
10981
10991
15305
10982
13560
15310
10983
10991
15311
15317
16203
10984
15318
16200
10985
10991
10993
10986
10988
10990
10987
10988
15346
10989
10993
15345
10990
10992
15314
15348
10991
15313
10992
15312
10993
15315
15317
15369
10994
15318
15344
10995
15319
15343
10996
10997
15321
15323
15325
15343
10998
11003
13764
13766
10999
11000
13767
11001
11003
11005
11002
11006
11003
11007
15326
11004
15325
11005
11007
11045
13766
15324
11006
11044
13767
11007
11043
11008
11042
15331
11009
11017
11037
11010
11016
11038
11011
11012
11014
11016
11013
11017
15326
11014
11018
11020
15327
11015
11021
11016
11018
11028
13799
11017
13798
11018
11036
15331
11019
11035
15330
11020
11028
11032
11034
15351
11021
11031
15346
11022
11028
11030
11023
11027
11024
11026
11030
13839
11025
13838
11026
13807
13841
11027
11029
13806
13840
11028
13805
11029
13804
11030
11032
13829
13831
11031
13832
11032
15297
15347
11033
15296
15352
11034
13827
13829
15295
15353
11035
13802
13804
15354
11036
13799
13801
15335
11037
13796
13798
15332
11038
11040
11042
11039
13798
11040
11054
13797
11041
11053
13796
11042
11046
11048
11052
15337
11043
11045
15332
11044
11048
11045
11047
13768
11046
13769
15333
11047
11051
13772
15338
11048
11050
13773
11049
11050
11052
13781
11051
13774
13780
11052
13775
13783
15393
11053
13782
15394
11054
11056
13795
11055
13820
11056
11058
13821
11057
13782
13794
11058
13787
13791
13793
11059
15412
11060
13791
15413
15427
11061
11064
15414
11062
11063
11064
15447
11065
15419
15421
15427
11066
15422
15424
11067
11809
11815
11817
11068
11808
11814
11069
11071
11073
11070
11074
11071
11081
11101
11072
11102
11814
11073
11081
11085
11665
11813
11074
11084
11808
11075
11081
11083
11076
11080
11077
11079
11083
11277
11078
11274
11079
11089
11273
11080
11082
11088
11278
11081
11093
11082
11664
11083
11085
11087
11671
11084
11672
11085
11675
11807
11086
11704
11812
11087
11665
11667
11705
15433
11088
11664
11668
11670
11089
11091
11093
11643
11090
11272
11091
11271
11649
11092
11644
11652
11668
11093
11097
11651
11663
11094
11664
11095
11097
11099
11101
11096
11097
11375
11098
11104
11374
11099
11105
11107
11100
11101
11105
11102
11104
11664
11103
11665
11821
11104
11372
11666
11822
11105
11373
11663
11106
11107
11323
11371
11373
11727
11108
11320
11374
11658
11109
11319
11375
11657
11110
11306
11376
11394
11111
11305
11377
11379
11112
11296
11302
11380
11113
11295
11299
11301
11114
11128
11130
11115
11301
11116
11128
11300
11117
11127
11311
11118
11126
11312
11119
11125
11339
11120
11124
11340
11121
11123
11347
11122
11348
11550
11123
11165
11517
11549
11124
11164
11512
11125
11159
11425
11126
11158
11420
11127
11137
11387
11128
11136
11382
11129
11299
11130
11134
11136
11298
11131
11295
11132
11134
11294
11133
11143
11293
11134
11140
11142
11406
11135
11407
11136
11138
11140
11410
11137
11383
11138
11158
11386
11139
11157
11415
11140
11154
11156
11414
11141
11411
11142
11152
11154
11476
11143
11145
11459
11144
11292
11145
11147
11291
11146
11152
11458
11147
11149
11151
11473
11148
11290
11149
11191
17290
11150
11190
17291
11151
11175
11189
17298
11152
11174
11474
11153
11475
11154
11172
11174
11480
11155
11481
11156
11170
11172
11502
11157
11161
11503
11158
11160
11418
11159
11419
11160
11164
11424
11161
11163
11507
11162
11170
11506
11163
11167
11169
11541
11164
11166
11510
11165
11511
11166
11516
11548
11167
11543
11547
11168
11542
11568
11169
11181
11569
11954
11170
11180
11949
11171
11623
11172
11178
11180
11622
11173
11501
11174
11176
11178
11500
11175
11499
11176
11188
17299
11177
11187
17654
11178
11184
11186
17655
11179
11621
11180
11182
11184
11620
11181
11950
11182
11570
11953
11183
11585
11619
11184
11586
11618
17663
11185
17662
11186
11618
11620
12278
17753
11187
11621
12277
17734
11188
11500
11630
17729
11189
11499
11631
17552
11190
11474
11496
17547
11191
11471
11473
17520
11192
11290
11470
17515
11193
11255
16414
11194
11252
11254
11290
11195
11245
11247
11196
11197
11243
11245
11259
11198
11238
11199
11239
11243
16392
11200
16272
11201
11205
11239
16273
11202
16264
11203
11205
11207
16263
11204
11208
11205
11215
11237
11206
11240
16278
11207
11215
11219
11697
16279
11208
11218
16280
11209
11215
11217
11210
11214
11211
11213
11217
11223
11212
11224
11213
11225
11277
11214
11216
11226
11276
11215
11275
11216
11236
11217
11219
11233
11235
11218
11222
11219
11221
16380
11220
11696
16379
11221
11231
11233
11695
16386
11222
11230
16381
11223
11229
11233
11224
11226
11228
11225
11226
11672
11676
11227
11233
11673
11228
11232
11674
11676
11684
11229
11679
11230
11232
11686
11231
11687
12358
11232
11692
11694
12357
11233
11685
11803
11234
11235
11673
11695
11701
11803
11236
11276
11696
11700
11237
11275
11281
11697
11238
11240
11282
11239
11259
11240
11242
16391
11241
11697
16390
11242
11282
11284
11698
16405
11243
11257
11259
16400
11244
16399
11245
11255
11257
16408
11246
11254
11258
11247
11249
11253
11265
11248
11252
11249
11251
11250
11264
11251
11253
11269
11455
11252
11292
11253
11291
11254
11268
11456
11255
11287
11289
11256
11470
16415
11257
11285
11287
11469
16416
11258
11284
16407
11259
11265
11283
11287
11260
11282
11261
11265
11262
11266
11280
11282
11263
11273
11264
11266
11270
11272
11265
11269
11266
11268
11267
11283
11641
11268
11270
11286
11464
11646
11269
11287
11463
11270
11454
11271
11453
11272
11644
11646
11648
11273
11641
11643
11274
11278
11280
11275
11277
11276
11280
11277
11279
11673
11278
11672
11279
11643
11671
11280
11642
11700
11702
11281
11641
11282
11640
11698
11700
11283
11284
11286
11640
11285
11769
16406
11286
11468
11770
16421
11287
11467
11639
11288
11289
11463
11467
11469
11491
11290
11456
11470
11472
11291
11473
11292
11456
11458
11293
11455
11459
11294
11404
11406
11295
11403
11407
11296
11298
11297
11377
11403
11298
11378
11380
11384
11408
11299
11383
11407
11300
11380
11382
11301
11303
11311
11302
11303
11305
11304
11310
11380
11305
11307
11309
11379
11306
11307
11319
11308
11318
11394
11309
11315
11317
11395
11310
11314
11390
11311
11313
11381
11312
11382
11313
11339
11387
11314
11338
11388
11315
11337
11389
11316
11336
11396
11317
11329
11335
11735
11318
11328
11730
11319
11321
11657
11320
11321
11323
11322
11328
11658
11323
11325
11327
11727
11324
11325
11371
11827
11326
11370
11830
11327
11331
11369
11831
11328
11330
11728
11329
11729
11330
11334
11736
11331
11333
11737
11332
11368
11834
11333
11357
11367
11835
11334
11356
11918
11335
11355
11893
11336
11354
11892
11337
11343
11431
11338
11342
11428
11339
11341
11421
11340
11420
11341
11347
11425
11342
11346
11426
11343
11345
11427
11344
11354
11432
11345
11351
11353
11523
11346
11350
11520
11347
11349
11513
11348
11512
11349
11517
11986
11350
11518
11987
11351
11519
12014
11352
11524
12015
11353
11361
11913
12143
11354
11360
11908
11355
11895
11356
11360
11894
11357
11359
11917
11358
11366
11838
11359
11363
11365
11839
11360
11362
11916
11361
11909
11362
11914
12144
11363
11915
12211
11364
11842
12212
11365
11843
11915
12227
12241
11366
11844
11916
12240
11367
11845
11917
11920
11368
11846
11888
11918
11369
11737
11741
11847
11370
11728
11740
11848
11371
11725
11727
11849
11372
11826
11373
11723
11725
11851
11374
11662
11726
11375
11651
11659
11376
11650
11656
11377
11393
11443
11378
11402
11379
11391
11393
11401
11380
11390
11394
11381
11382
11384
11388
11390
11383
11387
11384
11386
11410
11385
11391
11409
11386
11388
11398
11416
11422
11387
11415
11419
11388
11420
11389
11421
11390
11396
11398
11428
11391
11395
11392
11398
11400
11393
11395
11397
11447
11731
11394
11444
11656
11395
11657
11396
11730
11397
11431
11735
11398
11430
11448
11734
11399
11429
11400
11416
11436
11438
11448
11401
11409
11439
11447
11402
11408
11440
11444
11403
11441
11443
11404
11408
11405
11441
11455
11406
11408
11412
11440
11460
11407
11411
11459
11408
11410
11409
11410
11412
11416
11411
11415
11412
11414
11476
11413
11439
11477
11414
11416
11438
11482
11504
11415
11481
11503
11416
11418
11417
11418
11422
11436
11504
11508
11419
11503
11507
11420
11422
11424
11421
11425
11422
11426
11428
11423
11429
11424
11426
11434
11508
11514
11425
11507
11511
11426
11512
11427
11513
11428
11432
11434
11520
11429
11431
11430
11434
11436
11431
11433
11533
11891
11432
11892
11433
11523
11895
11434
11522
11534
11896
11435
11521
11436
11508
11528
11530
11534
11437
11533
11438
11504
11530
11532
11939
11439
11449
11483
11440
11446
11484
11441
11445
11461
11442
11454
11443
11445
11453
11649
11444
11650
11445
11447
11655
11446
11452
11654
11447
11449
11451
11747
11448
11746
11449
11533
11751
11450
11532
11750
11451
11483
11487
11785
11938
11452
11484
11486
11782
11453
11461
11465
11717
11454
11464
11648
11455
11461
11463
11456
11460
11457
11463
11458
11460
11462
11472
11478
11459
11473
11475
11460
11476
11461
11477
11462
11484
11463
11465
11485
11491
11464
11465
11467
11647
11466
11486
11716
11467
11491
11493
11635
11637
11468
11638
11469
11493
11775
17526
11470
11492
17523
11471
17516
11472
11492
11496
17521
11473
11491
11497
11474
11475
11497
11499
11476
11478
11480
11477
11481
11478
11482
11484
11479
11485
11497
11480
11482
11488
11498
11626
11481
11499
11501
11482
11502
11483
11625
11484
11488
11939
11485
11486
11488
11490
11487
11635
11781
11488
11634
11786
11941
11489
11940
11490
11498
11632
11634
12272
11491
11495
11497
11635
11492
11493
11495
17522
11494
11776
17527
11495
11633
11635
11791
17558
11496
11632
17555
11497
11631
17548
11498
11499
11629
11631
11500
11501
11621
11629
11502
11622
11626
11503
11623
11625
11504
11506
11505
11625
11506
11508
11530
11540
11624
11507
11541
11623
11508
11510
11509
11510
11514
11528
11540
11544
11511
11541
11543
11512
11514
11516
11513
11517
11514
11518
11520
11515
11521
11516
11518
11526
11544
11983
11517
11543
11984
11518
11985
11519
12012
11520
11524
11526
12013
11521
11523
11522
11526
11528
11523
11525
11535
11907
11524
11908
11525
11913
12040
11526
11912
11979
12039
11527
11982
11528
11538
11544
11979
11981
11529
11535
11530
11536
11538
11540
11947
11531
11944
11532
11534
11536
11904
11945
11533
11901
11938
11534
11900
11535
11905
11536
11906
11979
11537
11946
11976
11538
11961
11977
11979
12122
11539
11956
12121
11540
11542
11544
11955
12114
11541
11948
11542
11949
11543
11954
12113
11544
11546
11545
11546
11981
11983
12114
12118
11547
11984
12113
12117
11548
11566
11568
11549
11565
11984
11550
11564
11985
11551
11986
11552
11564
11989
11553
11563
11990
11554
11562
11993
11555
11561
11994
11556
11560
11997
11557
11559
11998
11558
12001
12066
11559
11603
12002
12065
11560
11602
12003
11561
11597
12004
11562
11596
12005
11563
11577
12006
11564
11576
12007
11565
12008
11566
11576
12009
11567
11575
12117
11568
11572
11574
12116
11569
12113
11570
11572
12112
11571
11585
12111
11572
11582
11584
12329
11573
12328
11574
11580
11582
15723
11575
11579
12129
11576
11578
12128
11577
12046
11578
11596
12047
11579
11595
12133
11580
11594
12132
11581
11593
15728
11582
11590
11592
15721
11583
15722
11584
11588
11590
12108
11585
11587
12109
11586
12110
11587
11617
18965
11588
11616
18966
11589
11615
18973
11590
11612
11614
18974
11591
12107
11592
11610
11612
12106
11593
11609
15720
11594
11608
15729
11595
11599
15558
11596
11598
15557
11597
12053
11598
11602
12054
11599
11601
15562
11600
11608
15561
11601
11605
11607
15574
11602
11604
15573
11603
12059
11604
12060
12082
11605
12083
15578
11606
12084
15577
11607
12095
12097
15740
11608
12098
15735
11609
15734
11610
12098
15719
11611
12099
12105
11612
12100
18440
18998
11613
18997
11614
12106
18438
18440
19102
11615
12107
18411
19069
11616
12108
18410
19064
11617
12109
12332
19043
11618
12110
12333
19038
11619
12281
17758
11620
11953
12110
12280
11621
11950
12279
11622
11628
11623
11627
11950
11624
11949
11625
11627
11944
11948
11626
11939
11627
11629
11940
11628
11943
11951
11629
12275
12277
12279
11630
12272
11631
12271
12277
17730
11632
17553
11633
12271
17554
11634
11790
12270
17559
11635
11789
12273
11636
11637
11779
11781
11789
11791
11638
11716
11776
11778
11639
11647
11773
11775
11640
11646
11770
11772
11641
11767
11769
11642
11646
11643
11645
11707
11767
11644
11670
11645
11669
11713
11646
11708
11714
11772
11647
11648
11714
11716
11649
11713
11717
11650
11652
11654
11651
11655
11652
11660
11662
11653
11713
11721
11654
11660
11718
11720
11748
11655
11717
11747
11656
11660
11746
11657
11659
11731
11658
11730
11659
11727
11729
11660
11726
11732
11661
11745
11662
11720
11724
11726
11744
11663
11721
11723
11664
11666
11668
11665
11666
15434
11667
11723
15438
11668
11710
11722
15439
11669
11721
11670
11708
11710
11712
11671
11705
11707
11672
11702
11704
11673
11675
11674
11702
11675
11703
11803
11805
11676
11704
11806
11677
11678
11682
11684
11806
11679
11681
11680
11684
11686
11681
11683
11689
13785
11682
13786
11683
13789
15798
11684
11690
15799
16062
11685
11805
11686
11690
11692
11804
11687
11689
11688
11692
16921
11689
11691
16067
16922
11690
16066
11691
15802
16071
11692
15803
16070
16927
11693
16926
11694
11804
15803
15805
17175
11695
11801
11803
12356
11696
11800
16387
11697
11699
16388
11698
16389
11699
11769
16424
11700
11768
11800
16429
11701
11767
11702
11766
11800
11802
11703
11707
11704
11706
11802
15795
11705
15796
11706
11710
15811
11707
11709
12259
15810
11708
11766
11709
11761
11765
11710
11760
12258
15815
11711
15814
11712
11722
11758
11760
15825
11713
11719
11721
11761
11714
11718
11715
11761
11773
11716
11718
11762
11778
11780
11717
11781
11718
11782
11719
11783
11720
11758
11762
11929
11721
11755
11757
11722
11723
11757
15461
11724
15460
11725
11743
11757
15465
11726
11740
11850
11727
11739
11728
11729
11737
11739
11730
11732
11736
11731
11735
11732
11734
11746
11733
11739
11745
11734
11736
11738
11752
11890
11735
11751
11891
11736
11892
11737
11893
11738
11918
11739
11741
11753
11889
11740
11744
11741
11743
11881
11742
11882
11888
11743
11753
11922
11926
15473
11744
11756
15468
11745
11753
11755
11746
11748
11752
11747
11751
11748
11750
11782
11749
11755
11783
11750
11752
11754
11784
11902
11751
11785
11901
11752
11900
11753
11899
11754
11923
11755
11924
11926
11934
11756
11929
11757
11926
11928
15469
11758
15464
11759
11928
15828
11760
11762
11931
12256
15829
11761
12257
15824
11762
11764
11763
11930
11764
11778
11796
12256
12298
11765
11773
11797
12257
11766
11772
11798
12258
11767
11799
12259
11768
11772
11769
11771
11799
16550
11770
16423
11771
11775
16422
11772
11774
11798
16549
11773
11774
11778
11775
11777
11797
17580
11776
17579
11777
11791
17584
11778
11792
11796
17583
11779
11780
11788
11792
12298
11781
11783
11787
11930
11782
11786
11783
11785
11784
11929
11785
11787
11934
11936
11786
11937
11787
11789
11966
11788
11933
11967
11789
11793
12291
12297
11790
12290
11791
11793
12269
17590
11792
17585
11793
11795
17588
11794
12268
17589
11795
12265
12267
12297
17876
11796
12264
12298
17875
11797
12263
17862
11798
12262
17861
11799
12261
16552
11800
12260
16551
11801
16430
11802
12260
12355
15805
11803
12259
15794
11804
11805
15794
15802
11806
15795
15799
11807
15796
15798
11808
11810
11812
11809
11813
11810
15424
15436
11811
15425
15798
11812
15430
15432
15436
15797
11813
15433
15796
11814
15434
15436
11815
11821
11816
11820
15422
15436
11817
11819
11818
11820
11824
11821
11823
15435
15444
11822
15434
11823
11851
15438
11824
11852
15437
15450
11825
11826
11828
11852
11854
11856
11827
11849
11851
11828
11830
11829
11857
11830
11832
11854
11860
11831
11849
11832
11834
11848
11833
11861
11879
11834
11836
11864
11884
11835
11847
11836
11838
11846
11837
11865
11885
11838
11840
11868
15504
11839
11845
11840
11842
11844
11841
11869
15503
11842
11872
15505
15988
11843
15987
11844
15505
15507
15986
11845
15501
15503
11846
15490
15504
11847
11885
11887
11848
11882
11884
11849
11879
11881
11850
11854
11851
11853
11881
15465
11852
15460
11853
15451
15459
11854
11880
15456
15466
11855
11879
11856
11860
11878
15454
15456
11857
15451
15453
11858
11860
11859
15453
15918
11860
11862
15454
15921
11861
11862
11864
11878
11863
15479
15922
11864
11866
15480
15925
11865
11877
11866
11868
11876
11867
15485
15926
11868
11870
15486
15929
11869
11875
11870
11872
11874
11871
15930
15982
11872
15933
15981
16018
11873
16017
11874
15505
15979
15981
15984
11875
15503
15978
15982
11876
15486
15488
15504
11877
11885
15483
15485
11878
11884
15480
15482
11879
15477
15479
11880
11884
11881
11883
15467
15477
11882
15468
11883
11887
15473
11884
11886
15474
15482
11885
11886
15504
11887
15483
15489
15495
11888
15490
15492
11889
11920
11922
11890
11918
11919
11923
11891
11893
11897
11899
11892
11896
11900
11893
11895
11894
11918
11895
11897
11909
11917
11896
11908
11897
11905
11907
11898
11910
11919
11899
11903
11905
11972
11974
11900
11902
11923
11901
11905
11902
11904
11937
11903
11924
11936
11904
11969
11971
11975
11905
11964
11976
11906
11907
11974
11976
11978
11908
11910
11912
11909
11913
11910
11914
11916
11911
11974
12239
11912
11914
12230
12238
12307
11913
11978
12231
11914
12142
11915
12229
11916
12228
12238
11917
12239
11918
11919
11920
11972
12239
11921
12240
15490
11922
11972
12243
12245
15491
11923
11925
15492
11924
11972
11925
11935
11971
11926
12245
12247
15493
11927
15472
11928
11932
11934
12247
15842
11929
11931
15839
11930
11934
11931
11933
12298
11932
12255
15838
11933
12248
12254
15843
11934
12249
12297
11935
11936
11970
12247
12249
11937
11967
11969
11938
11964
11966
11939
11941
11945
11940
11944
11941
11943
12272
11942
11966
12273
11943
11945
11959
11965
12274
11944
11958
12275
11945
11947
11946
11964
11947
11959
11961
11963
11948
11956
11958
11949
11951
11955
11950
11954
11951
11953
11952
11958
12279
11953
11955
11957
12280
12325
11954
12111
11955
12112
11956
12326
11957
11961
15757
11958
11960
12322
15758
11959
12284
11960
12285
12302
11961
12319
12321
15759
11962
15760
11963
11977
12305
12319
15771
11964
11976
12302
12304
11965
11969
11966
11968
12289
12302
11967
12290
11968
12249
12291
11969
12250
12292
12303
11970
12304
11971
12246
12250
12311
11972
12245
12310
11973
11974
12239
12243
12308
12310
11975
12307
11976
12304
12306
12310
11977
11978
12306
15514
11979
12307
15515
11980
11981
12039
12122
12124
15515
11982
12119
12121
11983
12013
12037
12039
11984
12010
12012
11985
12009
11986
12008
12012
11987
11989
11988
12012
12014
11989
11991
12011
12017
11990
12008
11991
11993
12007
11992
12018
12050
11993
11995
12021
12049
11994
12006
11995
11997
12005
11996
12022
12051
11997
11999
12025
12056
11998
12004
11999
12001
12003
12000
12026
12057
12001
12029
12062
12178
12002
12179
12003
12060
12062
12064
12004
12057
12059
12005
12054
12056
12006
12051
12053
12007
12047
12049
12008
12046
12050
12009
12011
12010
12046
12117
12011
12037
12045
12118
12012
12036
12050
12013
12014
12036
12040
12015
12017
12016
12040
12143
12017
12019
12041
12146
12018
12036
12019
12021
12035
12020
12042
12147
12021
12023
12138
12150
12022
12034
12023
12025
12033
12024
12151
12163
12025
12027
12154
12168
12026
12032
12027
12029
12031
12028
12155
12169
12029
12158
12174
12184
12030
12177
12031
12062
12172
12174
12176
12032
12057
12169
12171
12033
12056
12166
12168
12034
12051
12163
12165
12035
12049
12136
12138
12036
12042
12044
12050
12037
12041
12038
12044
12119
12039
12041
12043
12124
12232
12040
12231
12041
12142
12042
12141
12043
12138
12140
12044
12125
12137
15540
12045
12126
12136
12046
12048
12050
12127
12047
12128
12048
12053
12133
12049
12052
12134
12136
12050
12051
12052
12056
12053
12055
12165
15556
12054
15557
12055
12059
15562
12056
12058
12166
15563
12057
12058
12062
12059
12061
12171
15572
12060
15573
12061
15578
15598
12062
12172
15579
15597
12063
12064
12176
12178
15597
15601
12065
12179
15598
15600
12066
12080
12082
12067
12179
12068
12080
12180
12069
12079
12193
12070
12078
12194
12071
12077
18525
12072
12076
18526
12073
12075
18533
12074
18534
18628
12075
15696
18613
18627
12076
15695
18610
12077
15670
18585
12078
15669
18582
12079
12089
15618
12080
12088
15613
12081
15600
12082
12086
12088
15599
12083
15598
12084
12086
15605
12085
12095
15606
12086
12092
12094
15609
12087
15610
12088
12090
12092
15611
12089
15612
12090
15617
15669
12091
15656
15668
12092
15655
15673
15675
12093
15654
12094
15675
15677
18716
12095
15678
15746
12096
15741
12097
15678
15680
15716
12098
12102
15717
12099
15718
12100
12102
12104
12101
18441
19005
12102
15681
18458
19006
12103
15680
12104
15715
15717
18458
18462
12105
15718
18441
18443
12106
15719
18440
18444
12107
15720
18437
12108
15721
18412
12109
15722
18409
12110
12329
12331
12111
12324
12112
12325
12329
12113
12326
12328
12114
12116
12115
12121
12326
12116
12118
12120
12130
12327
12117
12129
12328
12118
12128
12119
12127
12120
12124
12126
12121
12123
15534
15756
12122
15757
12123
15514
15760
12124
15519
15533
15761
12125
15518
12126
15533
15537
15539
12127
12135
15534
12128
12130
12134
12129
12133
12130
12132
15723
12131
15534
15724
12132
12134
15535
15559
15727
12133
15558
15728
12134
15557
12135
15556
12136
15535
15537
15555
12137
12165
12138
12164
15537
15545
12139
12163
12140
12150
12162
15543
15545
12141
12147
15540
15542
12142
12146
12232
12234
12143
12229
12231
12144
12146
12145
12211
12229
12146
12148
12210
12234
12147
12148
12150
12149
12209
15542
12150
12152
12208
15543
12151
12152
12154
12162
12153
12207
15548
12154
12156
12206
15549
12155
12161
12156
12158
12160
12157
12205
15590
12158
12186
12204
15591
12159
12185
12160
12174
15591
15593
15635
12161
12169
15588
15590
12162
12168
15549
15551
12163
15546
15548
12164
12168
12165
12167
15546
15554
12166
15555
12167
12171
15564
12168
12170
15551
15569
12169
12170
12174
12171
12173
15570
15588
12172
15571
12173
15580
15596
12174
15585
15593
15595
12175
12176
12184
15595
15625
15635
12177
15596
15622
12178
12182
12184
12179
12181
12180
12181
12193
15600
12182
12192
15601
12183
12191
15622
12184
12188
12190
15625
12185
12186
12188
15635
12187
12203
15636
12188
12200
12202
18372
12189
15634
12190
12198
12200
15633
12191
12197
15626
12192
12196
15621
12193
12195
15614
12194
15613
12195
15618
18525
12196
15619
18524
12197
15620
18523
12198
15631
18522
12199
15632
18521
12200
18518
18520
18566
12201
18371
12202
18516
18518
18568
12203
18373
18515
12204
18374
18514
12205
12219
18375
12206
12218
18376
12207
12217
18377
12208
12216
18378
12209
12215
18315
12210
12214
18314
12211
12213
12235
12212
12228
12213
12227
15987
12214
12226
15990
12215
12225
15991
12216
12224
15994
12217
12223
15995
12218
12222
15998
12219
12221
15999
12220
16002
18514
12221
16003
18375
18501
18513
12222
16004
18376
18500
12223
16005
18377
18381
12224
16006
18378
18380
12225
16007
18315
18317
12226
16008
18312
18314
12227
12235
15526
16009
12228
15525
15986
12229
12235
12237
12230
12234
12231
12233
12237
15516
12232
15515
12233
15518
15540
12234
12236
15517
15541
12235
15542
12236
18314
12237
15522
15526
18313
12238
15523
15525
12239
12241
12308
12240
12241
12243
15501
12242
15507
15525
12243
12308
15508
15510
15524
12244
15500
12245
12310
12314
15499
15510
12246
15498
12247
12251
12314
15856
12248
15853
12249
12251
12253
15852
12250
12296
12251
12295
12312
12252
12313
15857
12253
12295
12346
15784
15786
12254
12266
12296
15787
12255
12265
12297
15788
12256
12264
12298
15789
12257
12263
15790
12258
12262
15791
12259
12261
15792
12260
15793
12261
12354
15806
12262
12353
15819
12263
12352
15820
12264
12351
15833
12265
12350
15834
12266
12349
15847
12267
12346
12348
15848
12268
12294
12296
18782
12269
12291
12293
18783
12270
12288
12290
18784
12271
12273
12287
17740
12272
12276
17737
12273
12275
12274
12290
12275
12285
12287
12289
12276
12284
12277
12283
12287
17736
12278
17735
12279
12281
12283
17754
12280
12284
12281
12322
12324
12282
12333
17759
12283
12322
12334
12336
17760
12284
12286
17761
12285
12322
12286
12301
12321
12287
12336
12338
17764
12288
17741
12289
12293
12338
18789
12290
12292
12301
12291
12292
12296
12293
12295
12300
12294
12339
18790
12295
12344
12346
18781
12296
12299
12297
12298
12300
12312
12342
12344
15784
12301
12303
12339
12341
12302
12320
12338
12303
12319
12304
12312
12318
12305
12311
12306
12316
12318
15772
12307
12309
15513
12308
15516
12309
15523
12310
12316
15510
15512
12311
12312
12314
12316
12313
12317
12314
15782
15784
15866
12315
15867
12316
15510
15782
18271
18293
12317
15779
12318
12342
15780
15782
12319
12341
15773
12320
15770
12321
12337
12341
15769
12322
12336
15768
12323
12324
12334
15758
15764
15768
12325
12331
12333
12326
12330
15758
12327
15757
12328
12330
15724
15756
12329
15723
12330
15722
12331
15725
15763
12332
15764
18409
12333
15765
18410
19044
12334
19039
12335
15765
19046
12336
15766
15768
18281
19049
12337
17765
12338
12340
18281
18797
12339
18792
12340
12344
18791
12341
12343
18280
18798
12342
18285
12343
15783
18286
12344
18277
18279
18799
12345
18780
12346
15784
15862
18277
18779
12347
15861
12348
18779
18781
18805
19467
12349
18782
18804
19462
12350
17876
17878
17894
12351
17875
17879
17889
12352
17862
17864
17888
12353
17861
17865
17883
12354
16552
16554
17206
12355
16551
16555
17201
12356
16430
16434
17180
12357
16387
16433
17175
12358
16384
16386
16926
12359
16381
16383
16921
12360
16287
16291
16908
12361
16244
16290
16903
12362
16241
16243
16902
12363
13704
13706
16236
12364
13703
13707
13715
12365
13702
13708
13710
12366
12671
12675
13063
12367
12672
12674
13060
12368
12651
13033
12369
12650
13030
12370
12388
12847
12371
12387
12844
12372
12376
12831
12373
12828
12374
12376
12378
12827
12375
12379
12376
12384
12386
12377
12387
12832
12378
12382
12384
12394
12693
12379
12381
12694
12380
12384
12381
12383
12431
12382
12400
12837
12383
12393
12399
12838
12384
12392
12432
12385
12386
12390
12392
12394
12387
12389
12388
12394
12843
12389
12395
12650
12848
12390
12649
12391
12395
12648
12392
12396
12452
12647
12393
12451
12394
12396
12398
12839
12395
12692
12396
12655
12691
12397
12656
12852
12398
12452
12454
12853
13241
12399
12451
12455
12854
12400
12432
12434
12855
12401
12431
12435
12856
12402
12406
12857
12403
12858
12404
12406
12408
12887
12405
12409
12406
12416
12430
12407
12435
12892
12408
12416
12420
12436
12893
12409
12419
12886
12410
12416
12418
12411
12415
12412
12414
12418
12488
12413
12483
12414
12424
12482
12415
12417
12423
12489
12416
12428
12417
12429
12418
12420
12422
12490
12419
12487
12420
12466
12895
12421
12465
12894
12422
12436
12440
12464
13291
12423
12429
12439
12491
12424
12426
12428
12492
12425
12493
12426
12444
12508
12427
12439
12443
12509
12428
12438
12448
12429
12430
12436
12438
12431
12433
12435
12432
12433
12451
12434
12438
12450
12435
12437
12455
13282
12436
13283
12437
13290
12438
12440
12456
13295
12439
12449
12440
12442
12510
12441
12463
13294
12442
12456
12460
12462
13297
12443
12449
12459
12511
12444
12446
12448
12512
12445
12507
12446
12506
12633
12447
12459
12513
13236
12448
12458
12635
12449
12450
12456
12458
12451
12453
12455
12452
12453
13240
12454
12458
13239
12455
12457
13242
13280
12456
13281
12457
13296
12458
12460
13253
13305
12459
13238
12460
12514
13237
12461
13252
13306
12462
12514
16718
16720
12463
12511
16721
12464
12510
16722
12465
12491
16723
12466
12490
16724
12467
12487
16725
12468
12486
16726
12469
16727
12470
12486
12471
12485
12472
12484
12473
12475
12474
12475
12477
12476
12484
12477
12481
12483
12478
12480
12479
12480
12496
12481
12495
12482
12494
12483
12489
12493
12484
12488
12485
12486
12488
12487
12488
12490
12489
12490
12492
12491
12492
12510
12493
12509
12494
12508
12495
12499
12496
12498
12497
12498
12502
12499
12501
12500
12508
12501
12505
12507
12502
12504
12503
12504
12520
12505
12519
12506
12518
12507
12513
12517
12508
12512
12509
12510
12512
12511
12512
12514
12513
12514
12516
12515
12516
13237
16716
16718
12517
13234
13236
12518
12633
13233
12519
12539
13224
12520
12538
13223
12521
13222
12522
12524
12538
12542
12523
12543
12524
12526
12525
12537
12526
12528
12542
12618
12619
12527
12543
12545
12528
12546
12529
12605
12530
12534
12612
12618
12531
12533
12603
12532
12533
12638
12534
12602
12639
12535
12613
13246
12536
12540
12616
12618
13247
12537
12539
12634
12538
12618
12539
12541
12540
12633
12541
12628
12632
13224
12542
12618
12627
13223
12543
12620
13222
12544
13221
12545
12620
12622
13220
12546
12619
12623
12547
12605
12607
12548
12604
12608
12549
12569
12571
12550
12568
12572
12551
12553
12555
12552
12556
12553
12557
12559
12554
12560
12568
12555
12557
12565
12573
12579
12556
12572
12576
12557
12577
12558
12578
12559
12563
12565
12585
12560
12562
12561
12565
12567
12562
12564
12598
12663
12563
12664
12564
12588
12669
12565
12587
12599
12668
12566
12586
12567
12573
12593
12595
12599
12568
12596
12598
12569
12573
12570
12596
12604
12571
12573
12595
12609
13082
12572
12608
13083
12573
12575
12574
12575
12579
12593
13082
13086
12576
13083
13085
12577
12579
12581
12578
12582
12579
12583
12585
12580
12586
12581
12583
12591
13086
13092
12582
13085
13089
12583
13090
12584
13091
12585
12589
12591
13098
12586
12588
12587
12591
12593
12588
12590
13077
13121
12589
13122
12590
13101
13127
12591
13100
13118
13120
12592
13099
12593
13080
13086
13106
13118
12594
13077
12595
13078
13080
13082
13618
12596
12600
12610
12597
12603
12598
12600
12602
12661
12599
12662
12600
12681
13077
12601
12682
13078
12602
12610
12614
13271
13621
12603
12613
13260
12604
12610
12612
12605
12609
12606
12612
12619
12607
12609
12611
12624
13612
12608
12623
13609
12609
13610
12610
13611
12611
13618
12612
12614
12625
13619
12613
12617
12614
12616
13259
12615
13270
13620
12616
12625
12629
13603
13605
12617
12628
13258
12618
12619
12625
12627
12620
12624
12621
12627
13227
12622
12624
12626
13228
13630
12623
13219
13629
12624
13608
12625
13607
12626
13606
12627
12629
13229
13633
12628
13226
12629
12631
13225
12630
13230
13634
12631
13231
13601
13603
16315
12632
13232
13258
13600
12633
13233
13235
13247
12634
13236
12635
13247
12636
13236
13238
13248
12637
13239
13245
12638
12644
13240
13262
12639
12640
13246
13260
13262
12641
12645
12661
12642
12662
12643
12645
12653
12679
12644
12648
12645
12647
12646
12660
13262
12647
12653
12657
12659
13263
12648
12656
13240
12649
12653
12655
12650
12652
12651
12655
13029
12652
12654
12674
13034
12653
12673
12654
12678
12655
12657
12687
12689
12656
12690
12657
13039
13241
12658
13040
13264
12659
12685
12687
13069
13265
12660
12678
12684
13266
12661
12679
12683
13261
12662
12682
13260
12663
12679
12681
12664
12666
12668
12665
12669
12666
12670
12672
12667
12673
12679
12668
12670
12676
12680
13124
12669
12681
13121
12670
13122
12671
13123
12672
12676
13702
12673
12674
12676
12678
12675
12687
13059
12676
12686
13064
13708
12677
13701
12678
12680
12684
12686
13074
12679
12687
12680
12681
12683
13075
12682
13076
12683
13141
13271
12684
13140
13272
12685
13273
13695
12686
13070
13696
13738
12687
13071
13073
12688
12689
13059
13067
13069
13071
12690
13034
13036
13040
12691
13029
13037
13039
12692
12848
12850
12852
12693
12839
12841
12843
12694
12832
12834
12838
12695
12825
12827
12837
12696
12718
12822
12824
12697
12715
12819
12821
12698
12702
12699
12821
12859
12700
12702
12782
12820
12862
12701
12781
12863
12702
12704
12703
12819
12704
12710
12782
12784
12818
12705
12781
12785
12706
12708
12710
12707
12711
12708
12726
12728
12709
12785
12787
12710
12724
12726
12784
12792
12711
12723
12712
12722
12726
12713
12714
12716
12720
12722
12715
12719
12716
12718
12717
12723
12819
12718
12720
12816
12824
12826
12719
12827
12720
12828
12721
12829
12722
12816
12972
12974
12723
12725
12724
12816
12818
12725
12811
12815
12905
12726
12810
12972
12727
12728
12790
12792
12810
12729
12787
12789
12730
12732
12731
12743
12787
12732
12734
12742
12788
12733
12789
12734
12736
12800
12735
12741
12799
12736
12738
12740
12802
12737
12801
12738
12946
12739
12945
12740
12774
12944
12741
12747
12943
12742
12746
12798
12743
12745
12797
12744
12786
12745
12751
12779
12746
12750
12778
12747
12749
12777
12748
12774
12776
12749
12765
12773
12937
12750
12764
12934
12751
12763
12927
12752
12926
12753
12759
12763
12925
12754
12758
12866
12755
12865
12756
12758
12874
12757
12875
12758
12760
12876
12759
12873
12760
12762
12924
12761
12923
12762
12768
13346
12763
12767
13345
12764
12928
12765
12767
12935
12766
12772
12936
12767
12769
12771
13351
12768
13350
12769
13349
12770
13352
12771
13463
12772
13462
12773
13459
12774
13458
12775
12776
12944
12950
13458
12777
12937
12939
12943
12778
12798
12934
12940
12779
12795
12797
12927
12780
12786
12794
12926
12781
12783
12785
12867
12782
12864
12783
12869
12903
12784
12794
12868
12904
12785
12793
12905
12786
12787
12793
12797
12788
12792
12789
12791
12797
12799
12790
12800
12791
12805
12809
12792
12796
12804
12812
12793
12811
12794
12796
12956
12795
12931
12955
12796
12932
12940
12954
12797
12941
12957
12798
12799
12941
12943
12800
12802
12804
12801
12805
12802
12806
12946
12803
12943
12945
12804
12806
12942
12948
12966
12805
12941
12965
12806
12808
12807
12947
12808
12966
13406
13408
12809
12965
12969
12810
12812
12970
12811
12971
12812
12814
12956
12813
12957
12965
12814
12958
12968
12970
12994
12815
12959
12971
12993
12816
12906
12972
12976
12817
12975
12818
12824
12906
12908
13002
12819
12903
12905
12820
12824
12821
12823
12889
12903
12822
12858
12823
12837
12857
12824
12836
12890
12908
12825
12826
12834
12836
13002
12827
12829
12833
12975
12828
12832
12829
12831
12830
12974
12831
12833
12845
12979
12832
12844
12833
12843
12834
12842
12978
12835
12841
13007
12836
12838
12840
13006
13286
12837
13003
13285
12838
12856
12839
12855
12840
12852
12854
12841
12851
13011
13301
12842
12850
13010
12843
12845
12849
12983
12844
12848
12845
12847
12846
12982
12847
12849
12987
13031
12848
13030
12849
13029
12850
12986
13028
12851
13015
13037
12852
13014
13038
13302
12853
13039
12854
13280
13302
13514
12855
13281
13301
12856
13282
13286
12857
13283
13285
12858
12890
12892
12859
12887
12889
12860
12862
12861
12881
12887
12862
12870
12882
12888
12863
12869
12889
12864
12865
12867
12869
12866
12870
12874
12867
12871
12873
12925
12868
12926
12869
12871
12911
12931
12870
12902
12871
12883
12901
12872
12912
12930
12873
12877
12883
12915
13343
12874
12876
12924
12875
12883
12876
12878
16731
12877
12923
16732
12878
12916
12922
16733
12879
12883
12917
16730
12880
12882
12896
16729
12881
12895
16726
12882
12886
12883
12885
12884
12885
12899
12901
12915
12917
12886
12888
12896
12898
12887
12893
12895
12888
12892
12889
12891
12901
12890
12902
12891
12909
13285
12892
12898
12900
13284
12893
13283
12894
12898
13290
12895
12897
13291
16724
12896
16725
12897
12917
16736
12898
12918
13292
16737
12899
13289
12900
12914
12918
13312
12901
12909
12913
13313
12902
12912
12903
12909
12911
12904
12908
12905
12907
12911
12955
12906
12956
12907
12959
13001
12908
12910
12960
13004
12909
13003
12910
13314
12911
12913
13315
13333
12912
13334
12913
12915
13335
12914
13316
13340
12915
12919
13341
13383
12916
13342
12917
12919
12921
16734
12918
16735
12919
13311
16738
12920
13382
16739
12921
13341
13371
13381
16740
12922
13342
13370
16741
12923
13343
13347
16742
12924
13346
16743
12925
13343
13345
12926
12928
12930
12927
12931
12928
12932
12934
12929
12935
13345
12930
12932
13336
13344
13356
12931
13335
13343
12932
13334
12933
13337
12934
12938
12940
13356
13360
12935
12937
12936
13350
13356
12937
13351
13357
13459
12938
13458
12939
13357
13361
13457
12940
12942
12950
12952
12941
12953
12942
12964
12943
12949
13413
12944
12945
12949
12946
12948
12947
12948
13408
12949
13409
12950
13412
12951
13457
12952
13412
13454
13456
12953
13361
13413
13415
12954
12962
12964
13360
12955
12957
12961
13337
12956
12960
13334
12957
12959
12958
12964
12959
12961
12963
13401
12960
13000
12961
13333
13397
12962
13338
13396
12963
13363
13415
13417
12964
12968
13402
13414
12965
13413
12966
12968
12967
13409
13413
12968
13406
13410
13414
13424
12969
13403
12970
13404
13406
12971
12995
12972
12992
12973
12974
12976
12980
12992
12975
12979
12976
12978
13002
12977
12993
13001
12978
12980
12984
12998
13008
12979
12983
13007
12980
12982
12981
12991
12982
12984
12988
12990
12983
12987
12984
12986
13010
12985
13009
13019
12986
12988
13016
13024
13026
12987
13015
13027
12988
13052
12989
13053
12990
13022
13024
13550
12991
13019
13021
12992
12996
12998
12993
12995
12994
12998
13000
12995
12997
13401
13403
12996
13404
12997
13021
13421
12998
13020
13400
13420
12999
13019
13000
13008
13018
13398
13400
13001
13397
13401
13002
13004
13008
13003
13007
13004
13006
13314
13005
13315
13397
13006
13008
13012
13320
13398
13007
13011
13319
13008
13010
13009
13010
13012
13016
13018
13011
13015
13012
13014
13322
13013
13321
13431
13014
13016
13046
13328
13432
13015
13043
13327
13016
13044
13017
13045
13018
13024
13432
13434
13546
13019
13431
13435
13020
13024
13021
13023
13435
13437
13022
13438
13023
13443
13549
13024
13434
13442
13548
13025
13026
13546
13548
13550
13552
13027
13045
13053
13055
13028
13044
13050
13052
13029
13031
13035
13037
13030
13034
13031
13033
13032
13052
13033
13035
13051
13061
13034
13060
13035
13059
13036
13050
13058
13037
13041
13049
13067
13038
13044
13039
13041
13043
13513
13040
13514
13041
13069
13515
13042
13068
13516
13043
13047
13049
13517
13727
13044
13046
13518
13045
13049
13046
13048
13546
13047
13521
13545
13048
13522
13728
16186
13049
13055
13729
16187
13050
13726
13051
13055
13057
13052
13054
13720
13053
13054
13550
13055
13551
13721
13056
13552
13057
13721
13723
13729
16191
13058
13720
13724
13726
13059
13061
13065
13067
13060
13064
13061
13063
13062
13720
13063
13065
13711
13719
13064
13710
13065
13071
13709
13066
13712
13724
13067
13071
13725
13733
13755
13068
13726
13069
13727
13733
13735
13070
13736
13071
13733
13737
13753
13072
13073
13709
13751
13753
13755
13074
13696
13708
13750
13075
13695
13699
13701
13076
13124
13138
13140
13077
13119
13121
13141
13078
13118
13079
13141
13621
13080
13116
13118
13142
13622
13081
13107
13617
13082
13084
13086
13108
13616
13083
13611
13084
13610
13085
13109
13615
13086
13088
13087
13088
13092
13106
13108
13112
13089
13109
13111
13090
13092
13094
13091
13095
13092
13096
13098
13093
13099
13094
13096
13104
13112
16252
13095
13111
16251
13096
16250
13097
16249
13098
13102
13104
16248
13099
13101
13100
13104
13106
13101
13103
13117
13129
13102
13128
13103
13133
16247
13104
13134
13146
16260
13105
16259
13106
13112
13114
13146
13148
13107
13117
13108
13114
13116
13650
13109
13113
13643
13110
13642
13111
13113
13647
16334
13112
13150
13113
13149
13114
13648
16335
13115
13649
16342
13116
13146
13654
13686
16343
13117
13143
13653
13118
13144
13146
13119
13120
13138
13142
13144
13121
13125
13127
13129
13122
13124
13123
13127
13124
13126
13702
13125
13701
13126
13130
13138
13700
13127
13131
13703
13128
13129
13131
13133
13130
13134
13144
13131
13135
13137
13705
13132
13704
13133
13135
16243
16245
13134
16246
13135
13145
16283
13136
16242
16284
13137
13145
13685
16295
16368
13138
13144
13684
13748
13139
13699
13140
13142
13678
13684
13698
13141
13675
13695
13142
13674
13143
13679
13144
13680
13684
13686
13145
13146
13686
16365
13147
13148
16260
16343
16345
16365
13149
16259
16340
16342
13150
16252
16335
16339
13151
16251
16334
16338
13152
13156
13158
13153
13155
16251
13154
16250
13155
13167
16255
13156
13166
16254
13157
13165
16338
13158
13162
13164
16337
13159
16334
13160
13162
16333
13161
13177
16332
13162
13174
13176
16461
13163
16462
13164
13172
13174
16473
13165
13171
16350
13166
13170
16349
13167
13169
16267
13168
16266
13169
13189
16271
13170
13188
16270
13171
13187
16354
13172
13186
16353
13173
13185
16478
13174
13182
13184
16477
13175
16474
13176
13180
13182
16593
13177
13179
16580
13178
16331
13179
13213
16582
13180
13212
16581
13181
13211
16592
13182
13208
13210
16597
13183
16596
13184
13206
13208
16661
13185
13205
16654
13186
13204
16489
13187
13193
16490
13188
13192
16491
13189
13191
16394
13190
16393
13191
13197
16398
13192
13196
16397
13193
13195
16496
13194
13204
16495
13195
13201
13203
16508
13196
13200
16509
13197
13199
16410
13198
16409
13199
16414
17290
13200
16413
17289
13201
16512
17288
13202
16513
17287
13203
16670
17274
17286
13204
16669
17269
13205
16656
13206
16655
16669
13207
16666
16668
13208
16665
16673
16675
13209
16662
13210
16675
16677
13211
16678
13212
16679
13213
16680
13214
13215
16582
16680
16682
13216
13660
16683
13217
13661
16684
13218
13628
16685
13219
13629
16686
13220
13228
13221
13227
13222
13223
13227
13224
13226
13225
13233
13226
13230
13232
13227
13229
13228
13229
16686
13230
16687
13231
16688
13232
16711
16713
13233
16714
13234
13235
16714
16716
13236
13248
13250
13600
13237
13238
13250
13252
13239
13249
13253
13240
13242
13244
13241
13263
13242
13264
13514
13243
13253
13279
13244
13254
13264
13276
13278
13245
13249
13263
13267
13246
13248
13262
13268
13247
13259
13248
13258
13249
13257
13250
13254
13256
13251
13599
16716
13252
13254
13508
13598
16717
13253
13505
16718
13254
13504
13255
13509
13256
13276
13598
16310
16829
13257
13267
13599
16307
13258
13268
13600
13602
13259
13603
13260
13268
13270
13261
13271
13262
13266
13268
13272
13263
13264
13266
13265
13515
13266
13276
13736
13738
13267
13273
13268
13274
13276
13269
13270
13272
13274
13602
13676
13271
13603
13673
13272
13674
13273
13675
13274
13694
13738
13275
13741
16307
13276
13738
13740
16310
16831
13277
13278
13736
16829
16831
16833
13279
13509
13511
13515
13280
13504
13512
13514
13281
13303
13305
13282
13296
13300
13283
13287
13295
13284
13290
13285
13287
13289
13313
13286
13314
13287
13301
13319
13288
13300
13318
13289
13293
13295
13299
13385
13290
13292
13312
13291
13295
13292
13294
16723
13293
13311
16761
13294
13298
13310
16762
13295
13297
16722
13296
13297
13299
13305
13298
13306
16721
13299
13307
13309
16767
13300
13304
13386
13301
13303
13323
13302
13322
13303
13327
13513
13304
13326
13512
13305
13307
13501
13503
13306
13504
13307
13505
16720
13308
13506
16768
13309
13501
13527
13529
16769
13310
13386
13388
16766
13311
13385
13389
16763
13312
13382
16760
13313
13383
13385
13314
13316
13318
13315
13319
13316
13320
13332
13317
13383
13393
13318
13320
13324
13384
13478
13319
13323
13385
13320
13322
13321
13331
13322
13324
13328
13330
13323
13327
13324
13326
13386
13325
13387
13479
13326
13328
13500
13520
13542
13327
13501
13519
13328
13518
13329
13521
13330
13432
13542
13544
16793
13331
13431
13479
13481
13332
13398
13478
13482
13333
13393
13395
13397
13334
13338
13340
13335
13337
13336
13340
13342
13337
13339
13359
13369
13338
13360
13339
13363
13395
13340
13364
13372
13394
13341
13393
13342
13372
13392
13343
13369
13344
13345
13347
13355
13369
13346
13350
13347
13349
16744
13348
13370
16745
13349
13353
13355
13375
16746
13350
13352
16747
13351
13355
13352
13354
13462
13353
13463
13354
13376
13464
16748
13355
13357
13367
13461
13356
13368
13357
13359
13358
13460
13359
13361
13365
13367
13467
13360
13364
13368
13361
13363
13362
13456
13363
13365
13415
13455
13487
13364
13484
13365
13373
13485
13366
13468
13486
13367
13373
13377
13469
13473
13368
13376
13466
13369
13373
13375
13370
13372
13371
13375
16751
13372
13374
13380
16752
13373
13475
13374
13474
13375
13377
13379
16753
13376
16750
13377
13465
16749
13378
13470
16754
13379
13471
13473
13583
16755
13380
13474
13492
16756
13381
13475
13493
16757
13382
13390
13392
16758
13383
13389
16759
13384
13392
13385
13387
13389
13391
13386
13387
13501
13388
13496
13500
13389
13495
13529
16765
13390
16764
13391
13493
13495
16773
13392
13476
13478
13496
13393
13475
13394
13478
13395
13475
13477
13485
13396
13482
13484
13397
13399
13401
13417
13398
13399
13431
13400
13418
13430
13482
13401
13419
13435
13402
13403
13417
13419
13425
13404
13420
13424
13405
13421
13406
13422
13424
13448
13407
13408
13410
13448
13409
13410
13412
13411
13449
13412
13414
13452
13454
13413
13414
13415
13425
13416
13454
13417
13425
13427
13453
13487
13418
13484
13419
13427
13429
13483
13420
13426
13436
13421
13423
13437
13422
13438
13423
13439
13447
13424
13426
13440
13450
13425
13449
13426
13452
13427
13451
13569
13428
13488
13576
13429
13537
13567
13569
13575
13430
13436
13536
13566
13431
13433
13435
13481
13432
13433
13545
13434
13566
16184
16793
13435
13547
13565
13436
13437
13565
13569
13438
13440
13442
13439
13443
13440
13444
13446
13441
13569
13571
13442
13444
13558
13568
13572
13443
13557
13565
13444
13556
13445
13559
13446
13572
15308
16176
13447
13571
15309
13448
13450
13449
13450
13452
13451
13571
13452
13570
13576
13453
13454
13576
13578
13455
13456
13468
13578
13457
13467
13458
13460
13459
13460
13462
13461
13467
13462
13464
13466
13463
13464
13465
13466
13470
13467
13469
13468
13469
13579
13470
13472
13471
13472
16786
13473
13579
13581
13474
13486
13582
13475
13485
13491
13476
13477
13491
13493
13497
13478
13480
13482
13490
13479
13480
13496
13542
13481
13497
13535
13541
13482
13536
16793
13483
13484
13488
13490
13536
13485
13487
13486
13490
13487
13489
13579
13488
13578
13489
13537
13577
13490
13538
13580
13582
13491
13535
13492
13534
13582
13493
13533
13583
16775
13494
16774
13495
13497
13531
13533
16779
13496
13530
16772
13497
13499
13498
13534
13499
13531
13541
13587
13589
13500
13530
13542
13590
13501
13529
13591
13502
13503
13519
13525
13527
13591
13504
13506
13510
13512
13505
13509
13506
13508
16719
13507
13527
17418
13508
13510
13526
13596
17419
13509
13597
17420
13510
16829
13511
13525
16828
13512
13516
13524
16833
13513
13519
13514
13516
13518
13515
13516
13736
13517
13735
13518
13522
13524
16835
13519
13521
13520
13524
13521
13523
13543
13591
13522
13544
13523
16798
16836
13524
13592
16797
16837
13525
16834
13526
13592
16827
13527
13593
13595
19631
13528
17417
13529
13591
13593
16812
17416
13530
16770
13531
16771
16812
13532
16780
16813
13533
13587
16781
16783
16816
13534
13584
16778
13535
13585
13587
13536
13538
13540
13537
16792
13538
16789
16791
13539
13585
16788
13540
13586
16791
16803
16989
13541
13587
16792
16802
13542
16793
16795
13543
13544
13590
16795
16797
13545
16794
16798
13546
16184
16186
13547
16187
13548
13564
16184
16188
13549
13553
13557
13550
13554
13556
13551
13552
13554
16192
13553
16187
16191
13554
13562
16188
16194
13555
16193
13556
13560
13562
16200
13557
13559
13558
13562
13564
13559
13561
16177
16181
13560
16176
13561
16175
16203
13562
16178
16202
16212
13563
16201
13564
16188
16208
16210
16212
13565
16181
16183
13566
13568
13567
16183
16792
13568
13574
16182
16791
13569
13573
16181
13570
13571
13573
13575
13572
13573
16177
13574
16180
13575
16790
16986
13576
16789
13577
13578
13580
16789
13579
13580
13581
16788
13582
16786
16787
13583
13585
13584
16776
16786
13585
16777
16783
16785
13586
16787
13587
16783
16818
16990
13588
13589
16802
16808
16816
16818
13590
16795
16809
16813
13591
16810
16812
13592
13593
16810
16826
13594
16811
19630
13595
16824
16826
17034
19629
13596
16827
17035
19632
13597
16828
16854
19633
13598
16829
16855
17421
13599
16309
17422
13600
16308
16715
13601
16714
13602
16308
16314
16713
13603
16307
16319
13604
13605
13671
13673
16315
16319
13606
13620
13634
13636
13607
13619
13625
13633
13608
13612
13626
13630
13609
13627
13629
13610
13612
13614
13611
13615
13612
13616
13618
13613
13619
13614
13616
13624
13626
13644
13615
13627
13641
13616
13642
13617
13643
13618
13622
13624
13650
13619
13621
13620
13624
13621
13623
13673
13622
13674
13623
13653
13679
13624
13636
13652
13672
13625
13651
13626
13632
13636
13638
13627
13631
13639
13628
13640
13629
13631
13661
13630
13631
13633
16686
13632
13662
16685
13633
13635
13665
16690
13634
16687
13635
16315
16688
13636
13666
16316
16689
13637
13671
13638
13652
13666
13668
13670
13639
13651
13657
13665
13640
13644
13658
13662
13641
13659
13661
13642
13644
13646
13643
13647
13644
13648
13650
13645
13651
13646
13648
13656
13658
16459
13647
13659
16332
13648
16333
13649
16458
13650
13654
13656
16457
13651
13653
13652
13656
13653
13655
13681
13654
13680
13655
13687
16456
13656
13668
13688
16467
13657
16466
13658
13664
13668
16329
13659
13663
16330
13660
16331
13661
13663
16582
13662
13663
13665
16684
13664
16583
16683
13665
13667
16586
16694
13666
16691
13667
16322
16692
13668
16323
16587
16693
13669
16328
13670
13688
16323
16325
16327
13671
13681
16320
16322
13672
16316
16318
13673
13677
13679
13681
13674
13676
13675
13679
13676
13678
13694
13677
13741
16319
13678
13682
13742
16318
13679
13683
13693
13680
13681
13683
13687
13682
13688
13683
13689
16301
16320
13684
13690
13692
13685
13747
13686
13690
16296
16367
13687
16366
13688
13690
16455
13689
16570
13690
16302
16325
16571
13691
16572
13692
16296
16298
16302
16625
13693
13745
13747
16301
13694
13698
13742
13744
13695
13739
13741
13696
13698
13697
13739
13753
13698
13744
13746
13750
13752
13699
13747
13700
13748
13750
13701
13703
13705
13707
13702
13708
13703
13704
13705
16243
13706
13748
16242
13707
13749
16237
16241
13708
13714
13750
13709
13710
13712
13714
13711
13715
13712
13716
13718
13713
13755
13761
13714
13716
13756
16230
16238
13715
13751
16237
13716
16236
13717
16235
13718
16230
16232
16234
13719
13761
13763
13720
13722
13724
13721
13722
16192
13723
13763
16197
13724
13730
13762
16196
13725
13761
13726
13730
13732
13760
13727
13729
13728
13732
16835
13729
13731
16219
16836
13730
16190
13731
16221
16225
13732
16220
16226
16841
13733
13759
16840
13734
13754
13735
13737
16832
16840
16860
13736
16833
16835
13737
13738
16831
16859
13739
13740
13744
16859
13741
13743
16311
16858
13742
16306
13743
16301
16305
13744
16300
16617
16863
13745
16864
13746
16298
16300
16885
13747
13749
16297
16886
13748
16296
13749
16295
13750
16294
16887
13751
13752
13756
16887
13753
13757
16864
16886
13754
16859
13755
13757
13759
16860
13756
13760
13757
16229
16888
13758
16865
16889
13759
16227
16229
16866
17060
13760
16226
16867
13761
16225
16229
13762
16230
13763
16225
16231
16940
13764
16232
16939
13765
15321
13766
13770
15322
16232
13767
13769
15323
13768
13769
13773
13770
13772
15376
13771
15375
16233
13772
13776
15378
16935
13773
13775
15377
13774
13775
13779
13776
13778
15392
13777
16145
16934
13778
16068
16144
17123
13779
13783
16065
16149
13780
16066
13781
13783
13785
13782
13786
13783
13787
15399
13784
15398
13785
13787
16063
16065
16151
13786
16062
16066
13787
13789
13788
16152
13789
13791
16059
16063
16157
13790
16060
16062
13791
15425
13792
15426
13793
15413
15890
15892
16157
13794
15410
15412
16152
13795
13821
13823
15399
13796
13820
13824
15394
13797
13801
15337
13798
13800
13820
13799
13800
13804
13801
13803
13819
13802
13824
15336
13803
13825
13827
15359
13804
13810
13818
13828
13805
13829
13806
13810
13807
13809
13829
13843
13808
13842
13809
13813
13845
13810
13812
13828
13844
13811
13812
13816
13818
13813
13815
15291
17972
13814
13846
13815
15289
15898
13816
15290
15897
17971
13817
15896
13818
13822
15408
15895
17971
13819
13825
17972
13820
13822
13824
13821
13822
15412
13823
15411
13824
15400
15408
15410
13825
15395
13826
15402
15408
13827
15405
15407
17968
17972
13828
15294
15360
13829
15293
17972
13830
13831
13843
15293
15295
13832
13840
15296
13833
13839
15297
13834
15298
13835
13837
13839
13836
13837
13838
13839
13841
13840
13841
13843
13842
13843
13845
13844
13845
15291
15293
13846
13847
15289
15291
13848
13849
15287
15289
13850
13882
13851
13881
15289
13852
13880
15290
13853
13879
17970
13854
13878
17969
13855
13877
18069
13856
13876
18070
13857
13875
18071
13858
13874
17959
13859
13873
18121
13860
13872
18138
13861
13871
18137
13862
13870
18136
13863
13869
20128
13864
13868
22338
13865
13867
22353
13866
22352
13867
13899
22355
13868
13898
22354
13869
13897
22337
13870
13896
20127
13871
13895
20124
13872
13894
20123
13873
13893
18139
13874
13892
18120
13875
13891
18119
13876
13890
18072
13877
13889
18116
13878
13888
18068
13879
13887
18067
13880
13886
18044
13881
13885
18045
13882
13884
15288
13883
15287
13884
13916
15286
13885
13915
18047
13886
13914
18046
13887
13913
18043
13888
13912
18066
13889
13911
18114
13890
13910
18115
13891
13909
18117
13892
13908
18118
13893
13907
20117
13894
13906
18140
13895
13905
20122
13896
13904
20125
13897
13903
20126
13898
13902
22336
13899
13901
22357
13900
22356
13901
13933
22359
13902
13932
22358
13903
13931
22335
13904
13930
22334
13905
13929
22333
13906
13928
20121
13907
13927
20118
13908
13926
20116
13909
13925
18179
13910
13924
18178
13911
13923
18177
13912
13922
18113
13913
13921
18065
13914
13920
18064
13915
13919
18049
13916
13918
18048
13917
15285
13918
13950
15284
13919
13949
18051
13920
13948
18050
13921
13947
18063
13922
13946
18111
13923
13945
18112
13924
13944
18176
13925
13943
18181
13926
13942
18180
13927
13941
20115
13928
13940
20119
13929
13939
20120
13930
13938
22332
13931
13937
22363
13932
13936
22362
13933
13935
22361
13934
22360
13935
13967
23438
13936
13966
23437
13937
13965
22365
13938
13964
22364
13939
13963
22331
13940
13962
20465
13941
13961
20466
13942
13960
20114
13943
13959
18183
13944
13958
18182
13945
13957
18175
13946
13956
18174
13947
13955
18110
13948
13954
18062
13949
13953
18061
13950
13952
18052
13951
15283
13952
13984
15282
13953
13983
18059
13954
13982
18060
13955
13981
18108
13956
13980
18109
13957
13979
18173
13958
13978
18190
13959
13977
18189
13960
13976
20112
13961
13975
20113
13962
13974
20467
13963
13973
20464
13964
13972
22330
13965
13971
22367
13966
13970
22366
13967
13969
23436
13968
23439
13969
14001
23440
13970
14000
23435
13971
13999
22369
13972
13998
22368
13973
13997
22329
13974
13996
20479
13975
13995
20468
13976
13994
20475
13977
13993
20111
13978
13992
18224
13979
13991
18191
13980
13990
18220
13981
13989
18219
13982
13988
18212
13983
13987
18213
13984
13986
18214
13985
15281
13986
14018
15280
13987
14017
18215
13988
14016
18216
13989
14015
18217
13990
14014
18218
13991
14013
18221
13992
14012
18222
13993
14011
18223
13994
14010
20110
13995
14009
20476
13996
14008
20477
13997
14007
20478
13998
14006
22328
13999
14005
22371
14000
14004
22370
14001
14003
23434
14002
23441
14003
14035
23442
14004
14034
23433
14005
14033
22373
14006
14032
22372
14007
14031
22327
14008
14030
23957
14009
14029
23954
14010
14028
23953
14011
14027
20109
14012
14026
20553
14013
14025
20554
14014
14024
20555
14015
14023
20556
14016
14022
19890
14017
14021
19891
14018
14020
19892
14019
15279
14020
14052
15278
14021
14051
19893
14022
14050
19894
14023
14049
19889
14024
14048
20557
14025
14047
20558
14026
14046
20559
14027
14045
20552
14028
14044
20108
14029
14043
23952
14030
14042
23955
14031
14041
23956
14032
14040
22326
14033
14039
22375
14034
14038
22374
14035
14037
23444
14036
23443
14037
14069
23991
14038
14068
23445
14039
14067
22377
14040
14066
22376
14041
14065
22325
14042
14064
23958
14043
14063
23959
14044
14062
23951
14045
14061
20107
14046
14060
20551
14047
14059
20560
14048
14058
20561
14049
14057
20562
14050
14056
19888
14051
14055
19895
14052
14054
19896
14053
15277
14054
14086
15276
14055
14085
19897
14056
14084
19898
14057
14083
19887
14058
14082
20563
14059
14081
20568
14060
14080
20569
14061
14079
20550
14062
14078
20549
14063
14077
23950
14064
14076
23960
14065
14075
23961
14066
14074
22324
14067
14073
22379
14068
14072
22378
14069
14071
23989
14070
23990
14071
14103
23992
14072
14102
23988
14073
14101
22381
14074
14100
22380
14075
14099
22323
14076
14098
23962
14077
14097
23963
14078
14096
23949
14079
14095
20548
14080
14094
20573
14081
14093
20570
14082
14092
20567
14083
14091
20564
14084
14090
19886
14085
14089
19899
14086
14088
19900
14087
15275
14088
14120
15274
14089
14119
19901
14090
14118
19902
14091
14117
19885
14092
14116
20565
14093
14115
20566
14094
14114
20571
14095
14113
20572
14096
14112
20574
14097
14111
23948
14098
14110
23964
14099
14109
23965
14100
14108
23966
14101
14107
22383
14102
14106
22382
14103
14105
23987
14104
23993
14105
14137
23994
14106
14136
23986
14107
14135
23983
14108
14134
23982
14109
14133
23967
14110
14132
23968
14111
14131
23969
14112
14130
23947
14113
14129
20575
14114
14128
23902
14115
14127
23903
14116
14126
22476
14117
14125
22477
14118
14124
19972
14119
14123
19903
14120
14122
19968
14121
15273
14122
14154
15272
14123
14153
19969
14124
14152
19970
14125
14151
19971
14126
14150
22478
14127
14149
22475
14128
14148
23904
14129
14147
23901
14130
14146
23900
14131
14145
23946
14132
14144
23970
14133
14143
23971
14134
14142
23972
14135
14141
23981
14136
14140
23984
14137
14139
23985
14138
25109
14139
14171
25108
14140
14170
25107
14141
14169
25106
14142
14168
23980
14143
14167
23973
14144
14166
23974
14145
14165
23975
14146
14164
23945
14147
14163
23899
14148
14162
23908
14149
14161
23905
14150
14160
22474
14151
14159
22479
14152
14158
21556
14153
14157
21557
14154
14156
21558
14155
15271
14156
14188
15270
14157
14187
21559
14158
14186
21560
14159
14185
21555
14160
14184
22480
14161
14183
22473
14162
14182
23906
14163
14181
23907
14164
14180
23898
14165
14179
23944
14166
14178
23976
14167
14177
23977
14168
14176
23978
14169
14175
23979
14170
14174
25105
14171
14173
25111
14172
25110
14173
14205
25113
14174
14204
25112
14175
14203
25104
14176
14202
25124
14177
14201
25125
14178
14200
25126
14179
14199
25127
14180
14198
23943
14181
14197
23897
14182
14196
23909
14183
14195
23910
14184
14194
22472
14185
14193
22481
14186
14192
21554
14187
14191
21561
14188
14190
21562
14189
15269
14190
14222
15268
14191
14221
21563
14192
14220
21564
14193
14219
21553
14194
14218
22482
14195
14217
22471
14196
14216
23911
14197
14215
23912
14198
14214
23896
14199
14213
23942
14200
14212
25128
14201
14211
25129
14202
14210
25130
14203
14209
25123
14204
14208
25103
14205
14207
25115
14206
25114
14207
14239
25117
14208
14238
25116
14209
14237
25102
14210
14236
25122
14211
14235
25131
14212
14234
25132
14213
14233
25133
14214
14232
23941
14215
14231
23895
14216
14230
23913
14217
14229
23914
14218
14228
22470
14219
14227
22483
14220
14226
21552
14221
14225
21565
14222
14224
21566
14223
15267
14224
14256
15266
14225
14255
21567
14226
14254
22500
14227
14253
21551
14228
14252
22484
14229
14251
22469
14230
14250
23915
14231
14249
23916
14232
14248
23894
14233
14247
23940
14234
14246
25134
14235
14245
25135
14236
14244
25136
14237
14243
25121
14238
14242
25120
14239
14241
25119
14240
25118
14241
14273
28761
14242
14272
28760
14243
14271
28757
14244
14270
28756
14245
14269
25137
14246
14268
26946
14247
14267
26945
14248
14266
23939
14249
14265
23938
14250
14264
23917
14251
14263
23918
14252
14262
23919
14253
14261
22485
14254
14260
22498
14255
14259
22499
14256
14258
22501
14257
15265
14258
14290
15264
14259
14289
22502
14260
14288
23923
14261
14287
23922
14262
14286
23921
14263
14285
23920
14264
14284
23935
14265
14283
23936
14266
14282
23937
14267
14281
26943
14268
14280
26944
14269
14279
27474
14270
14278
27475
14271
14277
28755
14272
14276
28758
14273
14275
28759
14274
28762
14275
14307
28763
14276
14306
28764
14277
14305
28765
14278
14304
28754
14279
14303
27476
14280
14302
27473
14281
14301
27472
14282
14300
26942
14283
14299
24306
14284
14298
24307
14285
14297
23934
14286
14296
23933
14287
14295
23930
14288
14294
23929
14289
14293
23924
14290
14292
23925
14291
15263
14292
14324
15262
14293
14323
23926
14294
14322
23927
14295
14321
23928
14296
14320
23931
14297
14319
23932
14298
14318
24309
14299
14317
24308
14300
14316
24305
14301
14315
26941
14302
14314
27471
14303
14313
27478
14304
14312
27477
14305
14311
28753
14306
14310
28766
14307
14309
28767
14308
28768
14309
14341
28769
14310
14340
28770
14311
14339
29081
14312
14338
28752
14313
14337
27480
14314
14336
27479
14315
14335
27470
14316
14334
26940
14317
14333
25189
14318
14332
25188
14319
14331
24310
14320
14330
24311
14321
14329
24312
14322
14328
24313
14323
14327
24314
14324
14326
24315
14325
15261
14326
14358
15260
14327
14357
24316
14328
14356
24317
14329
14355
24318
14330
14354
24319
14331
14353
25285
14332
14352
25192
14333
14351
25191
14334
14350
25190
14335
14349
26939
14336
14348
27469
14337
14347
27482
14338
14346
27481
14339
14345
28751
14340
14344
29080
14341
14343
29079
14342
32006
14343
14375
32005
14344
14374
29078
14345
14373
29082
14346
14372
28750
14347
14371
28749
14348
14370
27483
14349
14369
27468
14350
14368
26938
14351
14367
26937
14352
14366
25289
14353
14365
25286
14354
14364
25284
14355
14363
24320
14356
14362
25214
14357
14361
25215
14358
14360
25216
14359
15259
14360
14392
15258
14361
14391
25217
14362
14390
25280
14363
14389
25281
14364
14388
25282
14365
14387
25283
14366
14386
25287
14367
14385
25288
14368
14384
26936
14369
14383
27466
14370
14382
27467
14371
14381
28747
14372
14380
28748
14373
14379
29084
14374
14378
29083
14375
14377
32003
14376
32004
14377
14409
32101
14378
14408
32002
14379
14407
32001
14380
14406
29085
14381
14405
29086
14382
14404
28746
14383
14403
28745
14384
14402
27465
14385
14401
26935
14386
14400
26934
14387
14399
26931
14388
14398
26930
14389
14397
26771
14390
14396
26770
14391
14395
25279
14392
14394
25278
14393
15257
14394
14426
15256
14395
14425
25277
14396
14424
26768
14397
14423
26769
14398
14422
26772
14399
14421
26929
14400
14420
26932
14401
14419
26933
14402
14418
27463
14403
14417
27464
14404
14416
28744
14405
14415
29088
14406
14414
29087
14407
14413
31999
14408
14412
32000
14409
14411
32099
14410
32100
14411
14443
32102
14412
14442
32098
14413
14441
32110
14414
14440
31998
14415
14439
29090
14416
14438
29089
14417
14437
28743
14418
14436
28742
14419
14435
27462
14420
14434
27461
14421
14433
27460
14422
14432
26928
14423
14431
26773
14424
14430
26774
14425
14429
26767
14426
14428
26766
14427
15255
14428
14460
15254
14429
14459
26765
14430
14458
26923
14431
14457
26775
14432
14456
26926
14433
14455
26927
14434
14454
27459
14435
14453
29122
14436
14452
29121
14437
14451
28741
14438
14450
29093
14439
14449
29092
14440
14448
29091
14441
14447
31997
14442
14446
32109
14443
14445
32097
14444
32103
14445
14477
32104
14446
14476
32096
14447
14475
32108
14448
14474
31996
14449
14473
30442
14450
14472
30441
14451
14471
29094
14452
14470
29119
14453
14469
29120
14454
14468
29123
14455
14467
27458
14456
14466
27457
14457
14465
26925
14458
14464
26924
14459
14463
26922
14460
14462
26764
14461
15253
14462
14494
15252
14463
14493
26763
14464
14492
26921
14465
14491
29263
14466
14490
29264
14467
14489
27456
14468
14488
29125
14469
14487
29124
14470
14486
29131
14471
14485
29118
14472
14484
30439
14473
14483
30440
14474
14482
30443
14475
14481
31995
14476
14480
32107
14477
14479
32106
14478
32105
14479
14511
33394
14480
14510
32114
14481
14509
32111
14482
14508
31994
14483
14507
30444
14484
14506
30527
14485
14505
30438
14486
14504
30437
14487
14503
29130
14488
14502
29129
14489
14501
29126
14490
14500
27455
14491
14499
29265
14492
14498
29262
14493
14497
26920
14494
14496
26919
14495
15251
14496
14528
15250
14497
14527
26918
14498
14526
29260
14499
14525
29261
14500
14524
29266
14501
14523
27454
14502
14522
29127
14503
14521
29128
14504
14520
29132
14505
14519
30436
14506
14518
30525
14507
14517
30526
14508
14516
30528
14509
14515
31993
14510
14514
32112
14511
14513
32113
14512
33393
14513
14545
33392
14514
14544
33391
14515
14543
33390
14516
14542
31992
14517
14541
31991
14518
14540
31906
14519
14539
30524
14520
14538
30435
14521
14537
29283
14522
14536
29282
14523
14535
29279
14524
14534
29278
14525
14533
29267
14526
14532
29268
14527
14531
29259
14528
14530
29258
14529
15249
14530
14562
15248
14531
14561
29257
14532
14560
29270
14533
14559
29269
14534
14558
29276
14535
14557
29277
14536
14556
29280
14537
14555
29281
14538
14554
30433
14539
14553
30434
14540
14552
30523
14541
14551
31905
14542
14550
31990
14543
14549
33388
14544
14548
33389
14545
14547
33396
14546
33395
14547
14579
33540
14548
14578
33397
14549
14577
33537
14550
14576
33387
14551
14575
31989
14552
14574
31904
14553
14573
30522
14554
14572
30521
14555
14571
30432
14556
14570
30431
14557
14569
30428
14558
14568
30427
14559
14567
29275
14560
14566
29274
14561
14565
29271
14562
14564
29256
14563
15247
14564
14596
15246
14565
14595
29255
14566
14594
29272
14567
14593
29273
14568
14592
31746
14569
14591
30426
14570
14590
30429
14571
14589
30430
14572
14588
30519
14573
14587
30520
14574
14586
31902
14575
14585
31903
14576
14584
31988
14577
14583
33386
14578
14582
33536
14579
14581
33538
14580
33539
14581
14613
33541
14582
14612
33542
14583
14611
33535
14584
14610
33385
14585
14609
31987
14586
14608
31986
14587
14607
31901
14588
14606
31678
14589
14605
30518
14590
14604
31668
14591
14603
31669
14592
14602
30425
14593
14601
31745
14594
14600
31483
14595
14599
31484
14596
14598
29254
14597
15245
14598
14630
15244
14599
14629
29253
14600
14628
31485
14601
14627
31482
14602
14626
31744
14603
14625
30424
14604
14624
31670
14605
14623
31667
14606
14622
30517
14607
14621
31677
14608
14620
31900
14609
14619
31985
14610
14618
33383
14611
14617
33384
14612
14616
33534
14613
14615
33543
14614
33544
14615
14647
33545
14616
14646
33546
14617
14645
33533
14618
14644
33532
14619
14643
33382
14620
14642
31984
14621
14641
31899
14622
14640
31676
14623
14639
31675
14624
14638
31666
14625
14637
31671
14626
14636
30423
14627
14635
31743
14628
14634
31481
14629
14633
31486
14630
14632
29252
14631
15243
14632
14664
15242
14633
14663
31488
14634
14662
31487
14635
14661
31480
14636
14660
31742
14637
14659
30422
14638
14658
31672
14639
14657
31673
14640
14656
31674
14641
14655
31897
14642
14654
31898
14643
14653
31983
14644
14652
33381
14645
14651
33531
14646
14650
33548
14647
14649
33547
14648
36141
14649
14681
36140
14650
14680
36139
14651
14679
33549
14652
14678
36136
14653
14677
33380
14654
14676
33379
14655
14675
33378
14656
14674
31896
14657
14673
31737
14658
14672
31738
14659
14671
31739
14660
14670
31740
14661
14669
31741
14662
14668
31479
14663
14667
31490
14664
14666
31489
14665
15241
14666
14698
15240
14667
14697
31492
14668
14696
31491
14669
14695
31478
14670
14694
31747
14671
14693
31752
14672
14692
31753
14673
14691
31754
14674
14690
31736
14675
14689
31895
14676
14688
33377
14677
14687
36129
14678
14686
36130
14679
14685
36135
14680
14684
36137
14681
14683
36138
14682
36142
14683
14715
36143
14684
14714
36144
14685
14713
36145
14686
14712
36134
14687
14711
36131
14688
14710
36128
14689
14709
33376
14690
14708
31894
14691
14707
31893
14692
14706
31755
14693
14705
31878
14694
14704
31751
14695
14703
31748
14696
14702
31477
14697
14701
31494
14698
14700
31493
14699
15239
14700
14732
15238
14701
14731
31496
14702
14730
31495
14703
14729
31476
14704
14728
31749
14705
14727
31750
14706
14726
31877
14707
14725
31876
14708
14724
31892
14709
14723
33374
14710
14722
33375
14711
14721
36127
14712
14720
36132
14713
14719
36133
14714
14718
36146
14715
14717
36147
14716
36148
14717
14749
36149
14718
14748
36150
14719
14747
36845
14720
14746
36844
14721
14745
36843
14722
14744
36126
14723
14743
36125
14724
14742
33373
14725
14741
31891
14726
14740
31875
14727
14739
31879
14728
14738
31880
14729
14737
31881
14730
14736
31475
14731
14735
31498
14732
14734
31497
14733
15237
14734
14766
15236
14735
14765
31500
14736
14764
31499
14737
14763
31474
14738
14762
31882
14739
14761
31887
14740
14760
31888
14741
14759
31889
14742
14758
31890
14743
14757
33372
14744
14756
36124
14745
14755
36841
14746
14754
36842
14747
14753
36847
14748
14752
36846
14749
14751
37424
14750
37425
14751
14783
37426
14752
14782
37423
14753
14781
37422
14754
14780
36848
14755
14779
36849
14756
14778
36840
14757
14777
36123
14758
14776
33371
14759
14775
33370
14760
14774
33192
14761
14773
33193
14762
14772
31886
14763
14771
31883
14764
14770
31473
14765
14769
31502
14766
14768
31501
14767
15235
14768
14800
15234
14769
14799
31504
14770
14798
31503
14771
14797
31472
14772
14796
31884
14773
14795
31885
14774
14794
33194
14775
14793
33191
14776
14792
33369
14777
14791
36121
14778
14790
36122
14779
14789
36839
14780
14788
36850
14781
14787
36851
14782
14786
37421
14783
14785
38240
14784
38241
14785
14817
38242
14786
14816
38239
14787
14815
37420
14788
14814
37419
14789
14813
37418
14790
14812
36838
14791
14811
36837
14792
14810
36767
14793
14809
33368
14794
14808
33367
14795
14807
33195
14796
14806
33364
14797
14805
33353
14798
14804
33352
14799
14803
33351
14800
14802
31505
14801
15233
14802
14834
15232
14803
14833
33349
14804
14832
33350
14805
14831
33355
14806
14830
33354
14807
14829
33363
14808
14828
33365
14809
14827
33366
14810
14826
36765
14811
14825
36766
14812
14824
36836
14813
14823
37416
14814
14822
37417
14815
14821
38151
14816
14820
38237
14817
14819
38238
14818
38243
14819
14851
38244
14820
14850
38245
14821
14849
38236
14822
14848
38150
14823
14847
38149
14824
14846
37415
14825
14845
36835
14826
14844
36834
14827
14843
36764
14828
14842
34387
14829
14841
34388
14830
14840
33362
14831
14839
33361
14832
14838
33356
14833
14837
33357
14834
14836
33348
14835
15231
14836
14868
15230
14837
14867
33347
14838
14866
33358
14839
14865
33359
14840
14864
33360
14841
14863
34390
14842
14862
34389
14843
14861
34386
14844
14860
36763
14845
14859
36833
14846
14858
37413
14847
14857
37414
14848
14856
38148
14849
14855
38234
14850
14854
38235
14851
14853
38246
14852
38980
14853
14885
38979
14854
14884
38954
14855
14883
38955
14856
14882
38233
14857
14881
38147
14858
14880
38146
14859
14879
37412
14860
14878
36832
14861
14877
36762
14862
14876
34385
14863
14875
34392
14864
14874
34391
14865
14873
34366
14866
14872
34365
14867
14871
34364
14868
14870
33346
14869
15229
14870
14902
15228
14871
14901
33345
14872
14900
34363
14873
14899
34368
14874
14898
34367
14875
14897
34394
14876
14896
34393
14877
14895
36925
14878
14894
36761
14879
14893
36831
14880
14892
37411
14881
14891
38145
14882
14890
38819
14883
14889
38232
14884
14888
38956
14885
14887
38953
14886
38978
14887
14919
38977
14888
14918
38952
14889
14917
38957
14890
14916
38231
14891
14915
38818
14892
14914
38144
14893
14913
37410
14894
14912
36830
14895
14911
36926
14896
14910
36924
14897
14909
34396
14898
14908
34395
14899
14907
34370
14900
14906
34369
14901
14905
34362
14902
14904
34361
14903
15227
14904
14936
15226
14905
14935
34360
14906
14934
36937
14907
14933
36936
14908
14932
36935
14909
14931
36934
14910
14930
36933
14911
14929
36923
14912
14928
36927
14913
14927
36829
14914
14926
37409
14915
14925
38143
14916
14924
38817
14917
14923
38230
14918
14922
38958
14919
14921
38951
14920
38976
14921
14953
38975
14922
14952
38950
14923
14951
38959
14924
14950
38960
14925
14949
38816
14926
14948
38815
14927
14947
37408
14928
14946
37407
14929
14945
36928
14930
14944
36922
14931
14943
36932
14932
14942
36957
14933
14941
36944
14934
14940
36943
14935
14939
36938
14936
14938
36939
14937
15225
14938
14970
15224
14939
14969
36940
14940
14968
36941
14941
14967
36942
14942
14966
36945
14943
14965
36956
14944
14964
36931
14945
14963
36930
14946
14962
36929
14947
14961
37406
14948
14960
38813
14949
14959
38814
14950
14958
38820
14951
14957
38961
14952
14956
38962
14953
14955
38949
14954
38974
14955
14987
38973
14956
14986
38948
14957
14985
38963
14958
14984
38964
14959
14983
38965
14960
14982
38966
14961
14981
38812
14962
14980
37405
14963
14979
37308
14964
14978
37309
14965
14977
37310
14966
14976
36955
14967
14975
36946
14968
14974
36947
14969
14973
36948
14970
14972
36949
14971
15223
14972
15004
15222
14973
15003
36950
14974
15002
36951
14975
15001
36952
14976
15000
36953
14977
14999
36954
14978
14998
37311
14979
14997
37312
14980
14996
37307
14981
14995
37404
14982
14994
38811
14983
14993
38967
14984
14992
38968
14985
14991
38969
14986
14990
38970
14987
14989
38971
14988
38972
14989
15021
38981
14990
15020
39499
14991
15019
39500
14992
15018
39501
14993
15017
39502
14994
15016
39503
14995
15015
38810
14996
15014
37403
14997
15013
37306
14998
15012
37313
14999
15011
37314
15000
15010
36999
15001
15009
37000
15002
15008
37001
15003
15007
37002
15004
15006
37003
15005
15221
15006
15038
15220
15007
15037
37004
15008
15036
37005
15009
15035
37006
15010
15034
37007
15011
15033
36998
15012
15032
37315
15013
15031
37316
15014
15030
37305
15015
15029
37402
15016
15028
38809
15017
15027
39504
15018
15026
39505
15019
15025
39512
15020
15024
39513
15021
15023
39514
15022
39515
15023
15055
39516
15024
15054
39523
15025
15053
39524
15026
15052
39511
15027
15051
39506
15028
15050
39507
15029
15049
38808
15030
15048
37401
15031
15047
37304
15032
15046
37317
15033
15045
37318
15034
15044
36997
15035
15043
37008
15036
15042
37009
15037
15041
37010
15038
15040
37011
15039
15219
15040
15072
15218
15041
15071
37012
15042
15070
37013
15043
15069
37014
15044
15068
37373
15045
15067
36996
15046
15066
37319
15047
15065
37320
15048
15064
37303
15049
15063
37400
15050
15062
38807
15051
15061
39508
15052
15060
39509
15053
15059
39510
15054
15058
39525
15055
15057
39526
15056
39527
15057
15089
39528
15058
15088
39567
15059
15087
39568
15060
15086
39569
15061
15085
39570
15062
15084
39571
15063
15083
38806
15064
15082
37399
15065
15081
37398
15066
15080
37321
15067
15079
37370
15068
15078
37371
15069
15077
37372
15070
15076
37374
15071
15075
37375
15072
15074
37376
15073
15217
15074
15106
15216
15075
15105
37377
15076
15104
37378
15077
15103
37379
15078
15102
37380
15079
15101
37391
15080
15100
37369
15081
15099
37368
15082
15098
37397
15083
15097
38804
15084
15096
38805
15085
15095
39572
15086
15094
39573
15087
15093
39836
15088
15092
39837
15089
15091
39838
15090
39839
15091
15123
39840
15092
15122
39841
15093
15121
39842
15094
15120
39835
15095
15119
39574
15096
15118
39831
15097
15117
39830
15098
15116
38803
15099
15115
37396
15100
15114
37395
15101
15113
37392
15102
15112
37390
15103
15111
37381
15104
15110
37382
15105
15109
37383
15106
15108
37384
15107
15215
15108
15140
15214
15109
15139
37385
15110
15138
37386
15111
15137
37387
15112
15136
37388
15113
15135
37389
15114
15134
37393
15115
15133
37394
15116
15132
38801
15117
15131
38802
15118
15130
39829
15119
15129
39832
15120
15128
39833
15121
15127
39834
15122
15126
39843
15123
15125
39844
15124
39845
15125
15157
39846
15126
15156
39973
15127
15155
39970
15128
15154
39969
15129
15153
39962
15130
15152
39961
15131
15151
39828
15132
15150
39827
15133
15149
38800
15134
15148
38777
15135
15147
38776
15136
15146
38751
15137
15145
38750
15138
15144
38721
15139
15143
38722
15140
15142
38723
15141
15213
15142
15174
15212
15143
15173
38724
15144
15172
38725
15145
15171
38720
15146
15170
38749
15147
15169
38774
15148
15168
38775
15149
15167
39795
15150
15166
39796
15151
15165
39826
15152
15164
39990
15153
15163
39960
15154
15162
39963
15155
15161
39968
15156
15160
39971
15157
15159
39972
15158
39974
15159
15191
39975
15160
15190
39976
15161
15189
39977
15162
15188
39967
15163
15187
39964
15164
15186
39959
15165
15185
39991
15166
15184
39825
15167
15183
39797
15168
15182
39794
15169
15181
39791
15170
15180
39790
15171
15179
38748
15172
15178
38719
15173
15177
38726
15174
15176
38727
15175
15211
15176
15208
15210
15177
15207
38728
15178
15206
38729
15179
15205
38718
15180
15204
38747
15181
15203
39789
15182
15202
39792
15183
15201
39793
15184
15200
39798
15185
15199
39824
15186
15198
39992
15187
15197
39958
15188
15196
39965
15189
15195
39966
15190
15194
39978
15191
15193
39979
15192
39980
15193
39981
15194
39989
15195
39988
15196
39986
15197
39987
15198
39957
15199
39993
15200
39994
15201
39799
15202
39808
15203
39809
15204
39810
15205
38746
15206
38745
15207
38730
15208
39999
15209
15210
39999
15211
38728
15212
38727
15213
38724
15214
38723
15215
37385
15216
37384
15217
37377
15218
37376
15219
37012
15220
37011
15221
37004
15222
37003
15223
36950
15224
36949
15225
36940
15226
36939
15227
34360
15228
34361
15229
33345
15230
33346
15231
33347
15232
33348
15233
33349
15234
31505
15235
31504
15236
31501
15237
31500
15238
31497
15239
31496
15240
31493
15241
31492
15242
31489
15243
31488
15244
29252
15245
29253
15246
29254
15247
29255
15248
29256
15249
29257
15250
29258
15251
26918
15252
26919
15253
26763
15254
26764
15255
26765
15256
26766
15257
25277
15258
25278
15259
25217
15260
25216
15261
24316
15262
24315
15263
23926
15264
23925
15265
22502
15266
22501
15267
21567
15268
21566
15269
21563
15270
21562
15271
21559
15272
21558
15273
19969
15274
19968
15275
19901
15276
19900
15277
19897
15278
19896
15279
19893
15280
19892
15281
18215
15282
18214
15283
18059
15284
18052
15285
18051
15286
18048
15287
18047
15288
15289
15898
18045
18047
15290
15291
17970
18045
15292
15293
17968
17970
17972
15294
15295
15361
17968
15296
15362
15297
15363
15298
15364
15299
15300
15314
15364
15301
15313
15302
15304
15303
15304
15306
15305
15313
15306
15310
15312
15307
15308
15310
16176
15309
15311
16175
15312
15316
16174
15313
15315
15314
15315
15365
15316
15368
15317
16171
16173
15318
15370
16204
15319
15371
16199
15320
16198
15321
15343
15371
15373
16942
15322
16939
15323
15373
15375
16938
15324
15342
15376
15325
15329
15331
15333
15326
15328
15327
15331
15328
15330
15346
15329
15343
15345
15330
15334
15342
15350
15331
15335
15351
15332
15333
15335
15337
15334
15338
15376
15335
15339
15341
15355
15336
15354
15337
15339
15359
15395
15338
15394
15339
15377
15393
15340
15358
15396
15341
15377
15379
15389
15391
15342
15374
15376
15382
15343
15373
15383
15344
15345
15369
15371
15383
15346
15348
15350
15347
15351
15348
15352
15364
15349
15365
15369
15350
15352
15356
15366
15384
15351
15355
15383
15352
15354
15353
15363
15354
15356
15360
15362
15355
15359
15356
15358
15382
15357
15387
17964
15358
15360
15388
15404
17965
15359
15389
15403
15360
15402
15361
15405
15362
17965
17967
15363
17964
15364
15366
15365
15366
15368
15367
17964
15368
15384
16170
17963
15369
16171
15370
15384
15371
15385
16171
16956
15372
16955
15373
15381
15383
15385
16960
15374
16943
15375
15379
15381
16964
15376
15378
16937
15377
15378
15392
15379
16145
16936
15380
16146
16969
15381
15389
16167
16970
17920
15382
15386
16963
15383
15387
15389
15384
15385
15387
15386
16170
16961
15387
16167
16169
16962
15388
17963
15389
16165
16167
17962
15390
15391
15403
16165
17920
18075
15392
15396
16146
16148
15393
16145
16149
15394
15396
15398
15395
15399
15396
15400
15402
15397
15403
15398
15400
16148
16154
16162
15399
16149
16151
15400
16152
15401
16153
15402
15406
15408
16160
16162
15403
15405
15404
16162
15405
16163
16165
17966
15406
17967
15407
16163
18037
18069
15408
17969
17971
17974
15409
15410
15895
16160
17974
17976
15411
15892
16153
15412
15893
15895
15413
15414
15889
15893
15415
15419
15416
15418
15893
15901
15417
15418
15909
15419
15902
15908
17979
15420
15889
15421
15888
15908
15912
15422
15428
15445
15447
15423
15444
15424
15428
15430
15436
15443
15425
15427
15426
15430
16060
15427
15429
15890
16059
15428
15889
15429
15884
15888
15430
15883
16058
17982
15431
16079
15432
15441
15443
15883
16080
15433
15435
15440
15812
15434
15439
15811
15435
15438
15436
15437
15443
15438
15440
15442
15459
15439
15460
15440
15461
15814
15441
15462
15813
15442
15880
15882
16085
15443
15450
15458
15885
15444
15884
15445
15450
15446
15449
15884
15912
15447
15448
15449
15453
15450
15452
15885
15913
15451
15452
15456
15458
15453
15455
15942
16045
15454
15917
15455
15479
15940
15456
15478
15941
16046
15457
15477
15458
15466
15476
15879
16046
15459
15880
16045
15460
15462
15466
15461
15465
15462
15464
15825
15463
15826
15880
15464
15466
15470
15827
15879
15465
15469
15828
15466
15468
15467
15468
15470
15474
15476
15469
15473
15470
15472
15839
15471
15840
15878
15472
15474
15494
15841
15877
15473
15493
15842
15474
15492
15475
15495
15476
15482
15877
16050
16104
15477
15878
16049
15478
15482
15479
15481
15964
16049
15480
15939
15481
15485
15938
15482
15484
15965
16050
15483
15484
15488
16104
15485
15487
15970
16103
15486
15937
15487
15936
15982
15488
15971
15977
16106
15489
15978
16105
15490
15496
15502
15504
15491
15501
15492
15496
15498
15500
15493
15495
15494
15498
15853
15495
15497
15854
15876
15496
16104
15497
15870
16105
15498
15855
15869
15875
15499
15856
15500
15509
15867
15869
15501
15508
15870
15502
15507
15503
15506
15870
15978
15504
15505
15506
15985
15507
15871
15979
16012
15508
16011
15509
15871
18296
15510
15872
18271
18295
15511
15512
15524
15528
18293
18295
15513
15521
15523
15779
15514
15516
15520
15772
15515
15519
15771
15516
15518
15517
15523
15518
15520
15522
18321
15519
15539
15520
15532
15776
15521
15531
15777
15522
15528
15530
15778
15523
15527
18320
15524
15525
15527
18296
15526
16011
15527
16010
18312
15528
18301
18319
15529
18292
18300
15530
18319
18387
18389
19919
15531
18320
18386
18390
15532
18321
18323
18391
15533
15539
18324
18326
15534
15536
18327
15535
15755
15536
15566
15754
15537
15567
18324
18332
15538
15554
15539
15545
15553
18322
18324
15540
18321
15541
15545
15542
15544
18313
18321
15543
18314
15544
15548
18315
15545
15547
18316
18322
15546
15547
15551
15553
15548
15550
18351
18379
15549
18378
15550
15590
18377
15551
15589
18352
18382
15552
15588
15553
15569
15587
18352
18354
15554
18349
18351
15555
15567
15569
15556
15564
15566
15557
15559
15563
15558
15562
15559
15561
15729
15560
15566
15730
15561
15563
15565
15575
15733
15562
15574
15734
15563
15573
15564
15572
15565
15569
15571
15566
15568
15582
15752
15567
15753
15568
18333
18349
15569
15583
18338
18354
15570
15571
15583
15585
15587
15572
15580
15582
15573
15575
15579
15574
15578
15575
15577
15735
15576
15582
15736
15577
15579
15581
15607
15739
15578
15606
15740
15579
15605
15580
15604
15581
15585
15643
15582
15584
15644
15750
15583
15751
15584
18339
18355
15585
15645
18344
18360
15586
15642
15587
15593
15641
18358
18360
15588
18355
18357
15589
15593
15590
15592
18357
18499
15591
18376
15592
15636
18375
15593
15637
18358
18502
15594
15595
15635
15637
15639
15641
15596
15624
15642
15597
15623
15643
15598
15602
15604
15599
15605
15600
15602
15610
15612
15601
15613
15602
15614
15622
15603
15615
15623
15604
15608
15610
15648
15652
15605
15607
15643
15606
15610
15607
15609
15741
15608
15644
15742
15609
15647
15653
15747
15610
15654
15746
15611
15612
15652
15654
15656
15613
15615
15617
15614
15618
15615
15619
15621
15616
15628
15652
15617
15619
15629
15657
18580
15618
15656
18581
15619
18582
15620
18583
15621
15629
15631
18602
15622
15626
15628
15623
15625
15624
15628
15648
15625
15627
15639
15649
15626
15634
15627
15631
15633
15628
15630
15650
18369
15629
15651
15630
15664
18579
15631
15663
18564
18578
15632
18603
15633
18564
18566
20717
15634
18369
18371
15635
15639
18372
15636
15637
18372
18374
15638
18363
18511
15639
18364
18370
18372
18550
15640
18369
15641
15649
18364
18366
18368
15642
18361
18363
15643
15645
15649
15644
15648
15645
15647
15749
15646
18361
18709
15647
15649
15661
18366
18710
15648
15660
15748
15649
15651
15650
15651
15661
15663
18368
15652
15660
15664
15653
15657
15654
15658
15660
18717
15655
18716
15656
15658
18591
18719
15657
15667
15658
15664
15666
15659
18592
18718
15660
15662
15664
18595
18739
15661
18740
15662
18367
18741
15663
18562
18596
18744
15664
18563
18577
15665
15666
18577
18579
18595
18599
15667
18580
18588
18592
15668
18581
18589
18591
15669
15671
15673
15670
18581
15671
15695
18586
15672
15694
18589
15673
15691
15693
18590
15674
18591
15675
15689
15691
21088
15676
18719
15677
15685
15689
18720
15678
15684
18715
15679
15745
15680
15682
15684
15714
15681
15715
15682
18459
19313
15683
18702
19314
15684
15686
18701
19321
15685
15713
15686
15688
15712
15687
18700
19322
15688
15704
18699
19349
15689
15703
15711
15690
21087
15691
15701
15703
21092
15692
21091
15693
15699
15701
21112
15694
15698
18619
15695
15697
18618
15696
18609
15697
18614
18626
15698
18623
18625
15699
18622
18646
15700
18647
21117
15701
15707
18648
21116
15702
21113
15703
15705
15707
15709
15704
15710
15705
18698
19350
15706
18697
19357
15707
18664
18696
19358
15708
18663
15709
18696
21116
21158
21165
15710
18697
21113
21157
15711
18698
21092
21094
15712
18699
21085
21087
15713
18700
18720
18722
15714
18701
18715
18723
15715
15745
18702
18704
15716
18459
18461
15717
15741
15743
15745
15718
15738
15740
15719
15735
15737
15720
15732
15734
15721
15729
15731
15722
15726
15728
15723
15725
15724
15728
15725
15727
15755
15726
18329
18409
15727
15731
18330
18412
15728
15730
15754
15729
15730
15734
15731
15733
15753
15732
18335
18437
15733
15737
18336
18444
15734
15736
15752
15735
15736
15740
15737
15739
15751
15738
18341
18443
15739
15743
18342
18462
15740
15742
15750
15741
15742
15746
15743
15747
15749
15744
18461
18707
15745
15747
18704
18712
18714
15746
18715
15747
18716
15748
18717
15749
18710
18712
18740
15750
18707
18709
15751
18342
18344
15752
18339
18341
15753
18336
18338
15754
18333
18335
15755
18330
18332
15756
18327
18329
15757
15761
15763
15758
15760
15759
15763
15760
15762
15768
15770
15761
15771
15762
15776
18327
15763
15767
15775
18328
15764
18329
15765
15767
18408
15766
18415
19045
15767
18282
18416
19050
15768
18283
18407
15769
15770
18281
18283
18285
15771
15773
15775
15772
15776
15773
15777
15779
15774
15780
18285
15775
15777
18284
18290
18392
15776
18283
18393
15777
18326
15778
18391
15779
18290
18292
18390
15780
18293
15781
18286
18290
15782
18287
18291
18293
19793
15783
18272
15784
18275
18277
18287
15785
15786
15862
15864
15866
18275
15787
15857
15859
15861
15788
15848
15850
15852
15789
15843
15845
15847
15790
15834
15836
15838
15791
15829
15831
15833
15792
15820
15822
15824
15793
15815
15817
15819
15794
15806
15808
15810
15795
15801
15805
15796
15800
15810
15797
15811
15798
15800
15812
16079
15799
16060
15800
15802
16061
15801
15809
16078
15802
15804
15808
16129
15803
16072
15804
16073
17176
15805
15807
16130
17181
15806
17180
15807
15819
17201
15808
15818
16133
17202
15809
15817
16134
15810
15812
15816
16081
15811
15815
15812
15814
15813
16080
15814
15816
15826
16085
15815
15825
15816
15824
15817
15823
16084
15818
15822
16135
15819
15821
16136
17207
15820
17206
15821
15833
17883
15822
15832
17884
17900
15823
15831
17901
15824
15826
15830
16087
15825
15829
15826
15828
15827
16086
15828
15830
15840
16091
15829
15839
15830
15838
15831
15837
16090
15832
15836
17902
15833
15835
17887
17903
15834
17888
15835
15847
17889
15836
15846
17890
18253
15837
15845
18254
15838
15840
15844
16093
15839
15843
15840
15842
15841
16092
15842
15844
15854
16097
15843
15853
15844
15852
15845
15851
16096
15846
15850
18255
15847
15849
17895
18256
15848
17894
15849
15861
19462
15850
15860
18259
19463
15851
15859
18260
15852
15854
15858
16099
15853
15857
15854
15856
15855
16098
15856
15858
15868
16117
15857
15867
15858
15866
15859
15865
16118
15860
15864
18261
15861
15863
18262
19468
15862
19467
15863
18276
20367
15864
18265
19803
20368
15865
18266
18274
15866
15868
18267
18273
15867
18272
15868
18271
15869
18268
18270
15870
15872
15874
15871
16110
15872
16111
18297
15873
18270
18298
15874
16111
16113
18269
19945
15875
16108
16110
18268
15876
16105
16107
16117
15877
16098
16102
16104
15878
16051
16097
15879
16048
16092
15880
16047
16091
15881
16086
15882
16045
16047
16055
18007
15883
15885
16056
17988
15884
16057
17983
15885
15887
15886
16045
15887
15913
16044
17986
17988
15888
15912
17983
17985
15889
17980
17982
15890
17979
15891
17982
17992
15892
17977
17979
17981
17995
15893
16158
17976
15894
17979
15895
15901
17976
17978
18042
15896
17973
15897
15901
15898
15900
17973
18045
15899
15900
15904
18047
15901
15903
18042
18046
15902
15903
15907
17978
15904
15906
18041
18049
15905
18048
15906
18051
18053
15907
18050
18054
18099
15908
18055
18098
15909
15911
17980
15910
15911
15915
15912
15914
17985
18055
15913
15914
15942
15915
15943
17986
18056
15916
15917
15919
15943
15945
15947
15918
15940
15942
15919
15921
15920
15948
15921
15923
15945
15949
15922
15940
15923
15925
15939
15924
15950
15962
15925
15927
15951
15967
15926
15938
15927
15929
15937
15928
15952
15968
15929
15931
15953
15973
15930
15936
15931
15933
15935
15932
15954
15974
15933
15955
16028
16034
15934
16027
15935
15981
16034
16036
19908
15936
15974
15976
15982
15937
15971
15973
15938
15968
15970
15939
15965
15967
15940
15962
15964
15941
15945
15942
15944
15964
16043
15943
16044
15944
18009
18201
15945
15963
18010
18206
15946
15962
15947
15949
15961
18204
18206
15948
18201
18203
15949
15950
15951
15961
15952
15960
15953
15959
15954
15958
15955
15957
15956
16031
15957
16032
16034
19876
19878
15958
15974
19873
19875
15959
15973
19862
19864
15960
15968
19859
19861
15961
15967
19848
19850
15962
19845
19847
15963
15967
15964
15966
18015
19845
15965
16042
15966
15970
16041
15967
15969
18016
19850
15968
15969
15973
15970
15972
19821
19859
15971
16040
15972
15976
16039
15973
15975
19822
19864
15974
15975
16034
15976
16035
19827
19873
15977
16036
16038
15978
15980
15982
16109
15979
16110
15980
16111
18305
15981
16036
16112
18306
15982
15983
15984
16018
18306
19908
19910
15985
16015
16017
18305
15986
15988
16012
16014
15987
16009
16011
15988
15990
15989
16017
15990
15992
16014
16016
15991
16009
15992
15994
16008
15993
16021
19913
15994
15996
16022
19914
15995
16007
15996
15998
16006
15997
19929
20665
15998
16000
19930
20668
15999
16005
16000
16002
16004
16001
20669
20689
16002
20672
20688
20693
16003
20692
16004
20686
20688
20691
16005
20685
20689
16006
19930
19932
16007
19927
19929
16008
19914
19916
16009
18311
19913
16010
16014
16011
16013
18301
18311
16012
18296
16013
18297
18305
16014
18302
18308
18310
16015
19913
16016
18308
19910
19912
16017
16019
16021
16018
16019
16027
16020
16026
19910
16021
16023
16025
19911
16022
19912
16023
19955
20665
16024
19956
20666
16025
19957
20651
20786
16026
19958
20650
16027
16029
19909
16028
19908
16029
16031
16033
16030
19962
20650
16031
19963
20653
16032
16033
19905
19963
19967
16034
19906
19908
19962
16035
16036
19828
19878
19906
16037
19907
16038
16112
19828
19830
19976
16039
16109
19825
19827
16040
16106
19822
19824
16041
16103
19819
19821
16042
16050
18016
18018
16043
16049
18013
18015
16044
16046
18010
18012
16045
18007
18009
16046
16047
16049
16048
16054
18012
16049
16051
16053
18013
16050
16051
16103
16052
16102
18018
16053
16095
16097
16101
18019
16054
16092
16094
18020
16055
16089
16091
18021
16056
16086
16088
18006
16057
16083
16085
17989
16058
16080
16082
17990
16059
16077
16079
17991
16060
16076
17992
16061
16079
16062
16072
16076
16078
16063
16071
16064
16076
16156
16065
16069
16071
16075
17912
16066
16068
16150
16067
16071
16068
16070
16929
16069
16143
17124
16070
16074
16142
17129
16071
16073
16928
16072
16073
16075
16129
16074
16130
17183
16075
16131
16141
17186
16076
16128
17911
16077
17993
16078
16082
16128
17998
16079
16081
16129
16080
16081
16085
16082
16084
16134
16083
16127
17999
16084
16088
16126
18004
16085
16087
16135
16086
16087
16091
16088
16090
17901
16089
16125
18005
16090
16094
16124
18022
16091
16093
17902
16092
16093
16097
16094
16096
18254
16095
16123
18243
16096
16100
16122
18248
16097
16099
18255
16098
16099
16101
16117
16100
16118
18260
16101
16119
16121
19817
16102
16116
19818
16103
16107
19819
16104
16106
16105
16106
16110
16107
16109
16108
16116
19824
16109
16113
16115
19825
16110
16112
16111
16112
18304
16113
19947
16114
19830
19946
16115
18269
19807
19831
20005
16116
18268
19808
19832
16117
16119
19833
16118
18268
16119
18261
18267
16120
19808
19834
16121
18261
18263
19809
20055
16122
18258
18260
19816
16123
18249
18255
18257
16124
18242
18252
18254
16125
17902
17904
18231
16126
17901
17905
17907
16127
16135
16137
17908
16128
16132
16134
17909
16129
16131
17910
16130
16134
16131
16133
17182
16132
16140
17187
16133
16137
16139
17212
16134
16136
17209
16135
16136
17901
16137
17208
17900
16138
17213
17905
16139
17906
17908
18167
19525
16140
17909
18166
19520
16141
17910
18084
18153
16142
17911
18081
18148
16143
17130
17912
17916
16144
16150
17131
17915
16145
16147
16149
17132
16146
17133
16147
17136
17920
16148
17137
17915
17919
16149
17914
18075
16150
16151
17912
17914
16152
16154
16156
16153
16157
16154
16158
16160
16155
16161
17914
16156
16158
17913
17994
18034
16157
17912
17993
16158
17992
16159
17995
16160
17976
18032
18034
18038
16161
18037
16162
18034
18036
18074
16163
18075
16164
18036
18070
16165
17958
18071
18073
18075
16166
17961
16167
17920
17924
17958
17960
16168
16975
16169
16976
17960
17962
16170
16977
17963
16171
16978
16172
16173
16956
16978
16980
16174
16204
16981
16175
16203
16982
16176
16178
16177
16178
16180
16179
16982
16180
16212
16983
16985
16181
16986
16182
16212
16183
16211
16804
16986
16184
16210
16801
16185
16794
16186
16188
16210
16218
16799
16187
16219
16798
16188
16190
16189
16190
16194
16208
16218
16222
16191
16219
16221
16192
16194
16196
16193
16197
16194
16198
16200
16195
16201
16196
16198
16206
16222
16941
16197
16221
16940
16198
16939
16199
16942
16200
16204
16206
16955
16201
16203
16202
16206
16208
16203
16205
16213
16982
16204
16205
16956
16206
16957
16981
17021
16207
16954
16208
16216
16222
16953
17021
16209
16213
16210
16214
16216
16218
16999
16211
16800
16212
16214
16805
16985
16213
16214
16983
17021
16215
16984
16998
16216
17005
17019
17021
17023
16217
17004
17018
16218
16220
16222
16847
16949
16219
16846
16220
16843
16221
16842
16948
16222
16224
16223
16224
16941
16949
16951
16953
16225
16940
16946
16948
16226
16228
16227
16870
16948
16228
16871
16947
17061
16229
16231
16946
17062
16230
16895
16231
16896
16232
16897
16945
16233
16938
16234
16897
16935
16937
16235
16896
16900
16236
16238
16901
16237
16902
16238
16240
16887
16239
16888
16896
16240
16893
16899
16901
16905
16241
16892
16902
16904
16242
16290
16294
16243
16289
16295
16244
16245
16287
16289
16246
16284
16286
16247
16281
16283
16248
16260
16262
16249
16257
16259
16250
16252
16256
16251
16255
16252
16254
16253
16259
16254
16256
16258
16268
16339
16255
16267
16338
16256
16266
16257
16265
16258
16262
16264
16259
16261
16275
16340
16260
16261
16283
16262
16276
16282
16345
16263
16281
16264
16276
16278
16280
16265
16273
16275
16266
16268
16272
16267
16271
16268
16270
16349
16269
16275
16348
16270
16272
16274
16355
16395
16271
16354
16394
16272
16393
16273
16392
16274
16278
16391
16275
16277
16356
16402
16276
16347
16277
16346
16376
16278
16361
16377
16403
16279
16390
16280
16377
16379
16389
16281
16376
16380
16282
16286
16283
16285
16364
16376
16284
16365
16285
16289
16368
16286
16288
16369
16375
16287
16380
16288
16381
16289
16291
16382
16440
16290
16441
16291
16293
16904
16292
16383
16909
16293
16438
16440
16444
16918
16294
16441
16443
16913
16295
16297
16892
16296
16441
16297
16442
16298
16443
16891
16299
16626
17048
16300
16302
16621
16627
17047
16301
16618
16884
16302
16304
16303
16624
16304
16325
16613
16621
16623
16305
16320
16614
16618
16306
16318
16615
16617
16307
16311
16313
16319
16308
16310
16309
16313
17424
16310
16312
16855
17423
16311
16830
16312
16617
16857
16313
16616
16856
17426
16314
16615
17425
16315
16317
16319
16712
16316
16711
16317
16322
16710
16318
16321
16615
17429
16319
16320
16321
16325
16322
16324
16614
17430
16323
16709
16324
16608
16708
16325
16609
16613
17431
16326
16327
16571
16575
16609
16623
16328
16570
16576
16608
16329
16467
16577
16587
16330
16466
16578
16586
16331
16459
16579
16583
16332
16580
16582
16333
16459
16461
16334
16458
16462
16335
16337
16336
16342
16458
16337
16339
16341
16351
16463
16338
16350
16462
16339
16349
16340
16348
16341
16345
16347
16342
16344
16358
16464
16343
16457
16344
16366
16456
16345
16359
16371
16469
16346
16364
16347
16359
16361
16363
16348
16356
16358
16349
16351
16355
16350
16354
16351
16353
16473
16352
16358
16472
16353
16355
16357
16479
16493
16354
16478
16490
16355
16491
16356
16492
16357
16361
16499
16358
16360
16480
16500
16359
16471
16360
16372
16470
16361
16451
16485
16501
16362
16502
16363
16377
16451
16525
16529
16364
16372
16374
16376
16365
16369
16371
16366
16368
16367
16371
16455
16368
16370
16442
16572
16369
16441
16370
16374
16440
16371
16373
16445
16573
16372
16454
16373
16451
16453
16374
16446
16450
16634
16375
16439
16529
16376
16378
16380
16382
16377
16378
16426
16379
16385
16427
16529
16380
16386
16388
16381
16382
16386
16383
16385
16439
16384
16438
16920
16385
16433
16437
16925
16386
16432
16530
16387
16388
16430
16432
16389
16427
16429
16390
16424
16426
16391
16403
16405
16392
16400
16402
16393
16395
16399
16394
16398
16395
16397
16491
16396
16402
16492
16397
16399
16401
16411
16497
16398
16410
16496
16399
16409
16400
16408
16401
16405
16407
16402
16404
16418
16498
16403
16499
16404
16426
16502
16405
16419
16425
16503
16406
16424
16407
16419
16421
16423
16408
16416
16418
16409
16411
16415
16410
16414
16411
16413
16509
16412
16418
16510
16413
16415
16417
16511
17517
16414
16512
17514
16415
17515
16416
17516
16417
16421
17523
16418
16420
16516
17524
16419
16517
16420
16518
16546
16421
16521
16547
17525
16422
17526
16423
16547
16549
17579
16424
16546
16550
16425
16429
16426
16428
16524
16546
16427
16525
16428
16432
16528
16429
16431
16541
16545
16430
16550
16431
16551
16432
16434
16542
16544
16433
16531
16434
16436
17174
16435
16555
17179
16436
16534
16542
16556
17196
16437
16531
16533
17173
16438
16448
16530
17154
16439
16447
16919
16440
16446
16530
16441
16445
16442
16443
16445
16625
16444
16626
16914
16445
16447
16631
16917
16446
16630
16447
16449
16633
16448
16632
17152
16449
16533
16643
17153
16450
16530
16532
16638
16451
16527
16529
16637
16452
16526
16453
16485
16565
16567
16637
16454
16470
16568
16634
16455
16469
16569
16573
16456
16570
16572
16457
16467
16469
16458
16464
16466
16459
16463
16460
16466
16461
16463
16465
16475
16579
16462
16474
16580
16463
16473
16464
16472
16465
16469
16471
16466
16468
16482
16578
16467
16468
16570
16469
16483
16569
16577
16470
16471
16483
16485
16472
16480
16482
16473
16475
16479
16474
16478
16475
16477
16593
16476
16482
16594
16477
16479
16481
16595
16653
16478
16596
16654
16479
16489
16480
16488
16481
16485
16487
16482
16484
16600
16652
16483
16601
16484
16568
16602
16485
16567
16603
16651
16486
16487
16501
16565
16651
17265
16488
16500
16652
17264
16489
16493
16653
16657
16490
16654
16656
16491
16493
16495
16492
16496
16493
16497
16499
16494
16500
16495
16497
16505
16507
16657
16496
16508
16656
16497
16509
16498
16510
16499
16503
16505
16517
16500
16502
16501
16505
16502
16504
16526
16503
16525
16504
16518
16524
16505
16519
16537
17265
16506
17264
16507
16515
16517
16519
17267
16508
16510
16514
17268
16509
16513
17269
16510
16512
16511
16517
16512
16514
16516
17512
16513
17513
16514
17274
17534
16515
17275
17535
16516
16520
17276
17538
16517
16521
17511
16518
16519
16521
16523
16520
16538
17266
16521
16561
17281
17539
16522
17510
16523
16547
16561
17507
17509
16524
16538
16540
16546
16525
16537
16541
16526
16528
16527
16537
16565
16528
16532
16536
16646
16529
16531
16541
16530
16531
16532
16542
16533
16535
16645
16534
16644
17172
16535
16557
17195
17369
16536
16542
16558
17356
16537
16539
16541
17357
16538
16564
16539
16561
16563
16540
16558
16560
17358
16541
16543
16545
17507
16542
16543
16544
16556
16558
17506
16545
16551
16553
16555
16546
16548
16550
16547
16548
17578
16549
16553
17507
17581
16550
16552
17580
16551
16552
16553
17861
16554
17506
17860
16555
17205
17505
17865
16556
17200
16557
17199
17505
16558
17368
17504
19421
16559
17365
16560
17364
17504
17506
17858
16561
17363
17507
17597
16562
17598
16563
17281
17361
17363
17607
16564
17266
17358
17360
16565
16649
17265
17357
16566
16646
16567
16647
16649
16651
17345
16568
16636
17242
16569
16635
17241
16570
16574
16576
16571
16572
16574
16624
16573
16625
16574
16630
16634
16575
16629
16635
16576
16610
17238
17240
16577
16607
17241
16578
16588
16602
16579
16585
16601
16580
16584
16594
16581
16593
16582
16584
16592
16680
16583
16584
16586
16682
16585
16591
16681
16586
16588
16590
16698
16587
16695
16588
16608
16696
16589
16607
16697
16590
16602
16604
16606
16704
16591
16599
16601
16699
16592
16594
16598
16700
16593
16597
16679
16594
16596
16595
16601
16596
16598
16600
16660
16597
16661
16598
16662
16678
16599
16663
16701
16600
16604
16702
17258
16601
16603
17259
16602
16603
17241
16604
17242
17260
16605
16703
17257
16606
17242
17244
17256
17446
16607
16705
17241
17245
16608
16610
16706
16609
16707
16610
16612
17438
16611
17245
17439
16612
17236
17238
17246
17440
16613
16623
17235
17437
16614
16620
17432
16615
16619
17433
16616
17428
16617
16619
16879
17427
16618
16880
16619
16621
16883
16620
17044
17434
16621
17045
17235
17435
16622
17046
16623
16627
17233
17235
17237
16624
17238
16625
16627
16629
16626
16630
16627
16631
17105
16628
17106
16629
16631
16641
17109
17237
16630
16640
17238
16631
16633
16632
17110
16633
16641
16643
17165
16634
16638
16640
16635
16637
16636
16640
17240
16637
16639
16647
17243
16638
16646
16639
16643
16645
16640
16642
17250
17352
16641
17239
16642
17166
17248
16643
17169
17249
17353
16644
17170
16645
17171
17353
17369
16646
17352
17356
16647
17357
16648
17346
17352
16649
17347
17355
17357
17359
16650
17344
17360
16651
17261
17263
17265
17279
16652
17260
16653
17259
17263
16654
16658
16660
16655
16661
16656
16658
16666
17270
16657
17269
16658
17264
17268
16659
17263
17271
16660
16664
16666
17262
17326
16661
16663
17259
16662
16666
16663
16665
16677
16664
17258
17450
16665
17325
17333
17451
16666
16676
17324
16667
16668
17270
17324
17326
17328
16669
16671
16673
16670
17270
16671
17273
17307
16672
17308
17328
16673
17309
17321
17329
16674
17324
16675
17321
17323
16676
16677
17323
17451
16678
17450
16679
16701
16680
16700
16681
16682
16698
16700
16683
16695
16684
16694
16685
16691
16686
16690
16687
16688
16690
16689
16711
16690
16692
16710
16691
16692
16694
16693
16709
16694
16696
16708
16695
16696
16698
16697
16707
16698
16704
16706
16699
16700
16702
16704
16701
16702
17450
16703
17449
16704
17446
17448
16705
16706
17444
17446
16707
17439
16708
17438
16709
17431
16710
17430
16711
17429
16712
16713
17425
17429
16714
17424
16715
16716
17422
17424
16717
16718
17420
17422
16719
16720
17418
17420
16721
16768
16722
16767
16723
16762
16724
16761
16725
16737
16726
16736
16727
16729
16728
16729
16731
16730
16736
16731
16733
16735
16732
16733
16743
16734
16742
16735
16739
16741
16736
16738
16737
16738
16761
16739
16760
16740
16759
16741
16752
16758
16742
16751
16743
16745
16744
16745
16747
16746
16751
16747
16748
16750
16749
16750
16754
16751
16753
16752
16753
16757
16754
16756
16755
16756
16776
16757
16775
16758
16774
16759
16773
16760
16764
16761
16763
16762
16763
16767
16764
16766
16765
16773
16766
16770
16772
16767
16769
16768
16769
17418
16770
17417
16771
17416
16772
16780
17415
16773
16779
16774
16775
16779
16776
16778
16777
16778
16782
16779
16781
16780
16781
19605
16782
19604
16783
19603
16784
16817
16785
16990
16992
16786
16787
16788
16990
16789
16989
16790
16791
16987
16989
16792
16804
16793
16801
16794
16795
16799
16801
16796
16802
16797
16799
16807
16809
16845
16798
16810
16844
16799
16843
16800
16846
16801
16805
16807
16999
16802
16804
16803
16807
16804
16806
16818
16988
16805
16987
16806
16996
16998
16807
16819
16995
17001
16808
17000
16809
16815
16819
17029
16810
16814
17030
16811
16825
16812
16814
16824
17414
16813
17415
16814
16816
19605
16815
16823
19606
16816
16820
16822
19607
16817
19604
16818
16820
16992
19603
16819
16991
16820
16994
17028
16821
16993
19602
16822
17028
19579
19601
22347
16823
17029
19578
19608
16824
17030
17032
19609
16825
17033
17413
16826
16844
16850
17030
16827
16837
16851
16828
16834
16852
16829
16833
16853
16830
16831
16853
16855
16857
16832
16858
16833
16839
16853
16861
16834
16835
16837
16839
16836
16840
16837
16841
16843
16838
16844
16839
16841
16849
16851
16869
16840
16852
16868
16841
16867
16842
16870
16843
16847
16849
17009
16844
16846
16845
16849
16846
16848
17000
17030
16847
16999
16848
17004
17008
16849
17003
17011
17031
16850
17010
16851
17031
17033
17395
16852
17034
17038
16853
16875
17035
16854
16876
16855
16877
17035
19634
16856
19635
16857
16877
16879
19636
16858
16876
16880
16859
16861
16863
16860
16864
16861
16865
16867
16862
16868
16876
16863
16865
16873
16881
17051
16864
16880
16884
16865
16885
16866
17050
16867
16871
16873
17059
16868
16870
16869
16873
16875
16870
16872
17010
17038
16871
17009
16872
17014
17070
16873
17013
17039
17069
16874
17058
16875
16881
17039
17041
17057
16876
17036
17038
16877
16881
16878
17036
19637
16879
16881
17041
17043
19638
16880
17044
19639
16881
16883
16882
16883
17043
17051
17053
17057
16884
17044
17046
16885
17047
17051
16886
17048
17050
16887
16889
16891
16888
16892
16889
16893
16895
16890
17050
17060
16891
16893
16915
17049
17065
16892
16914
17048
16893
16913
16894
16912
16895
16899
17063
17065
17115
16896
17060
17062
16897
16899
16898
16966
17062
16899
16933
16935
16967
17063
16900
16932
16901
16931
16935
16902
16906
16903
16904
16906
16908
16905
16909
16913
16906
16910
16912
16932
16907
16931
16908
16910
16922
16930
16909
16921
16910
16918
16920
16911
16923
17121
16912
16916
16918
17120
17156
16913
16915
17115
16914
16918
16915
16917
17105
16916
17104
17114
16917
17111
17113
17151
16918
17110
17152
16919
16920
17152
17154
17156
16921
16923
16925
16922
16926
16923
16927
16929
16924
17126
17156
16925
16927
17127
17155
17177
16926
17154
17174
16927
17175
16928
17176
16929
17127
17129
17183
16930
17124
17126
16931
17121
17123
16932
16934
16933
17115
17121
16934
17116
17122
17134
16935
17123
17133
16936
16937
16967
16969
17133
16938
16964
16966
16939
16943
16945
16940
16942
16941
16945
16942
16944
16954
16943
16955
16944
16960
16964
16945
16951
16959
16965
16946
16966
16947
16951
17075
16948
16950
17014
17074
16949
17009
16950
17008
17018
16951
17015
17017
17077
16952
17076
16953
16959
17017
17083
17087
16954
17018
17020
16955
16957
16959
16956
16960
16957
16961
16958
16980
17020
16959
16961
16973
16979
17087
16960
16972
16961
16963
16962
16978
16963
16973
16975
16977
16964
16970
16972
16965
16969
16966
16968
16972
17076
16967
17075
16968
17080
17134
16969
16971
17081
17135
16970
17136
16971
16975
17921
16972
16974
17082
17922
16973
17083
16974
17088
18125
16975
17089
17923
18124
16976
17924
16977
18122
18124
16978
18125
16979
16980
18125
18127
16981
18128
16982
17022
16983
16984
17022
16985
16997
17023
16986
16996
16987
16988
16996
16989
16991
16995
16990
16991
16992
16994
16993
16994
22347
16995
17027
16996
17026
16997
16998
17024
17026
16999
17001
17005
17000
17004
17001
17003
17029
17002
17026
17028
17003
17005
17025
19560
19576
17004
19559
19577
17005
17007
17006
17024
17007
17019
19560
19562
19570
17008
17016
17018
19559
17009
17011
17015
17010
17014
17011
17013
17395
17012
17398
19559
17013
17015
17095
17399
19558
17014
17096
17394
17015
17073
17016
17094
17017
17093
19558
19562
17018
17084
17086
17019
17020
17086
18129
17021
17087
18128
17022
17023
18128
17024
18129
17025
19570
17026
19571
19575
17027
17028
19575
22347
17029
19576
17030
19577
17031
17032
17398
19577
17033
17397
19578
19610
17034
17396
17412
17035
17037
19628
17036
21990
17037
17041
21989
17038
17040
17396
19627
17039
17395
17040
17390
17394
17041
17389
17401
19626
17042
21988
17043
17055
17057
17389
21987
17044
17054
19641
17045
19640
17046
17054
17234
19643
17047
17053
17233
17048
17052
17106
17049
17105
17050
17052
17066
17104
17051
17059
17052
17058
17053
17067
17107
17054
17056
17232
17055
17385
19642
17056
17386
17388
21986
17057
17067
17231
17391
17058
17390
17059
17067
17069
17060
17066
17070
17061
17065
17062
17064
17070
17074
17063
17075
17064
17080
17116
17065
17071
17079
17117
17066
17114
17067
17071
17103
17068
17228
17069
17071
17097
17227
17391
17070
17096
17390
17071
17073
17072
17102
17073
17079
17097
17099
17101
17074
17094
17096
17075
17077
17079
17076
17080
17077
17081
17083
17078
17084
17094
17079
17081
17091
17099
17143
17080
17142
17081
17141
17082
17144
17083
17089
17091
17931
17084
17088
17085
17091
17093
17086
17088
17090
18131
19563
17087
18130
19562
17088
18127
17089
18126
17090
17930
18133
17091
17933
18132
19566
17092
17932
17093
17099
19554
19556
19566
17094
19557
19563
17095
17099
17096
17098
17404
19557
17097
17393
17098
17392
19549
17099
17405
19550
19556
17100
17101
17143
19550
19552
19554
17102
17142
19547
19549
17103
17117
17225
17227
17104
17112
17114
17228
17105
17107
17111
17106
17110
17107
17109
17233
17108
17228
17232
17109
17111
17167
17229
17381
17110
17166
17382
17111
17165
17112
17164
17113
17225
17229
20145
17114
17118
17120
17150
17115
17117
17116
17120
17117
17119
17141
17118
17142
17119
17147
17149
17225
17120
17122
17140
17158
17121
17157
17122
17126
17123
17125
17139
17124
17132
17125
17129
17131
17126
17128
17158
17940
17127
17157
17128
17160
17184
17129
17159
17185
17945
17130
17186
17131
17943
17945
18148
17132
17940
17942
17133
17137
17139
17134
17136
17135
17139
17141
17136
17138
17144
17922
17137
17921
17138
17926
17942
17139
17145
17927
17941
17140
17940
17141
17145
17147
17939
17142
17144
17143
17147
17144
17146
17932
17145
17931
17146
17936
17938
17147
17935
17949
19552
17148
19547
17149
17939
17947
17949
19546
17150
17158
17222
17224
17151
17157
17161
20145
17152
17156
17162
17164
17153
17165
17154
17162
17170
17172
17155
17173
17156
17160
17162
17192
17157
17158
17160
17159
17939
17160
17222
17946
19489
17161
17191
17162
17220
17222
20146
17163
17193
17164
17168
17170
17374
20146
17165
17167
20145
17166
17170
17167
17169
17487
17168
17380
20144
17169
17373
17379
20147
17170
17372
17486
17171
17172
17370
17372
17374
17173
17193
17195
17174
17192
17196
17175
17177
17179
17176
17180
17177
17181
17183
17178
17184
17192
17179
17181
17189
17197
17203
17180
17196
17200
17181
17201
17182
17202
17183
17187
17189
17209
17184
17186
17185
17189
17191
17186
17188
18149
19489
17187
18148
17188
17212
18153
17189
17211
18152
19488
17190
17210
17191
17197
17217
17219
19488
17192
17220
19489
17193
17197
17194
17220
17374
17195
17197
17219
17375
19422
17196
17370
19421
17197
17199
17198
17199
17203
17217
19422
19426
17200
19421
19425
17201
17203
17205
17202
17206
17203
17207
17209
17204
17210
17205
17207
17215
17885
19426
17206
17882
19425
17207
17883
17208
17884
17209
17213
17215
17899
17210
17212
17211
17215
17217
17212
17214
19515
19519
17213
19520
17214
19439
19525
17215
19438
19516
19518
17216
19437
17217
19426
19436
19484
19516
17218
19515
17219
19422
19484
19486
20215
17220
19487
20212
17221
20207
17222
19487
19489
19491
20208
17223
17947
17224
19545
20146
20148
20208
17225
19546
20145
20149
17226
19547
17227
17229
19548
20139
20149
17228
19549
20138
17229
17231
17230
20144
17231
17381
20139
20141
20143
17232
17386
20138
17233
17381
17385
17234
17382
17235
17383
17385
19644
17236
17436
17237
17247
17383
17441
17238
17248
17382
17239
17240
17246
17248
17250
17241
17243
17245
17242
17243
17345
17244
17250
17346
17245
17251
17255
17445
17246
17444
17247
17251
17443
17248
17252
17442
17488
17249
17487
17250
17252
17484
17486
17251
17351
17252
17254
17466
17253
17467
17491
17254
17468
17484
17492
17496
17255
17349
17351
17465
17256
17346
17348
17464
17257
17343
17345
17447
17258
17260
17334
17448
17259
17333
17449
17260
17262
17261
17345
17262
17334
17336
17344
17263
17333
17337
17264
17278
17265
17267
17266
17267
17279
17281
17268
17276
17278
17269
17271
17275
17270
17274
17271
17273
17272
17278
17326
17273
17275
17277
17327
17611
17274
17328
17612
17275
17285
17276
17284
17277
17281
17283
17278
17280
17338
17610
17279
17337
17280
17336
17360
17281
17339
17361
17609
17282
17283
17539
17607
17609
17639
17284
17538
17610
17636
17285
17535
17611
17615
17286
17534
17612
17614
17287
17305
17307
17288
17294
17534
17289
17293
17513
17290
17292
17514
17291
17515
17292
17298
17520
17293
17297
17519
17294
17296
17532
17295
17305
17533
17296
17302
17304
17566
17297
17301
17545
17298
17300
17546
17299
17547
17300
17552
17654
17301
17551
17653
17302
17564
17652
17303
17565
17651
17304
17314
17632
17650
17305
17313
17627
17306
17614
17307
17311
17313
17613
17308
17612
17309
17311
17619
17310
17320
17620
17311
17317
17319
17623
17312
17624
17313
17315
17317
17625
17314
17626
17315
17631
17671
17316
17672
17708
17317
17673
17685
17707
17318
17706
17319
17685
17687
17320
17688
17321
17689
17322
17323
17329
17457
17689
17324
17456
17325
17329
17326
17330
17332
17456
17327
17337
17328
17330
17338
17618
17329
17619
17330
17620
17331
17457
17621
17332
17338
17340
17458
17694
17333
17335
17337
17455
17334
17452
17335
17343
17453
17336
17340
17342
17454
17337
17339
17475
17338
17339
17695
17340
17476
17696
17341
17459
17697
17342
17460
17476
17478
17842
17343
17461
17473
17475
17344
17348
17462
17345
17347
17475
17346
17347
17351
17348
17350
17474
17349
17463
17473
17350
17470
17480
17496
17351
17355
17481
17483
17352
17484
17353
17355
17354
17372
17484
17355
17367
17369
17371
17483
17356
17366
17357
17365
17369
17358
17359
17363
17365
17360
17362
17366
17474
17361
17475
17362
17476
17608
17363
17477
17501
17845
17364
17846
17365
17501
17503
17857
17366
17368
17367
17481
17501
17368
17482
17502
19419
17369
17503
19420
17370
17371
17375
19420
17372
17376
19418
19419
17373
17485
17374
17376
17378
20206
17375
20207
17376
20212
20216
17377
20211
20217
17378
17494
19418
20292
20302
17379
17485
17493
20205
17380
17486
17490
20154
17381
17487
17489
20143
17382
17384
17383
17487
17384
17488
19647
17385
17489
19646
20141
17386
19645
17387
20141
21985
17388
19623
20138
20140
20160
17389
17391
17407
19624
17390
17402
19625
17391
17393
17392
20138
17393
17405
17407
20137
17394
17402
17404
17395
17399
17401
17396
17398
17397
17401
17411
17398
17400
19581
19613
17399
19582
17400
17404
19585
17401
17403
19586
19614
17402
17410
17403
17407
17409
17404
17406
19589
19617
17405
19590
17406
19593
20136
17407
19594
19618
20161
17408
20160
17409
19618
19622
19624
17410
19617
19625
17411
19614
19626
17412
19613
19627
17413
19610
19628
17414
19609
19629
17415
19606
19630
17416
19605
17417
19630
17418
19631
17419
17420
19631
19633
17421
17422
19633
19635
17423
17424
17426
19635
17425
17426
17428
17427
19636
17428
17434
19639
17429
17433
17430
17431
17433
17432
17438
17433
17435
17437
17434
17435
19640
17436
19643
17437
17441
19644
17438
17440
17439
17440
17444
17441
17443
17442
19647
17443
17467
19648
17444
17466
17445
17446
17464
17466
17447
17448
17462
17464
17449
17453
17450
17452
17451
17452
17456
17453
17455
17454
17462
17455
17459
17461
17456
17458
17457
17458
17690
17459
17693
17460
19663
17461
19660
19662
17462
17472
17463
17464
17470
17472
17465
17466
17468
17470
17467
17468
19651
17469
19652
17470
17496
19655
19657
17471
17472
17480
19657
19659
17473
19660
17474
17478
17480
17475
17477
17481
17476
17477
17843
17478
17500
17844
17479
17853
19660
17480
17498
17500
17854
19659
17481
17497
17482
17500
17483
17497
17499
19417
17484
17496
19418
17485
17486
17492
19418
17487
17491
17488
17489
17491
19648
17490
19649
20142
17491
17493
19650
20153
17492
19651
17493
17495
19652
17494
19653
20204
17495
19654
20293
20297
17496
19418
19655
20298
17497
17498
19657
20298
17499
18838
19658
20299
17500
17502
18837
19416
17501
17855
17502
17856
17503
18818
20219
17504
18817
20220
17505
17867
19424
17506
17866
19425
17507
17859
17508
17509
17581
17595
17597
17859
17510
17576
17578
17598
17511
17525
17539
17541
17512
17524
17530
17538
17513
17517
17531
17535
17514
17532
17534
17515
17517
17519
17516
17520
17517
17521
17523
17518
17524
17519
17521
17529
17531
17549
17520
17532
17546
17521
17547
17522
17548
17523
17527
17529
17555
17524
17526
17525
17529
17526
17528
17578
17527
17579
17528
17558
17584
17529
17541
17557
17577
17530
17556
17531
17537
17541
17543
17532
17536
17544
17533
17545
17534
17536
17566
17614
17535
17536
17538
17537
17567
17615
17538
17540
17570
17636
17539
17540
17598
17541
17571
17599
17639
17542
17576
17543
17557
17571
17573
17575
17544
17556
17562
17570
17545
17549
17563
17567
17546
17564
17566
17547
17549
17551
17548
17552
17549
17553
17555
17550
17556
17551
17553
17561
17563
17731
17552
17564
17728
17553
17729
17554
17730
17555
17559
17561
17737
17556
17558
17557
17561
17558
17560
17586
17559
17585
17560
17590
17740
17561
17573
17591
17739
17562
17738
17563
17569
17573
17745
17564
17568
17746
17565
17727
17566
17568
17632
17726
17567
17627
17568
17570
17628
17569
17633
17747
17570
17572
17634
17780
17571
17635
17572
17600
17640
17573
17603
17645
17781
17574
17782
17575
17591
17593
17603
18860
17576
17586
17594
17600
17577
17595
17599
17578
17582
17584
17586
17579
17581
17580
17584
17581
17583
17861
17582
17860
17583
17587
17595
17863
17584
17588
17862
17585
17586
17588
17590
17587
17591
17588
17592
17594
17874
17589
17875
17590
17592
17876
18783
17591
18784
17592
18785
17593
17877
18786
17594
17602
18809
18861
17595
17601
17873
17596
17870
17597
17599
17601
17847
17869
17598
17846
17858
17599
17607
17600
17606
17601
17603
17605
17602
18811
18823
17603
18810
18828
18862
17604
18859
17605
17645
18826
18828
18858
17606
17640
18823
18825
17607
17639
17847
17849
17608
17846
17609
17843
17845
17849
17610
17638
17696
17611
17637
17695
17612
17616
17618
17613
17619
17614
17616
17624
17626
17615
17627
17616
17628
17636
17617
17629
17637
17618
17622
17624
17700
17704
17619
17621
17695
17620
17624
17621
17623
17689
17622
17690
17694
17623
17691
17699
17705
17624
17688
17706
17625
17626
17704
17706
17708
17627
17629
17631
17628
17632
17629
17633
17635
17630
17642
17704
17631
17633
17643
17709
17721
17632
17708
17720
17633
17649
17634
17648
17635
17643
17645
17647
17636
17640
17642
17637
17639
17638
17642
17700
17639
17641
17701
17849
17640
17641
17645
17642
17644
17702
18825
17643
17703
17644
17716
17806
17645
17715
17807
18826
17646
17647
17781
17791
17807
18858
17648
17780
17792
17806
17649
17721
17747
17793
17650
17720
17724
17726
17651
17669
17671
17652
17658
17726
17653
17657
17727
17654
17656
17728
17655
17729
17656
17662
17734
17657
17661
17733
17658
17660
17750
17659
17669
17725
17660
17666
17668
17772
17661
17665
17751
17662
17664
17752
17663
17753
17664
17758
18965
17665
17757
18964
17666
17774
18963
17667
17773
18962
17668
17678
17800
18961
17669
17677
17795
17670
17724
17671
17675
17677
17723
17672
17720
17673
17675
17719
17674
17684
17814
17675
17681
17683
17815
17676
17816
17677
17679
17681
17823
17678
17796
17679
17799
18960
17680
17828
18959
17681
17827
18956
18958
17682
17824
17683
18954
18956
17684
18951
17685
18950
17686
17687
17707
18948
18950
17688
17706
18947
17689
17691
17690
17691
17693
17692
18947
17693
17699
18946
19664
17694
19663
17695
17697
17699
17696
17700
17697
17701
17843
17698
17842
19663
17699
17701
17713
17841
19664
17700
17712
17701
17703
17702
17850
17703
17713
17715
18844
17704
17712
17716
17705
17709
17706
17710
17712
18947
17707
17708
17710
17814
17709
17719
17710
17716
17718
17711
17813
18948
17712
17714
17716
17812
18945
17713
18946
17714
17840
19665
17715
17811
17839
19666
17716
17810
18845
17717
17718
17806
17810
17812
17820
17719
17721
17813
17817
17720
17814
17816
17721
17723
17722
17806
17723
17793
17797
17805
17817
17724
17796
17816
17725
17793
17795
17726
17748
17750
17772
17727
17747
17728
17746
17750
17729
17731
17733
17730
17734
17731
17735
17737
17732
17738
17746
17733
17735
17743
17749
17755
17734
17750
17752
17735
17753
17736
17754
17737
17741
17743
17761
17738
17740
17739
17743
17745
17740
17742
17782
18785
17741
18784
17742
17764
18789
17743
17763
17783
18788
17744
17762
17745
17749
17769
17779
17783
17746
17780
17782
17747
17749
17748
17780
17749
17771
17779
17793
17750
17770
17751
17752
17770
17772
17774
17753
17755
17757
17754
17758
17755
17759
17761
17756
17762
17770
17757
17759
17767
17775
19040
17758
17774
19037
17759
19038
17760
19039
17761
17765
17767
19046
17762
17764
17763
17767
17769
17764
17766
17786
18793
17765
18792
17766
18797
19049
17767
17787
18796
19048
17768
19047
17769
17775
17777
17787
19054
17770
17778
17786
17771
17775
17772
17776
17778
17794
17773
17795
17774
17776
17800
19035
17775
19036
17776
19055
17777
17801
19056
17778
17788
17802
19083
17779
17785
17803
17780
17784
17792
17781
17782
17784
18859
17783
18860
17784
17786
18865
17785
17791
18864
17786
17788
17790
18875
17787
18876
17788
18879
19085
17789
18880
19084
17790
17802
17832
18921
19211
17791
17803
17833
18916
17792
17808
18899
17793
17803
17805
17794
17795
17797
17801
17803
17796
17800
17797
17799
17823
17798
17804
17822
17799
17801
17829
17831
19214
17800
17828
19033
17801
19034
17802
19213
17803
17831
19212
17804
17805
17821
17831
17833
17806
17808
17820
17807
17808
17810
18857
17809
17833
18898
17810
17820
17834
17836
18913
17811
18856
17812
17836
17838
19685
17813
17819
18944
17814
17818
18949
17815
18950
17816
17818
17824
18951
17817
17823
17818
17820
17822
17819
17825
18952
17820
17836
18941
18943
17821
17822
17830
17834
18941
17823
17825
17829
17824
17828
17825
17827
18954
17826
18941
18953
17827
17829
18940
19394
19690
17828
18955
19031
17829
19032
17830
19393
17831
18940
19398
19400
17832
19221
17833
18920
19222
19400
17834
18915
17835
18914
19400
17836
18937
18939
18941
19687
17837
19686
17838
18911
18913
18937
22018
17839
18856
18910
19684
17840
18845
18847
19667
17841
18844
18848
19668
17842
17850
17852
19669
17843
17853
19662
17844
17850
17845
17851
17853
17855
17846
17848
17856
17847
17857
17848
18821
18823
17849
17851
18820
18824
17850
18825
17851
18844
17852
18841
18843
17853
18840
18848
19670
17854
19661
17855
18838
18840
19672
17856
18837
18841
17857
18818
18820
17858
18817
18821
17859
17867
17869
17860
17866
17870
17861
17863
17865
17862
17863
17875
17864
17870
17874
17865
17871
17879
17881
17866
17882
17867
17871
19428
17868
18817
19429
17869
17871
18812
18816
19432
17870
18811
18821
17871
17873
17872
19433
17873
17879
18808
18812
19452
17874
18809
18811
17875
17877
17879
17876
17877
18782
17878
18803
18809
17879
17893
18804
18808
17880
17881
17889
17891
17893
19452
17882
17886
17888
19433
17883
17885
19428
17884
17888
17885
17887
17899
17886
19427
19437
17887
17891
19434
19442
17888
17890
17898
17889
17890
17894
17891
17895
17897
17892
19443
19451
17893
17895
19448
19458
19464
17894
19457
19461
17895
19462
17896
19463
17897
18256
19446
19448
19470
17898
18253
19443
19445
17899
17903
19440
19442
17900
19437
19439
17901
17903
17905
17902
17903
18254
17904
18253
17905
18230
18252
19440
17906
19439
17907
18228
18230
19526
17908
18005
18227
18231
17909
18004
18168
17910
17999
18165
17911
17998
18083
17912
17993
18082
17913
17914
17916
18076
18082
17915
18074
17916
17918
17942
17917
17943
18081
17918
18076
18078
18080
18143
17919
17955
17957
18074
17920
17926
17958
18075
17921
17922
17924
17926
17923
17927
17931
17924
17928
17930
18123
17925
18122
17926
17928
17956
17958
18121
17927
17955
17928
17936
17954
17929
17953
18138
17930
17934
17936
17952
18137
17931
17933
18134
17932
17936
17933
17935
19554
17934
18135
20130
17935
17951
18136
20175
17936
17950
19553
17937
17938
17950
17952
17954
19495
17939
17941
17949
19494
17940
17946
17941
17945
17942
17944
17954
17943
17955
17944
18143
18147
17945
18142
18150
19494
17946
18149
17947
19490
19494
17948
19491
19545
17949
19492
19494
19496
20169
17950
20170
17951
19496
20171
17952
19497
20124
20174
17953
19498
20123
17954
17956
18139
18141
17955
18142
17956
18143
17957
18120
18144
17958
18073
18078
18119
17959
17960
18071
18119
18121
17961
18122
17962
17966
18071
17963
17965
17964
17965
17966
17967
18070
17968
18069
17969
17970
18067
18069
17971
18044
17972
17973
17974
18042
18044
17975
18037
18067
17976
18038
18040
18042
18066
17977
17978
18032
18040
18097
17979
18041
18098
17980
17981
17985
18098
17982
17984
17996
18097
17983
17991
17984
17988
17990
17985
17987
18001
18102
17986
18101
17987
18009
18106
17988
18002
18008
18105
17989
18007
17990
18002
18004
18006
17991
17999
18001
17992
17996
17998
17993
17995
17994
17998
17995
17997
18033
18082
17996
18032
17997
18001
18031
17998
18000
18083
18091
17999
18000
18004
18001
18003
18092
18165
18002
18030
18003
18025
18029
18004
18024
18168
18170
18005
18006
18022
18024
18007
18021
18025
18008
18012
18009
18011
18025
18199
18010
18200
18011
18015
18207
18012
18014
18026
18208
18013
18021
18014
18018
18020
18015
18017
18245
19843
18016
19844
18017
19821
19851
18018
18246
19820
19852
18019
19819
18020
18246
18248
19818
18021
18243
18245
18022
18026
18023
18231
18243
18024
18026
18194
18232
18244
18025
18193
18227
18026
18028
18027
18245
18028
18194
18196
18208
19842
18029
18193
18197
18199
18030
18105
18170
18172
18031
18092
18094
18102
18032
18091
18095
18097
18033
18039
18034
18087
18089
18091
18035
18076
18036
18038
18077
18089
18115
18037
18073
18116
18038
18068
18039
18114
18040
18089
18095
18113
18041
18065
18096
18042
18064
18099
18043
18044
18046
18064
18066
18045
18067
18046
18047
18049
18048
18049
18051
18050
18064
18051
18061
18063
18052
18053
18059
18061
18054
18058
18055
18057
18061
18100
18056
18101
18057
18106
18201
18058
18060
18107
18202
18059
18203
18060
18214
18061
18108
18213
18062
18063
18100
18108
18110
18064
18099
18111
18065
18066
18111
18113
18067
18114
18068
18069
18114
18116
18070
18071
18116
18072
18073
18116
18117
18119
18074
18077
18075
18076
18077
18087
18078
18088
18117
18079
18118
18144
18080
18088
18145
18161
18179
18081
18085
18087
18146
18082
18084
18147
18083
18087
18084
18086
18165
18085
18154
18166
18086
18155
18161
18185
18087
18091
18162
18164
18088
18089
18162
18178
18090
18177
18091
18093
18095
18162
18176
18092
18093
18164
18170
18094
18163
18171
18175
18095
18103
18172
18174
18096
18112
18097
18099
18103
18111
18098
18102
18099
18101
18100
18101
18103
18107
18102
18106
18103
18105
18104
18110
18105
18107
18109
18172
18198
18106
18199
18107
18200
18108
18211
18109
18212
18110
18173
18219
18111
18174
18112
18113
18174
18176
18114
18177
18115
18116
18117
18177
18118
18178
18119
18179
20117
18120
18121
18139
20117
18122
18138
18123
18124
18134
18138
18125
18133
18126
18127
18131
18133
18128
18130
18129
18130
19570
18131
19569
18132
19568
18133
18135
19567
18134
18135
18137
18136
20129
18137
20124
20128
18138
20123
18139
18140
20123
18141
20117
20118
20122
18142
18144
18158
19498
18143
18157
19495
18144
18146
18145
20117
18146
18158
18160
20116
18147
18155
18157
18148
18150
18154
18149
18153
18150
18152
19490
18151
18157
19493
18152
18154
18156
19508
19522
18153
19507
19519
18154
19520
18155
19521
18156
18160
20451
18157
18159
19509
20452
18158
19500
18159
19499
20118
18160
19510
20119
20453
18161
20115
20454
18162
18180
18184
18163
18181
18164
18182
18184
18188
18165
18169
18185
18166
18168
18167
18185
19521
18168
18186
18228
19524
18169
18227
18170
18186
18188
18226
18171
18193
18172
18188
18190
18192
18173
18197
18174
18190
18220
18175
18176
18182
18190
18177
18181
18178
18179
18181
18180
20116
18181
18183
20115
18182
18183
18189
18184
20112
20114
18185
18187
20454
18186
20451
18187
18235
20450
18188
18236
20112
20455
18189
18225
18190
18224
20112
18191
18192
18220
18222
18224
18193
18195
18197
18225
18194
18226
18195
18233
20067
18196
18222
18238
20068
18197
18209
18221
20069
18198
18220
18199
18209
18211
18219
18200
18208
18201
18207
18211
18202
18206
18203
18205
18211
18213
18204
18214
18205
18215
19847
18206
18210
18216
19846
18207
19845
18208
18210
19844
18209
19843
18210
18218
19854
18211
18217
19855
18212
18213
18217
18219
18214
18216
18215
18216
19892
18217
19891
18218
19890
18219
18221
20556
18220
18221
18222
20555
18223
20554
18224
18238
20110
20553
18225
20111
18226
18236
18238
18227
18233
18235
18228
18232
18229
18235
19529
18230
18232
18234
19530
20060
18231
18251
19531
18232
18242
18233
18241
18234
18238
18240
18235
18237
20061
20448
18236
20449
18237
20111
20474
18238
20062
20110
20473
18239
18240
20062
20068
20072
20553
18241
20061
20065
20067
18242
18244
20058
20060
18243
18249
18251
18244
18248
18245
18247
20067
18246
19842
18247
19837
19841
18248
19836
20058
20066
18249
19817
18250
19816
20058
18251
18257
19815
20059
20268
18252
20060
20265
18253
18257
19445
18254
18256
18255
18256
18260
18257
18259
18258
19446
18259
18263
19473
19815
18260
18262
19470
18261
18262
18266
18263
18265
19469
18264
19474
19814
18265
19809
19811
19813
20378
18266
19804
20375
18267
19805
19809
18268
19806
19808
18269
18270
19806
20002
18271
18273
19795
18272
18294
18273
18275
19793
18274
19794
19806
18275
19799
19803
19805
18276
19800
18277
19801
19803
20372
18278
18778
18279
18287
18425
18777
19801
18280
18286
18424
19180
18281
18285
18423
19173
18282
19172
18283
18421
18423
19177
18284
18406
18285
18289
18405
18423
18286
18287
18289
18288
19800
18289
18291
18403
18425
20019
18290
18404
18424
18291
18399
18292
18400
19792
18293
18389
19791
18294
18295
19791
19793
19795
18296
18298
18300
18297
18301
18298
18302
18304
18299
19795
19945
18300
18302
19796
19920
19944
18301
19791
19919
18302
19918
18303
19921
18304
18308
19942
19944
19948
18305
19945
19947
18306
18308
18307
19907
19947
18308
19910
19948
19952
19960
18309
18310
19912
19942
19952
19954
18311
19913
19915
19921
18312
19916
19918
18313
18317
18319
18314
18316
18320
18315
18316
18378
18317
18379
18385
18318
18380
19916
18319
18385
18387
18493
19917
18320
19918
18321
18385
18322
18323
18351
18385
18324
18350
18386
18396
18325
18349
18326
18332
18348
18394
18396
18327
18391
18393
18328
18332
18329
18331
18393
18407
18330
18408
18331
18335
18413
18332
18334
18394
18418
18333
18334
18338
18348
18335
18337
18435
18469
18336
18436
18337
18341
18445
18338
18340
18450
18468
18339
18347
18340
18344
18346
18341
18343
18451
18483
18342
18452
18343
18463
18707
18344
18464
18484
18708
18345
18709
18346
18360
18484
18486
18748
18347
18355
18483
18487
18348
18354
18468
18472
18349
18469
18471
18350
18354
18351
18353
18471
18491
18352
18384
18353
18357
18383
18354
18356
18472
18496
18355
18356
18360
18357
18359
18487
18497
18358
18498
18359
18363
18503
18360
18362
18486
18504
18361
18362
18366
18748
18363
18365
18553
18751
18364
18510
18365
18551
18559
18366
18552
18560
18752
18367
18747
18368
18560
18562
18746
18369
18559
18563
18370
18564
18371
18559
18565
18569
18372
18566
18568
18373
18374
18548
18550
18568
18375
18511
18513
18376
18502
18377
18499
18378
18382
18379
18380
18382
18384
18381
18493
19927
18382
18494
18500
19932
18383
18499
18384
18494
18496
18498
18385
18491
18493
18386
18387
18397
18491
18388
18492
19924
18389
18397
18401
18767
19789
18390
18400
19790
18391
18397
18399
18392
18396
18393
18395
18399
18405
18394
18406
18395
18419
18469
18396
18398
18430
18470
18397
18471
18398
18490
18399
18401
18431
18765
18400
18404
18401
18403
20021
18402
18766
20026
18403
18431
18771
18773
20027
18404
18426
20020
18405
18427
18431
18406
18422
18430
18407
18419
18421
18408
18416
18418
18409
18413
18415
18410
18412
18411
18415
19065
18412
18414
18438
19070
18413
18437
18414
18418
18436
18415
18417
18447
19071
18416
19072
18417
18421
19075
18418
18420
18448
19076
18419
18435
18420
18430
18434
18421
18429
18477
19199
18422
19196
18423
18427
18429
19197
18424
19178
18425
18427
19179
18426
18776
20018
18427
18773
18775
20029
18428
19756
18429
18431
18773
19757
19771
18430
18476
19198
18431
18433
18432
18433
18763
18765
18771
19771
18434
18470
18474
18476
18435
18467
18469
18477
18436
18448
18450
18437
18445
18447
18438
18444
18439
18447
19103
18440
18442
18444
18446
19108
18441
19107
18442
18458
19136
18443
18453
18457
19137
18444
18452
18462
18445
18446
18450
18452
18447
18449
18453
19109
18448
19110
18449
18477
19113
18450
18454
18478
19114
18451
18467
18452
18454
18464
18466
18453
18463
18454
18456
19144
18455
18479
19147
18456
18464
18730
18758
19148
18457
18463
18729
19143
18458
18460
18462
19142
18459
19141
18460
18702
21840
18461
18703
18729
21839
18462
18704
18706
18463
18464
18706
18465
18731
18466
18484
18756
18758
18760
18467
18479
18481
18483
18468
18474
18478
18469
18473
18483
18470
18471
18473
18765
18472
18490
18473
18487
18489
18474
18482
18764
18475
18481
18763
18476
18478
18480
19284
19772
18477
19283
19771
18478
19282
18479
19285
18480
18758
19296
18481
18759
19297
19775
18482
18760
18762
18483
18485
18487
19781
18484
18485
18749
18486
18750
18760
19782
18487
18751
19783
18488
18489
18497
19781
19783
19785
18490
18496
18764
18768
18491
18765
18767
18492
18496
18493
18495
18767
19925
18494
19926
18495
18507
19933
18496
18506
18768
19934
18497
18498
18504
18506
18499
18503
18507
18500
18502
18501
18507
20685
18502
18508
18512
20686
18503
18511
18504
18508
18510
18505
18553
19783
18506
18508
18554
19784
20769
18507
19785
20764
18508
20765
18509
20768
18510
18512
18554
18556
20885
18511
18551
18553
18512
18550
18513
18549
20878
18514
18548
20691
18515
20692
18516
18548
20695
18517
18547
20696
18518
18544
18546
20699
18519
18567
18520
18542
18544
20715
18521
18541
20716
18522
18540
20717
18523
18529
18603
18524
18528
18602
18525
18527
18583
18526
18582
18527
18533
18585
18528
18532
18584
18529
18531
18601
18530
18540
18604
18531
18537
18539
20726
18532
18536
20727
18533
18535
18611
18534
18610
18535
18613
21174
18536
18612
21175
18537
20728
21202
18538
20731
21203
18539
20708
20732
21301
18540
20707
20725
18541
20722
18542
20707
20723
18543
20706
20714
18544
20703
20705
20713
18545
20700
18546
20713
20715
20743
20923
18547
18567
18571
20898
18548
18568
18570
20893
18549
20880
18550
18556
18570
20879
18551
18569
18552
18556
18558
18553
18555
20750
20754
18554
20755
18555
20886
21029
18556
20749
20889
21028
18557
20890
18558
18570
20747
20749
20891
18559
18569
18573
20750
18560
18574
18561
20750
21053
18562
18574
20751
20991
21054
18563
18745
20992
18564
18574
18576
18565
20718
18566
18572
18574
20719
18567
20716
18568
18572
20715
18569
18570
18572
18571
20892
18572
20743
20747
20897
18573
20742
18574
20747
20751
20999
18575
18576
20719
20991
20995
20999
18577
20718
20992
20994
18578
18596
18598
18579
18603
18605
20718
18580
18600
18602
18581
18583
18587
18582
18586
18583
18585
18584
18602
18585
18587
18601
18611
18586
18610
18587
18589
18609
18588
18600
18608
18589
18593
18599
18617
18590
18618
18591
18593
18619
21091
18592
21088
18593
18595
21089
18594
18620
21090
18595
18597
18599
21005
21109
18596
21104
18597
20992
21105
18598
20993
21006
21108
18599
18605
20994
21003
18600
21004
18601
18605
18607
18602
18604
20727
18603
18604
20717
18605
20722
20726
18606
20721
18607
20726
20730
20734
21003
18608
20727
20729
21004
18609
18611
18615
18617
18610
18614
18618
18611
18613
18612
20727
18613
18615
20728
21200
18614
21173
18615
18623
21172
18616
20729
21171
18617
18621
18623
21009
21170
18618
18620
21004
18619
18623
18620
18622
21112
18621
21005
21111
18622
21008
21118
21169
18623
21117
21168
18624
18625
21168
21170
21172
21240
18626
18644
18646
18627
18643
21172
18628
18642
21173
18629
21174
18630
18642
21177
18631
18641
21178
18632
18640
21181
18633
18639
21182
18634
18638
21185
18635
18637
21186
18636
21189
21379
18637
18681
21190
21378
18638
18680
21191
18639
18675
21192
18640
18674
21193
18641
18655
21194
18642
18654
21195
18643
21196
18644
18654
21197
18645
18653
21240
18646
18650
18652
21239
18647
21168
18648
18650
21167
18649
18663
21166
18650
18660
18662
21279
18651
21280
18652
18658
18660
21433
18653
18657
21254
18654
18656
21245
18655
21246
18656
18674
21251
18657
18673
21252
18658
18672
21253
18659
18671
21436
18660
18668
18670
21437
18661
21432
18662
18666
18668
21421
18663
18665
21422
18664
21165
18665
18695
23085
18666
18694
23086
18667
18693
23093
18668
18690
18692
23094
18669
21420
18670
18688
18690
21419
18671
18687
22809
18672
18686
22810
18673
18677
21681
18674
18676
21680
18675
21365
18676
18680
21366
18677
18679
21685
18678
18686
21684
18679
18683
18685
21689
18680
18682
21688
18681
21372
18682
21373
21395
18683
21396
21693
18684
21397
21692
18685
21408
21410
22855
18686
21411
22852
18687
22813
18688
21411
22814
18689
21412
21418
18690
21413
22862
23122
18691
23121
18692
21419
22818
22862
22864
18693
21420
21440
22865
18694
21421
21441
22866
18695
21422
21424
22867
18696
21165
21425
22868
18697
21159
22869
18698
21156
22870
18699
21095
22871
18700
21096
22872
18701
18725
21861
18702
18724
21856
18703
21845
18704
18724
18728
21846
18705
18723
18706
18712
18728
18732
18736
18707
18729
18731
18708
18712
18709
18711
18731
18749
18710
18748
18711
18741
18747
18712
18732
18742
18754
18713
18714
18736
18738
18740
18742
18715
18717
18721
18723
18716
18720
18717
18719
18718
18740
18719
18721
18739
21089
18720
21088
18721
21087
18722
18738
21086
18723
18725
18737
21085
18724
18736
18725
18727
21855
18726
21096
21862
18727
18737
21059
21097
21863
18728
18734
18736
21854
18729
18733
21847
18730
21838
18731
18733
18757
21837
18732
18756
18733
18735
18755
18734
21048
21852
18735
21049
21059
21853
18736
18742
21050
21058
18737
18738
21058
21084
18739
18743
21103
18740
18744
21104
18741
18742
18744
18746
18743
21051
18744
21056
21058
21106
18745
21105
18746
21054
21056
21132
18747
21051
21053
18748
18752
18754
18749
18751
18750
18754
18756
18751
18753
20756
21045
18752
20755
18753
20754
21053
18754
21052
21064
21066
18755
21051
18756
21048
21050
21064
18757
21045
18758
21046
21048
21836
18759
19299
18760
19298
19776
21046
18761
21045
18762
19776
19778
19782
21044
18763
19775
19779
19781
18764
18770
19772
18765
18769
19781
18766
18767
18769
18771
20625
18768
19788
18769
19785
19787
18770
19780
20630
18771
19773
19779
20631
18772
20624
18773
19771
19773
20633
21823
18774
20028
18775
19757
19759
21823
22255
18776
19756
19760
22250
18777
19179
19183
20408
18778
19180
19182
20403
18779
18799
18887
20372
18780
18886
20367
18781
18791
18799
18801
18782
18790
18802
18783
18803
18784
18786
18790
18785
18789
18786
18788
18860
18787
18803
18861
18788
18790
18794
18802
18866
18789
18793
18865
18790
18792
18791
18792
18794
18798
18793
18797
18794
18796
18876
18795
18801
18877
18796
18798
18800
18878
19174
18797
18879
19171
18798
19172
18799
19173
18800
19180
18801
18883
18887
19181
18802
18884
18886
18803
18805
18867
18804
18868
18805
18807
19461
18806
18886
19466
18807
18867
18871
18885
20362
18808
18868
18870
19460
18809
18813
19457
18810
18868
18811
18813
18829
18869
18812
18822
18813
18815
19453
18814
18870
19456
18815
18829
18833
18893
20344
18816
18822
18832
20341
18817
18819
18821
20236
18818
20231
18819
18837
20232
18820
18832
18836
20235
18821
18831
18841
18822
18823
18829
18831
18824
18828
18825
18827
18831
18843
18826
18844
18827
18845
18857
18828
18830
18846
18896
18829
18895
18830
18894
18831
18833
18853
18903
18832
18842
18833
18835
20340
18834
18904
20345
18835
18851
18853
18907
19412
18836
18842
18850
19413
18837
18839
18841
19414
18838
19415
18839
19673
20326
18840
18850
19674
20327
18841
18849
19671
18842
18843
18849
18853
18844
18846
18848
18845
18846
18856
18847
18853
18855
18848
18852
18910
19678
18849
19677
18850
18852
19676
18851
19675
20350
18852
18908
19680
20351
18853
18909
19679
18854
18855
18903
18907
18909
18931
18856
18896
18910
18912
18857
18913
18858
18896
18898
18859
18895
18899
18860
18862
18864
18861
18865
18862
18866
18868
18863
18869
18895
18864
18866
18872
18874
18900
18865
18875
18899
18866
18876
18867
18877
18868
18872
18884
18869
18870
18872
18894
18871
18893
20358
18872
18890
18892
20361
18873
18901
18874
18882
18884
18890
18924
18875
18877
18881
18917
18876
18880
18916
18877
18879
18878
18884
18879
18881
18883
19187
18880
19170
18881
18921
19189
18882
18922
19188
18883
18889
18923
19747
18884
18888
19186
18885
18886
18888
18890
20365
18887
20366
18888
19182
20371
18889
19749
20398
18890
19748
20397
21906
18891
20396
18892
18924
18926
21906
21908
18893
18901
18905
21909
18894
18904
20357
18895
18901
18903
18896
18900
18897
18903
18898
18900
18902
18912
18918
18899
18913
18915
18900
18916
18901
18917
18902
18924
18903
18905
18925
18931
18904
18905
18907
20356
18906
18926
21910
18907
18931
18933
19408
19410
18908
19411
18909
18933
19681
20352
18910
18932
19682
18911
19683
18912
18932
18936
22017
18913
18931
19403
18914
18915
18937
19401
19403
18916
18918
18920
18917
18921
18918
18922
18924
18919
18925
19403
18920
18922
18928
19402
19732
18921
19401
19731
18922
19210
18923
19733
18924
18928
19746
21906
18925
18926
18928
18930
18927
19408
22088
18928
19407
21906
22059
22087
18929
19745
18930
19402
19405
19407
19744
18931
18935
19403
19408
18932
18933
18935
22016
18934
22015
22097
18935
19406
19408
22098
23498
18936
19405
23499
18937
19403
19404
22020
18938
22019
18939
19401
19404
19729
22022
18940
19400
19688
19696
18941
19397
19689
18942
18943
18953
19687
19689
18944
18952
19686
18945
18949
19685
18946
18948
19666
18947
19665
18948
18949
18950
18952
18951
18952
18954
18953
18954
19690
18955
18956
19030
19690
18957
18958
19028
19030
18959
18983
19031
18960
18982
19032
18961
18981
19033
18962
18980
19034
18963
18969
19035
18964
18968
19036
18965
18967
19037
18966
19038
18967
18973
19043
18968
18972
19042
18969
18971
19059
18970
18980
19058
18971
18977
18979
19095
18972
18976
19062
18973
18975
19063
18974
19064
18975
18997
19069
18976
18996
19068
18977
18995
19097
18978
18994
19096
18979
18987
18993
19233
18980
18986
19228
18981
19217
18982
18986
19216
18983
18985
19391
18984
19028
19390
18985
18989
19027
19389
18986
18988
19702
18987
19229
18988
18992
19232
18989
18991
19703
18990
19026
19704
18991
19015
19025
19715
18992
19014
19714
18993
19013
19245
18994
19012
19244
18995
19001
19121
18996
19000
19100
18997
18999
19101
18998
19102
18999
19005
19107
19000
19004
19106
19001
19003
19123
19002
19012
19122
19003
19009
19011
19155
19004
19008
19134
19005
19007
19135
19006
19136
19007
19141
19313
19008
19140
19312
19009
19153
19311
19010
19154
19310
19011
19019
19265
19329
19012
19018
19260
19013
19249
19014
19018
19248
19015
19017
19719
19016
19024
19718
19017
19021
19023
22909
19018
19020
22908
19019
19261
19020
19264
19330
19021
19333
22907
19022
19334
22914
19023
19381
19383
19024
19384
19025
19385
19026
19386
19027
19387
19028
19388
19029
19030
19388
19390
19692
19031
19691
19032
19390
19394
19033
19391
19393
19034
19214
19216
19035
19213
19217
19036
19056
19058
19037
19055
19059
19038
19040
19042
19039
19043
19040
19044
19046
19041
19047
19055
19042
19044
19052
19060
19066
19043
19059
19063
19044
19064
19045
19065
19046
19050
19052
19072
19047
19049
19048
19052
19054
19049
19051
19085
19171
19050
19172
19051
19075
19177
19052
19074
19086
19176
19053
19073
19054
19060
19080
19082
19086
19055
19083
19085
19056
19060
19057
19083
19213
19058
19060
19082
19094
19218
19059
19095
19217
19060
19062
19061
19062
19066
19080
19094
19098
19063
19095
19097
19064
19066
19068
19065
19069
19066
19070
19072
19067
19073
19068
19070
19078
19098
19104
19069
19097
19101
19070
19102
19071
19103
19072
19076
19078
19110
19073
19075
19074
19078
19080
19075
19077
19089
19195
19076
19196
19077
19113
19199
19078
19090
19112
19200
19079
19111
19080
19090
19092
19098
19118
19081
19089
19082
19088
19092
19094
19226
19083
19087
19219
19084
19212
19085
19087
19189
19211
19086
19170
19087
19089
19169
19088
19190
19224
19089
19091
19205
19225
19090
19168
19091
19129
19167
19092
19128
19206
19240
19093
19119
19235
19094
19096
19098
19120
19234
19095
19227
19096
19228
19097
19121
19233
19098
19100
19099
19100
19104
19118
19120
19124
19101
19121
19123
19102
19104
19106
19103
19107
19104
19108
19110
19105
19111
19106
19108
19116
19124
19138
19107
19123
19135
19108
19136
19109
19137
19110
19114
19116
19144
19111
19113
19112
19116
19118
19113
19115
19129
19281
19114
19282
19115
19147
19285
19116
19130
19146
19286
19117
19145
19118
19124
19126
19130
19132
19119
19129
19120
19126
19128
19242
19121
19125
19243
19122
19244
19123
19125
19155
19249
19124
19134
19125
19133
19126
19156
19250
19127
19159
19251
19128
19130
19160
19256
19290
19129
19241
19277
19130
19166
19131
19165
19132
19146
19160
19162
19164
19133
19145
19151
19159
19134
19138
19152
19156
19135
19153
19155
19136
19138
19140
19137
19141
19138
19142
19144
19139
19145
19140
19142
19150
19152
21842
19141
19153
21841
19142
21840
19143
21839
19144
19148
19150
21838
19145
19147
19146
19150
19147
19149
19295
19148
19296
19149
19299
21837
19150
19162
19300
21850
19151
21849
19152
19158
19162
22998
19153
19157
22885
19154
22884
19155
19157
19265
19309
19156
19260
19157
19159
19259
19158
19266
19308
19159
19161
19267
19307
19160
19258
19161
19257
19291
19162
19272
19304
19306
19163
22999
19164
19300
19302
19304
23232
19165
19291
19293
19295
19166
19286
19288
19290
19167
19277
19279
19281
19168
19200
19202
19206
19169
19193
19195
19205
19170
19176
19190
19192
19171
19187
19189
19172
19174
19176
19173
19177
19174
19178
19180
19175
19181
19187
19176
19178
19184
19192
19194
19177
19195
19178
19196
19179
19197
19180
19184
19756
19181
19182
19184
19186
19183
19749
20402
19184
19750
19760
20407
19185
19755
19186
19192
19750
19752
19754
19187
19747
19749
19188
19192
19189
19191
19733
19747
19190
19210
19191
19205
19209
19192
19204
19734
19752
19193
19194
19202
19204
19754
19195
19197
19201
19755
19196
19200
19197
19199
19198
19756
19199
19201
19283
19757
19200
19282
19201
19281
19202
19280
19758
19203
19279
19765
19204
19206
19278
19764
22043
19205
19753
22042
19206
19208
19207
19277
19208
19240
19276
22043
22045
19209
19225
22040
22042
19210
19224
19734
19736
19211
19731
19733
19212
19222
19224
19213
19219
19221
19214
19218
19215
19221
19393
19216
19218
19220
19230
19392
19217
19229
19391
19218
19228
19219
19227
19220
19224
19226
19221
19223
19237
19699
19222
19398
19223
19399
19731
19224
19238
19698
19736
19225
19226
19238
19240
19227
19235
19237
19228
19230
19234
19229
19233
19230
19232
19702
19231
19237
19701
19232
19234
19236
19246
19712
19233
19245
19703
19234
19244
19235
19243
19236
19240
19242
19237
19239
19253
19711
19238
19700
19239
19709
22040
19240
19254
19710
22045
19241
19242
19254
19256
19276
19243
19251
19253
19244
19246
19250
19245
19249
19246
19248
19714
19247
19253
19713
19248
19250
19252
19262
19720
19249
19261
19719
19250
19260
19251
19259
19252
19256
19258
19253
19255
19269
19721
19254
19722
19255
22074
22945
19256
19270
22075
22946
19257
19275
19258
19270
19272
19274
19259
19267
19269
19260
19262
19266
19261
19265
19262
19264
22908
19263
19269
22911
19264
19266
19268
22900
22912
19265
22899
22907
19266
22898
19267
22901
19268
19272
23012
19269
19271
22939
23013
19270
22940
19271
22947
23183
19272
23014
23168
23184
19273
23015
19274
19304
23184
23186
23228
19275
19291
23183
23187
19276
19290
22075
22077
19277
22072
22074
19278
19290
19279
19289
21889
22072
19280
19288
19768
19281
19283
19287
19769
19282
19286
19283
19285
19284
19770
19285
19287
19297
21827
19286
19296
19287
19295
19288
19294
21826
19289
19293
21887
19290
19292
21888
22077
19291
19292
19304
19293
19303
21893
23187
19294
19302
21894
19295
19297
19301
21829
19296
19300
19297
19299
19298
21828
19299
19301
21833
21835
19300
21836
19301
21873
19302
21832
21874
19303
21895
23231
19304
21896
23186
23230
19305
19306
23228
23230
23232
23234
19307
22999
23001
23015
19308
22998
23002
23012
19309
22885
22887
22901
19310
22884
22888
22898
19311
19317
19329
19312
19316
22884
19313
19315
21841
19314
21840
19315
19321
21845
19316
19320
21844
19317
19319
22883
19318
19328
22888
19319
19325
19327
22889
19320
19324
22882
19321
19323
21857
19322
21856
19323
19349
21861
19324
19348
21860
19325
19347
22881
19326
19346
22894
19327
19339
19345
22895
19328
19338
22896
19329
19331
22897
19330
22898
19331
19333
22899
19332
19338
22904
19333
19335
19337
22905
19334
22906
19335
19381
22915
19336
19380
22920
19337
19341
19379
22921
19338
19340
22922
19339
22923
19340
19344
22928
19341
19343
22929
19342
19378
22930
19343
19367
19377
22967
19344
19366
22968
19345
19365
22969
19346
19364
22970
19347
19353
22971
19348
19352
22880
19349
19351
22873
19350
22872
19351
19357
22871
19352
19356
22878
19353
19355
22879
19354
19364
22976
19355
19361
19363
22977
19356
19360
22978
19357
19359
22979
19358
22870
19359
22869
23085
19360
22984
23084
19361
22985
23083
19362
22986
23082
19363
19371
23045
23101
19364
19370
23040
19365
23029
19366
19370
23030
19367
19369
23037
19368
19376
23036
19369
19373
19375
24119
19370
19372
23038
19371
23039
19372
23044
23102
19373
23105
24121
19374
23106
24120
19375
23153
23155
19376
23156
19377
23157
19378
22966
19379
22965
19380
22962
19381
22961
19382
19383
22915
22959
22961
19384
22914
22958
19385
22909
22957
19386
19718
22956
19387
19715
22955
19388
19704
22031
19389
22030
19390
19702
19704
19706
19391
19395
19392
19702
19393
19395
19699
19701
19394
19398
19395
19397
19691
19396
19692
19706
19397
19693
19697
19699
19707
19398
19694
19696
19399
19699
19400
19696
19698
19730
19401
19402
19730
19403
19404
19739
19405
19740
22021
19406
19743
23500
19407
22061
22101
23501
19408
22060
22102
19409
19410
22088
22094
22098
22102
19411
21910
22095
22097
19412
20352
20354
20356
19413
20345
20347
20351
19414
20338
20340
20350
19415
20235
20327
20329
19416
20232
20324
20326
19417
20219
20299
20301
19418
19419
20298
20302
19420
20217
20219
19421
20216
20220
19422
19424
19423
20216
19424
19426
19430
19484
20221
19425
19429
20220
19426
19428
19427
19428
19430
19434
19436
19429
19433
19430
19432
20231
19431
19483
20230
19432
19434
19454
19482
20237
19433
19453
20236
19434
19452
19435
19451
19436
19442
19450
19482
20247
19437
19483
20246
19438
19442
19439
19441
19527
20246
19440
19526
19441
19445
19531
19442
19444
19532
20247
19443
19444
19448
19450
19445
19447
20248
20264
19446
20265
19447
19473
20268
19448
19472
20251
20269
19449
19471
19450
19458
19478
19480
20251
19451
19481
20248
19452
19454
19458
19453
19457
19454
19456
20341
19455
19481
20342
19456
19458
19480
20343
20359
19457
20344
20358
19458
19460
19459
19460
19464
19478
20359
20363
19461
20358
20362
19462
19464
19466
19463
19467
19464
19468
19470
19465
19471
19466
19468
19476
20363
20369
19467
20362
20366
19468
20367
19469
20368
19470
19474
19476
20375
19471
19473
19472
19476
19478
19473
19475
20388
20436
19474
20437
19475
20378
20442
19476
20377
20389
20441
19477
20376
19478
20363
20383
20385
20389
19479
20388
19480
20359
20385
20387
21914
19481
20250
21915
19482
20249
21916
19483
20238
20244
19484
20229
20245
19485
20222
19486
19516
19540
20227
20245
19487
19515
19539
20214
19488
19506
20213
19489
19507
19515
19490
19491
19493
19507
19492
19506
19544
19493
19501
19505
20284
19494
19500
19508
19495
19496
19498
19500
19497
19501
20177
19498
19502
20125
20176
19499
20122
19500
19502
19510
20121
19501
19509
19502
19504
21942
19503
21945
22333
19504
19510
20461
21946
22332
19505
19509
20460
21941
19506
19508
19538
20285
19507
19539
19543
19508
19514
19509
19513
19510
19512
19511
20120
19512
20453
20461
20463
20465
19513
20452
20458
20460
19514
19522
19536
19538
19515
19517
19519
19539
19516
19517
20246
19518
19536
19540
20255
19519
19523
19525
19527
19520
19522
19521
19525
19522
19524
20451
19523
20452
19524
19528
19536
20457
19525
19529
20450
19526
19527
19529
19531
19528
19532
20255
19529
19533
19535
20470
19530
20449
19531
19533
20266
20448
19532
20265
19533
20254
20264
19534
20263
20471
19535
20254
20258
20262
20486
19536
20255
20257
20481
19537
20458
19538
19540
20257
20317
20459
19539
20316
20460
19540
19542
19541
20256
19542
20227
20277
20279
20317
19543
20214
20280
20316
19544
20213
20281
20285
19545
20208
20282
20284
19546
20167
20169
19547
20166
20170
19548
19552
19549
19551
20158
20166
19550
20137
19551
19555
20136
19552
20133
20163
20165
19553
20170
19554
20133
20171
20175
19555
20130
19556
20131
20133
20135
19557
19565
19593
19558
19564
19590
19559
19561
19585
19560
19582
19561
19571
19583
19562
19564
19572
19584
19563
19569
19564
19566
19568
19565
19591
22341
19566
19592
20131
22340
19567
20130
19568
20129
22340
19569
22341
19570
19572
19571
19572
19574
19573
22341
19574
19584
22342
22344
19575
19583
22345
19576
22346
19577
19579
19583
19578
19582
19579
19581
19611
19580
19600
22346
19581
19583
19587
19599
22345
19582
19586
19612
19583
19585
19584
19585
19587
19591
19586
19590
19587
19589
19615
19588
19598
22344
19589
19591
19595
19597
22343
19590
19594
19616
19591
19593
19592
22342
19593
19595
20183
22349
19594
20135
19595
19619
20185
19596
20184
22348
19597
19619
21979
19598
19616
19599
19615
19600
19612
19601
19611
19602
19608
19603
19607
19604
19605
19607
19606
19607
19609
19608
19609
19611
19610
19611
19613
19612
19613
19615
19614
19615
19617
19616
19617
19619
19618
19619
19621
19620
19621
20185
21979
21980
19622
20161
21981
19623
20160
21982
19624
21983
21985
19625
21986
19626
21987
19627
21988
19628
21989
19629
21990
19630
19632
19631
19632
19633
21990
19634
19635
19637
21990
19636
19637
19639
19638
21989
19639
19641
21988
19640
19641
19643
19642
21987
19643
19645
21986
19644
19645
19647
19646
21985
19647
19649
21984
19648
19649
19651
19650
21991
19651
19653
21994
19652
19653
19655
19654
21995
19655
21998
22000
19656
19657
20298
22000
22002
19658
19659
19673
22002
19660
19672
19661
19662
19670
19672
19663
19669
19664
19665
19669
19666
19668
19667
19685
19668
19678
19684
19669
19677
19670
19671
19677
19672
19674
19676
19673
19674
22003
19675
22006
19676
19680
22007
19677
19679
19678
19679
19683
19680
19682
19681
22010
19682
22011
22015
19683
22016
19684
22017
19685
22018
19686
19687
22018
19688
22019
19689
19695
22022
19690
19694
19691
19692
19694
19693
22030
19694
22027
22029
19695
19696
22023
22027
19697
19729
19698
19708
19728
22027
19699
19709
19737
19700
19701
19707
19709
19711
19702
19706
19712
19703
19704
19712
19714
19705
19715
19706
19712
19716
19724
22031
19707
22030
19708
19724
22029
19709
19725
19727
22028
19710
22039
19711
19725
22046
22945
19712
19722
19724
19713
19714
19716
19720
19722
19715
19719
19716
19718
19717
19723
22955
19718
19720
22910
22942
22956
19719
22909
19720
22908
19721
22911
19722
22940
22942
22946
19723
22945
19724
22942
22944
22954
19725
22032
19726
22033
22944
19727
22034
22046
22048
23173
19728
22035
22037
22039
19729
19737
19741
22026
19730
19740
22023
19731
19737
19739
19732
19736
19733
19735
19739
19745
19734
19746
19735
22042
22054
19736
19738
22041
22053
19737
22040
19738
22039
19739
19741
22038
22052
19740
19744
19741
19743
22024
19742
22025
22037
19743
22050
22052
22062
23504
19744
22061
23503
19745
22052
22060
19746
22053
22059
19747
21905
22054
19748
19752
19749
19751
20422
21905
19750
20401
19751
19761
20424
19752
19762
20423
21904
19753
22054
19754
19762
19764
22055
19755
19761
19765
19756
19758
19760
19757
19758
19770
19759
19765
19769
19760
19766
21824
22254
19761
22249
19762
19766
22248
19763
21903
22247
19764
19766
21890
21902
22270
19765
21889
22070
19766
19768
19767
22271
19768
21824
21886
21890
22274
19769
21887
21889
19770
21824
21826
19771
21823
21827
19772
19773
19775
21827
19774
20632
21822
19775
19777
19779
21037
21821
19776
21828
19777
21071
21833
19778
21040
21070
21820
19779
20758
21041
21043
19780
21036
19781
19785
20758
20760
19782
19783
20756
20758
19784
20755
19785
20758
21029
21031
19786
19787
20760
20762
20764
21031
19788
19934
20628
20630
19789
19925
20625
20627
19790
19924
20024
20026
19791
19919
20021
20023
19792
19796
19793
19797
20019
20021
19794
19800
19795
19797
19799
20003
19796
20002
19797
20001
20023
19798
20008
20022
19799
20009
20017
20019
20031
19800
19802
20010
19801
20019
19802
20018
20403
19803
20011
20017
20404
19804
20373
19805
19811
20011
20374
19806
19810
20010
19807
20003
19808
19810
20004
20090
19809
20089
19810
20054
19811
20013
20053
19812
20012
20379
19813
20051
20053
20534
20544
19814
20054
20086
20531
19815
20055
20085
20442
19816
20084
20437
19817
20055
20057
19818
19834
19836
19819
19833
19837
19820
19824
19821
19823
19837
19867
19822
19858
19823
19827
19865
19824
19826
19838
19866
19825
19833
19826
19830
19832
19827
19829
19881
20093
19828
19872
19829
19879
19975
19830
19880
19978
20092
19831
19977
19832
20090
20092
20582
19833
20089
20093
19834
19838
19835
20055
20089
19836
19838
20056
20080
20088
19837
20057
20075
19838
19840
19839
20093
19840
19866
20078
20080
20094
19841
19867
20075
20077
19842
19852
20066
20070
19843
20067
20069
19844
19852
19854
19845
19851
19855
19846
19850
19847
19849
19855
19891
19848
19892
19849
19861
19893
19850
19856
19860
19894
19851
19859
19852
19856
19858
19853
19867
19854
19856
19868
20070
20557
19855
20069
20556
19856
19890
19857
19889
19858
19860
19868
19870
19888
19859
19865
19867
19860
19864
19861
19863
19895
19862
19896
19863
19875
19897
19864
19870
19874
19898
19865
19873
19866
19870
19872
19867
19869
19881
19868
19869
20077
20562
19870
19882
20078
20563
19871
19887
19872
19874
19882
19884
19886
19873
19879
19881
19874
19878
19875
19877
19899
19876
19900
19877
19901
19967
19878
19884
19902
19904
19879
19905
19880
19884
19974
19881
19883
19985
20099
19882
20094
19883
20097
20564
19884
19986
20098
20565
19885
19973
19886
19902
19972
20565
19887
19899
20564
19888
19898
20563
19889
19895
20562
19890
19894
20557
19891
20556
19892
19894
19893
19894
19896
19895
19896
19898
19897
19898
19900
19899
19900
19902
19901
19902
19968
19903
19904
19968
19970
19972
19905
19965
19967
19973
19906
19964
19974
19907
19961
19975
19908
19960
19976
19909
19910
19958
19960
19962
19911
19912
19952
19956
19958
19913
19955
19914
19915
19929
19955
19916
19922
19928
19954
19917
19927
19918
19922
19924
19926
19919
19921
19920
19924
19921
19923
19943
20023
19922
19942
19923
19937
19941
19924
19936
19998
20024
19925
19926
19934
19936
19927
19933
19937
19928
19932
19929
19931
19937
20677
19930
20664
19931
20675
20689
19932
19938
20676
20684
19933
20685
19934
19938
20765
19935
20764
19936
19938
20628
20763
20773
19937
20627
20641
19938
19940
19939
20766
19940
20676
20773
20775
20777
19941
20641
20643
20677
19942
19954
19998
20644
19943
19951
19944
19950
19998
20000
19945
19949
20001
19946
20002
19947
19949
19977
20005
19948
19976
19949
19951
19981
19950
19980
20006
19951
19993
19997
20039
19952
19992
20644
19953
19959
19954
19956
20644
20646
20678
19955
20677
19956
20664
19957
20663
19958
20646
20660
20662
19959
20649
19960
19992
20646
20648
19961
19981
19962
19964
19982
20648
19963
20649
19964
19966
20654
19965
19983
20655
19966
19970
19988
20656
19967
19969
20657
19968
19969
19970
21558
19971
21557
19972
19988
21556
22478
19973
22477
19974
19986
19988
19975
19983
19985
19976
19978
19982
19977
19981
19978
19980
20582
19979
19985
20583
19980
19982
19984
19994
20584
19981
19993
20585
19982
19992
19983
19991
19984
19988
19990
19985
19987
20601
20814
19986
20602
19987
20605
22477
19988
20606
20815
22478
19989
19990
20656
20795
20815
21556
19991
20655
20796
20814
19992
19994
20648
20797
19993
20645
19994
19996
20592
19995
20593
20814
19996
20598
20797
20807
20813
19997
20597
20645
20806
19998
20040
20642
20644
19999
20641
20000
20024
20040
20042
20640
20001
20023
20037
20039
20002
20006
20008
20003
20005
20004
20008
20010
20005
20007
20013
20581
20006
20582
20007
20039
20585
20008
20014
20038
20586
20009
20037
20010
20014
20016
20036
20011
20013
20012
20016
20411
20013
20015
20051
20414
20014
20052
20015
20045
20589
20016
20046
20050
20415
20017
20035
20410
20018
20030
20409
20019
20029
20408
20020
20021
20027
20029
20031
20022
20026
20023
20025
20031
20037
20024
20025
20627
20026
20032
20042
20626
20027
20625
20028
20032
20624
20029
20033
20633
22255
20030
22250
20031
20033
20035
22251
20032
20036
20033
20043
20623
20034
20634
22256
20035
20043
20047
20834
22257
20036
20046
22258
20037
20043
20045
20038
20042
20039
20041
20045
20591
20040
20592
20041
20597
20840
20042
20044
20596
20839
20043
20639
20044
20622
20045
20047
20619
20621
20046
20590
20047
20049
22261
20048
20833
22262
20049
20619
20830
20832
22403
20050
20590
20616
22398
20051
20589
20615
22307
20052
20578
22302
20053
20579
20581
20589
20054
20090
20543
20055
20087
20089
20056
20057
20081
20085
20087
20058
20074
20084
20059
20065
20060
20064
20084
20267
20061
20266
20062
20064
20447
20063
20109
20492
20064
20072
20106
20108
20493
20065
20083
20446
20066
20072
20074
20067
20071
20075
20068
20069
20071
20554
20070
20555
20071
20077
20558
20072
20076
20559
20073
20552
20074
20076
20104
20106
20551
20075
20081
20083
20076
20080
20077
20079
20560
20078
20561
20079
20097
20568
20080
20096
20104
20569
20081
20095
20082
20104
20541
20083
20085
20105
20444
20540
20084
20106
20445
20085
20438
20086
20443
20087
20532
20540
20544
20088
20541
20543
20089
20091
20093
20095
20090
20091
20581
20092
20100
20543
20580
20093
20099
20583
20094
20095
20097
20099
20096
20100
20541
20097
20101
20103
20570
20098
20567
20099
20101
20566
20605
20100
20602
20101
20542
20603
20102
20571
20604
20103
20542
20546
20572
20611
20104
20541
20547
20573
20105
20550
20106
20515
20547
20549
20107
20514
20108
20549
20551
23951
20109
20552
23952
20110
20553
23953
20111
20476
20112
20475
20113
20114
20455
20467
20475
20115
20454
20466
20116
20119
20117
20118
20119
20121
20120
20466
20121
20465
22332
20122
22333
20123
20125
20124
20125
20127
20126
22333
20127
20176
22334
22336
20128
20174
22337
20129
20175
22338
20130
22339
20131
20175
20132
20183
22339
20133
20173
20175
20182
22338
20134
20172
20135
20163
20182
20186
20196
20136
20183
20185
20137
20161
20163
20138
20158
20160
20139
20140
20150
20158
20141
20151
20159
21983
20142
21984
20143
20151
20153
21991
20144
20150
20154
20145
20147
20149
20146
20147
20207
20148
20154
20206
20149
20155
20167
20209
20150
20166
20151
20155
20157
20152
20191
21992
20153
20155
20192
20203
21993
20154
20204
21994
20155
20205
20156
20290
20157
20167
20192
20194
20289
20158
20164
20166
20191
20159
20163
20160
20162
20191
21982
20161
20162
20185
20163
20186
20190
21981
20164
20165
20190
20194
20196
20166
20168
20170
20172
20167
20168
20282
20169
20178
20194
20283
20170
20177
20284
20171
20172
20174
20177
20173
20178
20196
20174
20179
20181
22337
20175
20176
20177
20179
21945
20178
21942
20179
20195
21943
20180
21944
22336
20181
20195
20198
21951
22357
20182
20188
20196
22354
20183
20187
22353
20184
22350
20185
20187
21979
22351
20186
20187
20189
21980
20188
21978
22352
20189
20198
21977
22355
20190
20196
20197
23469
20191
20193
23470
20192
23471
20193
20202
23472
20194
20197
20201
23473
20195
20288
20196
20197
21950
20198
20200
23468
20199
21976
22356
20200
21951
21953
21975
22359
20201
21950
21954
23467
20202
20288
21955
23474
20203
20289
20311
23475
20204
20290
20294
21996
20205
20293
21995
20206
20290
20292
20207
20209
20211
20208
20212
20209
20213
20210
20282
20290
20211
20213
20225
20281
20291
20212
20224
20292
20213
20215
20214
20215
20225
20227
20216
20222
20224
20217
20221
20218
20224
20302
20219
20221
20223
20233
20301
20220
20232
20221
20231
20222
20230
20223
20227
20229
20224
20226
20240
20306
20225
20303
20226
20280
20304
20227
20241
20279
20305
20228
20229
20241
20243
20245
20277
20230
20238
20240
20231
20233
20237
20232
20236
20233
20235
20234
20240
20324
20235
20237
20239
20329
20339
20236
20340
20237
20341
20238
20342
20239
20243
21916
20240
20242
20330
21917
20241
20323
20242
20278
20322
20243
20335
21918
21932
20244
20276
21919
20245
20247
20249
20259
20246
20256
20247
20255
20248
20254
20249
20251
20253
20250
20260
21919
20251
20273
20387
21920
20252
20388
20253
20269
20271
20273
20435
20254
20260
20262
20264
20255
20259
20256
20257
20259
20277
20258
20482
21935
20259
20261
20485
21936
20260
20276
20261
20273
20275
20262
20272
20498
22155
20263
20271
20489
20264
20266
20270
20490
20265
20269
20266
20268
20267
20447
20268
20270
20438
20446
20269
20437
20270
20436
20271
20439
20495
20272
20496
20504
20273
20497
20505
22156
20274
20506
20275
21920
22150
22152
22156
20276
21919
22153
22155
20277
21932
21936
20278
21935
20279
20321
21932
21934
20280
20318
20320
20281
20313
20315
20282
20286
20312
20283
20289
20284
20286
20288
21943
20285
21942
20286
20316
21941
20287
20315
21948
20288
20312
20314
21949
21955
20289
21950
20290
20312
20291
20292
20294
20304
20312
20293
20303
20294
20296
21998
20295
20311
21997
20296
20304
20308
20310
23480
20297
20303
20307
21999
20298
20300
20302
22000
20299
20300
20326
22002
20301
20307
20325
22001
20302
20306
20324
20303
20304
20306
20305
20313
20306
20308
20320
20322
20307
20323
20308
20332
23482
20309
20333
23481
20310
20320
21957
22163
23532
20311
20313
21956
23479
20312
21955
23476
20313
20314
20320
20315
20319
21956
21960
20316
20318
21961
20317
21940
20318
21935
21939
20319
21934
21966
20320
21957
21967
22161
20321
20322
21931
22161
22163
20323
20333
20335
20324
20330
20332
20325
20329
20326
20328
20332
22004
20327
22003
20328
20350
22006
20329
20331
20349
22005
20330
20338
20331
20335
20337
20332
20334
21925
23486
20333
23483
20334
22163
23484
20335
21926
22164
23485
20336
21931
20337
21918
21926
21928
21930
20338
21917
21923
21925
20339
20347
20349
20340
20342
20346
21917
20341
20345
20342
20344
20343
21916
20344
20346
21913
21915
20345
20357
20346
20356
20347
20355
21922
20348
20354
21923
20349
20351
20353
21924
22009
20350
21925
22008
20351
22007
20352
22010
20353
22011
22097
20354
22012
22096
22122
20355
22095
22123
20356
21911
21913
22124
20357
21910
20358
21909
21913
20359
20361
20360
21913
20361
20363
20385
20395
21912
20362
20396
21909
20363
20365
20364
20365
20369
20383
20395
20399
20366
20396
20398
20367
20369
20371
20368
20372
20369
20373
20375
20370
20376
20371
20373
20381
20399
20405
20372
20398
20402
20373
20403
20374
20404
20375
20379
20381
20411
20376
20378
20377
20381
20383
20378
20380
20390
20530
20379
20531
20380
20414
20534
20381
20413
20431
20535
20382
20412
20383
20393
20399
20419
20431
20384
20390
20385
20391
20393
20395
22140
20386
22128
20387
20389
20391
20507
22127
20388
20506
22126
20389
20435
20390
20434
20391
20431
20433
20392
20524
22141
20393
20429
20431
20525
22146
20394
20420
22145
20395
20397
20399
20421
22091
20396
22090
20397
21908
20398
20422
21907
20399
20401
20400
20401
20405
20419
20421
20425
20402
20422
20424
20403
20405
20407
20404
20408
20405
20409
20411
20406
20412
20407
20409
20417
20425
22252
20408
20424
22249
20409
22250
20410
22251
20411
20415
20417
22258
20412
20414
20413
20417
20419
20414
20416
20430
22301
20415
22302
20416
22261
22307
20417
22260
22298
22306
20418
22259
20419
20425
20427
22266
22298
20420
20430
20421
20427
20429
22236
20422
20426
22108
20423
22109
20424
20426
22110
22247
20425
22248
20426
22267
20427
22111
22268
20428
22241
22295
20429
22242
22296
22298
22394
20430
22237
22389
20431
22298
22300
20432
20433
20525
20527
20535
22300
20434
20524
20528
20530
20435
20441
20507
20509
20436
20504
20506
20437
20439
20441
20438
20442
20439
20443
20445
20440
20504
20512
20441
20443
20509
20511
20529
20442
20530
20443
20531
20444
20532
20445
20511
20515
20539
20446
20512
20514
20447
20493
20495
20448
20490
20492
20449
20471
20473
20450
20470
20474
20451
20455
20457
20452
20454
20453
20457
20454
20456
20466
20455
20456
20474
20457
20463
20467
20469
20458
20470
20459
20463
20481
20460
20462
20482
21939
20461
21940
20462
21963
22331
20463
20483
21964
22330
20464
20480
20465
20467
20479
22330
20466
22331
20467
20468
20469
20475
20477
20479
20470
20472
20474
20480
20471
20481
20472
20486
20490
20473
20477
20487
20491
20474
20476
20492
20475
20476
20477
23953
20478
23954
20479
20487
22328
23957
20480
22329
20481
20483
20487
20482
20486
20483
20485
21938
20484
22171
22329
20485
20487
20499
22172
22328
20486
20498
21937
20487
20489
20488
20489
20491
20499
20501
23957
20490
20496
20498
20491
20495
20492
20494
23954
20493
23953
20494
20514
23952
20495
20501
20513
23955
20496
20512
20497
20501
20503
20498
20500
20520
22195
20499
22190
20500
22191
22327
20501
20519
22196
22326
20502
23956
20503
20513
20517
20519
23958
20504
20510
20512
20520
20505
20509
20506
20508
20520
22199
20507
22150
20508
20524
22149
20509
20521
20523
22216
20510
20528
20511
20517
20521
22318
20512
20516
20538
20513
20514
20516
23959
20515
23951
20516
22313
23950
20517
22314
23960
20518
22317
23961
20519
20521
22222
22322
22324
20520
22197
22325
20521
22198
20522
22217
20523
22224
22318
22320
22322
20524
20526
20528
22215
20525
22148
20526
22147
22389
20527
22320
22386
22390
20528
20536
22319
22391
20529
22318
20530
20532
20536
20538
20531
20535
20532
20534
20533
20539
20534
20536
20544
22303
22311
20535
22302
20536
22301
20537
22304
20538
22311
22315
22319
22409
20539
22314
22318
20540
22311
22313
20541
20545
20547
20542
20543
20545
20610
20544
20579
20545
20578
20546
20577
22311
20547
20574
20576
22312
20548
22313
20549
20573
20574
23949
20550
23950
20551
20569
20573
20552
20560
20553
20559
20554
20555
20559
20556
20558
20557
20558
20562
20559
20561
20560
20561
20569
20562
20568
20563
20564
20568
20565
20567
20566
22477
20567
20571
22476
20568
20570
20569
20570
20571
20573
20572
23903
20573
20574
23902
20575
23948
20576
23900
23902
23947
20577
20611
20613
22411
20578
20610
20614
22310
20579
20615
22303
20580
20588
20610
20581
20583
20587
20603
20582
20586
20583
20585
20584
20602
20585
20587
20593
20601
20586
20592
20587
20589
20591
20588
20594
20608
20589
20609
20615
20617
20590
20591
20617
20619
20592
20594
20596
20593
20597
20594
20598
20600
20595
20617
20820
20596
20598
20618
20821
21509
20597
20619
21506
20598
21507
20599
21508
20600
20813
20817
20821
21532
20601
20814
20818
20820
20602
20606
20608
20603
20605
20604
20608
20610
20605
20607
20611
23903
20606
22476
20607
20818
22475
20608
20612
20819
23904
20609
20820
20610
20612
20614
20825
20611
20612
23902
20613
20824
23901
20614
20827
22412
23900
20615
20826
22309
20616
22308
20617
20826
20830
22399
20618
20825
20619
20830
21528
21530
20620
20621
20832
21506
21528
22447
20622
20833
20837
20839
20623
20637
20639
20834
20624
20626
20634
20636
20625
20631
20633
20626
20630
20627
20629
20639
20628
20640
20629
20762
20842
20630
20636
20638
20761
20631
20760
20632
20636
21036
20633
20635
21037
22281
20634
22276
20635
20834
22277
20636
20835
21038
22282
20637
21035
20638
20835
20837
21493
20639
20838
20842
20844
20640
20839
20641
20840
20842
20642
20773
20643
20774
20806
20840
20644
20678
20775
20799
20645
20646
20797
20799
20647
20800
20648
20660
20793
20797
20801
20649
20655
20650
20654
20660
20651
20653
20652
20660
20787
20653
20659
20790
20654
20655
20657
20659
20656
20793
20657
20794
21557
20658
21558
20659
20794
20860
21559
20660
20791
20793
20661
20662
20787
20791
20801
20855
20663
20784
20786
20800
20664
20666
20678
20680
20665
20675
20677
20666
20668
20667
20786
20668
20670
20680
20785
20669
20675
20670
20672
20674
20671
20681
20866
20672
20781
20867
20905
20673
20904
20674
20688
20779
20781
20903
20675
20681
20683
20689
20676
20680
20677
20679
20683
20678
20679
20800
20680
20682
20775
20803
20681
20784
20682
20781
20783
20683
20776
20780
20852
20684
20777
20779
20685
20687
20689
20766
20686
20765
20687
20768
20878
20688
20767
20779
20877
20689
20690
20691
20693
20877
20881
20903
20692
20878
20880
20693
20695
20694
20904
20695
20697
20881
20907
20696
20880
20697
20699
20893
20698
20894
20908
20699
20701
20899
20911
20700
20898
20701
20703
20923
20702
20912
20926
20703
20915
20917
20927
20704
20922
20705
20917
20919
20921
20706
20710
20712
20707
20709
20739
20708
20724
20709
20737
21302
20710
20738
21331
20711
20919
21332
20712
20738
20920
21019
21657
20713
20739
20921
21020
20714
20744
20922
20715
20723
20739
20741
20716
20742
20717
20719
20723
20718
20722
20719
20721
20720
20742
20721
20723
20735
20741
20995
20722
20734
20994
20723
20725
20724
20725
20735
20737
20739
20726
20732
20734
20727
20731
20728
20729
20731
21201
20730
21009
21226
20731
20733
21010
21227
20732
21228
20733
20737
21300
20734
20736
21011
21299
20735
21002
20736
20740
21001
20737
21016
21018
21326
20738
21327
20739
21018
21330
20740
20741
21000
21018
21020
20742
20744
20998
20743
20999
20744
20746
20924
20745
20929
21020
20746
20930
20998
21021
21023
20747
20931
20989
20999
20748
20932
20749
20751
20933
20989
21026
20750
20934
21027
20751
20753
20752
20990
20753
21026
21054
21078
21461
20754
21027
21053
21075
20755
21028
21066
20756
21029
20757
21044
21066
20758
21029
21043
21067
21470
20759
20760
21031
21033
21041
21470
20761
21036
20762
20844
21033
21035
20763
20843
21032
20764
20766
20770
20772
20765
20769
20766
20768
20767
20777
20768
20770
20778
20884
20769
20885
20770
20886
21031
20771
20887
21032
20772
20778
20848
20942
21500
20773
20777
20843
20847
20774
20842
20775
20805
20841
20847
20776
20804
20777
20847
20849
20851
20778
20779
20849
20943
20780
20876
20781
20849
20873
20875
20782
20952
20783
20867
20871
20873
20953
20784
20852
20854
20866
20785
20803
20855
20786
20788
20866
20787
20788
20790
20789
20855
20865
20790
20856
20864
20791
20792
20856
20860
20793
20801
20811
20857
20859
20794
20796
20795
20859
21560
20796
20816
21535
21555
20797
20811
20813
20798
20799
20801
20807
20809
20811
20800
20804
20806
20801
20803
20802
20803
20809
20853
20855
20857
20804
20852
20805
20809
20851
20806
20808
21512
21514
20807
21507
20808
20812
21508
20809
21511
21515
21538
20810
21516
20811
20857
21536
21538
21540
20812
21535
20813
21532
21534
21538
20814
20816
20815
20816
20818
22479
20817
21534
22480
20818
20822
21533
22473
20819
22474
20820
20822
20824
23905
20821
20825
20822
21530
21531
20823
22456
23906
20824
20828
21530
22455
23907
20825
20827
23908
20826
21530
20827
20829
22406
20828
22435
23899
20829
22436
22454
23898
20830
21530
22405
22453
20831
22404
20832
21528
22439
22451
22453
20833
22440
22446
20834
20836
22287
20835
22284
20836
21492
22283
20837
21495
22288
22446
20838
21494
22447
20839
20841
20845
21505
20840
21506
20841
21507
20842
20846
21512
20843
20844
20846
21500
20845
21493
21499
20846
21494
21502
21504
20847
21501
21513
20848
21514
20849
20945
21501
21519
20850
20944
20851
20873
21517
21519
21603
20852
21514
21516
20853
20873
20854
20872
21516
21541
20855
20863
20865
20871
20856
20857
20861
20863
20858
21541
20859
20861
21536
21542
21564
20860
21535
21561
20861
21562
20862
21563
20863
21542
21566
21568
20864
20870
21541
20865
20869
20866
20868
20867
20868
20954
20869
20871
20955
20870
21579
20871
21544
21568
21570
20872
21571
20873
21517
21544
21572
20874
20875
20953
21572
21574
21603
20876
20944
20950
20952
20877
20903
20943
20949
20878
20882
20884
20879
20885
20880
20882
20890
20892
20881
20893
20882
20894
20902
20883
20895
20949
20884
20888
20890
20936
20948
20885
20887
20943
20886
20890
20887
20889
21030
20888
20942
21472
20889
20935
20941
21473
20890
20934
21474
20891
20892
20932
20934
20936
20893
20895
20897
20894
20898
20895
20899
20901
20896
20936
20976
20897
20899
20925
20937
20975
20898
20924
20932
20899
20923
20900
20926
20901
20911
20973
20975
20979
20902
20908
20976
20978
20903
20907
20949
20951
20904
20952
20905
20907
20906
20952
20954
20907
20909
20951
20957
20908
20909
20911
20910
20958
20978
20911
20913
20961
20979
20912
20913
20915
20973
20914
20962
21644
20915
20965
20967
21645
20916
20972
20917
20967
20969
20971
20918
21654
20919
20969
21653
22553
20920
22552
20921
21651
21653
21656
20922
21650
21654
20923
20927
20929
20924
20926
20925
20929
20931
20926
20928
20974
20986
20927
20973
20928
20972
21654
20929
21639
21641
21649
20930
21650
20931
21637
21639
22537
20932
20986
20988
20933
20937
20934
20938
20988
21630
20935
21475
20936
20938
20940
21476
20937
20983
20938
20984
20986
20939
20987
21629
20940
20984
21612
22672
22698
20941
20983
21611
21623
20942
20946
20948
21622
20943
20945
21617
20944
20948
20945
20947
21603
20946
21604
21616
20947
21609
21611
21615
20948
20950
20982
21602
20949
20983
20950
20976
20951
20977
21574
20952
20978
21575
20953
20954
21571
21575
20955
20957
20956
21571
21579
20957
20959
21576
21578
20958
21575
20959
20961
21593
20960
21580
21596
20961
20963
21581
21597
20962
21592
20963
20965
21591
20964
21582
22514
20965
21583
21585
22519
20966
21590
20967
21585
21587
21589
20968
21646
20969
21587
22557
24343
20970
22556
20971
21653
22533
24341
24343
20972
21646
21648
21654
20973
21641
21645
20974
21644
20975
20985
21641
21643
20976
20980
20984
20977
20983
20978
20980
20982
21594
20979
21593
20980
21592
21644
20981
21599
21643
20982
20984
21600
21612
22676
20983
21601
21611
20984
20985
20986
21640
22672
22676
20987
21639
20988
21632
21638
22672
20989
21631
21637
20990
21023
21025
20991
20997
20999
21461
20992
20996
21133
20993
21132
20994
20996
21013
21137
20995
21002
20996
20998
21001
20997
21014
21136
20998
21023
21462
21795
20999
21000
21001
21017
21021
21795
21002
21014
21016
21003
21011
21013
21004
21006
21010
21005
21009
21006
21008
21110
21007
21013
21123
21008
21010
21012
21124
21235
21009
21119
21234
21010
21233
21011
21232
21012
21016
21298
21013
21015
21143
21297
21014
21138
21015
21141
21795
21016
21142
21794
22726
21017
22727
21018
21792
21794
22734
21019
21659
21020
21651
21658
21792
21021
21650
21022
21792
22537
21023
21793
21795
21799
22538
21024
21637
21025
21462
21464
21636
21799
21026
21461
21465
21631
21027
21077
21630
21028
21076
21475
21029
21067
21474
21030
21031
21470
21472
21474
21032
21033
21472
21500
21034
21471
21499
21035
21039
21041
21480
21498
21036
21038
21493
21037
21041
21038
21040
23326
21039
21492
23329
21040
21481
21491
23330
21041
21482
23325
21042
21043
21470
21480
21482
21484
21044
21068
21070
21045
21065
21071
21046
21064
21047
21071
21835
21048
21062
21064
21072
21876
21049
21871
21050
21060
21062
21870
21051
21057
21063
21052
21056
21053
21055
21063
21075
21054
21055
21133
21056
21078
21080
21134
21057
21131
21058
21060
21080
21082
21059
21083
21060
21098
21868
21061
21151
21869
21062
21080
21150
21453
23250
21063
21073
23249
21064
21074
21080
21065
21066
21068
21072
21074
21067
21075
21068
21076
21469
21069
21456
21484
21070
21072
21455
21483
21818
21071
21482
21819
21072
21834
21073
21877
21074
21453
21455
23260
21075
21079
21456
21076
21078
21077
21456
21468
21078
21457
21465
21467
21079
21460
21080
21453
21457
21459
21081
21082
21134
21148
21150
21459
21083
21129
21131
21151
21084
21098
21106
21128
21085
21097
21101
21103
21086
21094
21096
21087
21089
21093
21103
21088
21092
21089
21091
21090
21104
21091
21093
21109
21111
21092
21112
21093
21113
21094
21102
21114
21095
21101
21157
21096
21100
21156
22876
21097
22875
21098
21100
23056
21099
21151
23057
21100
21128
21152
21154
23058
21101
21155
23059
21102
21128
21162
21103
21107
21109
21121
21104
21106
21105
21109
21106
21108
21132
21107
21131
21108
21122
21128
21130
21109
21123
21137
21110
21111
21119
21121
21123
21112
21114
21118
21113
21117
21114
21116
21115
21121
21157
21116
21118
21120
21158
21277
21117
21166
21118
21167
21119
21276
21120
21124
21275
21121
21125
21161
21284
21122
21162
21123
21125
21127
21139
21124
21138
21125
21143
21274
21126
21144
21285
21127
21161
21288
21290
21292
21128
21154
21162
21293
21129
21130
21148
21152
21293
21131
21135
21137
21139
21132
21134
21133
21137
21134
21136
21461
21135
21460
21136
21140
21148
21463
21137
21141
21462
21138
21139
21141
21143
21140
21144
21293
21141
21145
21147
21797
21142
21796
21143
21145
21801
22752
21144
21296
21145
21292
21295
21146
21802
22753
21147
21292
21448
21809
22766
21148
21293
21449
21808
21149
21807
21150
21152
21449
21451
23282
21151
21452
23277
21152
23276
21153
23281
21154
21291
21293
21449
23306
21155
21290
23071
21156
21160
21162
23070
21157
21159
22981
21158
21162
21159
21161
21164
21160
21425
22982
21161
21290
21426
23073
21162
21163
21164
21284
21288
21426
21428
21165
21277
21423
21425
21166
21422
21167
21277
21279
21168
21276
21280
21169
21239
21170
21234
21238
21276
21171
21233
21241
21172
21198
21200
21226
21173
21197
21174
21196
21200
21175
21177
21176
21200
21202
21177
21179
21199
21205
21178
21196
21179
21181
21195
21180
21206
21248
21181
21183
21209
21249
21182
21194
21183
21185
21193
21184
21210
21369
21185
21187
21213
21368
21186
21192
21187
21189
21191
21188
21214
21370
21189
21217
21375
21712
21190
21711
21191
21373
21375
21377
21192
21370
21372
21193
21366
21368
21194
21365
21369
21195
21249
21251
21196
21246
21248
21197
21199
21198
21240
21246
21199
21225
21241
21247
21200
21224
21248
21201
21202
21224
21226
21228
21203
21205
21204
21228
21301
21205
21207
21229
21304
21206
21224
21207
21209
21223
21208
21262
21305
21209
21211
21263
21308
21210
21222
21211
21213
21221
21212
21309
21701
21213
21215
21312
21700
21214
21220
21215
21217
21219
21216
21313
21699
21217
21316
21702
21716
21218
21715
21219
21375
21702
21704
24480
21220
21370
21697
21699
21221
21368
21676
21700
21222
21363
21369
21701
21223
21249
21259
21263
21224
21248
21260
21262
21225
21229
21226
21230
21242
21260
21227
21233
21228
21230
21232
21299
21229
21300
21230
21262
21323
21231
21261
21324
21232
21236
21242
21266
22729
21233
21235
21298
21234
21242
21235
21237
21275
21236
21274
21297
21237
21267
21273
22730
21238
21242
21268
21282
21239
21241
21255
21281
21240
21254
21280
21241
21245
21242
21244
21243
21244
21258
21260
21266
21268
21245
21247
21255
21257
21246
21252
21254
21247
21251
21248
21250
21260
21249
21250
21369
21251
21257
21259
21364
21252
21365
21253
21257
21680
21254
21256
21436
21681
21255
21433
21256
21268
21434
21257
21269
21435
21682
21258
21679
21259
21265
21269
21678
21260
21264
21363
21261
21262
21264
21266
21355
21263
21322
21264
21321
21701
21265
21356
21362
21266
21270
22742
22829
21267
22737
21268
21270
21272
22738
21269
22773
21270
22774
22827
21271
22741
22828
21272
22774
22776
22799
22843
21273
22771
22773
22796
21274
21282
21286
22756
21275
21285
21296
21276
21282
21284
21277
21281
21278
21284
21279
21281
21283
21423
21431
21280
21422
21432
21281
21433
21282
21434
21283
22773
21284
21286
21428
22772
21285
21286
21288
21295
21287
22755
22771
21288
21428
21444
22768
22770
21289
21294
21290
21426
21444
21446
24687
21291
23072
21292
21446
21448
23311
21293
21294
21295
21446
22766
22768
21296
22753
22755
21297
22752
22756
21298
22726
22730
21299
22727
22729
21300
21324
21326
21301
21323
21327
21302
21304
21303
21327
21331
21304
21306
21328
21334
21305
21323
21306
21308
21322
21307
21335
21353
21308
21310
21338
21358
21309
21321
21310
21312
21320
21311
21339
21359
21312
21314
21342
24476
21313
21319
21314
21316
21318
21315
21343
24475
21316
21346
21730
24474
21317
21729
21318
21702
24472
24474
24478
21319
21699
24471
24475
21320
21674
21700
24476
21321
21359
21361
21701
21322
21356
21358
21323
21353
21355
21324
21328
21325
21355
22729
21326
21328
21354
21660
22728
21327
21659
22727
21328
21330
21329
21353
21330
21334
21352
21660
21662
21331
21657
21659
21332
21334
21333
21657
22552
21334
21336
21662
22551
21335
21336
21338
21352
21337
21663
22562
21338
21340
21668
22563
21339
21351
21340
21342
21350
21341
21669
24437
21342
21344
21784
24440
21343
21349
21344
21346
21348
21345
21783
24441
21346
21734
21782
24444
21347
21733
21348
21782
24474
24542
24544
21349
21783
24469
24475
21350
21672
21784
24476
21351
21359
21669
21671
21352
21358
21666
21668
21353
21663
21665
21354
21358
21355
21357
21665
22736
21356
22737
21357
21361
22742
21358
21360
21666
22743
21359
21360
24476
21361
21671
21673
24415
21362
21674
24414
21363
21675
21701
22829
21364
21676
21678
21365
21367
21369
21679
21366
21680
21367
21372
21685
21368
21371
21676
21686
21369
21370
21371
21375
21372
21374
21687
21697
21373
21688
21374
21693
21707
21375
21694
21704
21706
21376
21377
21706
21712
24480
24482
21378
21707
21709
21711
21379
21393
21395
21380
21711
21381
21393
21710
21382
21392
21721
21383
21391
21722
21384
21390
21749
21385
21389
21750
21386
21388
21757
21387
21758
26102
21388
24635
25758
26101
21389
24634
25753
21390
24629
25686
21391
24628
25681
21392
21402
24499
21393
21401
24494
21394
21709
21395
21399
21401
21708
21396
21707
21397
21399
24486
21398
21408
24487
21399
21405
21407
24490
21400
24491
21401
21403
21405
24492
21402
24493
21403
24498
24628
21404
24521
24627
21405
24520
24624
24626
21406
24519
21407
24622
24624
25663
21408
24615
25662
21409
24610
21410
24611
24615
24617
21411
21415
22856
21412
22851
21413
21415
21417
21414
22861
23129
21415
23130
24618
24662
21416
24617
21417
22856
22858
24662
25649
21418
22849
22851
22861
21419
22814
22816
22862
21420
22807
22809
21421
21437
21439
21422
21430
21432
21423
21424
21428
21430
21425
21427
21441
24674
21426
24673
21427
24686
21428
21442
21444
24691
21429
21430
21442
22770
22772
22778
21431
21439
21441
21432
21434
21438
22772
21433
21437
21434
21436
21435
22773
21436
21438
22774
22811
21437
22810
21438
22809
21439
22775
22808
21440
22778
22807
21441
22779
22818
24698
21442
24695
21443
22779
24694
21444
22770
22780
22782
24693
21445
24692
21446
22768
22782
22784
24707
21447
24708
21448
22766
22784
22786
24711
21449
21810
23312
21450
23307
21451
21808
21810
21812
23314
21452
21807
21813
23283
21453
21459
21814
23284
21454
23261
21455
21457
21814
21816
22629
21456
21486
21817
21457
21485
21458
22628
21459
21465
21806
21814
23848
21460
21807
21461
21463
21465
21462
21463
21796
21464
21797
21807
21465
21635
21798
21806
21466
21467
21631
21633
21635
23848
21468
21628
21630
22628
21469
21475
21477
21485
21470
21474
21478
21484
21471
21472
21478
21480
21618
21473
21617
21474
21476
21478
21622
21475
21476
21630
21477
21623
21629
21478
21624
21628
22626
21479
21621
21480
21484
21488
22620
22626
21481
22619
21482
21488
21490
23811
21483
23324
21484
21486
21488
23323
21485
21486
22626
22628
21487
22629
23322
21488
22624
22626
22630
23831
21489
23812
21490
22620
22622
22624
23827
21491
22617
22619
23822
21492
21496
21498
23355
21493
21495
23350
21494
21498
21495
21497
22448
21496
22449
23351
21497
22601
22617
23356
21498
21502
22600
22618
21499
22619
21500
21502
21618
21501
21617
21502
21520
21616
21503
21619
21504
21520
21524
22592
22600
21505
21513
21523
22448
21506
21510
21512
22447
21507
21509
21508
21512
21509
21511
21532
21510
21528
21531
21511
21523
21527
22458
21512
21522
22459
21513
21514
21520
21522
21515
21519
21516
21518
21522
21539
21517
21540
21518
21545
21606
21519
21521
21546
21605
21520
21604
21521
22591
21522
21524
22467
22594
21523
22462
21524
21526
22463
21525
22466
22593
21526
22600
22602
22612
22614
21527
22448
22450
22605
21528
22447
22451
22606
21529
21530
21531
22453
22455
22606
21532
22456
22458
21533
22459
21534
22456
22460
22472
21535
21537
22481
21536
21554
21537
21549
21553
21538
21548
22460
22482
21539
22459
21540
21546
21548
22462
21541
21545
21549
21542
21544
21543
21549
21565
21544
21550
21568
22490
22500
21545
22489
21546
21550
22488
21547
22467
22487
21548
21550
22468
22484
22486
21549
22461
22483
21550
21552
21551
22497
21552
22484
22498
22500
21553
21565
22483
21554
21564
22482
21555
21561
22481
21556
21560
22480
21557
22479
21558
21560
21559
21560
21562
21561
21562
21564
21563
21564
21566
21565
21566
22500
21567
21568
22500
22501
21569
21570
22490
22501
22503
21571
21577
21579
22489
21572
21576
21573
21606
22489
21574
21576
21595
21607
22492
21575
21594
21602
21576
21593
21577
21596
21578
22492
22503
22505
21579
21580
21581
22505
21582
22510
21583
22513
21584
22520
21585
22527
22575
21586
22528
21587
22571
22575
22577
21588
22570
21589
22531
22577
24343
25222
21590
21646
22528
22530
21591
21645
22517
22519
21592
21644
22514
22516
21593
21597
21599
21594
21596
21595
21599
21601
21596
21598
22506
22584
21597
22505
21598
22510
22514
21599
22509
22515
22583
21600
22516
21601
22583
22587
22677
21602
21610
22584
21603
21607
21609
21604
21606
21605
21609
22591
21606
21608
22487
22594
21607
22488
21608
22493
22584
21609
22494
22585
22595
21610
22590
21611
22585
22587
22589
21612
21614
21613
22587
22671
21614
21626
22588
22696
22698
21615
21623
21625
22589
21616
21620
21622
22590
21617
21619
22591
21618
21622
21619
21621
22619
21620
22592
22618
21621
21625
22597
22621
21622
21624
22620
21623
21624
22698
21625
21627
22625
21626
22634
22636
21627
22633
22641
22700
21628
22632
22698
22699
21629
21633
22627
21630
21632
22698
21631
21632
21636
21633
22697
22704
21634
22699
23849
21635
22702
22704
22708
23850
21636
22707
23851
21637
22704
22706
21638
22538
21639
22539
22673
22704
21640
22536
21641
22535
22673
22675
21642
21648
21643
21645
21647
22517
22675
21644
22516
22676
21645
21646
21647
24343
21648
22530
22532
22717
21649
22533
22535
21650
21652
21654
22536
21651
22537
21652
22542
22546
21653
22533
22543
22547
21654
21655
21656
22547
22553
24341
24346
21657
22546
22550
22552
21658
21662
21659
21661
21791
22546
21660
22734
21661
21665
22733
21662
21664
21790
22549
21663
22550
21664
21668
24348
21665
21667
21789
24349
21666
22735
21667
21671
22744
21668
21670
21788
24352
21669
24353
21670
21784
24436
21671
21785
21787
24435
21672
24422
21673
21785
24421
24469
21674
24420
24470
24476
21675
24419
24471
21676
21698
21700
22830
21677
21697
21678
21686
21696
22830
22832
21679
22827
22829
21680
21682
21686
21681
21685
21682
21684
22810
21683
22811
22827
21684
21686
21690
22812
22832
21685
21689
22813
21686
21688
21687
21688
21690
21694
21696
21689
21693
21690
21692
22852
21691
22833
22853
21692
21694
22838
22854
24488
21693
22855
24487
21694
24486
21695
24485
21696
21704
22836
22838
24508
21697
22833
22835
21698
21704
21699
21703
22835
24471
21700
21702
21701
21703
24479
21704
22836
24472
24506
21705
21706
24480
24504
24506
24508
21707
24483
24485
21708
24486
21709
24483
24491
24493
21710
24482
24494
21711
21713
21721
21712
21713
21715
21714
21720
24482
21715
21717
21719
24481
21716
24480
21717
21729
24479
21718
21728
24534
21719
21725
21727
24533
21720
21724
24502
21721
21723
24495
21722
24494
21723
21749
24499
21724
21748
24500
21725
21747
24501
21726
21746
25693
21727
21739
21745
25694
21728
21738
25695
21729
21731
24535
21730
24478
21731
21733
24477
21732
21738
24540
21733
21735
21737
24541
21734
24542
21735
21781
25886
21736
21780
25889
21737
21741
21779
25890
21738
21740
25861
21739
25698
21740
21744
25699
21741
21743
25862
21742
21778
25893
21743
21767
21777
25894
21744
21766
25875
21745
21765
25772
21746
21764
25769
21747
21753
25692
21748
21752
25689
21749
21751
25682
21750
25681
21751
21757
25686
21752
21756
25687
21753
21755
25688
21754
21764
25749
21755
21761
21763
25750
21756
21760
25751
21757
21759
25752
21758
25753
21759
25758
26145
21760
25759
26146
21761
25760
26175
21762
25765
26176
21763
21771
25766
26334
21764
21770
25767
21765
25768
21766
21770
25773
21767
21769
25876
21768
21776
25897
21769
21773
21775
25898
21770
21772
26037
21771
26026
21772
26027
26335
21773
26038
26364
21774
25901
26365
21775
25902
26038
26040
26603
21776
25903
26037
26041
21777
25876
25878
25904
21778
25875
25879
25905
21779
25862
25864
25906
21780
25861
25865
25907
21781
24541
25844
25908
21782
24542
25843
25885
21783
24445
24545
21784
24446
24468
21785
24447
21786
24448
24468
21787
24421
24547
24561
25387
21788
24422
24424
24434
21789
22744
24425
24433
21790
22735
22747
24428
21791
22733
22748
24365
21792
22545
22724
22734
21793
22542
21794
21800
22541
22724
21795
21801
22725
21796
21797
21799
21801
21798
21802
21808
21799
21803
21805
22707
21800
22706
21801
21803
22711
22750
21802
22751
21803
21809
22760
21804
22710
22761
21805
21809
21811
22764
23867
21806
21808
21812
23864
21807
21813
23851
21808
21809
21810
22765
21811
22786
23313
21812
22787
23868
24154
21813
23317
23863
21814
23318
23852
21815
23847
21816
23284
23286
23318
23320
21817
23261
23263
23321
21818
23260
23264
23322
21819
21877
21881
23323
21820
21834
21880
23324
21821
21831
21833
23325
21822
21828
21830
23326
21823
21825
21827
22281
21824
22276
21825
22275
21826
21830
21886
22280
21827
21829
21887
21828
21829
21833
21830
21832
21894
21831
21885
23327
21832
21880
21884
23332
21833
21879
21895
21834
21835
21877
21879
21836
21874
21876
21837
21871
21873
21838
21850
21852
21839
21847
21849
21840
21842
21846
21841
21845
21842
21844
22884
21843
21849
22885
21844
21846
21848
21858
22886
21845
21857
22883
21846
21856
21847
21855
21848
21852
21854
21849
21851
21865
22997
21850
22998
21851
21873
22999
21852
21866
21872
23000
21853
21871
21854
21866
21868
21870
21855
21863
21865
21856
21858
21862
21857
21861
21858
21860
22882
21859
21865
22891
21860
21862
21864
22874
22892
21861
22873
22881
21862
22872
21863
22875
21864
21868
23056
21865
21867
22995
23055
21866
22996
21867
23005
23247
21868
23006
23054
23252
21869
23057
21870
23250
23252
23276
21871
23247
23249
21872
21876
21873
21875
23233
23247
21874
23232
21875
21879
23231
21876
21878
23236
23248
21877
23249
21878
23260
21879
21881
23237
23259
21880
23238
21881
21883
23809
21882
23264
23814
21883
23237
23241
23265
23815
21884
23238
23240
23808
21885
21895
21897
23333
21886
21892
21894
23334
21887
21891
23335
21888
21894
21889
21891
21893
22078
21890
22071
21891
21901
23337
21892
21900
23336
21893
21897
21899
23343
21894
21896
23188
21895
21896
23238
21897
23239
23639
21898
23240
23344
21899
23637
23639
23651
23803
21900
23188
23190
23632
21901
22078
23191
23628
21902
22071
22081
23399
21903
22070
22082
23398
21904
22055
22057
22246
21905
22054
22058
22110
21906
22059
22109
21907
21908
22087
22091
22109
21909
22088
22090
21910
21912
21911
22088
21912
22089
22095
22129
21913
22090
22128
21914
21915
22124
22126
22128
21916
21920
21922
21917
21919
21918
21922
21919
21921
22153
21920
21921
22126
21922
21928
22125
22152
21923
22124
21924
21928
22123
21925
21927
22122
23490
21926
23487
21927
22183
23488
21928
22133
22184
23489
21929
22132
21930
22152
22158
22184
22204
21931
22153
22159
22183
21932
22160
22164
21933
22153
21934
21936
22154
22160
22174
21935
22161
22169
21936
21938
21937
22155
21938
22172
22174
22190
21939
22169
22171
21940
21964
21966
21941
21961
21963
21942
21946
21948
21943
21945
21944
21948
21950
21945
21947
21951
22335
21946
22334
21947
21963
22363
21948
21952
21962
22362
21949
21961
21950
21952
21954
21960
21951
21952
22358
21953
21969
22361
21954
21970
21974
22360
21955
21959
23466
21956
23477
21957
21959
23478
21958
22162
23533
21959
21967
21971
22167
23464
21960
21970
23465
21961
21967
21969
21962
21966
21963
21965
21969
22365
21964
22364
21965
22171
22367
21966
21968
22170
22366
21967
22169
21968
22168
21969
21971
22177
23436
21970
23437
21971
21973
23438
21972
22178
23439
21973
23464
25075
21974
23465
21975
23466
21976
23467
21977
23468
21978
23469
21979
21980
21981
23469
21982
23470
21983
23471
21984
21992
21985
21991
21986
21987
21988
21989
21990
21992
21994
21993
23471
21994
21996
23472
21995
21996
21998
21997
23475
21998
23476
23480
21999
22000
23480
23482
22001
22002
22004
23482
22003
22004
22006
22005
23483
22006
22008
23486
22007
22008
22010
22009
23487
22010
22012
23490
22011
22012
22014
22013
23491
22014
22096
23494
23496
22015
22097
23497
22016
23498
22017
23499
22018
22020
22019
22020
22022
22021
23499
22022
22024
23500
22023
22024
22026
22025
23503
22026
22036
23504
22027
22035
22028
22029
22033
22035
22030
22032
22031
22032
22955
22033
22954
22034
23213
22035
23212
23509
22036
22037
23507
23509
22038
22048
22050
22039
22041
22047
22051
22040
22046
22041
22045
22042
22044
22056
22043
22055
22044
22070
22072
22045
22047
22069
22073
22046
22074
22047
23172
22048
22068
23175
22049
23174
23509
22050
22066
22068
23195
23508
22051
22065
23507
22052
22056
22064
22068
22053
22063
22054
22056
22058
22055
22056
22070
22057
22069
22058
22064
22082
22084
22059
22063
22085
22060
22086
22061
22063
22103
22062
22104
23502
22063
22065
22115
23505
22064
22114
22065
22067
23405
22066
23406
23506
22067
23196
23409
23515
22068
22082
23193
23410
22069
23194
22070
22080
22082
22071
22072
22078
22080
22073
22077
22074
22076
22080
23175
22075
23172
22076
23171
23183
22077
22079
23176
23182
22078
23187
22079
23188
22080
23189
23191
23199
22081
23194
22082
23191
23193
23400
22083
22084
23398
23400
23402
23410
22085
22246
23403
23405
22086
22110
22112
22114
22087
22103
22107
22109
22088
22092
22102
22089
22090
22092
22094
22139
22091
22140
22092
22108
22145
22093
22107
22144
22094
22100
22102
22106
22233
22095
22099
22137
22096
22138
22097
22099
22121
22098
22099
22101
23497
22100
22120
23496
22101
22105
22119
23521
22102
22104
23520
22103
22104
22106
22114
22105
22115
23519
22106
22116
22118
23546
22107
22113
22234
22108
22112
22235
22109
22111
22236
22110
22111
22246
22112
22241
22245
22113
22240
23403
22114
22116
23404
23414
22115
23405
22116
23406
23518
22117
23407
23547
22118
23414
23548
23550
23552
22119
22234
23417
23545
22120
22233
23418
23522
22121
22135
22137
23495
22122
22134
22138
23494
22123
22133
23491
22124
22132
22138
22125
22129
22126
22130
22132
22151
22127
22150
22128
22130
22141
22149
22129
22140
22130
22138
22139
22131
22142
22202
22132
22134
22136
22138
22203
22133
22204
22134
22205
23492
22135
22210
23493
22136
22211
23418
23524
22137
22142
22212
22232
22138
22139
22233
22140
22142
22144
22141
22145
22142
22146
22148
22143
22213
22144
22146
22230
22232
22238
22145
22233
22235
22146
22236
22147
22237
22148
22230
22386
22388
22149
22213
22215
22150
22202
22216
22151
22199
22152
22200
22202
22204
22153
22157
22154
22155
22157
22159
22189
22156
22190
22157
22195
22199
22158
22194
22200
22159
22185
22187
22207
22160
22182
22188
22161
22165
22175
22162
22168
22163
22165
22167
23534
22164
23531
22165
22183
23530
22166
22182
23535
22167
22175
22179
22181
23462
22168
22178
23463
22169
22175
22177
22170
22174
22171
22173
22177
22369
22172
22368
22173
22191
22371
22174
22176
22192
22370
22175
22189
22176
22188
22177
22179
23432
23434
22178
23435
22179
23440
25075
22180
23441
25074
22181
23430
23432
23442
25073
22182
22186
22188
23461
22183
22185
23536
22184
23529
22185
22205
23528
22186
22206
23537
22187
23428
23430
23460
22188
22194
23427
23431
22189
23432
22190
22192
22194
22191
22195
22192
22196
22372
22193
22373
23432
22194
22196
22220
22374
23431
22195
22219
22196
22198
22197
22375
22198
22220
22222
22376
22199
22217
22219
22200
22216
22201
22207
22219
22202
22208
22214
22216
22218
22203
22213
22204
22208
22210
22212
22205
22207
22206
22210
23527
22207
22209
23428
23538
22208
23427
22209
23422
23426
22210
23421
23449
23539
22211
23526
22212
23419
23421
23525
22213
22231
23422
22214
22230
22215
22225
22229
23422
22216
22224
22386
22217
22218
22222
22224
22219
22221
22225
23426
22220
23427
22221
22377
23446
22222
22226
22378
23447
22223
22379
22224
22226
22322
22380
22384
22225
22385
22226
22228
23425
22227
22381
23452
22228
22382
22384
23453
23573
22229
22385
23424
23572
22230
22386
23423
23567
22231
23566
22232
23419
23423
23581
22233
23416
23418
22234
22235
23414
23416
22236
22238
22240
22237
22241
22238
22242
22388
22239
23416
23566
22240
22242
23415
23557
23565
22241
23414
23558
22242
22244
22243
23564
22244
22296
23557
23561
23563
22245
22295
23396
23558
22246
22268
23397
23403
22247
23398
22248
22268
22270
22249
22267
22271
22250
22252
22254
22251
22255
22252
22256
22258
22253
22259
22267
22254
22256
22264
22272
22278
22255
22271
22275
22256
22276
22257
22277
22258
22262
22264
22284
22259
22261
22260
22264
22266
22261
22263
22297
22397
22262
22398
22263
22287
22403
22264
22286
22402
22428
22265
22285
22266
22272
22292
22294
22428
22267
22295
22297
22268
22272
22269
22295
22270
22272
22294
23338
23397
22271
23337
23398
22272
22274
22273
22274
22278
22292
23338
23340
22275
23335
23337
22276
22278
22280
22277
22281
22278
22282
22284
22279
22285
22280
22282
22290
23328
23340
22281
23327
23335
22282
23326
22283
23329
22284
22288
22290
23350
22285
22287
22286
22290
22292
22287
22289
22441
23381
22288
22440
22289
22445
23351
22290
22444
23352
23388
22291
23349
22292
23340
23348
23384
23388
22293
23381
22294
23338
23382
23384
23395
22295
22427
23396
22296
22297
22395
22427
22298
22396
22428
22299
22300
22306
22392
22394
22396
22301
22389
22391
22302
22304
22306
22303
22307
22304
22308
22310
22305
22391
22409
22306
22308
22392
22400
22408
22307
22397
22308
22398
22309
22399
22310
22406
22408
22412
22311
22409
22411
22312
22313
22315
22411
23948
22314
23949
22315
22317
23963
22316
22410
23964
22317
22319
22321
22415
23965
22318
22322
23962
22319
22320
22416
22321
22385
22417
22322
22384
22418
23966
22323
22324
22380
23962
23966
22325
22379
23961
22326
22376
23958
22327
22375
23956
22328
22372
23957
22329
22371
22330
22368
22331
22367
22332
22364
22333
22363
22334
22335
22363
22336
22358
22362
22337
22357
22338
22354
22339
22353
22340
22350
22341
22349
22342
22343
22349
22344
22348
22345
22346
22347
22349
22351
22350
22351
22353
22352
22353
22355
22354
22355
22357
22356
22357
22359
22358
22359
22361
22360
22361
23438
22362
23437
22363
22365
22364
22365
22367
22366
23437
22367
22369
23436
22368
22369
22371
22370
23435
22371
22373
23434
22372
22373
22375
22374
23433
22375
22377
23444
22376
22377
22379
22378
23445
22379
22381
23989
22380
22381
22383
22382
23988
22383
23983
23987
22384
23966
23982
22385
23574
22386
23571
22387
22388
22390
23567
23569
23571
22389
23564
23566
22390
22394
22391
22393
22417
22392
22416
22393
22421
22423
22394
22420
22424
23569
22395
23564
22396
22424
22426
23563
22397
22423
22429
22398
22400
22402
22399
22403
22400
22404
22406
22401
22407
22423
22402
22404
22430
22432
22442
22403
22429
22441
22404
22440
22405
22439
22406
22432
22436
22438
22407
22435
22408
22422
22432
22434
22409
22413
22421
22410
22416
22411
22413
22415
23969
22412
23947
22413
22435
23946
22414
22434
23970
22415
22419
22421
23608
23971
22416
22418
23968
22417
22421
22418
22420
23571
22419
23574
23967
22420
23575
23607
23972
22421
23570
23606
22422
22423
22431
23606
23608
22424
22430
22425
23592
23606
22426
22430
23593
23611
23728
22427
22429
23562
23727
22428
23382
23561
22429
23381
22430
23380
22431
23729
22432
23609
23611
23734
22433
23365
22434
22436
23366
23609
23976
22435
23608
23975
22436
23945
22437
23944
22438
22454
23366
23368
23943
22439
22453
23363
23365
22440
22442
23362
22441
22445
22442
22444
23380
22443
23365
23729
22444
23360
23362
23364
23730
22445
23359
23379
22446
23358
23362
22447
22449
22451
22448
22449
22600
22450
22601
23358
22451
22602
22604
23361
22452
23362
22453
22604
22606
22608
23363
22454
22455
22608
23897
22456
22607
23909
22457
23910
22458
22460
22464
22607
23911
22459
22463
22606
22460
22462
22461
22471
22462
22464
22468
22470
22463
22467
22464
22466
22605
22465
22610
23914
22466
22468
22611
22653
23915
22467
22612
22650
22468
22651
22469
22652
22470
22484
23915
23919
22471
22483
23914
22472
22482
23911
22473
22481
23910
22474
22480
23906
22475
22479
23905
22476
22478
23904
22477
23903
22478
22479
22480
22481
22482
22483
22484
22485
22486
22498
23919
23921
22487
22495
22497
22652
22488
22494
22651
22489
22493
22497
22490
22492
22491
22497
22499
22492
22496
22503
22507
23923
22493
22506
22494
22496
22659
22495
22656
22658
22496
22655
22661
23921
22497
22660
23922
22498
22499
23922
22500
22501
23923
22502
22503
23923
23925
22504
22505
22507
22511
23925
22506
22510
22507
22509
22659
22508
22660
23924
22509
22511
22523
22665
23927
22510
22522
22664
22511
22513
22512
23926
22513
22523
22525
24315
22514
22520
22522
22515
22519
22516
22518
22522
22582
22517
22677
22518
22530
22678
22519
22521
22529
22581
22520
22528
22521
22525
22527
22522
22524
22682
24332
22523
22667
22524
22666
24314
22525
22683
24317
24333
22526
24316
22527
24333
25216
25218
22528
22576
24332
22529
22577
22530
22578
22580
24332
22531
24325
22532
22578
24326
24338
22533
22718
24339
24343
22534
24340
22535
22543
22718
22720
24362
22536
22715
22717
22537
22539
22543
22538
22542
22539
22541
22706
22540
22705
22715
22541
22543
22712
22720
22722
22542
22711
22723
22543
22545
22544
22545
22547
22722
24362
24364
22546
22723
24365
22547
22549
22548
24340
22549
24346
24350
24358
24364
22550
24349
24365
22551
24346
24348
22552
22554
22562
22553
22554
22556
22555
22561
24346
22556
22558
22560
24345
22557
24341
22558
22570
24342
22559
22569
24344
22560
22566
22568
25261
22561
22565
24356
22562
22564
24347
22563
24348
22564
24353
24437
22565
24354
24438
22566
24355
24455
22567
24456
25262
22568
25263
25269
25415
22569
25264
25268
22570
22572
25223
22571
25222
22572
22574
25221
22573
25226
25268
22574
25227
25271
22575
25220
22576
22577
24335
25218
25220
22578
25221
22579
24335
24337
22580
24326
24328
24330
25233
22581
24323
24325
24331
22582
22678
22680
22682
22583
22667
22669
22677
22584
22586
22664
22585
22659
22586
22638
22658
22587
22639
22663
22669
22588
22670
22589
22639
22641
22695
22590
22636
22638
22591
22595
22597
22592
22594
22593
22597
22599
22594
22596
22614
22650
22595
22651
22596
22638
22656
22597
22637
22647
22649
22598
22636
22599
22621
22635
22645
22647
22600
22614
22616
22618
22601
22602
22616
23357
22603
22615
24274
22604
22612
23893
24275
24279
22605
22609
23370
22606
22610
22612
22607
22608
22610
23912
22609
23368
23896
22610
23369
23893
23895
22611
23913
22612
23891
23893
23916
22613
22614
22648
22650
23891
24279
22615
22647
22616
22646
24273
24279
22617
22645
24272
22618
22622
23823
22619
22621
22620
22621
22625
22622
22634
22623
22645
23828
22624
22634
22644
23829
23843
22625
22631
23830
22626
22632
22634
22627
22628
22630
22632
23849
22629
23848
22630
23321
23847
22631
23836
23846
22632
23837
23843
23845
22633
23856
22634
22642
23843
23857
22635
22636
22642
22644
24285
22637
22641
22638
22640
22690
24285
22639
22657
22640
22692
22694
22641
22691
23880
24286
22642
23879
22643
24286
24293
22644
23843
24287
24294
25161
22645
24284
25156
22646
25145
22647
24280
24284
25146
22648
24285
22649
23890
24280
24290
22650
22654
22656
22690
22651
22653
22652
22656
22653
22655
23919
22654
23891
23918
22655
22689
23890
23935
22656
22688
23920
22657
22658
22688
22690
22692
22659
22661
22663
22660
22664
22661
22665
23929
22662
22688
23930
22663
22665
22685
22687
23931
22664
22668
22692
22665
22667
22666
23928
22667
22683
22685
24313
22668
22682
22669
22681
22685
22693
22670
22680
22694
22671
22677
22679
22695
22672
22674
22676
22696
22673
22697
22674
22703
22715
22675
22679
22716
23876
22676
22678
22717
22677
22678
22679
24325
22680
23877
24324
22681
23882
24323
22682
22684
23883
24322
22683
24331
22684
24318
25213
22685
24319
24321
25194
22686
24312
22687
22693
23886
24311
25194
22688
22692
23887
23932
22689
23933
22690
23887
23889
23934
22691
24290
22692
23885
23887
24289
22693
22694
23883
23885
22695
23880
23882
22696
23877
23879
22697
22700
23876
22698
22699
22703
22700
22702
23856
22701
23857
23879
22702
23858
23874
23876
23878
22703
23855
23873
22704
22714
23876
22705
22706
22708
22712
22714
22707
22711
22708
22710
23864
22709
23865
23873
22710
22712
23866
24374
24376
22711
23867
24377
22712
24378
22713
24379
22714
22720
24372
24374
25313
22715
23873
23875
22716
22720
22717
22719
23875
24324
22718
24325
22719
24326
24361
22720
24327
24370
24372
22721
22722
24362
24368
24370
25313
22723
24367
24379
22724
24366
24378
22725
22748
22750
22726
22732
22734
22751
22727
22731
22752
22728
22734
22729
22731
22733
22736
22730
22737
22731
22738
22756
22732
22739
22757
22733
22746
22748
22758
22734
22735
22736
22744
22746
22737
22739
22743
22738
22742
22739
22741
22796
22740
22746
22797
22741
22743
22745
22798
24416
22742
22799
24413
22743
24414
22744
24415
22745
24422
22746
24399
24423
24425
22747
24396
22748
24397
24425
24427
22749
24366
22750
22758
22762
24381
24397
22751
22761
24378
22752
22758
22760
22753
22757
22754
22760
22766
22755
22757
22759
22767
22794
22756
22768
22795
22757
22796
22758
22797
22759
24396
22760
22762
22792
24395
22761
22765
22762
22764
24377
22763
24382
24394
22764
22788
22792
24391
24393
22765
22787
24386
22766
22786
22792
22767
22768
22784
22792
22793
22769
22770
22782
22793
22795
22803
22771
22777
22772
22776
22795
22773
22775
22774
22775
22826
22776
22778
22825
22777
22800
22844
22778
22780
22803
22805
22779
22806
22780
22819
24699
22781
22820
24704
22782
22803
24405
24407
24705
22783
24706
22784
22790
22793
24405
24741
22785
24712
22786
22788
22790
22792
24813
22787
24808
22788
24387
24807
22789
24390
24806
22790
24393
24803
24805
25363
22791
24404
24814
22792
22793
24393
24395
24403
22794
22802
22795
22797
22801
24395
22796
22800
22797
22799
22798
24396
22799
22801
24399
24569
22800
24412
22801
22803
24411
22802
24400
24570
22803
24403
24405
24591
22804
22805
24407
24409
24411
24591
22806
22820
22844
22846
22807
22819
22823
22825
22808
22816
22818
22809
22811
22815
22825
22810
22814
22811
22813
22812
22826
22813
22815
22841
22853
22814
22852
22815
22851
22816
22824
22850
22817
22823
22849
22818
22822
22860
22862
24750
22819
24749
22820
22822
24784
22821
24407
24785
22822
22846
24408
24786
24790
22823
24783
24789
22824
22846
22848
22825
22841
22845
24577
22826
22844
22827
22841
22843
22828
22832
22829
22831
22843
24413
22830
24414
22831
22835
24419
22832
22834
22842
24418
22833
22841
22834
22838
22840
22835
22837
24551
24575
22836
24550
22837
24507
24555
22838
24510
24554
24580
22839
24509
22840
22854
24578
24580
24608
22841
22853
24575
24577
22842
22843
22845
24573
24575
22844
24412
22845
24411
22846
24410
24576
22847
24409
22848
24576
24790
24794
24796
22849
24577
24789
24793
22850
22858
22860
22851
22853
22857
24577
22852
22856
22853
22855
22854
22855
22857
24609
22856
24610
22857
24611
22858
24578
24612
22859
24793
25648
22860
24662
24766
24792
25647
22861
24765
24789
22862
24662
24664
22863
22864
23122
24664
24666
24750
22865
23121
24667
24749
22866
23094
24668
24698
22867
23093
24669
24695
22868
23086
24670
24674
22869
23085
24671
24673
22870
22982
22984
22871
22979
22981
22872
22876
22878
22873
22875
22874
22878
22880
22875
22877
22973
23055
22876
23056
22877
22981
23059
22878
22974
22980
23060
22879
22979
22880
22974
22976
22978
22881
22971
22973
22882
22892
22894
22883
22889
22891
22884
22886
22888
22885
22886
22998
22887
22891
22997
22888
22890
22902
23002
22889
22897
22890
22894
22896
22891
22893
22925
23003
22892
22996
22893
22973
22995
22894
22926
22972
23008
22895
22971
22896
22926
22928
22970
22897
22923
22925
22898
22902
22904
22899
22901
22900
22904
22906
22901
22903
22917
23013
22902
23012
22903
22925
23011
22904
22918
22924
23018
22905
22923
22906
22918
22920
22922
22907
22915
22917
22908
22912
22914
22909
22911
22910
22914
22911
22913
22941
22957
22912
22940
22913
22917
22939
22914
22916
22950
22958
22915
22916
22920
22917
22919
22959
23165
22918
22938
22919
22933
22937
22920
22932
22960
23220
22921
22961
22922
22930
22932
22962
22923
22929
22933
22924
22928
22925
22927
22933
23019
22926
23010
22927
23009
23027
22928
22934
23024
23026
22929
22969
22930
22934
22968
22931
22965
22967
22932
22934
22964
23034
23680
22933
22963
23221
22934
22936
22935
23033
22936
23024
23678
23680
23682
22937
23019
23221
23223
22938
23018
23220
23224
22939
23013
23165
23167
22940
22950
23168
22941
22947
22942
22948
22950
22952
22943
22953
22944
22946
22948
23178
23214
22945
23173
23213
22946
23172
22947
23171
22948
23168
23170
22949
23179
23215
22950
23166
23168
23208
23216
22951
23165
22952
22958
23164
23216
22953
22957
23215
22954
22956
23214
22955
23213
22956
22957
22958
22959
22960
23164
22961
22963
23163
22962
22963
22965
22964
23162
22965
23159
23161
22966
22967
23157
23159
22968
23034
23036
22969
23033
23037
22970
23026
23030
22971
23027
23029
22972
22976
22973
22975
23027
23051
22974
22994
22975
22989
22993
22976
22988
23028
23064
22977
23029
22978
22986
22988
23040
22979
22985
22989
22980
22984
22981
22983
22989
23069
22982
23070
22983
23073
24673
22984
22990
23074
24672
22985
24671
22986
22990
24678
22987
23045
23081
22988
22990
23046
23078
23080
22989
23041
23065
22990
22992
22991
24677
22992
23074
23076
23078
24684
22993
23065
23067
23069
22994
23060
23062
23064
22995
23051
23053
23055
22996
23006
23008
22997
23003
23005
22998
23000
23002
22999
23000
23232
23001
23005
23233
23002
23004
23016
23234
23003
23011
23004
23008
23010
23005
23007
23021
23245
23006
23246
23007
23053
23253
23008
23022
23052
23254
23009
23051
23010
23022
23024
23050
23011
23019
23021
23012
23016
23018
23013
23015
23014
23018
23015
23017
23167
23227
23016
23228
23017
23021
23645
23018
23020
23224
23644
23019
23020
23024
23021
23023
23223
23657
23022
23656
23023
23661
23673
23024
23660
23674
23682
23025
23026
23050
23674
23676
23678
23027
23031
23033
23028
23050
23029
23031
23041
23049
23030
23040
23031
23037
23039
23032
23042
23676
23033
23035
23037
23677
24123
23034
23678
23035
23159
23679
23036
23158
24116
24118
23037
23157
24119
23038
23039
24119
24121
24123
23040
23042
23044
23041
23045
23042
23046
23048
23043
24123
24125
23044
23046
24122
24866
24930
23045
24121
24927
23046
24928
23047
24929
23048
23078
24864
24866
24936
23049
23065
24125
24127
23050
23064
23676
24128
23051
23673
23052
23064
23053
23063
23293
23673
23054
23062
23274
23055
23057
23061
23275
23056
23060
23057
23059
23058
23276
23059
23061
23071
23281
23060
23070
23061
23069
23062
23068
23280
23063
23067
23291
23064
23066
23292
24128
23065
23066
23078
23067
23077
24127
24145
23068
23076
23304
23069
23071
23075
23305
23070
23074
23071
23073
23072
23306
23073
23075
23311
24687
23074
24686
23075
24685
23076
23310
24688
23077
24149
24717
23078
24148
24718
24864
23079
23080
24682
24684
24718
24936
23081
24677
24681
24929
23082
24678
24680
24928
23083
23089
23101
23084
23088
24678
23085
23087
24671
23086
23087
23093
23088
23092
24670
23089
23091
24679
23090
23100
24680
23091
23097
23099
24725
23092
23096
24724
23093
23095
24669
23094
23095
23121
23096
23120
24668
23097
23119
24729
23098
23118
24728
23099
23111
23117
24967
23100
23110
24962
23101
23103
24933
23102
24928
23103
23105
24927
23104
23110
24932
23105
23107
23109
24947
23106
24926
23107
23153
24925
23108
23152
24948
23109
23113
23151
24959
23110
23112
24960
23111
24961
23112
23116
24966
23113
23115
24981
23114
23150
24982
23115
23139
23149
25540
23116
23138
25539
23117
23137
25524
23118
23136
25523
23119
23125
24755
23120
23124
24754
23121
23123
24667
23122
23123
23129
23124
23128
24666
23125
23127
24759
23126
23136
24758
23127
23133
23135
24761
23128
23132
24760
23129
23131
24665
23130
24664
23131
24663
27238
23132
24768
27237
23133
24769
27236
23134
24770
27243
23135
23143
25562
27244
23136
23142
25557
23137
25528
23138
23142
25527
23139
23141
25544
23140
23148
25543
23141
23145
23147
25554
23142
23144
25555
23143
25556
23144
25561
27245
23145
25574
27262
23146
25575
27263
23147
27298
27300
23148
27301
23149
27302
23150
27303
23151
27304
23152
27305
23153
27306
23154
23155
24923
24925
27306
23156
24120
24870
23157
24119
24871
23158
23159
24871
24873
23160
23161
23679
24873
24875
23162
23680
24094
23163
23221
24093
23164
23218
23220
23165
23217
23166
23220
23167
23217
23219
23687
23168
23224
23226
23169
23170
23184
23206
23208
23226
23171
23179
23181
23183
23172
23176
23178
23173
23175
23174
23178
23212
23175
23177
23195
23510
23176
23194
23177
23181
23199
23178
23180
23198
23511
23179
23211
23180
23208
23210
23181
23201
23207
24081
23182
23200
23206
23183
23185
23187
23189
23184
23185
23227
23186
23206
23638
23642
23187
23229
23639
23188
23189
23639
23190
23200
23638
23191
23203
23633
23637
23192
23627
23193
23197
23199
23203
23707
23194
23196
23702
23195
23199
23196
23198
23513
23197
23514
23701
23198
23202
23698
23706
23199
23201
23512
23200
23201
23203
23205
23202
23694
24080
23203
23695
23697
23775
23204
23776
23205
23637
23695
23779
24071
23206
23638
23694
24072
23207
23689
23208
23688
23694
24082
23209
23687
23210
23216
24082
24084
23211
23215
24081
23212
23214
23511
23213
23510
23214
23215
23216
23217
23218
24084
23219
24085
24093
23220
23222
23224
23686
23221
23222
23680
23223
23681
23685
24093
23224
23682
23684
23225
23226
23644
23684
23686
23690
23227
23687
23689
23228
23642
23644
23229
23645
23230
23640
23642
23646
23231
23235
23239
23232
23236
23238
23233
23234
23236
23246
23235
23245
23645
23236
23242
23244
23646
23237
23257
23238
23242
23258
23239
23240
23242
23640
23241
23651
23807
23242
23266
23652
23816
23243
23647
23244
23258
23266
23268
23654
23245
23255
23257
23655
23246
23254
23656
23247
23253
23257
23248
23252
23249
23251
23257
23259
23250
23260
23251
23261
23277
23252
23256
23262
23278
23253
23275
23254
23256
23274
23255
23293
23661
23256
23268
23294
23662
23257
23269
23273
23258
23259
23265
23269
23260
23262
23264
23261
23262
23284
23263
23269
23285
23264
23270
23286
23834
23265
23833
23266
23270
24048
23267
23653
24047
23268
23270
23298
23668
24052
23269
23297
23663
23270
23272
23271
24051
23272
23286
23298
23300
24166
23273
23285
23289
23297
23274
23278
23290
23294
23275
23291
23293
23276
23278
23280
23277
23281
23278
23282
23284
23279
23285
23280
23282
23288
23290
23308
23281
23291
23305
23282
23306
23283
23307
23284
23288
23314
23318
23285
23286
23288
23287
24159
23288
23300
23316
23318
24158
23289
23315
23290
23296
23300
23302
23291
23295
23303
23292
23304
23293
23295
24129
24145
23294
23672
23295
23297
23671
23296
24134
24146
23297
23299
24135
24175
23298
23670
23299
23669
24167
23300
24140
24170
24174
23301
24171
23302
23316
24172
24174
24178
23303
23315
24151
24175
23304
23308
24146
24150
23305
24145
24149
23306
23308
23310
23307
23311
23308
23312
23314
23309
23315
23310
23312
24150
24152
24710
23311
24149
24709
23312
24708
23313
24711
23314
24152
24154
24808
23315
23317
23316
24152
23317
24153
24157
23318
24154
24156
23319
23320
23852
24156
24158
24162
23321
23847
24159
24161
23322
23834
23836
23323
23831
23833
23324
23812
23814
23325
23809
23811
23326
23330
23332
23327
23329
23328
23332
23334
23329
23331
23341
23349
23330
23350
23331
23355
23811
23332
23346
23354
23810
23333
23809
23334
23344
23346
23808
23335
23341
23343
23336
23340
23337
23339
23343
23628
23338
23399
23339
23630
23340
23342
23384
23629
23341
23342
23346
23348
23343
23345
23385
23631
23344
23632
23345
23803
23807
23346
23391
23804
23806
23347
23819
23348
23354
23389
23391
23820
23349
23385
23387
23350
23352
23354
23351
23355
23352
23356
23358
23353
23359
23387
23354
23356
23376
23389
23824
23355
23821
23356
23822
23357
23823
23358
23376
24272
24274
23359
23361
23360
23376
23378
23361
23371
23375
23741
23362
23370
24274
23363
23364
23368
23370
23365
23367
23371
23739
23366
23734
23367
23735
25127
23368
23372
23738
25128
23369
23942
23370
23372
23941
24276
23371
24275
23372
23374
23740
23373
23751
25133
23374
23752
24276
25134
25150
23375
23747
24275
25149
23376
23746
24274
25142
23377
24271
23378
23389
23744
23746
24270
23379
23387
23741
23743
23380
23388
23726
23730
23381
23727
23729
23382
23388
23383
23622
23727
23384
23386
23388
23716
23726
23385
23394
23386
23391
23393
23387
23390
23717
23743
23388
23389
23390
24039
23391
23722
23744
24038
23392
24037
23393
23720
23722
23804
24036
23394
23631
23717
23719
23395
23625
23629
23716
23396
23622
23624
23630
23397
23559
23561
23398
23402
23630
23399
23400
23628
23630
23401
23627
23702
23402
23624
23626
23630
23703
23403
23411
23559
23404
23558
23405
23407
23411
23413
23406
23410
23407
23409
23517
23408
23552
25027
23409
23411
23553
23704
25026
23410
23516
23701
23411
23702
23412
23703
23413
23553
23555
23559
23710
23414
23552
23556
23558
23415
23416
23550
23556
23586
23417
23581
23418
23544
23550
23582
23419
23523
23420
23542
23582
23421
23423
23455
23541
23583
23422
23450
23540
23423
23425
23424
23580
23425
23453
23455
23579
23426
23450
23452
23427
23447
23449
23428
23446
23429
23449
23459
23430
23446
23448
23991
25071
23431
23443
25072
23432
23444
23446
23433
23434
23442
23444
23435
23441
23436
23440
23437
23439
23438
23439
23440
23441
23442
23443
23444
23991
23445
23446
23989
23991
23447
23448
23452
23989
23449
23451
23990
25070
23450
23458
23451
23455
23457
23452
23454
23992
25069
23453
23988
23454
23987
24000
23455
23993
23995
25068
23456
23996
23457
23541
25066
25068
23458
23540
25069
23459
23539
25070
23460
23538
25071
23461
23537
25072
23462
23536
25073
23463
23535
25074
23464
23534
25075
23465
23533
23466
23478
23467
23477
23468
23474
23469
23473
23470
23471
23473
23472
23473
23475
23474
23475
23477
23476
23477
23479
23478
23479
23533
23480
23532
23481
23482
23484
23532
23483
23484
23486
23485
23531
23486
23488
23530
23487
23488
23490
23489
23529
23490
23492
23528
23491
23492
23494
23493
23527
23494
23524
23526
23495
23496
23522
23524
23497
23521
23498
23520
23499
23501
23500
23501
23503
23502
23520
23503
23505
23519
23504
23505
23507
23506
23518
23507
23515
23517
23508
23509
23513
23515
23510
23511
23513
23512
24081
23513
23698
24080
23514
23515
23698
23700
23516
23517
23700
25026
23518
25027
23519
23547
23520
23546
23521
23522
23546
23523
23545
23524
23542
23544
23525
23526
23540
23542
23527
23539
23528
23538
23529
23537
23530
23536
23531
23535
23532
23534
23533
23534
23535
23536
23537
23538
23539
23540
23541
23542
25065
23543
23544
23582
25063
25065
23545
23549
23546
23548
23547
23548
25027
23549
25028
23550
25029
25063
23551
23585
23552
23554
23556
23598
25029
23553
25028
23554
23711
25031
23555
23597
23712
25030
23556
23560
23596
23713
23557
23589
23558
23560
23590
23559
23560
23624
23561
23595
23623
23562
23622
23563
23593
23595
23621
23564
23590
23592
23565
23569
23566
23568
23586
23590
23567
23581
23568
23572
23580
23569
23577
23587
23591
23570
23592
23571
23575
23577
23605
23572
23574
23573
23577
23579
23574
23576
23983
24000
23575
23982
23576
23616
23981
23577
23615
23984
23999
23578
23604
23579
23587
23603
23997
23999
23580
23996
24000
23581
23583
23587
23582
23586
23583
23585
23584
23996
25065
23585
23587
23599
23997
25064
23586
23598
25063
23587
23589
23588
23589
23591
23599
23601
23603
23590
23596
23598
23591
23595
23592
23594
23604
23593
23605
23594
23612
23620
23595
23601
23613
23760
23596
23761
23597
23601
23764
23598
23600
23765
25061
23599
25062
23600
24003
25079
23601
23766
24004
25080
23602
23767
23603
23613
24004
24006
24008
23604
24001
24003
23605
23613
23615
23606
23612
23616
23607
23611
23608
23610
23616
23973
23609
23974
23610
23735
23977
23611
23617
23736
23978
23612
23733
23613
23617
23619
23614
24009
23615
23617
24006
24010
25105
23616
24001
25106
23617
23980
23618
23979
23619
23736
23756
24010
25124
23620
23733
23757
24009
23621
23728
23758
23760
23622
23725
23727
23761
23623
23716
23624
23713
23715
23761
23625
23710
23626
23709
23715
23719
23627
23629
23634
23708
23628
23633
23707
23629
23632
23630
23631
23632
23634
23804
23633
23803
23634
23636
23776
23635
23719
23777
23636
23720
23778
23800
23804
23637
23779
23801
23803
23638
23650
23639
23641
23640
23641
23647
23651
23642
23648
23650
24072
23643
23689
23644
23646
23648
23658
23690
23645
23657
23646
23656
23647
23655
23648
23652
23654
23649
23665
24073
23650
23652
23666
24066
24074
23651
23801
24071
23652
23802
23653
24065
23654
23666
23668
24214
23655
23663
23665
23656
23658
23662
23657
23661
23658
23660
23684
23659
23665
24099
23660
23662
23664
24100
24132
23661
23683
24131
23662
23672
23663
23671
23664
23668
23670
23665
23667
24101
24137
23666
24102
23667
24105
24215
23668
24106
24138
24220
23669
24213
23670
24138
24140
24212
23671
24135
24137
23672
24132
24134
23673
24129
24131
23674
24128
23675
24113
24131
23676
24114
24126
24128
24130
23677
24125
23678
24114
24116
24124
23679
24113
23680
24112
24116
23681
23682
24094
24096
24112
23683
24113
23684
24096
24100
24888
23685
24099
23686
24092
24096
24098
23687
23691
24085
23688
24084
23689
23691
23693
24083
23690
24072
23691
24073
24099
23692
24086
24098
23693
24073
24075
24087
24103
23694
24072
24076
24078
23695
24079
23696
23780
24076
23697
24077
24079
25021
23698
24080
25022
23699
23700
23706
25022
25024
23701
25025
23702
23704
23706
23703
23707
23704
23708
23710
23705
23711
25025
23706
23708
23772
23774
25024
23707
23775
23708
23776
23709
23777
23710
23714
23772
23784
23711
23713
23712
23772
25032
23713
23765
23771
25033
23714
23764
23715
23763
23771
23785
23716
23718
23762
23717
23725
23718
23722
23724
23719
23721
23785
23791
23720
23784
23721
23783
23799
23722
23788
23796
23798
23723
24035
23724
23744
23794
23796
24034
23725
23743
23791
23793
23726
23758
23762
23727
23731
23743
23728
23729
23731
23733
23730
23734
23731
23739
23741
23732
23742
23758
23733
23737
23739
23749
23757
23734
23736
23735
23739
23736
23738
25126
23737
25125
23738
23750
23756
25130
23739
23751
25129
23740
23741
23747
23749
23751
23742
23746
23743
23745
23749
23793
23744
23745
24269
23746
23748
23794
25140
23747
25141
23748
23752
26948
23749
23753
24031
25139
23750
24030
23751
23753
23755
25131
23752
25132
23753
25135
26947
23754
25136
25138
23755
24031
25100
25121
27043
23756
24030
25101
25122
23757
24011
25123
23758
24012
24030
23759
23793
23760
23762
23768
23792
24012
23761
23767
24009
23762
23764
23763
23791
23764
23768
23770
23790
23765
23767
23766
23770
25060
23767
23769
24015
25086
23768
24008
23769
24013
24021
23770
24014
24022
25087
23771
24023
25059
23772
23786
25034
23773
25035
23774
23782
23784
23786
25036
23775
23777
23781
25023
23776
23780
25022
23777
23779
23778
23784
23779
23781
23783
24069
23780
24070
23781
24225
25021
23782
24226
25040
23783
23787
24229
25039
23784
23788
24230
23785
23786
23788
23790
23787
24023
25037
23788
24024
24232
25038
23789
24231
23790
23796
24024
24026
24262
23791
24021
24023
23792
23796
23793
23795
24021
24029
23794
24030
23795
24031
24033
23796
24026
24028
24264
23797
23798
24034
24262
24264
24266
23799
24035
24231
24237
23800
24036
24230
24236
23801
23805
24067
24069
23802
24066
24070
23803
23805
23807
24065
23804
23805
23806
24036
24064
23807
23817
23819
24037
23808
23816
23809
23815
23819
23810
23814
23811
23813
23819
23821
23812
23822
23813
23827
23831
23814
23818
23826
23832
23815
23833
23816
23818
24048
23817
24047
24065
23818
24042
24046
24064
23819
24041
24049
23820
23821
24037
24039
24041
23822
23824
23826
23823
23827
23824
23828
24272
23825
24039
24271
23826
23828
23840
24040
25144
23827
23839
24041
23828
23830
23829
25145
23830
23840
23842
25156
23831
23837
23839
23832
23836
23833
23835
23839
24049
23834
24048
23835
24051
24159
23836
23838
24050
24160
23837
24161
23838
23842
24188
23839
23841
24055
24189
23840
24056
23841
24057
25157
23842
24058
24190
25160
23843
24191
25161
23844
23845
23857
23859
24191
24294
23846
23854
23856
24188
23847
23849
23853
24161
23848
23852
23849
23851
23850
23856
23851
23853
23855
23865
23852
23864
23853
23863
23854
23862
24162
23855
23859
23861
24187
23856
23858
23872
23857
23858
24293
23859
24298
25294
23860
24192
24297
23861
25294
25296
25298
26997
23862
23870
23872
24186
23863
23865
23869
24183
23864
23868
24156
23865
23867
23866
23872
23867
23869
23871
24385
23868
24386
23869
24155
24387
23870
24184
24388
23871
24185
25296
25306
23872
24374
25295
25305
23873
25294
23874
24374
23875
24373
25199
25294
23876
24372
25198
23877
23878
23882
25198
23879
23881
24298
25199
23880
24293
23881
23885
24292
23882
23884
24299
25200
23883
25197
23884
25194
25196
23885
24300
25193
25207
23886
24291
23887
24310
25187
25193
23888
24309
23889
24289
24304
24308
25187
23890
24282
24290
24307
23891
23936
24281
23892
23917
23893
23938
24277
24279
24281
23894
24276
23895
23916
23938
23940
23896
23913
23941
23897
23912
23942
23898
23909
23943
23899
23907
23944
23900
23908
23945
23901
23946
23902
23904
23908
23903
23904
23905
23906
23908
23907
23910
23908
23909
23910
23912
23911
23912
23914
23913
23914
23916
23915
23916
23918
23917
23918
23936
23938
23919
23935
23920
23921
23933
23935
23922
23930
23923
23929
23924
23925
23927
23929
23926
23927
24315
23928
24314
23929
23931
24313
23930
23931
23933
23932
24312
23933
24309
24311
23934
23935
24307
24309
23936
23937
24307
23938
24281
24306
26943
23939
23940
24277
26943
26945
23941
24276
25134
23942
25133
23943
25128
23944
25127
23945
23976
23946
23975
23947
23970
23948
23969
23949
23964
23950
23963
23951
23960
23952
23959
23953
23955
23954
23955
23957
23956
23959
23957
23958
23959
23961
23960
23961
23963
23962
23963
23965
23964
23965
23969
23966
23968
23967
23968
23972
23982
23969
23971
23970
23971
23975
23972
23974
23973
23981
23974
23978
23980
23975
23977
23976
23977
25127
23978
25126
23979
25125
23980
25105
25124
23981
25106
23982
23984
23983
23984
23986
23985
25106
23986
23999
25107
25109
23987
23994
24000
23988
23993
23989
23992
23990
23991
23992
23993
23994
23995
25109
23996
23998
24000
25067
23997
25066
23998
24003
25077
23999
24002
25076
25109
24000
24001
24002
24006
25107
24003
24005
25083
25108
24004
25078
24005
24015
25081
24006
24016
25082
25110
24007
25111
24008
24010
24016
24018
25112
24009
24013
24015
24010
24012
24011
25104
24012
24018
25101
25103
24013
24029
24014
24018
24020
24015
24017
25088
25096
24016
25085
24017
25084
25113
24018
25089
25097
25114
24019
25115
24020
25097
25099
25101
25116
24021
24027
24029
25096
24022
24026
24023
24025
25092
25096
24024
25058
24025
24261
25057
24026
25093
25095
27050
24027
24263
24028
25095
25099
27048
24029
24031
25100
27041
24030
25101
24031
24032
24033
25139
27039
27041
27043
24034
24264
25140
27038
24035
24267
24269
24036
24038
24062
24037
24063
24038
24042
24039
24043
24269
24040
24270
24041
24043
24057
26951
24042
24056
24043
24045
24063
24044
24062
24268
24045
24057
24059
24061
26953
24046
24054
24056
24240
24047
24049
24053
24217
24048
24052
24214
24049
24051
24050
24056
24051
24053
24055
24165
24052
24166
24053
24167
24213
24054
24168
24218
24055
24059
24197
24241
24056
24058
24196
24057
24058
26952
24059
24199
26963
24060
24198
26964
24061
24241
24243
27033
27118
24062
24238
24240
27034
24063
24237
24267
24064
24236
24240
24065
24067
24217
24066
24214
24067
24215
24223
24068
24216
24236
24069
24223
24227
24235
24247
24070
24226
24230
24071
24223
24225
24072
24074
24076
24073
24074
24102
24075
24105
24223
24076
24088
24104
24224
24077
24225
24078
24088
25020
24079
24083
24087
24080
24082
24081
24082
24083
24084
24086
24085
24086
24092
24087
24091
24088
24090
24089
25019
24090
24104
24880
25018
24091
24103
24879
24092
24098
24878
24093
24095
24094
24095
24875
24096
24876
24878
24097
24111
24098
24100
24108
24110
24878
24099
24103
24100
24102
24101
24889
24102
24106
24108
24894
24103
24105
24104
24108
24105
24107
24249
24106
24222
24107
24221
24895
24108
24250
24880
24896
24109
24879
24110
24882
24892
24894
24896
24111
24877
24889
24891
24112
24876
24886
24888
24113
24115
24875
24114
24888
24115
24887
24903
24116
24874
24886
24904
24117
24873
24118
24124
24868
24872
24904
24119
24123
24869
24871
24120
24121
24869
24925
24122
24926
24123
24867
24869
24945
24124
24125
24867
24903
24126
24866
24127
24865
24903
24909
24128
24144
24864
24129
24130
24134
24144
24131
24133
24887
24909
24132
24888
24133
24137
24889
24134
24136
24890
24910
24135
24143
24136
24140
24142
24137
24139
24893
25003
24138
24894
24139
24895
27104
24140
24898
25004
27109
24141
24211
24142
24174
24210
24860
25004
24143
24175
24861
25003
24144
24146
24862
24910
24145
24863
24909
24146
24148
24147
24175
24148
24150
24176
24832
24862
24149
24833
24863
24150
24716
24151
24831
24152
24176
24178
24838
24153
24809
24154
24178
24180
24810
24155
24807
24156
24180
24184
27145
24157
24183
24158
24172
24180
24182
24159
24163
24171
24160
24166
24161
24163
24165
24189
24162
24188
24163
24183
24187
24164
24182
24194
24165
24169
24171
24195
24205
24166
24168
24196
24167
24171
24168
24170
24212
24169
24197
27106
24170
24202
24204
27107
24171
24173
24211
24172
24173
24179
24205
24174
24204
24208
24210
24175
24177
24176
24177
24837
24861
24178
24208
24840
24860
24179
24839
24180
24206
24208
27143
24181
27144
24182
24184
24206
27000
27147
24183
24205
26995
24184
24186
24185
27146
24186
26998
27000
27153
24187
26995
26997
24188
24192
24194
24189
24191
24190
24194
24196
24191
24193
24199
25173
24192
25172
24193
25177
26997
24194
24200
25176
26996
24195
26995
24196
24200
24202
26994
24197
24199
24198
24202
27117
24199
24201
26975
27118
24200
26974
24201
26979
26993
24202
26978
26992
27123
24203
27122
24204
26992
26994
27002
27125
24205
24207
27126
24206
26994
24207
27001
27162
24208
27002
27131
27163
24209
27142
24210
24860
27129
27131
27141
24211
27126
27128
24212
27107
27109
24213
27104
27106
24214
24218
24220
24215
24217
24216
24220
24222
24217
24219
24239
24247
24218
24240
24219
24241
27106
24220
24242
24252
27105
24221
27104
24222
24250
24252
27103
24223
24247
24249
24224
24225
24227
24249
25019
24226
25020
24227
24229
25041
24228
24248
25042
24229
24233
24235
24255
25043
24230
24232
25044
24231
24235
24232
24234
24262
24233
24261
25045
24234
24256
24260
25046
24235
24237
24245
27053
24236
24246
24237
24239
24238
24266
24239
24243
24245
27035
24240
24242
24246
24241
24242
27117
24243
24253
27116
24244
27060
27119
24245
24253
24257
27059
28775
24246
24256
27054
24247
24253
24255
24248
24252
24249
24251
24255
25049
24250
25018
24251
25017
27102
24252
24254
25050
27101
24253
27114
24254
27115
24255
24257
25051
27100
24256
25048
24257
24259
25047
24258
25052
27099
24259
25053
27057
27059
27098
24260
25054
27054
27056
24261
25055
27051
27053
24262
25056
27050
24263
27053
24264
27048
27050
27052
24265
27041
24266
27036
27038
27040
27052
24267
27035
27053
24268
27034
27038
24269
26951
26953
26955
24270
25140
24271
25141
26951
24272
25142
25144
24273
25145
24274
24278
25142
25146
24275
24276
24278
24277
24278
25150
25152
24279
25147
25149
24280
24281
24283
25147
24282
25152
24283
24304
24306
25153
24284
24288
24290
25154
24285
24287
25155
24286
24290
24287
24289
24292
24288
24295
25162
24289
24302
24304
25163
24290
24291
24292
24300
24302
25187
24293
24295
24299
24294
24298
24295
24297
25172
24296
24302
25171
24297
24299
24301
25178
25299
24298
25177
25298
24299
25293
24300
25292
24301
25186
25291
24302
25179
25185
25337
24303
25170
24304
25169
25185
25187
25189
24305
25168
24306
24308
25189
26941
24307
26942
24308
24309
25188
24310
24311
25188
25192
24312
25285
24313
24319
24314
24318
24315
24317
24316
24317
25216
24318
25215
24319
25214
24320
25285
24321
25214
25282
25284
24322
25195
25211
25213
24323
24329
24331
25196
24324
24328
25197
24325
24327
25198
24326
24327
25234
24328
25203
25235
24329
25204
25236
24330
25205
25211
25243
24331
24335
25212
25232
24332
25213
24333
24335
24334
25213
25215
24335
25212
25218
25230
25280
24336
24337
25220
25228
25230
25232
24338
25221
25225
25233
24339
25222
25224
25234
24340
24342
24359
24361
24341
24358
24362
24342
24345
24343
24344
25222
24345
24359
25223
25261
24346
24356
24358
24347
24348
24350
24354
24356
24349
24353
24350
24352
24428
24351
24357
24429
24352
24354
24432
24450
25258
24353
24433
24435
24354
24436
24355
24451
24356
24454
25258
25262
24357
25261
24358
25252
25258
25260
24359
24363
24360
25224
25260
24361
24363
24369
25239
25251
24362
24370
25234
24363
24364
24368
25252
24365
24367
24429
24366
24428
24367
24381
24427
24368
24380
24430
24369
25253
25312
24370
25238
25254
25314
24371
25235
24372
25313
25314
25316
25318
24373
25203
24374
25202
25295
25316
24375
24376
25305
25311
25313
25316
24377
24379
24383
24385
24378
24382
24386
24379
24381
24380
25313
24381
24383
25312
25355
24382
25354
24383
24391
25353
24384
25311
25352
24385
24389
24391
25310
25351
24386
24388
25305
24387
24391
24388
24390
27145
24389
25306
27146
24390
25309
25364
27151
24391
25363
27150
24392
24393
25351
25353
25361
25363
24394
24402
24395
24397
24401
25353
24396
24400
24397
24399
24398
25354
24399
24401
24425
24567
25357
24400
24568
24401
24403
24593
24402
24594
25358
24403
24803
25361
25486
24404
24592
24405
24801
24803
24819
24406
24742
24407
24591
24799
24801
24821
24408
24822
24409
24797
24799
24823
24410
24590
24796
24411
24571
24573
24583
24412
24570
24413
24569
24573
24414
24416
24418
24415
24419
24416
24420
24422
24417
24423
24569
24418
24420
24552
24560
24572
24419
24551
24573
24420
24550
24421
24549
24422
24548
24560
24423
24424
24560
24568
24425
24561
24567
25383
24426
24427
24431
24433
25357
25383
24428
24430
25354
24429
24433
24430
24432
25252
24431
25253
25355
24432
25256
25356
25384
24433
25257
25385
24434
24435
25383
25385
25387
24436
24448
24450
24437
24447
24451
24438
24440
24439
24451
24455
24440
24442
24452
24458
24441
24447
24442
24444
24446
24443
24459
24465
24444
24462
25887
25911
24445
25886
24446
25445
25885
25911
24447
24465
24467
24448
24452
24449
24467
25387
24450
24452
24466
25386
25398
24451
25385
25393
24452
24454
24453
24465
24454
24458
24464
25396
25398
24455
25393
25395
24456
24458
24457
25395
25415
24458
24460
25396
25418
24459
24460
24462
24464
24461
25419
25969
24462
25422
25942
25968
24463
25941
24464
25443
25911
25940
25968
24465
25442
25969
24466
25911
24467
25442
25444
25450
24468
25445
25447
24469
24545
24547
24470
24544
24548
24471
24473
24475
24549
24472
24550
24473
24537
24555
24474
24538
24544
24556
24475
24477
24476
24478
24538
24540
24542
24479
24535
24537
24480
24506
24534
24481
24482
24502
24504
24534
24483
24495
24484
24496
24504
24485
24489
24491
24513
24517
24486
24488
24508
24487
24491
24488
24490
24610
24489
24509
24609
24490
24512
24518
25661
24491
24519
25662
24492
24493
24517
24519
24521
24494
24496
24498
24495
24499
24496
24500
24502
24497
24503
24517
24498
24500
24522
24530
25683
24499
24521
25680
24500
25681
24501
25682
24502
24530
25689
25693
24503
24533
24504
24516
24530
24532
24505
24513
24506
24514
24532
24534
24536
24507
24537
24508
24510
24514
25705
24509
24513
24510
24512
24608
24511
24607
25706
24512
24514
24526
25711
25721
24513
24525
25660
24514
24516
24515
25704
24516
24526
24528
24532
25703
24517
24525
24529
24518
24522
24519
24523
24525
25666
24520
25663
24521
24523
25668
25678
24522
25679
24523
24529
25734
24524
25667
25733
24525
24527
24529
25728
25740
24526
25723
24527
25712
25722
24528
25717
25729
25743
24529
24531
25702
25742
24530
25741
24531
25690
24532
25691
25693
25701
24533
25696
24534
25693
25695
24535
24536
24540
25695
24537
24539
25696
25704
24538
25705
24539
24543
25708
24540
25697
25709
25845
24541
25698
24542
25845
25861
24543
24544
25841
25843
25845
24545
24557
24546
25445
25843
24547
24557
24563
25446
25842
24548
24562
25447
24549
24557
24559
24550
24552
24556
24551
24555
24552
24554
24574
24553
24559
24585
24554
24556
24558
24586
25707
24555
24581
25706
24556
25705
24557
25708
24558
25841
24559
24563
24603
25840
24560
24562
24598
24561
24597
24562
24566
25388
24563
24565
25448
24564
25453
25849
24565
24601
24603
25454
25850
24566
24598
24600
25455
24567
24595
24597
25456
24568
24594
25382
24569
24593
24597
24570
24572
24571
24591
24593
24572
24584
24590
24596
24573
24585
24597
24574
24575
24581
24583
24585
24576
24580
24577
24579
24583
24578
24579
24793
25656
24580
24582
24794
25657
24581
24607
24582
24586
24606
24583
24587
24795
25820
24584
24796
24585
24587
24589
24599
24586
24598
24587
24603
24605
24588
24602
25821
24589
24795
25618
25620
26543
24590
24796
24798
25489
24591
24799
25488
24592
24593
24801
25486
25488
24594
24596
24595
25458
25486
24596
24600
25457
25487
24597
24599
25488
24598
24599
24603
24600
24602
25489
24601
25622
26651
24602
25621
25851
26650
24603
25620
25852
24604
24605
25838
25840
25850
25852
24606
25707
25821
25837
24607
25706
25720
25820
24608
25657
25721
24609
25656
25660
24610
24612
25661
24611
25662
24612
24614
25649
24613
25648
25656
24614
25651
25659
25661
25665
24615
25650
25662
25664
24616
24622
24617
24619
24621
25650
24618
25649
24619
24661
27238
24620
24660
27239
24621
24645
24659
27252
24622
24644
25673
24623
25664
24624
24642
24644
25669
24625
25668
24626
24640
24642
25677
24627
24631
25678
24628
24630
25679
24629
25680
24630
24634
25685
24631
24633
25736
24632
24640
25737
24633
24637
24639
25788
24634
24636
25789
24635
25754
24636
25757
26100
24637
25792
26099
24638
25793
26098
24639
24651
26076
26097
24640
24650
26071
24641
25806
24642
24648
24650
25807
24643
25676
24644
24646
24648
25675
24645
25674
24646
24658
27253
24647
24657
27274
24648
24654
24656
27275
24649
26068
24650
24652
24654
26069
24651
26070
24652
26075
26096
24653
26091
26095
24654
26090
26132
27283
24655
27282
24656
26069
26088
26090
27639
24657
26066
26068
27628
24658
25675
25811
27623
24659
25674
25812
27580
24660
25673
25813
27575
24661
25650
25652
27564
24662
25647
25649
27559
24663
24664
24766
24768
27559
24665
24765
24666
24760
24764
24768
24667
24751
24759
24668
24748
24754
24669
24697
24729
24670
24696
24724
24671
24675
24679
24672
24678
24673
24675
24677
24685
24674
24686
24675
24691
24695
24676
24690
24696
24677
24679
24681
24683
24723
24678
24684
24679
24680
24724
24681
24725
24933
24682
24726
24934
24683
24719
24733
24935
24684
24690
24720
24722
24685
24717
24686
24688
24690
24687
24691
24688
24692
24708
24689
24709
24717
24690
24692
24702
24714
24720
24691
24701
24692
24694
24693
24707
24694
24702
24704
24706
24695
24699
24701
24696
24698
24697
24701
24723
24698
24700
24730
24748
24699
24749
24700
24704
24784
24701
24703
24731
24747
24702
24722
24703
24721
24739
24704
24736
24744
24746
24705
24785
24706
24742
24744
24822
24707
24739
24741
24708
24712
24714
24709
24711
24710
24714
24716
24711
24713
24809
24831
24712
24808
24713
24741
24813
24714
24740
24812
24830
24715
24739
24716
24720
24738
24830
24834
24717
24831
24833
24718
24720
24719
24833
24939
24720
24734
24834
24940
24721
24722
24734
24736
24738
24723
24731
24733
24724
24726
24730
24725
24729
24726
24728
24962
24727
24733
24963
24728
24730
24732
24756
24968
24729
24755
24967
24730
24754
24731
24753
24732
24736
24776
24733
24735
24777
24969
24734
24970
24735
24847
24973
24736
24778
24848
24974
24737
24779
24738
24744
24828
24848
25595
24739
24829
24847
24740
24744
24741
24743
24815
24829
24742
24814
24743
24819
24821
24744
24818
24826
24828
24745
24746
24822
24824
24826
25595
24747
24779
24781
24785
24748
24776
24782
24784
24749
24751
24753
24750
24784
24751
24765
24783
24752
24764
24782
24753
24757
24759
24763
24775
24754
24756
24776
24755
24759
24756
24758
25523
24757
24777
25522
24758
24762
25513
25529
24759
24761
25528
24760
24761
24763
24769
24762
24770
25557
24763
24771
25514
25558
24764
24772
24774
24765
24767
25504
24766
24788
24767
25506
27558
24768
24772
25505
27561
24769
27560
24770
24772
27235
24771
25562
28383
24772
25515
25563
28382
24773
27234
24774
25505
25509
25515
27233
24775
25504
25510
25514
24776
24780
24782
25513
24777
24779
24778
25513
25521
24779
25512
25520
25594
24780
25595
24781
25510
25512
25596
24782
24786
24824
25503
24783
25504
24784
24786
24788
24785
24786
24822
24787
24823
24788
24790
25501
25503
25507
24789
25504
25506
24790
24792
24791
24797
24792
24794
25507
25617
25645
24793
25506
25646
24794
25655
24795
25818
24796
25617
25819
24797
24798
25501
25617
24799
25490
25500
25618
24800
25499
24801
25488
25490
25492
25498
24802
24820
24803
25486
25492
25494
25626
24804
25362
24805
24817
24819
25494
27176
24806
24814
24816
27171
24807
24811
24813
27150
24808
24810
27145
24809
24813
24810
24812
24838
24811
24839
27144
24812
24816
24842
27149
24813
24815
24843
24814
24815
24819
24816
24818
24844
24817
24853
27170
24818
24852
25495
27175
24819
24851
25496
24820
24821
25494
25496
25498
24822
24826
25499
24823
24824
25499
25501
24825
25502
25596
24826
25497
25499
25607
27219
24827
25496
24828
25595
25599
25601
25607
24829
24849
24851
24830
24844
24846
24831
24835
24843
24832
24838
24833
24835
24837
24993
24834
24992
24835
24847
24997
24836
24846
24998
24837
24841
24843
24845
24999
24838
24840
25000
24839
24843
24840
24842
27143
24841
24859
27142
24842
24854
24858
27165
24843
24853
27166
24844
24845
24851
24853
24846
24850
24854
27335
24847
24849
25588
24848
25587
24849
25592
25594
24850
25591
25599
24851
24855
25600
27334
24852
25601
24853
24855
25602
27204
24854
27169
24855
24857
27202
24856
25603
27203
24857
27334
27356
27370
28869
24858
27335
27357
27365
24859
24999
27338
27364
24860
25000
27141
27339
24861
25005
24862
25000
25002
24863
24911
24993
24864
24908
24992
24865
24939
24866
24906
24908
24938
24867
24937
24868
24906
24944
24869
24905
24921
24951
24870
24924
24871
24921
24923
24872
24873
24919
24921
24874
24875
24885
24919
24876
24877
24885
24878
24882
24884
24879
24880
24882
24881
25017
24882
24896
25014
25016
24883
24884
24892
25014
28940
24885
24891
28939
24886
24918
24887
24891
24915
24888
24890
24902
24889
24890
24894
24891
24893
24901
24892
24914
24893
24897
25009
24894
24898
24900
24895
24896
24898
27103
24897
27102
24898
25010
25014
27111
24899
27110
24900
25004
25006
25010
28784
24901
25003
25007
25009
24902
24910
24912
24914
24903
24907
24909
24915
24904
24906
24905
24915
24919
24906
24916
24920
24952
24907
24953
24908
24912
24916
24990
24909
24911
24991
24910
24911
25003
24912
24994
25002
24913
25007
27314
24914
24916
25008
27313
28938
24915
25009
28939
24916
24918
24917
27312
24918
24920
27311
28938
24919
28939
24920
24921
27310
24922
24923
24951
27308
27310
24924
27307
24925
24945
24949
24951
24926
24948
24927
24945
24947
24928
24930
24932
24929
24933
24930
24934
24936
24931
24937
24945
24932
24934
24942
24946
24964
24933
24947
24961
24934
24962
24935
24963
24936
24940
24942
24970
24937
24939
24938
24942
24944
24939
24941
24953
24991
24940
24992
24941
24973
24997
24942
24954
24972
24996
24943
24971
24944
24946
24950
24954
24978
24945
24951
24953
24946
24947
24949
24979
24948
24960
24949
24959
27306
24950
24958
27307
24951
24955
24957
27308
24952
24953
24955
27310
27312
24954
24990
24955
24987
24989
24956
27309
27317
24957
24985
24987
27318
30694
24958
24978
24984
30693
24959
24979
24983
30692
24960
24982
27305
24961
24979
24981
24962
24964
24966
24963
24967
24964
24968
24970
24965
24971
24979
24966
24968
24976
24980
25525
24967
24981
25524
24968
25523
24969
25522
24970
24974
24976
25521
24971
24973
24972
24976
24978
24973
24975
24987
25586
24974
25587
24975
25520
25592
24976
24986
25533
25585
24977
25532
24978
24980
24984
24986
25537
24979
24987
24980
24981
24983
25538
24982
25539
24983
25540
27304
24984
25541
30691
24985
25548
30696
24986
25549
27323
30695
24987
25536
25584
24988
24989
25584
25586
27318
27320
24990
24996
27315
27317
24991
27312
27314
24992
24994
24996
24993
24997
24994
24998
25000
24995
25001
27314
24996
24998
25589
27315
27337
24997
25586
24998
25587
24999
25588
25000
27335
27337
25001
25002
27337
27339
27341
25003
25005
25007
25004
25005
27128
25006
27129
27339
25007
25011
27340
28787
25008
27341
25009
25011
27342
28941
25010
28940
25011
25013
28783
25012
27343
28788
25013
28941
28943
28955
25014
28940
28956
25015
25016
27111
28956
28958
25017
27102
28959
25018
25050
25019
25049
25020
25042
25021
25041
25022
25040
25023
25024
25036
25040
25025
25035
25026
25032
25027
25031
25028
25029
25031
25030
25062
25031
25033
25061
25032
25033
25035
25034
25060
25035
25037
25059
25036
25037
25039
25038
25058
25039
25045
25057
25040
25044
25041
25042
25044
25043
25049
25044
25046
25048
25045
25046
25056
25047
25055
25048
25052
25054
25049
25051
25050
25051
28959
25052
28960
25053
28961
25054
27087
32015
25055
27086
25056
27081
25057
27080
25058
25093
25059
25092
25060
25087
25061
25086
25062
25080
25063
25079
25064
25065
25077
25079
25066
25067
25077
25068
25076
25069
25070
25071
25072
25073
25074
25075
25077
25083
25078
25079
25081
25083
25080
25081
25086
25082
25085
25083
25084
25085
25089
25086
25088
25087
25088
25092
25089
25091
25090
25091
25097
27078
25092
25094
25096
25093
25094
27080
25095
27078
27079
25096
25098
27049
25097
25098
25117
25099
25118
27076
27078
25100
25119
27047
25101
25120
27042
25102
25103
25116
25120
25122
25104
25115
25123
25105
25112
25124
25106
25111
25107
25108
25111
25109
25110
25111
25113
25112
25113
25115
25114
25115
25117
25116
25117
25119
25118
25119
28761
25120
28760
25121
28757
25122
25136
28756
25123
25131
25124
25130
25125
25126
25130
25127
25129
25128
25129
25133
25130
25132
25131
25132
25136
25133
25135
25134
25135
26945
25136
26946
25137
25138
26946
27475
28756
25139
26947
26957
27043
25140
26948
26956
25141
26955
25142
26948
26950
25143
25149
25144
25146
25148
25158
26950
25145
25157
26951
25146
25156
25147
25155
25148
25152
25154
25149
25151
25165
26949
25150
26948
25151
26945
26947
25152
25166
26944
26958
25153
26943
25154
25166
25168
26942
25155
25163
25165
25156
25158
25162
25157
25161
25158
25160
26952
25159
25165
26961
25160
25162
25164
25174
26962
25161
25173
26963
25162
25172
25163
25171
25164
25168
25170
25165
25167
25181
26971
25166
26960
25167
26959
27472
25168
25182
26970
27471
25169
26941
25170
25182
25184
26940
25171
25179
25181
25172
25174
25178
25173
25177
25174
25176
26974
25175
25181
26973
25176
25178
25180
26980
27010
25177
26979
27007
25178
27008
25179
27009
25180
25184
27016
25181
25183
26981
27017
25182
26972
25183
26985
27470
25184
26986
27018
27469
25185
26939
27019
25186
25190
25338
25187
25191
25193
25290
25188
25189
25191
25190
26940
25191
26937
26939
25192
25289
25193
25285
25286
25194
25208
25195
25285
25196
25208
25210
25284
25197
25205
25207
25198
25200
25204
25199
25203
25200
25202
25293
25201
25207
25292
25202
25204
25206
25301
25320
25203
25302
25317
25204
25318
25205
25319
25206
25210
25326
25207
25209
25327
25335
25208
25291
25209
25286
25290
25210
25287
25328
25340
25211
25283
25329
25212
25244
25282
25213
25231
25281
25214
25215
25281
25216
25280
25217
25218
25278
25280
25219
25220
25230
25276
25278
25221
25227
25222
25226
25223
25224
25226
25264
25225
25239
25265
25226
25228
25240
25266
25227
25267
25228
25272
25276
25229
25241
25273
25230
25246
25274
25276
26768
25231
25279
25232
25244
25246
26770
25233
25241
25243
25234
25236
25240
25235
25239
25236
25238
25318
25237
25243
25319
25238
25240
25242
25324
26728
25239
25323
26727
25240
25250
25241
25249
25242
25246
25248
25243
25245
25325
26739
25244
25326
25245
25329
26771
25246
25330
26740
26772
25247
26769
25248
25274
26740
26774
26776
25249
25273
26739
26743
25250
25266
26728
26744
25251
25265
25403
26727
25252
25254
25260
25402
25253
25257
25254
25256
25374
25255
25375
26727
25256
25378
25402
25467
26730
25257
25379
25391
25258
25392
25402
25259
25393
25260
25262
25394
25402
25404
25261
25265
25262
25264
25263
25395
25264
25404
25406
25414
25265
25267
25266
25404
25267
25273
25405
25268
25272
25406
25269
25271
25270
25406
25416
25271
25407
25433
25272
25273
25275
25407
25274
25408
25275
25409
26767
25276
25410
26766
25277
25278
26766
26768
25279
25280
26768
26770
25281
25282
26770
25283
26771
25284
25287
26930
25285
25286
25287
25289
25288
26931
25289
25340
26934
26936
25290
26937
25291
25338
25340
25292
25335
25337
25293
25299
25301
25294
25298
25302
25295
25296
25302
25304
25297
25307
26998
25298
25300
25302
25345
27013
25299
27008
25300
25337
27009
25301
25336
25344
27014
25302
25335
26855
25303
25304
25317
25345
25347
26855
25305
25307
25316
25348
25306
25310
25307
25309
27153
25308
25345
27156
25309
25346
25348
25368
27157
25310
25367
27152
25311
25348
25350
25312
25315
25373
25313
25314
25374
25315
25323
25375
25316
25322
25348
25376
25317
25318
25320
25322
25319
25323
25320
25324
25326
25321
25327
26855
25322
25324
25332
26734
26854
25323
25347
26725
25324
26726
25325
26735
25326
25330
25332
26738
25327
25329
25328
25332
25334
25329
25331
25341
26931
25330
26930
25331
26864
26929
25332
26859
26863
26932
25333
26862
25334
26854
26857
26859
26861
25335
25341
25343
26855
25336
25340
25337
25339
25343
27015
25338
27016
25339
26937
27019
25340
25342
26936
27020
25341
25342
26859
26934
25343
26858
26935
27404
25344
26857
27401
25345
26855
26856
27394
25346
27393
25347
26723
26856
27398
25348
26724
26854
25349
25350
25368
25370
25376
26724
25351
25367
25371
25373
25352
25360
25364
25353
25355
25359
25373
25354
25358
25355
25357
25356
25374
25357
25359
25379
25381
25358
25382
25359
25361
25458
25360
25372
25459
25361
25365
25371
25484
25362
25485
25363
25365
25626
27176
25364
27171
25365
25367
27172
25366
25627
27177
25367
25369
25371
25632
27178
25368
27179
25369
26723
27182
25370
25633
26722
27183
25371
25377
25482
26851
25372
25483
25373
25377
25379
25464
25374
25376
25375
25379
25376
25378
26726
25377
26725
25378
25465
26732
25379
25466
26731
25380
25381
25391
25462
25464
25466
25382
25384
25459
25461
25383
25456
25458
25384
25388
25385
25389
25391
25386
25392
25387
25389
25399
25450
25388
25447
25389
25448
25456
25390
25449
25461
25391
25399
25462
25468
25470
25392
25467
25393
25399
25401
25394
25398
25395
25397
25401
25427
25396
25414
25397
25425
25969
25398
25400
25426
25441
25399
25442
25400
25471
25401
25468
25472
26751
25402
25467
26746
25403
25404
26730
26744
26746
25405
25427
25406
25408
25428
26744
25407
25413
25408
25410
25412
25409
26743
26755
25410
26756
26776
26923
25411
26765
25412
26756
26762
26764
25413
25431
25433
26755
25414
25416
25428
25430
25415
25425
25427
25416
25418
25417
25433
25418
25420
25430
25432
25419
25425
25420
25422
25424
25421
25434
25438
25422
25435
25983
26794
25423
25982
25424
25968
25981
26792
26794
25425
25438
25440
25969
25426
25430
25427
25429
25440
26751
25428
26746
25429
26745
26755
25430
25439
26752
26758
25431
25438
25432
25437
26758
26762
25433
25434
25435
25437
25436
26803
25437
26794
26802
26915
26917
25438
26759
26761
25439
26794
25440
26759
26785
26793
25441
26786
26792
25442
25472
25967
25969
25443
25471
25444
25474
25939
25967
25445
25451
25911
25912
25446
25884
25447
25451
25453
25916
25448
25450
25449
25453
25455
25450
25452
25470
26653
25451
25471
25452
25474
25915
25453
25475
25918
26654
25454
25917
25455
26650
26654
26678
25456
26651
26653
25457
25461
25458
25460
25624
26651
25459
25485
25460
25464
25484
25461
25463
25629
26652
25462
26653
25463
25479
26660
25464
25480
25630
26659
25465
25483
25466
25480
25482
26843
25467
25479
26842
25468
26747
25469
25479
26750
25470
25472
25476
25478
26787
25471
25475
26660
25472
25474
25473
26786
25474
25476
25967
26689
26791
25475
25938
25476
25937
26661
25477
26688
26790
25478
26661
26663
26687
26839
25479
26660
26664
26840
25480
26841
25481
26664
26848
25482
25630
25634
26665
26849
25483
25633
26850
25484
25630
25632
25485
25627
25629
25486
25624
25626
25487
25488
25492
25622
25624
25489
25490
25620
25622
25491
25619
27223
25492
25622
25638
25640
27224
25493
25625
25494
25498
27214
27224
27544
25495
27209
25496
25602
27208
27214
25497
25601
25498
25606
27214
27218
25499
27223
25500
25501
27219
27221
27223
25502
25616
25503
25609
25615
27219
25504
25508
25510
25505
25506
25508
27568
25507
27557
25508
25616
27556
25509
25615
27569
25510
25516
25614
27232
25511
25609
25512
25514
25516
25518
25610
25513
25519
25597
25514
25530
25515
25565
25516
25564
28381
25517
25613
28380
25518
25564
25568
28411
28491
25519
25565
25567
28478
25520
25530
25534
27330
25521
25533
25593
25522
25530
25532
25523
25525
25529
25524
25528
25525
25527
25539
25526
25532
25538
25527
25529
25531
25545
25559
25528
25544
25556
25529
25557
25530
25558
25531
25565
25532
25534
25546
25566
25533
25537
25534
25536
27328
25535
25567
27329
25536
25546
25550
25580
25582
25537
25549
25583
25538
25546
25548
25539
25541
25545
25540
25544
25541
25543
27303
25542
25548
30690
25543
25545
25547
25553
30689
25544
25554
27302
25545
25555
25546
25572
25547
25571
25548
25550
25552
30700
25549
30697
25550
27324
30698
25551
28484
30699
25552
25578
25580
28485
30702
25553
25571
25577
30701
25554
25572
25576
30688
25555
25575
27301
25556
25572
25574
25557
25559
25561
25558
25562
25559
25563
25565
25560
25566
25572
25561
25563
25569
25573
28416
25562
25574
28415
25563
28414
25564
28413
25565
25569
28412
25566
25567
25569
25571
25568
25580
28477
25569
25579
28424
28476
25570
28423
25571
25573
25577
25579
28428
25572
25580
25573
25574
25576
28429
25575
28430
25576
27300
28431
25577
28432
30687
25578
28439
30704
25579
28440
28928
30703
25580
28427
28475
25581
25582
28475
28477
28485
28487
25583
27329
28482
28484
25584
27324
27326
27328
25585
27321
27323
25586
25590
25592
27328
25587
25589
25588
25592
25589
25591
27335
25590
27320
27336
25591
27321
27327
27355
25592
27332
27334
25593
25594
27328
27330
27332
25595
25597
25599
25596
25597
25607
25609
25598
25610
27330
25599
25605
25607
25611
27331
25600
27332
25601
25603
25605
27333
25602
25606
25603
27207
27215
25604
28647
28869
25605
27215
28370
28646
28870
25606
28369
28871
25607
27215
27217
25608
25609
25611
27217
27219
27229
25610
25614
25611
25613
28478
25612
28369
28479
25613
27229
28368
28378
28490
25614
28379
28491
25615
27229
27231
25616
27220
27592
25617
27221
27555
25618
25644
25619
25643
27221
25620
25640
25642
27222
25621
26544
25622
25640
26545
26649
25623
25624
25638
26649
26651
26657
25625
25629
25626
25628
25638
27544
25627
27209
25628
25632
27210
25629
25631
25637
27543
25630
26657
25631
26658
25632
25634
25636
27542
25633
27539
25634
26721
27540
25635
26720
27541
25636
26665
26717
26719
28661
25637
26658
26668
28660
25638
26657
26669
27548
25639
27545
25640
26649
26669
26671
27550
25641
27551
25642
26545
26549
26671
27552
25643
26544
26548
27553
25644
26541
26543
27554
25645
25819
25825
27555
25646
25818
25826
27556
25647
25653
25655
27557
25648
25652
27558
25649
25651
25655
25650
25651
25673
25652
25654
25672
25653
25813
27565
25654
25814
25826
27566
25655
25659
25815
25817
25656
25818
25657
25659
25658
25818
25820
25659
25721
25725
25817
25823
25660
25724
25661
25721
25723
25662
25666
25663
25664
25666
25668
25665
25669
25673
25666
25670
25672
25724
25667
25723
25668
25670
25728
25732
25669
25677
25670
25674
25676
25671
25727
25809
25672
25674
25810
25812
25830
25673
25813
25815
25674
25675
25676
25810
26068
25677
25807
25809
25678
25732
25806
25679
25733
25737
25680
25734
25736
25681
25683
25685
25682
25686
25683
25687
25689
25684
25690
25734
25685
25687
25735
25747
25755
25686
25736
25754
25687
25753
25688
25752
25689
25747
25749
25751
25690
25692
25691
25741
25747
25692
25742
25748
25770
25693
25749
25769
25694
25695
25699
25701
25769
25696
25698
25697
25701
25703
25698
25700
25714
25860
25699
25861
25700
25772
25862
25701
25715
25771
25863
25702
25770
25703
25715
25717
25777
25704
25712
25714
25705
25709
25711
25706
25708
25707
25711
25708
25710
25840
25709
25841
25710
25714
25846
25711
25713
25837
25839
25712
25720
25713
25717
25719
25714
25716
25836
25858
25715
25859
25716
25780
25870
25717
25779
25869
26051
25718
25778
25719
25729
26051
26053
26568
25720
25722
25834
25836
25721
25823
25837
25722
25723
25725
25729
25724
25728
25725
25727
25815
25726
25816
25834
25727
25729
25831
26053
26055
25728
25830
26056
25729
25731
25730
25731
25743
25803
26055
26568
25732
25740
25804
26056
25733
25805
25809
25734
25738
25740
25735
25741
25736
25738
25746
25790
25737
25789
25738
25788
25806
25739
25787
25805
25740
25744
25746
25786
25804
25741
25743
25742
25746
25743
25745
25777
25744
25778
25745
25783
25785
25803
25746
25748
25776
25798
25747
25797
25748
25762
25749
25763
25775
25750
25768
25751
25763
25765
25767
25752
25760
25762
25753
25755
25759
25754
25758
25755
25757
25789
25756
25762
25790
25757
25759
25761
25791
26170
25758
25792
26143
25759
26144
25760
26171
25761
25765
26174
25762
25764
25796
26259
25763
25797
25764
25798
26024
25765
25799
26029
26260
25766
26261
25767
26027
26029
26333
25768
26024
26026
25769
25773
25775
25770
25772
25771
25775
25777
25772
25774
25780
25874
25773
25875
25774
25876
26026
25775
25781
25877
26025
25776
26024
25777
25781
25783
26023
25778
25780
25779
25783
26568
25780
25782
26014
26567
25781
25873
25782
26016
26022
25783
26015
26021
26572
25784
26569
25785
26021
26023
26031
26574
25786
25798
25800
25802
25787
25795
25797
26079
25788
25790
25794
26072
25789
25793
26071
25790
25792
25791
25797
25792
25794
25796
26253
25793
26142
25794
26076
26141
25795
26077
26254
25796
25800
26078
26257
25797
25799
26258
25798
25799
26023
25800
26030
26267
25801
26031
26268
25802
26078
26082
26509
26579
25803
26079
26081
26574
25804
26058
26569
25805
26057
26079
25806
25808
26072
25807
26071
25808
26068
26070
25809
26057
26067
26073
25810
26056
25811
26061
26067
25812
26062
26066
27622
25813
25829
27581
25814
27574
25815
25827
25829
27573
25816
25830
25817
25827
25831
25833
25818
25824
25826
25819
25820
25824
26543
25821
25823
25822
25852
26543
25823
25835
25837
25853
26542
25824
25834
25825
25833
26542
25826
26539
26541
27590
25827
27571
25828
26539
27572
25829
25831
26063
26538
27587
25830
26062
27582
25831
26061
25832
26060
25833
26053
26538
26554
26636
25834
26539
26553
25835
26053
25836
26052
26553
26559
25837
25857
26051
25838
25839
25853
25855
25857
25840
25846
25848
25858
25841
25849
25842
25846
25843
25847
25849
25916
25844
25884
25845
25847
25865
25883
25846
25860
25847
25859
25848
25866
25921
25849
25855
25867
25920
25850
25917
25851
25855
26678
25852
25854
26545
26677
25853
26544
25854
26547
26559
25855
26546
26560
26682
25856
26681
25857
25867
26560
26562
26700
25858
26050
26559
25859
25867
25869
25860
25866
25870
25861
25863
25865
25862
25863
25875
25864
25870
25874
25865
25871
25879
25881
25866
25882
25867
25871
25922
25868
25923
25869
25871
25932
26013
26562
25870
26014
26050
25871
25873
25872
25931
25873
25879
26011
26013
26017
25874
26014
26016
25875
25877
25879
25876
25877
26037
25878
26016
26036
25879
26009
26017
26041
25880
25881
25905
26005
26009
26011
25882
25906
25929
25931
25883
25907
25922
25926
25884
25908
25913
25921
25885
25912
25916
25886
25908
25910
25887
25889
25888
25910
25941
25889
25891
25909
25944
25890
25908
25891
25893
25907
25892
25927
25945
25893
25895
25928
25948
25894
25906
25895
25897
25905
25896
25949
26006
25897
25899
25952
26007
25898
25904
25899
25901
25903
25900
25953
27756
25901
25956
27757
27780
25902
27779
25903
27757
27759
27778
25904
27754
27756
25905
26007
26009
25906
26006
25907
25928
25908
25927
25909
25910
25913
25927
25963
25911
25912
25940
25913
25915
25939
25914
25926
25964
25915
25919
25921
25925
26691
25916
25918
25938
25917
25921
25918
25920
26678
25919
25937
26679
25920
25924
25936
26680
25921
25923
26681
25922
25923
25925
25931
25924
25932
26700
25925
25933
25935
26699
25926
25930
26692
25927
25929
25974
25928
25962
25929
25961
26006
25930
25975
26005
25931
25933
26831
27748
25932
26011
25933
26012
26705
25934
26706
27747
25935
26707
26831
26833
27746
25936
26692
26694
26698
25937
26691
26695
26697
25938
26686
26688
25939
26689
26691
25940
25964
25966
25941
25963
25970
25942
25944
25943
25970
25982
25944
25946
25971
25985
25945
25963
25946
25948
25962
25947
25972
25986
25948
25950
25977
25989
25949
25961
25950
25952
25960
25951
25990
26002
25952
25954
25993
27771
25953
25959
25954
25956
25958
25955
25994
27770
25956
25997
27772
27808
25957
27807
25958
27757
27772
27774
27806
25959
27756
27768
27770
25960
26007
26828
27771
25961
26002
26004
26006
25962
25975
25977
25963
25972
25974
25964
25971
25965
25974
26691
25966
25971
25973
26690
26798
25967
25970
26689
26797
25968
26792
25969
25970
25971
25981
25972
25980
25973
25977
25979
25974
25976
26693
26819
25975
26692
25976
26004
26831
25977
26003
26820
26832
25978
26002
25979
25989
26001
26820
26822
25980
25986
26817
26819
25981
25985
26798
26800
25982
26795
26797
25983
25985
25984
26795
26803
25985
25987
26800
26804
25986
25987
25989
25988
26805
26817
25989
25991
26806
26822
25990
25991
25993
26001
25992
26807
26823
25993
25995
26808
28079
25994
26000
25995
25997
25999
25996
26809
28080
25997
26810
28085
28089
25998
28088
25999
27772
28083
28085
28087
26000
27770
28080
28082
26001
26826
27771
28079
26002
26823
26825
26003
27771
26004
26825
26827
27744
26005
26828
26830
26006
26008
27748
26007
26008
27756
26009
26828
27749
27755
26010
27754
26011
26017
27749
27751
27753
26012
27748
26013
27747
27751
28037
26014
26018
26563
26015
26049
26016
26018
26020
26048
26017
26035
26018
26042
26019
26630
27751
26020
26042
26044
26629
27752
26021
26035
26045
26047
26022
26032
26573
26023
26025
26033
26035
26024
26030
26025
26029
26026
26028
26036
26027
26037
26028
26038
26360
26029
26033
26039
26359
26030
26332
26031
26033
26331
26032
26579
26583
26033
26045
26580
26584
26034
26585
26035
26039
26043
26045
26600
26036
26042
26037
26039
26041
26038
26039
26363
26040
26601
26041
26043
26602
27759
26042
27754
26043
27753
26044
26609
27760
26045
26610
26628
27761
26046
26599
26047
26580
26628
27923
27925
26048
26573
26629
27926
26049
26572
26630
26632
26050
26563
26565
26567
26051
26558
26562
26052
26567
26053
26554
26558
26566
26054
26055
26566
26568
26570
26636
26056
26058
26060
26057
26061
26058
26080
26086
26059
26081
26570
26060
26064
26086
26531
26637
26061
26063
26636
26062
26086
26063
26065
27621
26064
26537
27620
26065
26530
26536
27635
26066
26086
26529
27630
26067
26088
27629
26068
26086
26087
26069
26070
26087
26091
26071
26073
26075
26072
26076
26073
26077
26079
26074
26080
26087
26075
26077
26083
26092
26502
26076
26091
26139
26077
26140
26078
26501
26079
26083
26508
26080
26081
26083
26085
26082
26531
26575
26083
26510
26532
26578
26084
26507
26085
26092
26506
26528
26532
26086
26087
26529
26531
26088
26092
26089
26529
27638
26090
26092
26134
26528
27645
26091
26133
27644
26092
26094
26093
26094
26134
26502
26504
26506
26095
26133
26137
26139
26096
26130
26132
26097
26129
26139
26098
26128
26140
26099
26119
26141
26100
26118
26142
26101
26117
26143
26102
26116
26144
26103
26145
26104
26116
26148
26105
26115
26149
26106
26114
26152
26107
26113
26153
26108
26112
26156
26109
26111
26157
26110
26160
26412
26111
26161
26215
26411
26112
26162
26214
26113
26163
26207
26114
26164
26206
26115
26123
26165
26116
26122
26166
26117
26167
26118
26122
26168
26119
26121
26251
26120
26128
26250
26121
26125
26127
26273
26122
26124
26274
26123
26199
26124
26200
26206
26125
26209
26277
26126
26210
26278
26127
26221
26223
26497
26128
26224
26248
26129
26249
26130
26138
26224
26131
26137
26225
26132
26136
26226
28574
26133
28571
26134
26136
28570
26135
26527
28569
26136
26504
26522
26526
28598
26137
26245
28593
26138
26246
26504
26139
26247
26249
26503
26140
26502
26141
26249
26501
26142
26250
26254
26143
26251
26253
26144
26168
26170
26145
26167
26171
26146
26148
26147
26171
26175
26148
26150
26172
26178
26149
26167
26150
26152
26166
26151
26179
26197
26152
26154
26182
26202
26153
26165
26154
26156
26164
26155
26183
26203
26156
26158
26186
26310
26157
26163
26158
26160
26162
26159
26187
26309
26160
26190
26311
28172
26161
28173
26162
26311
26313
26410
26163
26307
26309
26164
26296
26310
26165
26203
26205
26166
26200
26202
26167
26197
26199
26168
26172
26169
26199
26251
26170
26172
26198
26252
26264
26171
26253
26259
26172
26174
26173
26197
26174
26178
26196
26262
26264
26175
26259
26261
26176
26178
26177
26261
26334
26178
26180
26262
26337
26179
26180
26182
26196
26181
26285
26338
26182
26184
26286
26341
26183
26195
26184
26186
26194
26185
26291
26342
26186
26188
26292
26345
26187
26193
26188
26190
26192
26189
26346
26406
26190
26349
26405
28170
26191
28171
26192
26311
26403
26405
26408
26193
26309
26402
26406
26194
26292
26294
26310
26195
26203
26289
26291
26196
26202
26286
26288
26197
26283
26285
26198
26202
26199
26201
26275
26283
26200
26274
26201
26205
26277
26202
26204
26276
26288
26203
26204
26310
26205
26289
26295
26301
26206
26296
26298
26207
26209
26208
26214
26296
26209
26211
26213
26297
26210
26298
26211
26221
26299
26212
26220
26304
26213
26217
26219
26305
26214
26216
26306
26215
26307
26216
26313
26428
26217
26314
26429
26218
26315
26430
26219
26235
26441
28279
26220
26234
28276
26221
26233
27898
26222
27895
26223
26229
26233
27894
26224
26228
26496
26225
26247
26226
26228
26246
26227
26245
28575
26228
26230
26244
28578
26229
26495
26230
26232
26494
26231
26243
28579
26232
26238
26242
28582
26233
26237
26493
26234
27899
26235
26237
28275
26236
26442
28280
26237
26239
26445
26491
26238
26492
26239
26241
28583
26240
26446
28586
26241
26489
26491
28285
28587
26242
26492
28284
28588
26243
26493
27902
28589
26244
26494
27903
28590
26245
26495
26523
28591
26246
26522
28592
26247
26495
26521
26248
26496
26518
26249
26273
26497
26499
26250
26500
26251
26255
26273
26252
26274
26253
26255
26265
26275
26254
26258
26255
26257
26501
26256
26272
26500
26257
26265
26269
26271
26513
26258
26268
26508
26259
26265
26267
26260
26264
26261
26263
26267
26332
26262
26333
26263
26285
26356
26264
26266
26284
26357
26265
26283
26266
26282
26267
26269
26328
26330
26268
26331
26269
26509
26583
26270
26514
26588
26271
26326
26328
26515
26589
26272
26280
26282
26516
26273
26275
26279
26499
26274
26278
26275
26277
26276
26282
26277
26279
26281
26301
26278
26298
26279
26299
26497
26280
26300
26498
26281
26324
26326
27877
26282
26288
26323
26327
26283
26328
26284
26288
26285
26287
26328
26388
26286
26355
26287
26291
26354
26288
26290
26327
26389
26289
26290
26294
26323
26291
26293
26394
27863
26292
26353
26293
26352
26406
26294
26395
26401
27864
26295
26322
26402
26296
26302
26308
26310
26297
26307
26298
26302
26304
26306
26299
26301
26300
26304
27895
26301
26303
26324
27896
26302
26323
26303
26318
26322
26304
26317
27866
27897
26305
27898
26306
26315
26317
28276
26307
26314
26318
26308
26313
26309
26312
26318
26402
26310
26311
26312
26409
26313
26319
26403
28212
26314
28211
26315
26319
28216
26316
28217
28279
26317
26319
27872
28218
28278
26318
27867
28277
26319
26321
26320
28215
26321
26403
27870
27872
28240
26322
26402
27867
27869
26323
27864
27866
26324
27863
26325
27866
27876
26326
27863
27865
27912
27986
26327
26594
27913
26328
26593
27863
26329
26330
26388
26589
26591
26593
26331
26357
26586
26588
26332
26583
26585
26333
26357
26359
26334
26356
26360
26335
26337
26336
26360
26364
26337
26339
26361
26367
26338
26356
26339
26341
26355
26340
26368
26386
26341
26343
26371
26391
26342
26354
26343
26345
26353
26344
26372
26392
26345
26347
26375
26397
26346
26352
26347
26349
26351
26348
26376
26398
26349
26379
28167
28190
26350
28169
26351
26405
27858
28167
28168
26352
26398
26400
26406
26353
26395
26397
26354
26392
26394
26355
26389
26391
26356
26386
26388
26357
26361
26358
26388
26359
26361
26387
26586
26606
26360
26585
26601
26361
26363
26362
26386
26363
26367
26385
26604
26606
26364
26601
26603
26365
26367
26366
26603
27779
26367
26369
26604
27782
26368
26369
26371
26385
26370
26617
27783
26371
26373
26618
27786
26372
26384
26373
26375
26383
26374
27787
27852
26375
26377
27790
27851
26376
26382
26377
26379
26381
26378
27791
27853
26379
27794
28163
28192
26380
28191
26381
27856
28163
28165
28167
26382
26398
27853
27855
26383
26397
27849
27851
26384
26392
27848
27852
26385
26391
26618
26620
26386
26615
26617
26387
26391
26388
26390
26591
26615
26389
26390
26394
26593
26391
26393
26592
26620
26392
26393
26397
26394
26396
27848
27988
26395
27862
26396
26400
27861
26397
26399
27849
27989
26398
26399
28167
26400
27855
27857
27994
26401
27858
27860
26402
26404
26406
27869
26403
26404
28235
26405
27858
27870
28236
26406
26407
26408
28168
28170
28206
28236
26409
28171
28207
28235
26410
28172
28208
28212
26411
28173
28209
28211
26412
26426
26428
26413
28173
26414
26426
28174
26415
26425
28181
26416
26424
28182
26417
26423
29402
26418
26422
29403
26419
26421
29410
26420
29411
29851
26421
26463
29484
29850
26422
26462
29479
26423
26457
29468
26424
26456
29463
26425
26435
28229
26426
26434
28224
26427
28209
26428
26432
26434
28210
26429
28211
26430
26432
28216
26431
26441
28217
26432
26438
26440
28220
26433
28221
26434
26436
26438
28222
26435
28223
26436
26456
28228
26437
26455
28251
26438
26452
26454
28250
26439
28249
26440
26450
26452
29566
26441
26443
29546
26442
29543
26443
26445
29542
26444
26450
29547
26445
26447
26449
29619
26446
26490
26447
26489
31116
26448
26488
31117
26449
26473
26487
31124
26450
26472
29618
26451
29567
26452
26470
26472
29570
26453
29571
26454
26468
26470
29633
26455
26459
29634
26456
26458
29635
26457
29464
26458
26462
29467
26459
26461
29640
26460
26468
29639
26461
26465
26467
29652
26462
26464
29653
26463
29480
26464
29483
29867
26465
29656
29868
26466
29657
29869
26467
26479
29880
29966
26468
26478
29963
26469
29934
26470
26476
26478
29933
26471
29632
26472
26474
26476
29631
26473
29620
26474
26486
31125
26475
26485
32471
26476
26482
26484
32474
26477
29932
26478
26480
26482
29931
26479
29962
26480
29881
29967
26481
29884
29930
26482
29885
29929
32478
26483
32475
26484
29929
29931
29959
32480
26485
29932
29940
32481
26486
29631
29941
32470
26487
29620
29622
32427
26488
29618
29623
32422
26489
29552
29619
32411
26490
29551
32406
26491
29542
29550
29619
26492
28280
28282
26493
28275
28283
26494
27899
27901
26495
27892
27894
26496
26520
26497
26519
27894
26498
27895
26499
26519
27877
27896
26500
26516
26518
26501
26503
26513
26502
26508
26503
26507
26504
26512
26518
26505
26521
26506
26512
26526
27882
27890
26507
26527
27883
26508
26510
26512
26509
26513
26510
26514
26582
26511
27883
27918
26512
26514
27880
27882
27917
26513
26517
26514
26516
26515
27916
26516
27880
27913
27915
26517
27877
26518
27878
27880
27890
26519
26521
26520
27878
27893
26521
26523
27889
27892
26522
27890
26523
26525
28607
26524
27903
28612
26525
27887
27889
27904
28613
26526
27886
27890
28606
26527
27885
28599
26528
27884
28568
26529
26533
27646
26530
27637
26531
26533
26535
27636
26532
27933
26533
27883
27934
26534
27651
27884
26535
27652
27934
27936
27946
26536
27653
27933
27937
26537
26637
26639
27654
26538
26636
26640
27619
26539
26555
27588
26540
27589
26541
26551
26553
26555
27604
26542
26548
27595
26543
26547
26553
26544
26545
26547
26546
26648
26547
26549
26645
26647
26548
26552
26549
26551
27596
26550
26672
27601
26551
26643
26645
27602
27668
26552
26556
27603
26553
26557
26559
26645
26554
26555
26557
26635
26556
26640
27609
26557
26641
26643
27610
26558
26634
26644
26559
26561
26565
26560
26561
26645
26701
26562
26564
26644
26704
26563
26705
26564
26630
28037
26565
26631
27664
28036
26566
26632
26634
26567
26571
26635
26568
26572
26569
26570
26572
26574
26571
26575
26637
26572
26576
26632
26638
26573
26574
26576
26580
26575
26579
26576
26578
27933
26577
27926
27932
26578
26580
27919
27925
27935
26579
27918
27934
26580
26582
26581
26582
26584
27919
27921
27923
26583
27916
27918
26584
26588
26585
26587
26599
26586
26600
26587
26591
26607
26588
26590
26598
27921
26589
27916
26590
26594
27915
26591
26595
26597
27968
26592
26614
26593
26595
26621
27988
26594
27862
26595
27914
27986
26596
27969
27987
26597
26621
26623
27982
28008
26598
26612
26614
27981
26599
26607
26611
27922
26600
26610
27923
26601
26607
26609
26602
26606
26603
26605
26609
27777
26604
27778
26605
26617
27801
26606
26608
26616
27802
26607
26615
26608
26614
26609
26611
26613
28056
26610
28051
26611
26627
28050
26612
26626
28055
26613
26623
26625
28142
26614
26616
26622
28141
26615
26621
26616
26620
26617
26619
27839
26618
27800
26619
27799
27852
26620
26622
27840
27847
26621
27848
26622
28009
26623
28010
28146
26624
28011
28145
26625
27982
28026
28028
29343
26626
27981
28029
29338
26627
27922
27954
29337
26628
27923
27955
28049
26629
27928
28048
26630
27927
28043
26631
28042
26632
27663
27927
28035
26633
27926
26634
26638
27661
27663
27931
26635
26641
27664
26636
26638
26640
26637
26638
27933
26639
27932
26640
27659
27661
27937
26641
27618
26642
27617
27661
26643
27616
27662
27664
29191
26644
27615
27667
26645
27664
27666
26646
26647
26701
27666
27668
27670
26648
26672
26674
26682
26649
26671
26675
26677
26650
26656
26651
26655
26677
26652
26653
26655
26657
26659
26654
26660
26655
26661
26679
26656
26662
26676
26657
26667
26669
26675
26658
26659
26665
26667
26660
26662
26664
26661
26662
26686
26663
26667
26685
26664
26666
26712
26893
26665
26892
26666
27441
26667
26713
26717
27442
26668
26714
26669
26715
26717
28677
26670
27549
26671
26673
26675
26715
28669
26672
28668
26673
27668
28673
26674
27669
27675
28674
26675
26683
27670
27676
26676
26714
26677
26679
26683
26685
26678
26682
26679
26681
26680
26686
26681
26683
26697
26699
26682
26700
26683
26701
26684
26702
26685
26697
26709
26711
27676
26686
26712
26714
26687
26697
26688
26696
26712
26838
26689
26695
26906
26690
26905
26691
26693
26695
26910
26692
26693
26831
26694
26832
27709
26695
26833
26835
27708
26696
26909
26697
26711
26835
26837
26698
26699
26707
26709
26835
26700
26702
26706
26701
26705
26702
26704
26703
26709
27670
26704
26706
26708
27671
28039
26705
27666
28036
26706
28037
26707
28038
26708
26834
29158
26709
27682
27684
29159
26710
27681
26711
26835
27680
27684
27686
26712
27677
27687
26713
27688
26714
26716
27677
27695
26715
27676
26716
27675
28676
26717
27678
27696
28725
26718
28678
26719
27442
27444
27696
28679
26720
27441
27445
28680
26721
26849
26876
28681
26722
26850
26873
28682
26723
26851
26872
27424
26724
26871
27419
26725
26851
26853
26726
26732
26734
26727
26731
26735
26728
26730
26729
26735
26739
26730
26736
26742
26744
26748
26731
26747
26732
26736
26842
26733
26843
26851
26734
26736
26844
26852
26867
26735
26853
26862
26736
26738
26737
26845
26738
26742
26865
26867
26881
26739
26862
26864
26740
26742
26741
26773
26864
26742
26776
26778
26865
26926
26743
26779
26744
26754
26776
26745
26746
26748
26752
26754
26747
26751
26748
26750
26842
26749
26779
26845
26750
26752
26780
26788
26846
26751
26787
26841
26752
26786
26753
26785
26754
26758
26780
26782
26784
26755
26777
26779
26756
26758
26757
26777
26922
26758
26760
26762
26782
26921
26759
26760
26784
26915
26761
26783
26916
26920
26762
26917
26919
26763
26764
26919
26921
26765
26922
26766
26923
26767
26768
26774
26923
26769
26770
26772
26774
26771
26772
26930
26773
26929
26774
26926
26928
26775
26776
26923
26924
26926
26777
26778
26782
26924
26779
26781
26882
26925
26780
26881
26781
26886
26898
26782
26887
26899
29264
26783
29263
26784
26899
26901
29262
26785
26898
26902
26786
26788
26903
26787
26791
26788
26790
26840
26789
26890
26898
26790
26895
26897
26903
26907
26791
26839
26906
26792
26903
26905
26793
26797
26794
26796
26903
26915
26795
26796
26800
26802
26797
26799
26904
26914
26798
26905
26799
26819
26910
26800
26818
26911
27725
26801
26817
26802
26804
26816
27723
27725
26803
26914
27722
26804
26805
26806
26816
26807
26815
26808
26814
26809
26813
26810
26812
26811
28118
26812
28085
28117
29248
29250
26813
28080
29247
29251
26814
28079
29232
29236
26815
26823
29233
29235
26816
26822
27729
27731
26817
27726
27728
26818
26822
26819
26821
27710
27726
26820
27709
26821
26825
27712
26822
26824
27711
27731
26823
26824
28079
26825
27742
28078
29233
26826
27743
26827
28072
28078
28082
26828
27769
27771
28065
26829
27768
26830
27749
27767
28063
28065
26831
27744
27746
27748
26832
26833
27712
27744
26834
27713
27745
26835
27684
29155
29157
26836
26837
27686
27706
27708
29155
26838
26909
27687
27691
26839
26906
27688
27690
26840
26893
26895
26841
26890
26892
26842
26846
26848
26843
26845
26844
26848
26850
26845
26847
26874
26880
26846
26881
26847
26886
26890
26848
26875
26885
26891
26849
26892
26850
26875
27441
26851
26874
26852
26853
26868
26872
26874
26854
26861
26871
26855
26856
26857
26871
27399
26858
26870
27400
26859
27405
27431
27463
26860
26933
26861
26863
27431
27433
27461
26862
26868
26870
26863
26867
26864
26866
27460
26865
26928
26866
26882
26927
26867
26883
27433
27459
26868
26880
26869
26879
27433
26870
26872
26878
27426
27432
26871
27427
27431
26872
27420
26873
27425
26874
26876
26878
28683
26875
26879
26876
27438
27440
26877
27445
28684
26878
27436
27438
27446
28737
26879
27435
28738
26880
27434
27438
26881
26883
26885
26882
26886
26883
26887
27457
26884
27434
27458
26885
26887
27437
27449
29125
26886
27438
27450
26887
26889
26888
27456
26889
26899
27449
27453
27455
26890
26896
26898
27450
26891
26895
26892
26894
27440
27450
26893
27441
26894
27442
27688
26895
27443
27451
27689
26896
27690
26897
27451
27453
29140
26898
26900
26902
27718
26899
26900
29265
26901
27453
27719
29266
26902
26916
27720
29261
26903
26913
26915
26904
26905
26907
26911
26913
26906
26910
26907
26909
26908
27690
27718
26909
26911
27691
27707
27717
26910
27708
26911
27709
26912
27710
26913
27717
27725
27733
27735
26914
27718
27720
26915
27721
27725
26916
26917
27721
29260
26918
27722
26919
29258
29260
26920
26921
29260
29262
26922
29263
26923
26924
26925
29263
26926
27457
29264
26927
26928
27457
27459
26929
27460
26930
26932
26931
26932
26934
26933
27460
26934
27461
27463
26935
26936
27463
27465
26937
27466
26938
26939
27019
27466
27468
26940
27469
26941
27470
26942
27471
26943
27472
26944
26945
27472
27474
26946
26947
27474
26948
26958
26949
26950
26956
26958
26960
26951
26955
26961
26952
26953
26961
26963
26954
26964
27034
26955
26961
26965
26967
27037
26956
27038
26957
26967
27039
26958
26968
27044
27475
26959
27474
26960
26968
26970
27473
26961
26967
26971
26962
26963
26965
26971
26973
26964
26974
26965
26975
27033
26966
26976
27062
26967
26969
26971
26983
27063
26968
27064
26969
27067
27476
26970
26984
27068
27477
26971
26985
27478
26972
26973
26981
26983
26985
26974
26976
26980
26975
26979
26976
26978
27032
26977
26983
27492
26978
26980
26982
26990
27497
26979
26991
27031
26980
27006
26981
27025
26982
26986
27024
26983
26987
26989
27490
26984
27491
26985
26987
27480
28807
26986
27479
26987
27482
27484
26988
27481
28808
26989
27484
27486
28749
28825
26990
27024
27487
27489
26991
27025
27027
27498
26992
27006
27028
27030
26993
27003
27124
26994
26996
27004
27006
26995
27001
26996
27000
26997
26999
27007
26998
27008
26999
27013
27156
27000
27004
27012
27155
27001
27154
27002
27004
27161
27003
27132
27190
27004
27028
27137
27191
27005
27192
27006
27012
27026
27028
27391
27007
27025
27008
27010
27012
27009
27013
27010
27014
27016
27011
27017
27025
27012
27014
27022
27026
27395
27013
27392
27014
27393
27015
27394
27016
27020
27022
27401
27017
27019
27018
27022
27024
27019
27021
27468
27484
27020
27021
27404
27466
27022
27403
27467
27485
27023
27402
27024
27026
27409
27485
27487
27025
27484
27026
27027
27410
27028
27411
27487
27503
27029
27390
27030
27137
27389
27501
27503
27031
27124
27498
27500
27032
27123
27495
27497
27033
27118
27492
27494
27034
27060
27062
27035
27037
27036
27054
27060
27037
27055
27061
27065
27038
27062
27064
27039
27040
27044
27064
27041
27045
27065
27073
27042
27048
27043
27045
27047
28757
27044
28756
27045
27067
28755
27046
27066
28758
27047
27073
27075
27092
28759
27048
27076
28760
27049
27073
27050
27074
27076
27079
27051
27080
27052
27056
27074
27081
27053
27055
27073
27054
27055
27059
27056
27058
27072
27057
27086
27090
27058
27087
27089
27097
27059
27061
27071
28773
27060
28774
27061
27494
27062
27070
27493
27063
27492
27064
27068
27070
27491
27065
27067
27066
27070
27072
27067
27069
27092
28765
27068
28754
27069
28753
28807
27070
27093
28766
28806
27071
28805
27072
27089
27093
28772
27073
27090
27092
27074
27075
27082
27090
27076
27083
27091
28762
27077
28761
27078
27079
27083
27080
27082
27081
27082
27086
27083
27085
27084
27085
27091
32012
27086
27088
27090
27087
27088
32014
27089
32012
32013
27090
27094
27096
27091
27092
27094
28763
27093
28764
27094
28767
28771
27095
28768
32012
27096
28769
28771
28811
32011
27097
28772
28802
32013
27098
28773
28801
32014
27099
28774
28798
32015
27100
28775
28779
28961
27101
27115
28778
28960
27102
27112
27114
28959
27103
27111
27104
27110
27114
27105
27109
27106
27108
27114
27116
27107
27117
27108
27122
27126
27109
27113
27121
27127
27110
27128
27111
27113
28784
27112
28783
27113
28778
28782
28958
27114
28777
28785
27115
27116
28775
28777
27117
27119
27121
27118
27122
27119
27123
27120
27494
28775
27121
27123
27135
27495
28776
27122
27134
28777
27123
27125
27124
27125
27135
27137
27126
27132
27134
27127
27131
27128
27130
27134
28785
27129
28784
27130
27360
28787
27131
27133
27361
28786
27132
27140
27133
27137
27139
27134
27136
27376
28791
27135
28792
27136
27500
28793
27137
27377
27501
28794
27138
27139
27191
27377
27379
27389
27140
27190
27374
27376
27141
27163
27361
27363
27142
27360
27364
27143
27163
27165
27144
27162
27166
27145
27147
27149
27146
27150
27147
27151
27153
27148
27154
27162
27149
27151
27159
27167
27173
27150
27166
27170
27151
27171
27152
27172
27153
27157
27159
27179
27154
27156
27155
27159
27161
27156
27158
27192
27392
27157
27393
27158
27182
27398
27159
27181
27193
27397
27160
27180
27161
27167
27187
27189
27193
27162
27190
27192
27163
27167
27164
27190
27165
27167
27189
27201
27363
27166
27202
27364
27167
27169
27168
27169
27173
27187
27201
27205
27170
27202
27204
27171
27173
27175
27172
27176
27173
27177
27179
27174
27180
27175
27177
27185
27205
27211
27176
27204
27208
27177
27209
27178
27210
27179
27183
27185
27539
27180
27182
27181
27185
27187
27182
27184
27196
27418
27183
27419
27184
27424
27540
27185
27197
27423
27537
27186
27538
27187
27197
27199
27205
28652
27188
27196
27189
27195
27199
27201
27373
27190
27194
27374
27191
27192
27194
27390
27193
27391
27194
27196
27414
27195
27379
27413
27196
27198
27380
27520
27197
27417
27198
27522
28655
27199
27385
27521
28654
27200
27372
28653
27201
27203
27205
27371
28648
27202
27366
27203
27365
27204
27370
28647
27205
27207
27206
27207
27211
28648
28650
28652
27208
28645
28647
27209
27211
27213
27210
27544
27211
27539
27543
27212
27538
27213
27543
27547
28650
28658
27214
27544
27546
28645
27215
27225
27216
28645
27217
27225
28370
28372
28644
27218
27228
28369
27219
27223
27225
27227
27220
27221
27227
27229
27593
27222
27554
27223
27227
27551
27553
27224
27225
27545
27551
27226
27546
27227
27551
27599
28372
28666
27228
27598
27229
28366
28368
28372
27230
27231
27593
28366
28378
28500
27232
27592
28379
28499
27233
27569
28380
28390
27234
27568
28381
28389
27235
27561
28382
28386
27236
27560
28383
28385
27237
27241
27243
27238
27240
27560
27239
27559
27240
27252
27564
27241
27251
27563
27242
27250
28385
27243
27247
27249
28384
27244
28383
27245
27247
28414
27246
27262
28415
27247
27259
27261
28418
27248
28419
27249
27257
27259
28448
27250
27256
28395
27251
27255
28396
27252
27254
27576
27253
27575
27254
27274
27580
27255
27273
27579
27256
27272
28399
27257
27271
28400
27258
27270
28453
27259
27267
27269
28452
27260
28447
27261
27265
27267
28446
27262
27264
28435
27263
28430
27264
27298
28431
27265
27297
28434
27266
27296
28445
27267
27293
27295
28466
27268
28465
27269
27291
27293
30639
27270
27290
30640
27271
27289
30641
27272
27278
28515
27273
27277
28514
27274
27276
27624
27275
27623
27276
27282
27628
27277
27281
27627
27278
27280
28519
27279
27289
28518
27280
27286
27288
28531
27281
27285
28530
27282
27284
27640
27283
27639
27284
27644
28571
27285
27643
28572
27286
28535
30756
27287
28534
30755
27288
30674
30752
30754
27289
30673
30747
27290
30646
27291
30645
30673
27292
30658
30672
27293
30659
30677
30679
27294
30660
27295
30679
30681
27296
30682
27297
30683
27298
30684
27299
27300
28431
30684
30686
27301
30687
27302
30688
27303
30689
27304
30690
27305
30691
27306
30692
27307
27308
30692
27309
30693
27310
28935
30694
27311
27312
28935
28937
27313
27317
27314
27316
27342
28937
27315
27341
27316
27320
27346
27317
27319
27345
28936
27318
28935
27319
27323
28934
27320
27322
27350
28947
27321
27349
27322
27326
27354
27323
27325
27353
28948
27324
28933
27325
28484
28932
27326
28483
28877
28983
27327
28482
28866
27328
27332
28481
28867
27329
27330
28477
28481
27331
28478
27332
28479
28481
28871
27333
27334
28867
28869
28871
27335
27355
27336
27337
27349
27355
27357
27338
27346
27339
27347
27357
27359
27340
27360
27341
27343
27347
28842
27342
27346
27343
27345
28942
27344
28843
28943
27345
27347
27351
28846
28944
27346
27350
28945
27347
27349
27348
28847
27349
27351
27357
28858
28864
27350
27354
27351
27353
28946
27352
28859
28951
27353
28862
28864
28878
28950
27354
28877
28949
27355
28864
28866
27356
28867
27357
27369
28864
28868
27358
27359
27365
27367
27369
28858
27360
27362
27364
28847
27361
28842
27362
27376
28841
27363
27367
27375
28848
27364
27366
27374
27365
27366
27370
27367
27371
27373
27368
27382
28857
27369
27371
27383
29002
29018
27370
28863
28999
27371
29000
27372
29001
27373
27383
27385
29008
27374
27380
27382
27375
27379
27376
27378
27382
28849
27377
28840
27378
27506
28839
27379
27381
27507
28854
27380
27388
27381
27385
27387
27382
27384
28855
29059
27383
28856
27384
29009
29017
27385
29010
29048
29060
27386
29011
27387
27521
29060
29062
30536
27388
27520
29059
29063
27389
27413
27507
27509
27390
27504
27506
27391
27411
27413
27392
27410
27414
27393
27395
27397
27394
27398
27395
27399
27401
27396
27402
27410
27397
27399
27407
27415
27421
27398
27414
27418
27399
27419
27400
27420
27401
27405
27407
27427
27402
27404
27403
27407
27409
27404
27406
27514
28745
27405
27465
27406
27430
27464
27407
27429
27515
28744
27408
27428
27409
27415
27515
27517
27527
27410
27512
27514
27411
27415
27412
27504
27512
27413
27415
27509
27517
27519
27414
27520
27415
27417
27416
27417
27421
27519
27523
27527
27418
27520
27522
27419
27421
27423
27420
27424
27421
27425
27427
27422
27428
27423
27425
27523
27533
27535
27424
27522
27536
27425
28682
27426
28683
27427
27533
28738
28740
27428
27430
27429
27527
27533
27430
27528
27532
28743
27431
28740
28742
27432
27462
27433
27435
28740
29121
27434
29122
27435
27437
29123
27436
28739
29120
27437
27447
29117
29131
27438
27448
29124
27439
27440
27446
27448
27450
29135
27441
27443
27445
27442
27443
27695
27444
27694
29135
27445
27697
28716
29134
27446
28715
27447
28736
29134
27448
29116
29130
29133
27449
29129
29136
27450
27452
29126
27451
27452
29135
29139
27453
29127
29136
29142
27454
29141
27455
29127
29266
29278
27456
29126
29265
27457
29125
29264
27458
27459
29123
29125
27460
29122
27461
27462
29122
27463
28742
29121
27464
27465
28742
28744
27466
28745
27467
27468
28745
28747
27469
27483
27470
27482
27471
27479
27472
27478
27473
27474
27476
27478
27475
27476
28755
27477
28754
27478
27480
28753
27479
27480
27482
27481
28752
27482
28749
28751
27483
27484
28747
28749
27485
27486
27514
28747
27487
27513
28748
28826
27488
27512
27489
27503
27511
28826
28828
27490
27498
28823
28825
27491
27497
28804
28808
27492
28805
28807
27493
27497
27494
27496
28773
28805
27495
28774
27496
27500
28799
27497
27499
28800
28804
27498
27499
27503
27500
27502
28815
28823
27501
28816
27502
27506
28817
27503
27505
28818
28828
27504
27505
27509
27511
27506
27508
28829
28837
27507
28838
27508
29051
29059
27509
28834
29056
29058
27510
29063
27511
27517
28832
28834
29064
27512
28829
28831
27513
27517
27514
27516
28831
29086
27515
28746
27516
27528
29088
27517
27529
28832
29087
27518
27519
27525
27527
27529
29064
27520
27524
29063
27521
27522
27524
28689
27523
28688
27524
27526
28691
27525
28690
29062
27526
27530
29069
29100
27527
27531
27533
29099
27528
27529
27531
29089
27530
29067
29090
27531
29068
29091
29101
27532
29092
29102
27533
28740
29093
29095
27534
27535
28738
29095
29097
29099
27536
28683
28685
28691
27537
28682
28686
28688
27538
27540
28655
28657
27539
28652
28658
27540
27542
27541
28682
27542
28657
28661
28681
27543
28658
28660
27544
27548
27545
27546
27548
27550
27547
28644
28666
27548
28659
28665
28703
27549
28660
27550
28665
28669
28677
27551
28666
28668
27552
27553
27599
27601
28668
27554
27596
27598
27555
27593
27595
27556
27590
27592
27557
27569
27571
27558
27566
27568
27559
27561
27565
27560
27564
27561
27563
27562
27568
27563
27565
27567
27577
28386
27564
27576
28385
27565
27575
27566
27574
27567
27571
27573
27568
27570
27584
28389
27569
27570
27592
27571
27585
27591
28390
27572
27590
27573
27585
27587
27589
27574
27582
27584
27575
27577
27581
27576
27580
27577
27579
28396
27578
27584
28397
27579
27581
27583
27625
28398
27580
27624
28399
27581
27623
27582
27622
27583
27587
27621
27584
27586
27632
28403
27585
28404
27586
27606
28405
27587
27607
27633
28406
27588
27620
27589
27607
27609
27619
27590
27604
27606
27591
27595
27592
27594
27606
28499
27593
27594
27598
27595
27597
27605
28500
27596
27604
27597
27601
27603
27598
27600
27612
28365
27599
28366
27600
28373
28667
27601
27613
28640
28672
27602
28673
27603
27613
27615
30465
27604
27610
27612
27605
27609
27606
27608
27612
28501
27607
28502
27608
27656
28507
27609
27611
27657
28508
27610
27618
27611
27615
27617
27612
27614
28359
28363
27613
28364
27614
28639
30466
27615
28358
28638
30469
27616
30470
27617
28356
28358
31307
27618
27660
28359
27619
27657
27659
27620
27654
27656
27621
27633
27635
27622
27630
27632
27623
27625
27629
27624
27628
27625
27627
28514
27626
27632
28513
27627
27629
27631
27641
28520
27628
27640
28519
27629
27639
27630
27638
27631
27635
27637
27632
27634
27648
28521
27633
28512
27634
27656
28511
27635
27649
27655
28526
27636
27654
27637
27649
27651
27653
27638
27646
27648
27639
27641
27645
27640
27644
27641
27643
28530
27642
27648
28529
27643
27645
27647
28536
28596
27644
28535
28595
27645
28570
27646
28569
27647
27651
28568
27648
27650
28537
28601
27649
28528
27650
28527
28553
27651
28542
28554
28602
27652
28567
27653
28554
28556
28566
27654
28553
28557
27655
27659
27656
27658
28545
28553
27657
28510
27658
28359
28509
27659
28360
28550
28552
27660
28557
27661
28356
28360
28558
27662
27938
27663
27939
28356
29192
27664
27930
29193
27665
27666
28036
29191
29193
29195
27667
27671
27668
27672
29191
30470
27669
30465
27670
27672
27674
30464
27671
27681
27672
27682
29195
27673
29190
30471
27674
27682
29187
29189
30472
27675
27679
27681
30463
27676
27678
28675
27677
27681
27678
27680
27700
27679
27699
28724
27680
27702
29187
30462
27681
27683
27701
27682
27683
29196
27684
29185
29187
29197
27685
29160
27686
29153
29155
29177
29185
27687
27701
27705
27688
27692
27700
27689
27695
27690
27692
27694
29139
27691
29140
27692
27706
29145
27693
27705
29144
27694
27698
27700
27704
29287
27695
27697
29138
27696
27700
27697
27699
28726
27698
28727
29285
27699
27703
28732
29286
27700
27702
28731
27701
27702
27704
29185
27703
29186
30461
27704
29291
29297
30460
27705
29184
29292
27706
29149
29153
27707
29148
29154
27708
27710
27714
27716
27709
27713
27710
27712
27711
27733
27712
27714
27732
27742
27713
27743
27714
28074
29155
27715
28075
29154
27716
27732
27738
29241
29305
27717
27733
27737
29148
27718
27736
29145
27719
29140
27720
27736
29141
29267
27721
27735
29268
27722
27724
29259
27723
29258
27724
27728
29257
27725
27727
27735
29270
27726
27727
27731
27733
27728
27730
27734
29271
27729
29256
27730
29235
29255
27731
27739
29234
29272
27732
29233
27733
27739
27741
27734
27735
27737
27739
29274
27736
29269
27737
29146
29276
27738
29147
29275
27739
29240
29306
31746
27740
29273
27741
29234
29238
29240
31483
27742
29231
29233
29241
27743
28075
28077
27744
28072
28074
27745
28065
27746
28064
28074
29157
27747
28063
29158
27748
27750
28038
27749
27750
27764
27751
27763
28041
28063
27752
28042
27753
27761
27763
28043
27754
27760
27764
27755
27759
27756
27758
27764
27768
27757
27758
27805
27759
27765
27774
27776
27760
27777
27761
27765
28051
27762
28048
28050
27763
27765
28047
28053
28061
27764
28044
28062
27765
27767
27766
28052
27767
27774
28059
28061
28069
27768
28062
28066
27769
27774
27770
27773
28066
28082
27771
27772
27773
27833
27774
27832
28069
28083
27775
27776
27806
27830
27832
28059
27777
27803
27805
28052
27778
27802
28051
27779
27801
27805
27780
27782
27781
27805
27807
27782
27784
27804
27810
27783
27801
27784
27786
27800
27785
27811
27843
27786
27788
27814
27842
27787
27799
27788
27790
27798
27789
27815
27844
27790
27792
27818
28157
27791
27797
27792
27794
27796
27793
27819
28158
27794
27822
29383
29387
27795
29386
27796
28161
28163
29383
29385
27797
27853
28158
28160
27798
27851
28155
28157
27799
27844
27846
27852
27800
27840
27842
27801
27839
27843
27802
27804
27803
27839
28056
27804
27830
27838
28057
27805
27829
27843
27806
27807
27829
27833
27808
27810
27809
27833
28088
27810
27812
27834
28091
27811
27829
27812
27814
27828
27813
27835
28092
27814
27816
28095
29368
27815
27827
27816
27818
27826
27817
28096
29367
27818
27820
28099
29369
27819
27825
27820
27822
27824
27821
28100
29788
27822
28103
29747
29789
27823
29746
27824
29383
29745
29789
29791
27825
28158
29786
29788
27826
28157
29369
29371
27827
27844
29365
29367
27828
27842
28137
29368
27829
27835
27837
27843
27830
27834
27831
27837
28058
27832
27834
27836
28111
29354
27833
28112
29353
27834
28087
27835
28110
27836
28109
29368
27837
28134
28136
29359
27838
28137
28139
27839
27841
27843
28140
27840
28141
27841
27846
28146
27842
27845
28137
28147
27843
27844
27845
28157
27846
28148
28156
29365
27847
28149
28155
27848
27850
27852
28010
27849
28009
27850
27855
28014
27851
27854
28013
28155
27852
27853
27854
28163
27855
28018
28160
28162
27856
28015
27857
28020
28162
29506
27858
27995
28167
29439
27859
29438
27860
27870
27995
27997
29443
27861
27869
27992
27994
27862
27864
27989
27991
27863
27986
27988
27864
27865
27869
27866
27868
27911
27991
27867
27875
27868
27872
27874
27869
27871
27992
28271
27870
27871
28239
27872
27997
28242
28270
27873
28241
27874
28270
28278
28296
29563
27875
28271
28273
28277
27876
27897
27909
27911
27877
27896
27908
27912
27878
27913
27879
27889
27908
27880
27888
27907
27913
27971
27881
27966
27882
27886
27888
27890
27965
27883
27885
27950
27884
27945
27885
27946
28567
27886
27949
28604
27887
27974
28605
27888
27905
27973
28618
27889
27906
27972
27890
27891
27892
27904
27906
27908
28289
27893
27901
27903
27894
27896
27900
27908
27895
27899
27896
27898
27897
27898
27900
28277
27899
28276
27900
28275
27901
27909
28274
27902
28283
28289
27903
28284
28288
31055
27904
31054
27905
28288
31073
27906
28291
28303
31076
27907
28290
28304
27908
27910
27912
28002
27909
27910
28273
28289
27911
28001
28272
28290
27912
28000
28271
27913
27985
27914
27915
27969
27971
27985
27916
27966
27968
27917
27921
27918
27920
27950
27966
27919
27945
27920
27924
27944
27921
27951
27953
27967
27922
27968
27923
27953
27981
27924
27925
27943
27953
27955
27926
27928
27942
27927
27931
27928
27930
28034
27929
27955
28033
27930
27940
27942
27956
29207
27931
27939
29204
27932
27938
27942
27933
27935
27937
27934
27935
27945
27936
27942
27944
27937
27941
27947
28556
27938
28557
27939
27941
28558
27940
28355
29203
27941
27957
28354
29208
27942
27958
28563
27943
27944
27952
27956
27958
27945
27947
27951
27946
27950
27947
27949
28566
27948
27958
28565
27949
27951
27959
27975
28626
27950
27974
28621
27951
27965
27952
27964
27953
27959
27961
27963
27954
27980
27955
27961
28029
28031
27956
28032
27957
27961
29326
27958
27960
28353
29327
27959
28564
27960
28327
28627
27961
28328
28352
29330
27962
29331
27963
28029
28328
28330
30249
27964
27978
27980
28327
27965
27967
27975
27977
27966
27972
27974
27967
27971
27968
27970
27980
27969
27981
27970
27982
27984
27971
27977
27979
28003
27972
28002
27973
27977
28304
27974
27976
28303
28619
27975
28620
27976
28327
31010
27977
28306
28326
31011
27978
28305
27979
28326
28330
28332
27980
27982
28028
28333
27981
28029
27982
27983
27984
28006
28008
28026
28333
27985
27987
28003
28005
27986
28000
28002
27987
27991
27988
27990
28008
27989
28009
27990
27994
28014
27991
27993
28005
28007
27992
28000
27993
27997
27999
27994
27996
28016
28313
27995
28015
27996
28020
29442
27997
28021
28314
29445
27998
29444
27999
28270
28314
28316
29537
28000
28271
28311
28313
28001
28005
28002
28004
28309
28311
28003
28304
28004
28305
28333
28005
28308
28312
28334
28006
28313
28007
28025
28334
28340
28008
28012
28014
28016
28009
28011
28010
28014
28011
28013
28149
28012
28026
28150
28013
28017
28025
28153
28014
28018
28154
28015
28016
28018
28020
28017
28021
28340
28018
28022
28024
29376
28019
29375
28020
28022
28162
29380
29510
28021
29511
28022
28341
29512
28023
29379
29513
28024
28341
28343
29534
29734
28025
28340
28344
29729
28026
28335
29728
28027
29723
28028
28331
28333
28335
29722
28029
28330
29342
28030
28031
29338
29340
29342
30249
28032
29331
29333
29337
28033
28049
29326
29334
28034
28046
28048
29207
28035
28043
28045
29204
28036
28040
28042
29193
28037
28039
28038
28042
28039
28041
29158
28040
29159
29195
28041
28045
29162
29194
28042
28044
29163
28043
28044
28048
28045
28047
29166
28046
29167
29205
28047
29170
29206
29334
28048
29171
29335
28049
28050
29335
29337
28051
28053
28055
28052
28056
28053
28057
28059
28054
28060
29335
28055
28057
28143
29336
29356
28056
28142
29337
28057
28141
28058
28140
28059
28139
29354
29356
28060
29353
28061
29348
29352
29356
28062
28068
29171
28063
28067
29166
28064
29163
28065
28067
28073
29164
28066
28072
28067
28069
28071
28068
29165
29225
28069
29172
29226
29352
28070
29353
28071
28083
29226
29228
30305
28072
28082
29225
29229
28073
28077
28074
28076
29175
29225
28075
29156
28076
29179
29241
28077
29180
29224
29242
28078
29229
29231
28079
28081
29232
28080
28081
28085
28082
28084
29229
29247
28083
28084
28112
28085
28113
29228
29248
28086
28087
28089
28113
28115
28117
28088
28110
28112
28089
28091
28090
28118
28091
28093
28115
28119
28092
28110
28093
28095
28109
28094
28120
28132
28095
28097
28121
30317
28096
28108
28097
28099
28107
28098
28122
30318
28099
28101
28123
30323
28100
28106
28101
28103
28105
28102
28124
30324
28103
28125
29811
30329
28104
29810
28105
29789
29809
30327
30329
28106
29788
30324
30326
28107
29369
30321
30323
28108
29367
30318
30320
28109
28135
29368
30317
28110
28132
28134
28111
28115
28112
28114
28134
30304
28113
30305
28114
30308
31404
28115
28133
30309
31409
28116
28132
28117
28119
28131
31407
31409
28118
31404
31406
28119
28120
28121
28131
28122
28130
28123
28129
28124
28128
28125
28127
28126
30338
28127
30329
30337
31463
31465
28128
30324
31460
31462
28129
30323
31441
31445
28130
30318
31442
31444
28131
30317
31421
31423
28132
31418
31420
28133
30317
28134
30314
30316
31418
28135
30303
28136
30302
30316
30320
28137
29360
29366
29368
28138
29365
28139
28147
29360
29362
29364
28140
29357
29359
28141
28143
28147
28142
28146
28143
28145
29338
28144
29339
29357
28145
28147
28151
29344
29362
28146
28150
29343
28147
28149
28148
28149
28151
29364
29373
28150
28154
28151
28153
29723
28152
29363
29724
28153
29373
29377
29727
30289
28154
29376
29728
28155
29373
29375
28156
28160
28157
28159
29371
29373
28158
28159
29383
28160
29374
29382
29786
28161
29375
28162
29380
29382
29738
28163
29507
28164
28165
28192
28202
29385
29507
28166
28191
28203
29506
28167
28168
28190
28204
29439
28169
28205
29438
28170
28188
28190
28171
28177
28172
28176
28173
28175
28174
28175
28181
28209
28176
28180
28208
28177
28179
28207
28178
28188
28206
28179
28185
28187
28259
28180
28184
28232
28181
28183
28225
28182
28224
28183
28229
29402
28184
28230
29401
28185
28231
29400
28186
28260
29399
28187
28197
29398
29456
28188
28196
29435
28189
28205
28190
28194
28196
28204
28191
28192
28194
28193
29386
28194
28200
28202
29389
28195
28203
28196
28198
28200
29433
28197
29434
28198
29397
29457
28199
29396
29432
28200
29393
29395
29431
28201
29390
28202
29431
29433
29521
29767
28203
29508
29742
28204
29433
29505
28205
29434
29440
28206
29435
29437
28207
28237
28259
28208
28232
28234
28209
28213
28225
28210
28224
28211
28213
28221
28223
28212
28216
28213
28215
28235
28214
28226
28234
28215
28219
28221
28245
28247
28216
28218
28240
28217
28221
28218
28220
29543
28219
28241
29544
28220
28244
28248
29545
28221
28249
29546
28222
28223
28247
28249
28251
28224
28226
28228
28225
28229
28226
28230
28232
28227
28233
28247
28228
28230
28252
28262
29465
28229
28251
29464
28230
29463
28231
29462
28232
28260
28262
29461
28233
28259
28234
28246
28258
28262
28235
28237
28245
28236
28240
28237
28239
29438
28238
28258
29437
28239
28243
28245
28257
29448
28240
28242
29443
28241
28245
28242
28244
29563
28243
28269
29444
28244
28256
28268
29447
28245
28255
29562
28246
28247
28255
28257
28263
28248
28252
28249
28253
28255
29565
28250
29566
28251
28253
29571
29634
28252
29635
28253
28263
29636
28254
29572
29637
28255
28263
28265
29573
29644
28256
29564
28257
28265
28267
29450
28258
28264
29449
28259
28261
29436
28260
29435
28261
29456
29460
28262
28264
29455
29473
28263
29472
28264
29643
28265
29526
29646
28266
29527
29645
28267
29573
29613
29710
29948
28268
29564
29576
29608
28269
29562
29577
29579
28270
29537
29539
29563
28271
28297
28272
28273
28293
28297
28311
28274
28294
28296
28275
28277
28281
28283
28276
28280
28277
28279
28278
28279
28281
29544
28280
29543
28281
29542
28282
28296
29541
28283
28285
28295
29550
28284
28294
28285
28287
31070
28286
29551
31069
28287
28295
28299
29554
31092
28288
28292
28294
31071
28289
28291
31072
28290
28294
28291
28293
28309
28292
28302
31077
28293
28299
28301
31090
28294
28298
28310
28295
28296
28298
29555
28297
29540
28298
28316
29539
28299
28317
29556
28300
29557
31091
28301
28317
28321
29585
31284
28302
28310
28320
31279
28303
28307
28309
31278
28304
28306
31273
28305
28309
28306
28308
28332
28307
28325
31274
28308
28320
28324
31277
28309
28319
28337
28310
28311
28317
28319
28312
28316
28313
28315
28319
28339
28314
28340
28315
28341
29536
28316
28318
28342
29582
28317
29538
28318
29584
28319
28321
29583
29593
28320
28338
28321
28323
31282
28322
29586
31283
28323
29593
29595
29597
32397
28324
28338
28346
32392
28325
28337
28347
31294
28326
28332
28348
31293
28327
28329
31022
28328
31021
28329
28351
30250
28330
28348
28350
30253
28331
30254
28332
28336
28348
30255
28333
28337
28334
28335
28337
28339
28336
28344
29721
28337
28345
28347
30260
28338
28339
28345
29593
28340
28342
28344
28341
28342
29535
28343
29593
29603
28344
29594
29602
29719
28345
29720
28346
29594
30261
28347
29595
30262
32393
28348
30259
31295
28349
30256
28350
31293
31295
31297
31331
28351
31022
31024
31330
28352
31021
31025
31325
28353
28627
28631
31324
28354
28564
28630
31319
28355
28561
28563
31318
28356
28558
28560
31313
28357
31312
28358
28360
28560
28636
31305
28359
28637
31306
28360
28362
28361
28559
28362
28550
28636
30935
30937
28363
28509
28637
30938
28364
28508
28638
28914
28365
28501
28639
28913
28366
28376
28500
28640
28367
28373
28368
28374
28376
28378
28892
28369
28371
28889
28370
28884
28371
28699
28885
28372
28374
28700
28890
28373
28643
28374
28640
28642
28375
28891
30565
28376
28640
28910
28912
30570
28377
28909
28913
28378
28496
28498
28500
28504
28379
28495
28380
28492
28498
28381
28391
28411
28382
28388
28412
28383
28387
28413
28384
28414
28385
28387
28395
28419
28386
28396
28387
28389
28397
28388
28394
28420
28389
28391
28393
28421
28390
28404
28391
28405
28499
28392
28410
28498
28393
28405
28407
28409
28503
28394
28402
28404
28456
28395
28397
28401
28449
28396
28400
28448
28397
28399
28398
28404
28399
28401
28403
28513
28400
28514
28401
28453
28515
28402
28454
28516
28403
28407
28455
28523
28404
28406
28512
28405
28406
28502
28407
28507
28511
28408
28506
28524
28409
28455
28459
28905
30652
28410
28456
28458
28900
28411
28421
28425
28497
28412
28424
28492
28413
28421
28423
28414
28416
28420
28415
28419
28416
28418
28430
28417
28423
28429
28418
28420
28422
28436
28450
28419
28435
28447
28420
28448
28421
28449
28422
28456
28423
28425
28437
28457
28424
28428
28425
28427
28493
28426
28458
28898
28427
28437
28441
28471
28473
28428
28440
28474
28429
28437
28439
28430
28432
28436
28431
28435
28432
28434
28433
28439
30686
28434
28436
28438
28444
30685
28435
28445
30684
28436
28446
28437
28463
28438
28462
28439
28441
28443
30708
28440
30705
28441
30611
30706
28442
30612
30707
28443
28469
28471
30618
30714
28444
28462
28468
30709
28445
28463
28467
30710
28446
28466
30683
28447
28463
28465
28448
28450
28452
28449
28453
28450
28454
28456
28451
28457
28463
28452
28454
28460
28464
30643
28453
28465
30640
28454
30641
28455
30642
28456
28460
30649
28457
28458
28460
28462
28459
28471
28899
28460
28470
28904
30651
28461
30650
28462
28464
28468
28470
30637
28463
28471
28464
28465
28467
30638
28466
30639
28467
30660
30682
28468
30661
30711
28469
30664
30712
28470
30619
30665
30713
28471
30620
30636
28472
28473
28899
30616
30618
30620
28474
28898
30612
30614
28475
28493
30611
30615
28476
28488
28928
28477
28489
28491
28493
28478
28480
28479
28491
28480
28490
28884
28481
28487
28489
28883
28482
28872
28483
28487
28875
28484
28486
28876
28984
28485
28931
28486
28928
28930
28487
28881
28927
28989
28488
28882
28489
28925
28927
30615
28490
28494
28888
28491
28495
28889
28492
28493
28495
28497
28494
28898
28495
28893
28897
30615
28496
28892
28497
28897
28901
28909
28498
28898
28900
28499
28503
28500
28502
28501
28502
28504
28508
28503
28507
28504
28506
28900
28505
28901
28913
28506
28508
28548
28906
28914
28507
28547
28905
28508
28510
28509
28510
28548
28550
28511
28545
28547
28512
28524
28526
28513
28521
28523
28514
28516
28520
28515
28519
28516
28518
30641
28517
28523
30642
28518
28520
28522
28532
30647
28519
28531
30646
28520
28530
28521
28529
28522
28526
28528
28523
28525
28539
30648
28524
30649
28525
28547
30652
28526
28540
28546
30653
28527
28545
28528
28540
28542
28544
28529
28537
28539
28530
28532
28536
28531
28535
28532
28534
30747
28533
28539
30748
28534
28536
28538
30751
30797
28535
30752
30798
28536
30799
28537
30800
28538
28542
30807
28539
28541
30806
30840
28540
30835
28541
30834
30912
28542
30809
30833
30915
28543
30808
28544
28554
30915
30931
30933
28545
28551
28553
30912
28546
28550
28547
28549
30910
30912
28548
30905
28549
30906
30938
28550
30909
30913
30937
28551
28552
30913
30933
30935
28553
28555
28557
28559
28554
28555
28623
28556
28562
28624
30933
28557
28563
28565
28558
28559
28563
28560
28562
30935
28561
28635
31304
28562
28630
28634
31303
28563
28629
30934
28564
28565
28627
28629
28566
28624
28626
28567
28621
28623
28568
28602
28604
28569
28599
28601
28570
28596
28598
28571
28593
28595
28572
28574
28573
28595
30756
28574
28576
28594
30757
28575
28593
28576
28578
28592
28577
28609
30760
28578
28580
28610
30761
28579
28591
28580
28582
28590
28581
31040
31052
28582
28584
31043
31051
28583
28589
28584
28586
28588
28585
31044
31066
28586
31047
31067
31115
28587
31116
28588
31067
31069
32406
28589
31066
31070
28590
31051
31055
28591
31052
31054
28592
28610
28612
28593
28607
28609
28594
28598
28595
28597
28609
30802
28596
30799
28597
28601
30800
28598
28600
28608
30801
28599
28607
28600
28604
28606
28601
28603
28615
30812
28602
30807
28603
28623
30808
28604
28616
28622
30811
28605
28621
28606
28616
28618
28620
28607
28613
28615
28608
28612
28609
28611
28615
30814
28610
30815
28611
30820
31052
28612
28614
30821
31053
28613
31054
28614
28618
31073
28615
28617
30822
31074
28616
30813
28617
30826
31008
28618
30827
31013
31075
28619
31076
28620
31011
31013
31273
28621
31008
31010
28622
28626
28623
28625
30996
31008
28624
30931
28625
28629
30932
28626
28628
30997
31009
28627
31010
28628
31021
28629
28631
30998
31020
28630
30999
28631
28633
31302
28632
31025
31301
28633
30998
31002
31026
32355
28634
30999
31001
32350
28635
30934
30942
31370
28636
30935
30941
31365
28637
30940
31362
28638
30939
31357
28639
28915
30577
28640
28912
30572
28641
28642
28672
30568
30570
30572
28643
28667
30565
30567
28644
28666
28700
28702
28645
28699
28703
28646
28650
28647
28649
28699
29005
28648
29000
28649
28653
29001
28650
28696
28698
29006
28651
28703
28652
28656
28658
28696
28704
28653
28655
28654
28696
29008
28655
28689
28695
29011
28656
28688
28657
28687
28695
28705
28658
28662
28686
28659
28660
28662
28664
28704
28661
28677
28662
28678
28680
28663
28705
28713
28664
28678
28710
28718
28720
28665
28677
28709
28721
28666
28670
28702
28667
28668
28670
28672
28669
28673
28670
28674
28676
28671
28721
30567
28672
28674
28722
30467
30568
28673
30466
28674
30465
28675
30464
28676
28722
28724
30463
28677
28721
28725
28678
28679
28725
28680
28716
28718
28726
28681
28713
28715
28682
28684
28686
28683
28684
28738
28685
28715
28737
28686
28692
28714
29097
28687
28713
28688
28692
28694
28712
28689
28691
28690
28694
30536
28691
28693
29100
30535
28692
29099
28693
29098
29112
28694
29105
29107
30542
28695
29108
30541
28696
28706
29012
28697
29007
28698
28704
28706
28708
30546
28699
28701
28703
29029
28700
29028
28701
29031
30565
28702
28708
29030
30566
28703
28709
30567
28704
28705
28709
28706
28710
28712
28707
29108
30545
28708
28710
29109
30552
30584
28709
30551
30583
28710
30582
28711
30585
28712
28718
29109
29111
31910
28713
29108
29112
28714
28718
28715
28717
29112
29114
28716
28736
28717
28727
28735
28718
28728
29111
30449
28719
28720
28726
28728
28730
31910
28721
28723
28725
30585
28722
30582
28723
30474
30581
28724
28730
30475
30586
28725
28731
30462
28726
28727
28731
28728
28732
28734
28729
30454
31909
28730
28732
30455
30481
31916
28731
30480
31915
28732
30461
28733
30460
28734
29286
30455
30457
30459
28735
29285
30452
30454
28736
29134
30449
30451
28737
29114
29116
28738
29097
29117
28739
28740
29095
29117
29119
28741
28742
29093
29119
29121
28743
28744
29089
29093
28745
29088
28746
28747
29086
29088
28748
28749
29084
29086
28750
28751
28825
29082
29084
28752
28808
29080
28753
28807
29081
28754
28766
28755
28765
28756
28758
28757
28758
28760
28759
28765
28760
28762
28764
28761
28762
28763
28764
28768
28765
28767
28766
28767
29081
28768
28770
28769
28770
32006
28771
29079
29081
28772
28806
28810
28773
28803
28805
28774
28800
28775
28799
28776
28777
28779
28793
28799
28778
28792
28779
28781
28963
28780
28798
28962
28781
28793
28795
28797
28965
28782
28790
28792
28964
28783
28785
28789
28957
28784
28788
28956
28785
28787
28786
28792
28787
28789
28791
28841
28788
28842
28789
28843
28955
28790
28844
28968
28791
28795
28851
28967
28792
28794
28840
28793
28794
28816
28795
28817
28839
28796
28852
28966
28797
28817
28819
29053
32022
28798
28814
28816
32021
28799
28801
32016
28800
28816
28801
28803
28815
28802
28814
32017
28803
28811
28813
32018
28804
28810
28822
28805
28809
28823
28806
28807
28809
29081
28808
28809
28825
28810
28824
29080
28811
29077
29079
28812
32006
32010
28813
29077
32005
32007
32009
28814
28820
28822
32019
28815
28819
32020
28816
28818
28822
28817
28818
28838
28819
28821
28837
28820
29054
32023
28821
32007
32024
32032
28822
28828
28836
29076
28823
29077
28824
28828
28825
28827
29077
29082
28826
28827
28831
29084
28828
28830
29076
29083
28829
28830
28834
28836
28831
28833
29075
32001
28832
29085
28833
29067
31999
28834
29066
29074
32000
28835
29065
28836
29056
29074
32031
32043
28837
29075
32032
28838
29054
29056
28839
29051
29053
28840
28852
28854
28841
28849
28851
28842
28844
28848
28843
28847
28844
28846
28954
28845
28851
28969
28846
28848
28850
28860
28970
28847
28859
28953
28848
28858
28849
28857
28850
28854
28856
28851
28853
28971
29045
28852
28972
28853
28973
29053
28854
28974
29046
29052
28855
29051
28856
29046
29048
29050
28857
29017
29045
28858
28860
29018
28859
28863
28860
28862
28952
28861
28977
29045
28862
28978
29018
29020
29044
28863
28979
29021
28864
28998
29018
28865
28866
28868
28874
28878
28998
28867
28875
28877
28868
28872
28869
28873
28999
28870
29000
28871
28873
28885
29005
28872
28884
28873
28875
28883
28874
28886
29004
28875
28879
28995
28997
28876
28882
28877
28879
28881
28985
28878
28982
28879
28981
29021
28880
28986
29022
28881
28987
28993
28995
29037
28882
28926
28988
28883
28925
28995
28884
28886
28888
28885
28889
28886
28890
29028
28887
28995
29027
28888
28890
28894
28994
29032
28889
28893
28925
28890
28892
28891
29031
28892
28894
28910
30564
28893
28909
28894
28896
28924
28895
30601
30607
28896
28910
28918
30600
30627
28897
28909
28919
28923
28898
28902
30614
28899
28900
28902
28904
28901
28905
28902
28906
28908
28903
28919
30616
28904
28906
28920
30621
30907
28905
30620
30904
28906
30905
28907
30906
28908
28914
28916
28920
30947
28909
28911
28913
28919
28910
28911
30599
28912
28916
28918
32146
28913
28915
30571
28914
28915
30938
28916
30576
30939
28917
30950
32151
28918
28920
30631
30949
32150
28919
30628
32145
28920
28922
28921
30948
28922
30621
30623
30631
30633
28923
30616
30624
30628
28924
30614
30625
30627
28925
30607
30609
30615
28926
28994
28927
28991
28993
30609
28928
28990
30610
28929
30611
28930
28990
30703
30717
28931
28989
30702
28932
28984
30699
28933
28983
30698
28934
28948
30695
28935
28947
30694
28936
28937
28945
28947
28938
28942
28939
28941
28940
28941
28942
28943
28945
28944
28954
28945
28951
28953
28946
28947
28949
28951
28948
28949
28983
28950
28982
28951
28979
28981
28952
28953
28977
28979
28954
28970
28955
28969
28956
28968
28957
28958
28964
28968
28959
28963
28960
28961
28963
28962
32015
28963
28965
32016
28964
28965
28967
28966
32021
28967
28973
32022
28968
28972
28969
28970
28972
28971
28977
28972
28974
28976
28973
28974
32027
28975
32028
28976
29046
32126
32128
28977
29045
32129
28978
28979
32129
32131
28980
28981
29021
32131
32133
28982
28986
28983
28985
28984
28985
28989
28986
28988
28987
32133
28988
28992
32134
28989
28991
28990
28991
30718
28992
30721
28993
30722
32137
28994
29036
30608
28995
29035
30607
28996
28997
29025
29027
29035
29037
28998
29004
29022
29024
28999
29019
29021
29000
29002
29004
29001
29005
29002
29006
29008
29003
29009
29019
29004
29006
29014
29024
29026
29005
29027
29006
29028
29007
29029
29008
29012
29014
30546
29009
29011
29010
29014
29016
29011
29013
30537
32051
29012
30536
29013
30541
30545
29014
30540
30548
32052
29015
30547
29016
29024
29042
32052
32056
29017
29019
29043
32051
29018
29044
29048
29019
29020
29024
29021
29023
29043
32131
29022
29023
29037
32133
29024
29038
29042
32132
29025
29026
29034
29038
32056
29027
29029
29033
30547
29028
29032
29029
29031
29030
30546
29031
29033
30551
30563
29032
30564
29033
29035
30601
29034
30550
30602
29035
29039
30605
32057
29036
30606
29037
29039
32137
32139
29038
32134
29039
29041
32135
29040
32136
32140
29041
32057
32059
32197
33459
29042
32054
32056
33456
29043
32053
33455
29044
32050
32130
29045
29047
32129
29046
29047
32038
29048
32039
32050
32128
29049
32051
29050
29060
32039
32041
32064
29051
29057
29059
32038
29052
29056
29053
29055
32028
32038
29054
32027
29055
32026
32032
29056
32029
32031
32037
29057
29058
32037
32041
32043
29059
29061
29063
29065
29060
29061
30537
29062
29070
30538
32041
29063
29069
30535
29064
29065
29067
29069
29066
29070
32043
29067
29071
29073
32110
29068
31998
29069
29071
31997
32073
29070
30534
29071
32042
32071
29072
32072
32109
29073
32042
32045
32095
32097
29074
32035
32043
32098
29075
32034
32099
29076
32002
32033
29077
32003
32007
29078
29079
29082
32003
32005
29080
32006
29081
29082
29083
29084
32001
32003
29085
29086
31999
32001
29087
29088
29090
31999
29089
29090
29092
29091
31998
29092
30442
31997
29093
30441
29094
29095
29119
30439
30441
29096
29102
29097
29103
29115
29117
30439
29098
29114
29099
29103
29105
29113
29100
29102
29101
29105
30534
29102
29104
30442
32073
29103
30441
29104
30440
30446
29105
30443
30445
32074
29106
30533
29107
29113
30445
30530
30532
29108
29110
29112
30543
29109
30544
29110
30553
31911
29111
30530
30558
31912
29112
30448
31909
29113
29114
30446
30448
29115
30449
29116
30438
30446
30450
29117
30437
30451
29118
29119
29131
30437
30439
29120
29121
29123
29131
29122
29123
29124
29125
29129
29131
29126
29127
29129
29128
29279
29129
29132
29136
29282
29130
29131
29132
30437
29133
29283
30436
29134
29136
29284
30451
29135
29285
29136
29138
29137
29138
29142
29282
29284
29288
29139
29285
29287
29140
29142
29144
29141
29145
29142
29146
29278
29143
29279
29144
29146
29150
29280
29288
29145
29149
29287
29146
29148
29147
29277
29148
29150
29306
30427
29149
29305
29150
29152
29292
29151
29293
30428
29152
29294
29306
29308
30429
29153
29295
29303
29305
29154
29178
29184
29155
29179
29305
29156
29157
29175
29177
29179
29158
29160
29164
29159
29163
29160
29162
29196
29161
29177
29197
29162
29164
29168
29176
29198
29163
29167
29199
29164
29166
29165
29175
29166
29168
29172
29174
29167
29171
29168
29170
29212
29169
29213
29221
29170
29172
29320
29322
29350
29171
29323
29349
29172
29348
29173
29351
29174
29226
29320
30411
30415
29175
29221
29223
29225
29176
29180
29177
29181
29219
29221
29178
29218
29179
29181
29183
29303
29180
29304
29181
29223
29311
29182
29222
29310
29183
29219
29299
30494
30496
29184
29218
29298
29302
29185
29295
29297
29186
29218
29187
29217
29297
30478
29188
30477
29189
29197
29215
29217
31350
29190
29196
29200
31347
29191
29195
29201
31308
29192
31307
29193
29201
29203
31312
29194
29204
29195
29199
29201
29205
29196
29197
29199
29198
29218
29199
29213
29215
29219
29200
29212
29201
29211
29215
31346
29202
31311
29203
29205
29209
29211
31314
29204
29208
31313
29205
29207
29206
29212
29207
29209
29323
29325
29208
29326
29209
29327
31318
29210
29328
31317
29211
29323
30500
30502
31344
29212
29214
31345
29213
29323
29214
29220
29322
29215
30498
30500
31376
29216
31351
29217
29219
29299
30498
31687
29218
29298
31682
29219
29220
29221
29321
30496
30498
29222
29320
29223
29315
29319
30496
29224
29314
30415
29225
29227
29229
29243
29226
29227
30306
29228
30307
30415
30417
29229
30308
30418
29230
29231
29243
29245
29247
30418
29232
29238
29242
29233
29237
29247
29234
29235
29237
31484
29236
29254
29237
29251
29253
29238
29246
31485
29239
29245
31482
29240
29242
29244
29312
31744
29241
29307
31745
29242
29304
29243
29311
29244
29314
30417
29245
29313
30420
31743
29246
30419
31481
29247
29249
29251
31486
29248
29249
30418
31404
29250
30419
31405
31487
29251
31406
31488
29252
29253
31486
31488
29254
31485
29255
31484
29256
29272
29257
29271
29258
29270
29259
29260
29268
29270
29261
29262
29266
29268
29263
29265
29264
29265
29266
29267
29268
29276
29278
29269
29270
29274
29276
29271
29272
29274
29273
31484
29274
31483
31746
29275
29276
30427
31746
29277
29278
29280
30427
29279
29280
29282
29281
30428
29282
29288
30431
30433
29283
29284
30433
30435
29285
29289
30452
29286
29287
29289
29291
29288
29292
29289
29293
29290
30433
30457
29291
29293
30432
30458
30490
29292
29296
30459
29293
29295
29294
30431
29295
30430
30490
30492
29296
29302
29297
29301
30484
30490
29298
30483
29299
29301
31681
29300
30497
31688
29301
30494
30514
30516
31689
29302
30491
31680
29303
30492
30494
29304
29308
29310
29305
29307
29311
29306
29307
30426
29308
29312
30425
29309
30492
31669
29310
29312
29316
30493
31670
29311
29315
30494
29312
29314
29313
30424
29314
29316
30421
30423
29315
30416
29316
29318
30495
29317
31665
31671
29318
30421
31658
31664
31672
29319
30416
30512
31659
29320
30413
30415
30511
29321
30412
29322
30499
30507
30511
29323
30500
30506
29324
29325
29349
30502
30504
30506
29326
29328
29332
29334
29327
29331
29328
29330
31319
29329
30502
31320
29330
29332
30251
30503
31323
29331
30250
31324
29332
30249
29333
30248
30504
29334
29336
29340
30401
29335
29349
29336
29348
29337
29339
29347
29338
29339
29343
29340
29344
29346
29341
30248
30400
29342
29344
29725
30247
30399
29343
29722
30254
29344
29723
29345
29724
29346
29362
30397
30399
30407
29347
29357
30400
30404
29348
29356
30401
30403
29349
29351
29350
30401
29351
30402
30412
30506
29352
30403
30411
29353
29355
30306
29354
30305
29355
29359
30304
29356
29358
30311
30403
29357
29358
29362
29359
29361
30312
30404
29360
30303
29361
30292
30302
29362
30291
30407
31435
29363
29364
30289
30291
30397
29365
29372
30292
29366
29371
29367
29370
30292
30320
29368
29369
29370
29788
29371
29787
30293
30321
29372
29786
29373
29785
30289
30293
29374
29375
29377
29381
29785
29376
29380
29377
29379
29729
29378
29730
30288
29379
29381
29733
29779
30287
29380
29734
29736
29381
29737
29382
29780
29784
29383
29739
29791
29384
29385
29387
29739
29743
29745
29386
29738
29742
29387
29389
29388
29746
29389
29391
29743
29749
29390
29742
29391
29393
29767
29392
29750
29770
29393
29753
29755
29771
29394
29766
29395
29755
29757
29765
29396
29420
29430
29397
29419
29501
29398
29418
29458
29399
29417
29459
29400
29406
29460
29401
29405
29461
29402
29404
29462
29403
29463
29404
29410
29468
29405
29409
29469
29406
29408
29470
29407
29417
29475
29408
29414
29416
29476
29409
29413
29477
29410
29412
29478
29411
29479
29412
29484
29994
29413
29485
29995
29414
29486
29998
29415
29491
29999
29416
29424
29492
30012
29417
29423
29493
29418
29494
29419
29423
29499
29420
29422
29500
29421
29429
29757
29422
29426
29428
29758
29423
29425
29685
29424
29684
29425
29683
30013
29426
29842
30016
29427
29761
30017
29428
29762
29840
29842
30064
29429
29685
29763
29839
29430
29500
29688
29764
29431
29501
29689
29765
29432
29522
29766
29433
29457
29501
29503
29434
29504
29435
29453
29457
29436
29456
29437
29449
29453
29455
29438
29440
29448
29439
29443
29440
29442
29506
29441
29453
29505
29442
29446
29448
29452
29516
29443
29445
29511
29444
29448
29445
29447
29537
29446
29512
29536
29447
29451
29515
29580
29448
29450
29579
29449
29450
29452
29526
29451
29527
29608
29452
29518
29528
29607
29453
29517
29525
29454
29504
29455
29457
29497
29503
29525
29456
29496
29526
29457
29459
29458
29459
29497
29499
29501
29460
29494
29496
29461
29473
29475
29462
29470
29472
29463
29465
29469
29464
29468
29465
29467
29635
29466
29472
29636
29467
29469
29471
29481
29641
29468
29480
29640
29469
29479
29470
29478
29471
29475
29477
29472
29474
29488
29642
29473
29643
29474
29496
29646
29475
29489
29495
29647
29476
29494
29477
29489
29491
29493
29478
29486
29488
29479
29481
29485
29480
29484
29481
29483
29653
29482
29488
29654
29483
29485
29487
29655
29989
29484
29656
29988
29485
29849
29486
29848
29487
29491
29847
29488
29490
29660
30070
29489
29661
29490
29662
29680
29491
29665
29681
30069
29492
29846
29493
29681
29683
29845
29494
29680
29684
29495
29499
29496
29498
29668
29680
29497
29669
29498
29502
29672
29499
29673
29679
29687
29500
29684
29501
29685
29687
29502
29503
29687
29689
29691
29504
29522
29524
29505
29517
29521
29506
29508
29516
29507
29511
29508
29510
29738
29509
29521
29741
29510
29514
29516
29520
29776
29511
29513
29737
29512
29516
29513
29515
29535
29514
29534
29736
29515
29519
29533
29777
29516
29518
29605
29517
29518
29520
29524
29519
29529
29606
29520
29530
29532
30278
29521
29523
29775
29522
29768
29523
29689
29773
29524
29530
29690
29774
29525
29529
29691
29526
29528
29672
29527
29669
29528
29670
29710
29529
29671
29711
29530
29692
29712
29531
29693
30279
29532
29712
30200
30232
30234
29533
29606
29715
30235
29534
29605
29716
30236
29535
29602
29735
29536
29603
29605
29537
29580
29582
29538
29579
29539
29578
29582
29584
29540
29556
29577
29541
29555
29561
29563
29542
29544
29548
29550
29543
29547
29544
29546
29545
29563
29546
29548
29562
29565
29547
29566
29548
29567
29619
29549
29561
29568
29550
29552
29560
29617
29619
29551
29555
29552
29554
32405
29553
29623
32412
29554
29558
29560
29624
32413
29555
29557
32404
29556
29560
29557
29559
29584
29558
29585
32403
29559
29588
29625
32418
29560
29577
29589
29615
29561
29616
29562
29575
29577
29563
29564
29565
29573
29575
29566
29568
29572
29567
29571
29568
29570
29618
29569
29575
29617
29570
29572
29574
29621
29937
29571
29620
29632
29572
29633
29573
29936
29574
29947
29575
29613
29628
29946
29576
29616
29577
29609
29613
29615
29578
29579
29581
29589
29609
29580
29608
29581
29605
29607
29582
29590
29604
29610
29583
29603
29584
29586
29590
29592
29585
29589
29586
29588
32402
29587
29597
32401
29588
29590
29598
30183
32442
29589
30182
32437
29590
30181
29591
30184
29592
29598
29600
29604
30203
29593
29597
29601
29603
29594
29595
29601
30266
29596
30265
32398
29597
29599
29601
30268
32399
29598
32400
29599
30204
32443
29600
30205
30271
32448
29601
29716
30202
30272
29602
30267
29603
29716
29718
29604
29605
29714
29716
29606
29607
29712
29714
29608
29610
29711
29609
29710
29610
29612
30181
29611
29714
30184
29612
29711
29713
30185
30191
29613
29710
30180
30192
29614
29945
29615
29626
29628
29944
30180
29616
29625
30181
29617
29624
29628
29618
29621
29623
29619
29620
29621
29631
29622
29628
29630
29623
29627
29941
32428
29624
32421
29625
29627
32420
29626
30182
32419
29627
29943
30187
32434
29628
29942
32429
29629
29630
29942
29944
29946
29954
29631
29937
29939
29941
29632
29932
29633
29933
29937
29634
29934
29936
29635
29637
29639
29636
29640
29637
29641
29643
29638
29644
29936
29639
29641
29649
29651
29935
29640
29652
29934
29641
29653
29642
29654
29643
29647
29649
29661
29644
29646
29645
29649
29947
29646
29648
29670
29948
29647
29669
29648
29662
29668
29649
29663
29675
29949
29650
29950
29651
29659
29661
29663
29975
29652
29654
29658
29964
29653
29657
29963
29654
29656
29655
29661
29656
29658
29660
30096
29657
29987
29658
29966
29986
29659
29965
30097
29660
29664
29980
30134
29661
29665
30095
29662
29663
29665
29667
29664
29676
29976
29665
29705
29981
30135
29666
30136
29667
29681
29705
32534
32536
29668
29676
29678
29680
29669
29673
29675
29670
29672
29671
29675
29709
29672
29674
29692
30196
29673
29691
29674
29678
29696
29675
29677
29695
30195
29676
29708
29677
29705
29707
29678
29700
29704
30226
29679
29699
32536
29680
29682
29684
29686
29681
29682
30068
29683
29841
30067
32536
29684
29842
29844
29685
29686
29842
29687
29699
29839
29841
29688
29696
29689
29697
29833
29839
29690
29832
29691
29693
29697
30369
29692
29696
29693
29695
30197
29694
30232
30370
29695
29697
29701
30231
30375
29696
29700
30228
29697
29699
29698
30368
29699
29701
29839
30367
32538
29700
32537
29701
29703
30227
29702
30376
32521
29703
30381
32522
32538
32570
29704
32523
32537
32541
29705
30225
32536
32542
29706
32533
29707
29981
30223
30225
32532
29708
29976
30222
30226
29709
29949
30193
30195
29710
29948
30192
30196
29711
29712
30196
29713
30197
29714
30198
30200
30208
29715
30203
29716
30200
30202
30274
29717
29718
30236
30240
30272
30274
29719
29735
30239
30267
29720
29732
29734
30266
29721
29729
29731
30261
29722
29726
29728
30260
29723
29725
30255
29724
29728
29725
29727
30397
29726
30246
30398
29727
29731
30245
31779
29728
29730
30396
29729
29730
29734
29731
29733
30395
29732
30244
31786
29733
30239
30243
31791
29734
30238
30394
29735
29736
30236
30238
29737
29777
29779
29738
29776
29780
29739
29741
29740
29780
29792
29741
29743
29769
29781
29797
29742
29768
29776
29743
29767
29744
29770
29745
29749
29795
29797
29799
29746
29792
29794
29747
29749
29748
29794
29810
29749
29751
29795
29813
29750
29751
29753
29799
29752
29800
29814
29753
29805
29817
29819
29754
29804
29755
29819
29821
29829
29756
29830
29757
29759
29821
29835
29758
29764
29759
29761
29763
29760
29822
29836
29761
29825
31549
31552
29762
31551
29763
30365
31549
31550
29764
29836
29838
29765
29833
29835
29766
29830
29832
29767
29771
29773
29768
29770
29769
29773
29775
29770
29772
29798
30282
29771
29799
29772
29804
29830
29773
29803
29831
30281
29774
29832
29775
30279
30281
30369
29776
30278
30282
29777
29781
29778
30236
30278
29779
29781
30237
30277
30285
29780
30238
30286
29781
29783
29782
30282
29783
29797
30283
30285
31612
29784
29792
30286
31609
29785
29791
30287
30297
29786
30288
30294
29787
29791
29788
29790
30294
30326
29789
29790
29794
29791
29793
30297
30327
29792
29793
29797
29794
29796
30332
31609
29795
29809
29796
29800
29808
29797
29801
30333
31612
29798
29799
29801
29803
30283
29800
29804
29801
29805
29807
29802
31516
31613
29803
29805
30355
31517
31618
29804
30356
31617
29805
29829
29806
30354
29807
29817
30353
31517
31519
29808
29814
31514
31516
29809
29813
30333
30335
29810
30330
30332
29811
29813
29812
30330
30338
29813
29815
30335
30339
29814
29815
29817
29816
30340
31514
29817
30341
30343
31519
29818
29819
30343
30345
30353
29820
30354
29821
29823
30345
30359
29822
29828
29823
29825
29827
29824
30346
30360
29825
30349
31545
31582
29826
31581
29827
30363
31545
31547
31549
29828
29836
30360
30362
29829
29835
30357
30359
29830
30354
30356
29831
29835
29832
29834
30356
30372
29833
30369
29834
29838
30368
29835
29837
30357
30373
29836
29837
31549
29838
30362
30364
30378
29839
30365
30367
29840
29841
30065
30365
32538
29842
30066
32537
29843
29844
30016
30064
30066
32553
29845
30013
30067
32548
29846
30012
30068
32547
29847
29999
30069
30087
29848
29998
30070
30072
29849
29989
29995
30073
29850
29988
29992
29994
29851
29865
29867
29852
29994
29853
29865
29993
29854
29864
30004
29855
29863
30005
29856
29862
30032
29857
29861
30033
29858
29860
30040
29859
30041
34205
29860
29902
32629
34204
29861
29901
32624
29862
29896
30118
29863
29895
30113
29864
29874
30080
29865
29873
30075
29866
29992
29867
29871
29873
29991
29868
29988
29869
29871
29987
29870
29880
29986
29871
29877
29879
30099
29872
30100
29873
29875
29877
30103
29874
30076
29875
29895
30079
29876
29894
30108
29877
29891
29893
30107
29878
30104
29879
29889
29891
30159
29880
29882
30148
29881
29985
29882
29884
30150
29883
29889
30149
29884
29886
29888
30156
29885
30155
29886
29928
33994
29887
29927
33995
29888
29912
29926
34002
29889
29911
30157
29890
30158
29891
29909
29911
30163
29892
30164
29893
29907
29909
34111
29894
29898
32617
29895
29897
30111
29896
30112
29897
29901
30117
29898
29900
32619
29899
29907
32618
29900
29904
29906
32643
29901
29903
32622
29902
32623
29903
32628
34203
29904
32645
34202
29905
32644
34223
29906
29918
34180
34224
29907
29917
34175
29908
34116
29909
29915
29917
34115
29910
34110
29911
29913
29915
34109
29912
34108
29913
29925
34003
29914
29924
35643
29915
29921
29923
35644
29916
34276
29917
29919
29921
34275
29918
34176
29919
34179
34225
29920
34240
34274
29921
34241
34273
35658
29922
35657
29923
34273
34275
34287
35692
29924
34276
34278
35691
29925
34109
34129
35686
29926
34108
34130
35421
29927
30157
34103
34105
29928
30156
32840
34084
29929
30155
32839
34079
29930
29970
32479
29931
29967
29969
30155
29932
29960
29962
29933
29939
29934
29938
29962
29935
29963
29936
29938
29950
29964
29937
29947
29938
29946
29939
29951
29961
29940
29954
29960
29941
29955
29959
32486
29942
32469
29943
29955
32468
29944
29956
30188
32467
29945
29953
30179
29946
29948
29952
30192
29947
29951
29948
29950
29949
29950
29952
29976
29951
29975
29952
29954
29974
29953
29977
30193
29954
29956
30176
30178
29955
29973
29956
29958
32487
29957
30217
32492
29958
30176
30218
32493
32507
29959
29971
29973
32494
29960
29970
32495
29961
29969
29973
29962
29964
29968
29974
29963
29967
29964
29966
29965
29975
29966
29968
29980
29984
29967
29985
29968
30150
29969
29979
30151
29970
29972
30154
29971
32500
32839
29972
32501
32507
32838
29973
29979
30175
32837
29974
30176
29975
29977
29979
29976
29980
29977
29981
29978
30176
30222
29979
29981
30171
30175
30223
29980
30170
29981
29983
29982
29983
30135
30145
30171
32532
29984
30134
30146
30170
29985
30097
30147
30151
29986
30148
30150
29987
30097
30099
29988
30096
30100
29989
29991
29990
30070
30096
29991
30071
30073
30077
30101
29992
30076
30100
29993
30073
30075
29994
29996
30004
29995
29996
29998
29997
30003
30073
29998
30000
30002
30072
29999
30000
30012
30001
30011
30087
30002
30008
30010
30088
30003
30007
30083
30004
30006
30074
30005
30075
30006
30032
30080
30007
30031
30081
30008
30030
30082
30009
30029
30089
30010
30022
30028
32561
30011
30021
32556
30012
30014
32547
30013
30014
30016
30015
30021
32548
30016
30018
30020
32553
30017
30018
30064
31551
30019
30063
31554
30020
30024
30062
31555
30021
30023
32554
30022
32555
30023
30027
32562
30024
30026
32563
30025
30061
31558
30026
30050
30060
31559
30027
30049
32668
30028
30048
32603
30029
30047
32602
30030
30036
30124
30031
30035
30121
30032
30034
30114
30033
30113
30034
30040
30118
30035
30039
30119
30036
30038
30120
30037
30047
30125
30038
30044
30046
32635
30039
30043
32632
30040
30042
32625
30041
32624
30042
32629
34471
30043
32630
34472
30044
32631
34503
30045
32636
34504
30046
30054
32676
34569
30047
30053
32671
30048
32605
30049
30053
32604
30050
30052
32667
30051
30059
31562
30052
30056
30058
31563
30053
30055
32669
30054
32670
30055
32677
34570
30056
32678
34599
30057
31566
34600
30058
31567
32678
34664
34666
30059
31568
32669
32681
30060
31569
32667
32682
30061
31570
32598
32668
30062
31571
32563
32597
30063
31572
32554
32566
30064
31573
32553
32567
30065
31550
30066
31575
32539
32567
30067
32540
32552
30068
32535
32549
30069
32534
32546
30070
30086
30136
30071
30095
30072
30084
30086
30094
30073
30083
30087
30074
30075
30077
30081
30083
30076
30080
30077
30079
30103
30078
30084
30102
30079
30081
30091
30109
30115
30080
30108
30112
30081
30113
30082
30114
30083
30089
30091
30121
30084
30088
30085
30091
30093
30086
30088
30090
30140
32557
30087
30137
32546
30088
32547
30089
32556
30090
30124
32561
30091
30123
30141
32560
30092
30122
30093
30109
30129
30131
30141
30094
30102
30132
30140
30095
30101
30133
30137
30096
30134
30136
30097
30101
30098
30134
30099
30101
30105
30133
30147
30100
30104
30148
30101
30103
30102
30103
30105
30109
30104
30108
30105
30107
30159
30106
30132
30160
30107
30109
30131
30165
32616
30108
30164
32617
30109
30111
30110
30111
30115
30129
32616
32620
30112
32617
32619
30113
30115
30117
30114
30118
30115
30119
30121
30116
30122
30117
30119
30127
32620
32626
30118
32619
32623
30119
32624
30120
32625
30121
30125
30127
32632
30122
30124
30123
30127
30129
30124
30126
32601
32611
30125
32602
30126
32605
32635
30127
32606
32634
32652
30128
32633
30129
32614
32620
32640
32652
30130
32611
30131
32612
32614
32616
34119
30132
30142
30166
30133
30139
30167
30134
30138
30146
30135
30136
30138
32533
30137
32534
30138
30140
32545
30139
30145
32544
30140
30142
30144
32583
30141
32584
30142
32587
32611
30143
32588
32612
30144
30166
32832
34122
34144
30145
30167
32829
32831
30146
30172
32577
30147
30167
30169
30148
30152
30160
30149
30159
30150
30152
30156
30158
30151
30155
30152
30154
30170
30153
30161
30169
30154
30156
32836
32840
34106
30155
32837
32839
30156
30157
30158
34106
34108
30159
30161
30163
30160
30164
30161
30165
30167
30162
30168
34106
30163
30165
32833
34107
34113
30164
34108
34110
30165
34111
30166
34112
30167
32833
34119
30168
30169
32831
32833
32835
30170
30172
32836
30171
32837
30172
30174
32531
30173
32576
32831
30174
32836
32842
32848
34134
30175
32530
32837
32843
30176
32507
32509
30177
30178
30218
30220
30222
32509
30179
30193
30215
30217
30180
30188
30190
30192
30181
30185
30187
30182
30184
30183
30187
32436
30184
30186
30204
32451
30185
30203
30186
30190
30208
30187
30189
30207
32456
30188
32435
30189
30217
32466
30190
30210
30216
32465
30191
30209
30215
30192
30194
30196
30198
30193
30194
30222
30195
30215
30221
30229
30196
30226
30228
30197
30198
30228
30232
30199
30209
30229
30200
30212
30230
30232
30386
30201
30387
30202
30206
30208
30212
33223
30203
30205
30273
30204
30208
30205
30207
32450
30206
32449
33221
30207
30211
32462
33222
30208
30210
32457
30209
30210
30212
30214
30211
32464
32514
30212
32463
32515
33233
30213
33234
30214
30230
32515
32517
33237
30215
30229
32514
32518
30216
30220
30217
30219
32514
32859
30218
32860
30219
32508
33937
30220
32511
32513
33938
30221
32510
32518
30222
30224
30226
32519
30223
30224
32509
32531
30225
32510
32524
32574
30226
32523
32573
30227
30228
32519
32521
32523
30229
30231
30230
32519
30231
30385
32520
30232
30384
32521
30233
30234
30370
30384
30386
32792
30235
30279
30387
30389
30236
30274
30276
30278
30237
30238
30240
30276
30392
30239
30393
30240
30242
31840
30241
30275
31845
30242
30270
30272
31846
33225
30243
30267
30269
31839
30244
30264
30266
31792
30245
30261
30263
31785
30246
30258
30260
31780
30247
30255
30257
31773
30248
30252
30254
31390
30249
30251
31387
30250
30254
30251
30253
31325
30252
31326
31386
30253
30257
31329
31391
30254
30256
31330
30255
30256
30260
30257
30259
31331
30258
31332
31772
30259
30263
31337
31781
30260
30262
31336
30261
30262
30266
30263
30265
33150
30264
31794
33149
30265
30269
31793
33156
30266
30268
33155
30267
30268
30272
30269
30271
35972
30270
31838
35973
30271
31847
33220
35978
30272
33221
35977
30273
30274
33221
33223
33225
30275
30387
30276
30388
32786
33225
30277
30389
30391
30278
30280
30282
30284
30279
30280
30370
30281
30371
30389
31616
30282
30372
31617
30283
30284
31613
31617
30285
30391
31614
31616
30286
30392
31611
30287
30393
31610
30288
30296
30394
30289
30295
30395
30290
30396
30291
30293
30295
31437
31777
30292
31436
31776
30293
30301
30294
30300
30295
30297
30299
30296
31454
31788
30297
31455
31610
31789
30298
31609
30299
30327
31455
31457
31608
30300
30326
31454
31458
30301
30321
31437
31439
30302
30320
31432
31436
30303
30315
31435
30304
30312
30314
30305
30309
30311
30306
30308
30307
30311
30411
30308
30310
30414
31402
30309
31403
30310
30314
31410
30311
30313
31399
31411
30312
30410
30313
30409
31435
30314
31426
31434
31725
30315
31417
30316
31424
31432
31434
30317
30319
31423
30318
30319
30323
30320
30322
31432
31442
30321
30322
30326
30323
30325
31439
31441
30324
30325
30329
30326
30328
31458
31460
30327
30328
30332
30329
30331
31457
31465
30330
30331
30335
30337
30332
30334
31508
31607
30333
31608
30334
31516
31621
30335
31509
31515
31606
30336
31514
30337
30339
31509
31511
31513
30338
31506
31508
30339
30340
30341
31513
30342
31520
30343
31527
31535
30344
31528
30345
30347
31533
31535
30346
30352
30347
30349
30351
30348
31536
31540
30349
31537
31592
31598
30350
31591
30351
31543
31545
31598
32759
30352
30360
31540
31542
30353
30359
31531
31533
30354
31528
31530
30355
30359
30356
30358
31530
32730
30357
32729
30358
30362
32734
30359
30361
31531
32733
30360
30361
31545
30362
31542
31544
32736
30363
32735
30364
31544
32740
32742
30365
30379
31549
31576
30366
31575
30367
30379
30381
32538
32695
30368
30376
30378
30369
30373
30375
30370
30372
30371
30375
30372
30374
32728
32792
30373
32729
30374
30378
32734
30375
30377
32727
32795
30376
30384
30377
30381
30383
30378
30380
32726
32804
30379
32735
30380
32694
32740
30381
32697
32725
32809
30382
32696
30383
32522
32807
32809
32819
30384
32521
32804
32806
30385
32795
30386
32794
32806
33237
30387
32793
33234
30388
33223
30389
32787
32793
33224
30390
32792
30391
31616
32787
32789
32791
30392
32784
32786
30393
31843
31845
30394
31840
31842
30395
31789
31791
30396
31786
31788
30397
31777
31779
30398
31776
30399
31773
31775
31779
30400
30406
31390
30401
30405
31387
30402
30504
30403
30405
30505
31397
30404
30410
30405
30407
30409
30406
31388
31723
30407
31389
31728
31775
30408
31776
30409
31435
31726
31728
31803
30410
31723
31725
30411
31397
31399
30412
30414
30413
30507
31397
30414
31398
31659
31715
30415
31399
31401
30416
30417
30421
31401
30418
30420
31402
30419
31403
30420
31414
31480
30421
31413
31742
30422
31657
30423
31672
31740
31742
30424
31671
31743
30425
31670
31744
30426
31669
31745
30427
30429
31746
30428
30429
30431
30430
31669
30431
30519
31668
30432
30433
30519
30521
30434
30435
30457
30521
30523
30436
30452
30524
30437
30451
30525
30438
30439
30525
30527
30440
30441
30443
30527
30442
30443
31996
30444
31995
30445
30527
30528
31994
30446
30529
32079
30447
30527
30448
30450
30526
30529
31907
30449
30530
31908
30450
30454
30451
30453
30525
30452
30453
30457
30454
30456
30524
31907
30455
31908
30456
30486
31917
30457
30487
30523
31922
30458
30459
30487
30489
30521
30460
30484
30486
30461
30481
30483
30462
30478
30480
30463
30475
30477
30464
30472
30474
30465
30467
30471
30466
30470
30467
30469
30572
30468
30474
30573
30469
30471
30473
30578
31309
30470
30577
31306
30471
31307
30472
31308
30473
30477
31347
30474
30476
30579
31348
30475
30580
30476
30480
30591
30477
30479
30592
31349
30478
31350
30479
30483
31682
30480
30482
31683
31931
30481
31926
30482
30486
31925
30483
30485
31684
31932
30484
31681
30485
30489
31680
30486
30488
31691
31933
30487
31924
30488
30522
31923
30489
31692
31902
31938
30490
30520
31679
30491
30519
30492
30516
30518
31679
30493
31668
30494
30516
31665
31667
30495
30496
30512
30514
31665
30497
30511
30498
30510
30514
31697
30499
31698
30500
30508
30510
31703
30501
31377
30502
30506
30508
31382
31384
30503
31343
30504
31342
31384
31386
30505
31387
30506
31384
31388
31396
30507
30508
31396
31715
30509
31395
33080
30510
31713
31715
31717
33081
30511
30513
31704
30512
31715
30513
31664
31714
30514
31705
31711
31713
30515
31696
30516
31665
31675
31695
31711
30517
31694
30518
31667
31675
31677
30519
31668
31678
30520
30521
31678
31902
30522
30523
31902
31904
30524
31905
30525
31906
30526
30527
30528
31906
30529
31991
31993
30530
31920
32080
30531
31919
30532
30558
32080
32082
32184
30533
30543
32077
32079
30534
30542
32074
32076
30535
32071
32073
30536
30538
30542
30537
30541
30538
30540
32064
30539
32065
32071
30540
30542
30556
32066
32076
30541
30555
32063
30542
30544
30543
30544
30556
30558
30545
30553
30555
30546
30548
30552
30547
30551
30548
30550
32056
30549
30555
32055
30550
30552
30554
32058
32168
30551
32057
32167
30552
30562
30553
30561
30554
30558
30560
30555
30557
32087
32179
30556
32086
30557
32077
32085
30558
32082
32088
32180
30559
30560
31912
32180
32182
32184
30561
31911
32177
32179
30562
30584
32168
32170
30563
30583
30597
32167
30564
30566
30598
30602
30565
30599
30601
30566
30570
30567
30569
30583
30568
30582
30569
30573
30581
30570
30574
30588
30598
30571
30599
30572
30574
30576
32146
30573
30577
30574
30578
30580
30575
30589
32147
30576
30578
30594
31359
32152
30577
31358
32151
30578
31357
30579
31356
30580
30592
30594
31355
30581
30589
30591
30582
30586
30588
30583
30585
30584
30588
30585
30587
31911
30586
31910
30587
30591
31915
30588
30590
31914
32170
30589
30597
30590
30594
30596
30591
30593
31927
32171
30592
31926
30593
31931
31943
30594
31930
31944
32174
30595
31945
30596
32152
32162
32164
32174
30597
32147
32165
32171
30598
32166
32170
30599
30603
32147
30600
32146
30601
30603
32143
32145
30602
30606
30603
30605
32167
30604
32148
32166
30605
32141
32143
32201
32205
30606
32140
32196
30607
32139
32143
30608
30627
30609
30626
30722
32139
30610
30625
30721
30611
30613
30615
30718
30612
30717
30613
30618
30716
30614
30617
30625
30719
30615
30616
30617
30621
30618
30622
30624
30726
30619
30715
30620
30622
30728
30898
30621
30635
30622
30634
30623
30727
30899
30624
30630
30956
30978
30625
30629
30725
30626
30720
30627
30629
30723
32142
30628
32143
30629
30631
32144
30630
30724
32207
30631
30957
30979
32208
30632
32209
30633
30949
30957
30959
32220
30634
30948
30954
30956
30635
30899
30901
30907
30636
30898
30902
30904
30637
30651
30665
30667
30638
30650
30656
30664
30639
30643
30657
30661
30640
30658
30660
30641
30643
30645
30642
30646
30643
30647
30649
30644
30650
30645
30647
30655
30657
30749
30646
30658
30746
30647
30747
30648
30748
30649
30653
30655
30835
30650
30652
30651
30655
30652
30654
30904
30653
30905
30654
30834
30910
30655
30667
30837
30903
30656
30836
30657
30663
30667
30669
30658
30662
30670
30659
30671
30660
30662
30680
30740
30661
30681
30662
30664
30732
30663
30733
30741
30664
30666
30734
30786
30665
30731
30666
30730
30898
30667
30735
30787
30897
30668
30902
30669
30787
30789
30837
30925
30670
30786
30790
30836
30671
30741
30749
30791
30672
30740
30744
30746
30673
30675
30677
30674
30746
30675
30745
30767
30676
30744
30768
30677
30743
30769
30781
30678
30740
30679
30739
30781
30680
30681
30733
30739
30682
30732
30683
30711
30684
30710
30685
30686
30708
30710
30687
30705
30688
30704
30689
30701
30690
30700
30691
30697
30692
30696
30693
30694
30696
30695
30696
30698
30697
30698
30700
30699
30700
30702
30701
30702
30704
30703
30704
30706
30705
30706
30708
30707
30717
30708
30714
30716
30709
30710
30712
30714
30711
30712
30732
30713
30731
30714
30728
30730
30715
30716
30726
30728
30717
30719
30718
30719
30721
30720
30726
30721
30723
30725
30722
30723
32138
30724
33463
30725
30979
33464
30726
30978
30727
30728
30976
30978
30729
30730
30898
30976
31160
30731
30735
30732
30734
30733
30734
30738
30735
30737
30736
31160
30737
30787
31157
31159
30738
30784
30786
30739
30741
30783
30740
30782
30741
30743
30742
30786
30743
30783
30785
30791
30871
30744
30782
30872
30745
30791
30793
30746
30750
30752
30794
30747
30749
30748
30752
30749
30751
30835
30750
30836
30751
30791
30795
30839
30752
30796
30840
30753
30754
30794
30796
30798
30848
30755
30765
30767
30756
30758
30798
30757
30799
30758
30760
30802
30759
30765
30803
30760
30762
30764
30816
30761
30815
30762
30820
31040
30763
30819
31041
30764
30774
30858
31104
30765
30773
30853
30766
30848
30767
30771
30773
30847
30768
30794
30769
30771
30793
30770
30780
30872
30771
30777
30779
30873
30772
30874
30773
30775
30777
30881
30774
30854
30775
30857
31105
30776
30886
31138
30777
30885
31139
31147
30778
30882
30779
31147
31149
30780
31150
30781
31151
30782
30783
31151
30784
31152
30785
31155
31157
30786
30788
30790
30870
30787
30788
30896
30789
30893
30895
31157
30790
30838
30868
30926
30791
30839
30869
30792
30793
30795
30869
30871
30875
30794
30872
30874
30795
30847
30796
30842
30846
30797
30841
30849
30798
30800
30804
30806
30799
30803
30800
30802
30801
30807
30802
30804
30812
30814
30803
30815
30804
30816
30848
30805
30817
30849
30806
30810
30812
30824
30850
30807
30809
30841
30808
30812
30809
30811
30931
30810
30832
30930
30811
30825
30831
30995
30812
30826
30996
30813
30814
30822
30824
30826
30815
30817
30821
30816
30820
30817
30819
30853
30818
30824
30852
30819
30821
30823
30859
31059
30820
30858
31060
30821
31039
30822
31038
30823
30827
31037
30824
30828
30860
31082
30825
30851
30826
30828
30830
31006
30827
31007
30828
31014
31036
30829
31015
31083
30830
30860
30864
31188
31232
30831
30851
30863
31183
30832
30844
30850
31168
30833
30841
30843
30929
30834
30838
30840
30916
30835
30837
30911
30836
30840
30837
30839
30838
30918
30839
30843
30917
30840
30842
30841
30842
30850
30843
30845
30869
30844
30868
30928
30845
30863
30867
31167
30846
30850
30862
30878
30847
30849
30855
30875
30848
30854
30874
30849
30853
30850
30852
30851
30852
30860
30862
30853
30855
30859
30854
30858
30855
30857
30881
30856
30862
30880
30857
30859
30861
30887
31219
30858
30886
31218
30859
31103
30860
31220
30861
31231
30862
30864
30888
31230
30863
30879
30864
30866
31184
30865
31187
31233
30866
30888
31210
31212
31262
30867
30879
30891
31207
30868
30878
30892
31166
30869
30893
30927
30870
30878
30871
30877
30893
31155
30872
30876
31152
30873
31151
30874
30876
30882
31150
30875
30881
30876
30878
30880
30877
30883
31153
30878
30890
30892
31154
30879
30880
30888
30890
30881
30883
30887
30882
30886
30883
30885
31149
30884
30890
32924
30885
30887
30889
31215
32925
30886
31148
31216
30887
31217
30888
31228
30889
31229
30890
31212
31214
32926
30891
32923
30892
31206
31212
32922
30893
31165
32921
30894
31156
30895
30927
31161
31163
31165
30896
30926
30972
31158
30897
30925
30971
31159
30898
30900
30902
31160
30899
30900
30956
30976
30901
30955
30971
30975
30902
30908
30924
30954
30903
30925
30904
30908
30910
30918
30905
30907
30906
30910
30907
30909
30947
30908
30948
30909
30919
30953
30910
30920
30946
30911
30912
30916
30918
30920
30913
30915
30914
30920
30936
30915
30921
30933
30943
30993
30916
30930
30917
30921
30929
30918
30922
30926
30928
30919
30925
30920
30922
30924
30962
30921
30945
30922
30944
30992
30923
30967
30991
30924
30926
30968
30972
30990
30925
30961
30971
30926
30927
30928
30990
31166
30929
30991
31167
30930
30992
31168
30931
30993
30995
30932
30996
30933
30993
30997
30999
30934
30935
30943
30999
30936
30937
30941
30943
30945
30938
30940
30946
30939
30947
30940
30950
31358
30941
30951
31361
30942
30964
31366
30943
30965
31001
31369
30944
31000
30945
30965
30967
31175
30946
30962
30964
30947
30951
30953
30948
30950
30949
30953
30950
30952
32155
30951
32154
30952
30964
32159
30953
30959
30963
32158
30954
30962
30955
30959
30961
30956
30958
30970
30982
30957
30977
30958
30980
32221
30959
30981
30985
32224
30960
32225
30961
30963
30985
30987
32310
30962
30968
30970
30963
30967
30964
30966
32237
30965
32236
30966
31176
32241
30967
30987
31177
32240
30968
31174
30969
30987
30989
30970
30972
30986
31202
32916
30971
30983
30985
30972
30974
30973
31163
30974
31158
31162
32916
30975
30983
31159
30976
30982
31160
30977
30978
30980
30982
30979
30980
33467
30981
33468
30982
30984
33471
30983
30984
32916
30985
32915
33472
30986
32311
30987
31201
32314
32915
30988
32315
30989
31177
31199
31201
33054
30990
31172
31174
31202
30991
31163
31171
30992
31170
31174
30993
31169
31175
30994
31000
30995
30997
31003
31005
31169
30996
31006
31168
30997
31007
30998
31018
30999
31003
31019
31000
31001
31003
31175
31002
31176
32349
31003
31027
31179
32354
31004
31180
31005
31019
31027
31029
31181
31006
31016
31018
31182
31007
31015
31183
31008
31014
31018
31009
31013
31010
31012
31018
31020
31011
31021
31012
31022
31274
31013
31017
31023
31275
31014
31272
31015
31017
31035
31016
31188
31266
31017
31029
31189
31267
31018
31030
31034
31019
31020
31026
31030
31021
31023
31025
31022
31023
31293
31024
31030
31292
31025
31031
31297
31299
31026
31300
31027
31031
32374
31028
31194
32375
31029
31031
31195
32378
32384
31030
31190
32385
31031
31033
31032
32379
31033
31297
32382
32384
32388
31034
31290
31292
32385
31035
31267
31275
31289
31036
31266
31270
31272
31037
31075
31083
31085
31038
31074
31080
31082
31039
31053
31057
31059
31040
31050
31052
31060
31041
31043
31042
31060
31104
31043
31045
31061
31107
31044
31050
31045
31047
31049
31046
31062
31108
31047
31099
31111
31113
31048
31114
31049
31067
31097
31099
32964
31050
31062
31064
31066
31051
31057
31061
31052
31056
31066
31053
31054
31056
31074
31055
31073
31056
31070
31072
31057
31065
31079
31058
31064
31080
31059
31061
31063
31081
31221
31060
31082
31220
31061
31103
31062
31102
31063
31099
31101
31064
31098
31240
31248
31065
31087
31097
31066
31068
31070
31088
31067
31068
32407
31069
31093
31097
32408
31070
31092
32405
31071
31072
31088
31090
31092
31073
31077
31079
31074
31076
31075
31079
31076
31078
31272
31077
31273
31078
31090
31278
31079
31085
31089
31271
31080
31088
31081
31085
31087
31082
31084
31236
31248
31083
31231
31084
31232
31266
31085
31237
31249
31269
31086
31270
31087
31089
31095
31249
32873
31088
31096
31248
31089
31093
31090
31094
31280
31091
31279
31092
31094
31284
32403
31093
32404
31094
31096
32415
31095
31285
32416
31096
31250
32872
32975
31097
31247
32972
31098
32965
31099
31245
31247
32966
31100
32963
31101
31111
31243
31245
32962
31102
31108
31240
31242
31103
31107
31221
31223
31104
31218
31220
31105
31107
31106
31138
31218
31107
31109
31137
31223
31108
31109
31111
31110
31136
31242
31111
31133
31135
31243
31112
31113
31131
31133
32962
31114
31120
32963
31115
31119
32964
31116
31118
32407
31117
32406
31118
31124
32411
31119
31123
32410
31120
31122
32969
31121
31131
32968
31122
31128
31130
32981
31123
31127
32982
31124
31126
32423
31125
32422
31126
32427
32471
31127
32426
32472
31128
32985
33732
31129
32986
33731
31130
33724
33730
33804
31131
33723
33799
31132
33710
31133
33711
33715
33723
31134
32961
31135
32960
33715
33717
31136
31142
32957
31137
31141
32952
31138
31140
31224
31139
31217
31140
31146
31216
31141
31145
31225
31142
31144
32951
31143
32956
33717
31144
33718
33760
31145
32950
31146
32943
31147
32942
31148
31149
32925
32942
31150
32924
31151
31153
31152
31153
31155
31154
32924
31155
32921
32923
31156
31157
31161
32921
31158
31159
31161
31160
31162
32920
31163
32917
32919
31164
31202
31165
31171
31203
31205
32919
31166
31206
32920
31167
31171
31207
31168
31170
31184
31169
31183
31170
31180
31182
31171
31173
31185
31172
31208
31173
31199
31203
32897
31174
31178
31180
31192
31175
31177
31176
31180
31177
31179
32348
31178
32347
31179
31193
31199
33060
31180
31194
33061
31181
31182
31190
31192
31194
31183
31185
31189
31184
31188
31185
31187
31207
31186
31192
31208
31187
31189
31191
31209
32883
31188
31210
31264
31189
31265
31190
32884
31191
31195
32887
31192
31196
32888
32896
31193
32897
31194
31196
31198
33495
31195
33496
31196
32890
33499
31197
32889
33500
31198
32896
32910
33049
33051
31199
32897
32911
33052
31200
33053
31201
31203
32911
32913
33480
31202
32914
33055
31203
32917
31204
32918
31205
32897
32898
32911
32933
31206
31208
32899
32930
31207
31211
32929
31208
31210
31209
32897
31210
32896
32899
32905
31211
31263
31212
32899
32901
32928
31213
32927
31214
31260
31262
32901
32939
31215
31229
31259
32940
31216
31226
31228
32941
31217
31225
32942
31218
31224
31228
31219
31223
31220
31222
31228
31230
31221
31231
31222
31236
31240
31223
31227
31235
31241
31224
31242
31225
31227
32952
31226
32943
32951
31227
31259
32944
32954
31228
31258
32953
31229
31230
31258
31262
31231
31233
31235
31232
31236
31233
31237
31265
31234
31262
31264
31235
31237
31253
31261
32881
31236
31254
31258
31237
31239
31238
32880
31239
31249
31251
31253
32879
31240
31246
31248
31254
31241
31245
31242
31244
31254
32953
31243
32952
31244
32957
32961
31245
31255
32958
33707
31246
33708
31247
31251
31255
33791
31248
31250
32973
31249
31250
32874
31251
32877
32974
31252
32878
33792
31253
31255
33038
33690
33793
31254
33037
33691
31255
31257
31256
33706
31257
32958
33688
33690
33705
31258
32953
33687
33691
31259
31261
31260
32945
33687
31261
32902
32946
33686
31262
32903
33691
31263
31264
32901
32903
32905
31265
32881
32883
31266
32880
32884
31267
31269
31268
32385
32884
31269
31289
32386
32875
32885
31270
32874
32880
31271
31289
32873
31272
31276
31278
31280
31273
31275
31274
31278
31275
31277
31293
31276
31292
31277
31281
31289
31291
31278
31282
31294
31279
31280
31282
31284
31281
31285
32873
31282
31286
31288
32391
31283
32392
31284
31286
32397
32401
31285
32402
31286
32439
32872
31287
32396
32440
31288
32870
32872
32876
33009
31289
32390
32873
32875
31290
31291
32386
32388
32390
31292
31294
31296
32391
31293
31297
31294
31295
32392
31296
31336
32393
31297
31335
32388
32394
31298
31299
31331
31333
31335
32382
31300
31328
31330
32379
31301
31325
31327
32374
31302
31322
31324
32355
31303
31319
31321
32350
31304
31316
31318
31370
31305
31313
31315
31365
31306
31310
31312
31362
31307
31309
31357
31308
31312
31309
31311
31347
31310
31348
31356
31311
31315
31353
31363
31312
31314
31346
31313
31314
31318
31315
31317
31345
31316
31364
31374
31317
31321
31371
31379
31318
31320
31344
31319
31320
31324
31321
31323
31343
31322
31380
32351
31323
31327
32356
32364
31324
31326
31342
31325
31326
31330
31327
31329
31341
31328
32365
32373
31329
31333
32370
32380
31330
31332
31340
31331
31332
31336
31333
31337
31339
31334
32381
33143
31335
31337
33144
33152
33604
31336
33151
33603
31337
33150
31338
33149
31339
31781
33144
33146
33148
31340
31772
33141
33143
31341
31391
32368
32370
31342
31386
32365
32367
31343
31383
32364
31344
31380
31382
31345
31377
31379
31346
31374
31376
31347
31351
31353
31348
31350
31349
31353
31355
31350
31352
31683
31943
31351
31682
31352
31376
31687
31353
31375
31686
31948
31354
31374
31355
31363
31373
31946
31948
31356
31943
31945
31357
31359
31363
31358
31362
31359
31361
32154
31360
31945
32153
31361
31363
31367
31946
32160
31362
31366
32159
31363
31365
31364
31365
31367
31371
31373
31366
31370
31367
31369
32236
31368
31951
32235
31369
31371
31952
32242
32352
31370
32241
32349
31371
32350
31372
32351
31373
31379
31952
31954
32358
31374
31949
31951
31375
31379
31376
31378
31699
31949
31377
31698
31378
31382
31703
31379
31381
31702
31954
31380
31381
32358
32364
31382
32361
32363
33079
31383
33080
31384
32363
32367
33085
31385
31395
31386
31388
31392
31394
32367
31387
31391
31388
31390
31389
31722
31390
31392
31729
31774
31391
31773
31392
31772
31393
31771
32368
31394
31729
31731
31770
33109
31395
31722
31732
33106
31396
31717
33085
31397
31716
31722
31398
31723
31399
31660
31716
31724
31400
31725
31401
31411
31656
31660
31759
31402
31657
31659
31403
31411
31413
31404
31410
31414
31405
31409
31406
31408
31414
31490
31407
31489
31408
31420
31492
31409
31415
31419
31491
31410
31418
31411
31415
31417
31412
31426
31413
31415
31427
31656
31747
31414
31657
31741
31415
31479
31416
31478
31417
31419
31427
31429
31477
31418
31424
31426
31419
31423
31420
31422
31494
31421
31493
31422
31444
31496
31423
31429
31443
31495
31424
31442
31425
31429
31431
31426
31428
31434
31450
31760
31427
31759
31428
31655
31748
31429
31449
31654
31749
31430
31476
31431
31443
31447
31449
31475
31432
31440
31442
31450
31433
31439
31434
31436
31438
31450
31804
31435
31726
31436
31437
31803
31438
31454
31808
31439
31451
31453
31809
31440
31458
31441
31447
31451
31459
31442
31446
31460
31443
31444
31446
31498
31445
31497
31446
31462
31500
31447
31461
31499
31448
31470
31474
31449
31451
31469
31652
31882
31450
31653
31881
31451
31811
31452
31810
31453
31459
31467
31469
31863
31454
31456
31458
31828
31455
31827
31456
31623
31830
31457
31467
31624
31829
31458
31466
31607
31459
31460
31466
31470
31461
31465
31462
31464
31470
31502
31463
31501
31464
31504
31506
31465
31471
31503
31507
31466
31508
31467
31471
31628
31468
31627
31862
31469
31471
31630
31650
31884
31470
31651
31883
31471
31473
31472
31629
31473
31503
31884
33352
31474
31502
31883
31475
31499
31882
31476
31498
31881
31477
31495
31749
31478
31494
31748
31479
31491
31747
31480
31490
31741
31481
31487
31742
31482
31486
31743
31483
31485
31744
31484
31745
31485
31486
31487
31488
31490
31489
31490
31492
31491
31492
31494
31493
31494
31496
31495
31496
31498
31497
31498
31500
31499
31500
31502
31501
31502
31504
31503
31504
33351
31505
31506
33349
33351
31507
31511
31508
31510
31629
33351
31509
31628
31510
31522
31633
31511
31523
31632
33350
31512
33349
31513
31523
31525
33348
31514
31520
31522
31515
31519
31516
31518
31522
31605
31517
31620
31518
31530
31619
31519
31521
31529
31604
31520
31528
31521
31525
31527
31522
31524
31641
33329
31523
31634
31524
31643
33357
31525
31642
33330
33358
31526
33347
31527
33330
33344
33346
31528
31534
33329
31529
31533
31530
31532
31603
33329
31531
32769
31532
31542
32768
31533
31541
31602
33332
31534
31540
31535
31539
33332
33344
31536
31537
31539
31538
31595
31539
31596
31598
34357
34359
31540
33341
33343
31541
31598
31542
31599
31601
33341
31543
32767
31544
31599
32760
32766
31545
32739
32743
31546
31547
31582
32743
32757
32759
31548
31579
31581
32742
31549
31550
31552
31576
31578
31551
31573
31575
31552
31554
31553
31581
31554
31556
31578
31580
31555
31573
31556
31558
31572
31557
31585
32688
31558
31560
31586
32689
31559
31571
31560
31562
31570
31561
32712
34757
31562
31564
32713
34760
31563
31569
31564
31566
31568
31565
34717
34761
31566
34718
34724
34764
31567
34723
31568
34718
34720
34722
31569
34715
34717
31570
32683
32713
31571
32684
32712
31572
32685
32689
31573
32686
32688
31574
31578
31575
31577
32567
32686
32700
31576
32695
31577
32694
32742
31578
32687
32693
32745
31579
32688
31580
32745
32755
32757
31581
31583
31585
31582
31583
31591
31584
31590
32757
31585
31587
31589
32756
31586
32755
31587
34346
34757
31588
34347
34758
31589
34945
34947
34953
31590
34351
34948
31591
31593
32758
31592
32759
31593
31595
31597
31594
34353
34948
31595
34354
34949
31596
31597
34354
34356
34973
31598
32759
32761
34353
31599
31600
32761
34357
31601
32766
32776
34374
34935
31602
32767
32775
33340
31603
32768
32772
33333
31604
32769
32771
33328
31605
31619
31639
31641
31606
31620
31634
31636
31607
31621
31625
31633
31608
31624
31628
31609
31621
31623
31610
31612
31611
31623
31842
31612
31614
31622
31843
31613
31621
31614
31618
31620
31615
31637
32784
31616
31618
31638
32731
32789
31617
32728
31618
32729
31619
32730
31620
31638
32769
31621
31637
31622
31623
31625
31637
31858
31624
31853
31625
31627
31854
31626
31636
31859
31627
31631
31633
31635
31860
31628
31630
31861
31629
31633
31630
31632
33352
31631
31649
33353
31632
31644
31648
33354
31633
31643
33355
31634
31635
31641
31643
31636
31640
31644
33270
31637
31639
33251
31638
32783
31639
32770
32782
31640
32771
33252
31641
31645
33271
33327
31642
33328
31643
31645
33337
33359
31644
33356
31645
31647
33361
31646
33336
33360
31647
33271
33273
34380
34390
31648
33270
33274
33362
31649
31860
33199
33363
31650
31861
33196
33364
31651
31862
31866
31885
31652
31863
31865
31886
31653
31810
31814
31887
31654
31811
31813
31880
31655
31750
31760
31762
31656
31751
31757
31759
31657
31661
31752
31658
31740
31659
31661
31663
31739
31660
31714
31661
31719
31758
31662
31753
31757
31663
31719
31735
31754
31756
31664
31712
31714
31738
31665
31673
31711
31666
31667
31671
31673
31675
31668
31670
31669
31670
31671
31672
31673
31739
31674
31738
31675
31711
31737
31897
31676
31677
31695
31897
31899
31678
31694
31900
31679
31901
31680
31692
31694
31681
31689
31691
31682
31684
31688
31683
31687
31684
31686
31942
31685
31691
31941
31686
31688
31690
31700
31962
31687
31699
31957
31688
31698
31689
31697
31690
31694
31696
31691
31693
31707
31963
31692
31940
31693
31901
31939
31694
31708
31900
31968
31695
31696
31708
31710
31697
31705
31707
31698
31700
31704
31699
31703
31700
31702
31956
31701
31707
31971
31702
31704
31706
31976
33082
31703
31955
33079
31704
33080
31705
33081
31706
31710
33088
31707
31709
31977
33089
31708
31970
31709
31899
31969
31710
31898
31982
33090
31711
31897
33091
31712
31713
31735
31737
33091
31714
31718
33088
31715
31719
31716
31717
31719
31721
31718
31732
33086
31719
31733
31735
33087
31720
31721
31733
31756
31758
31764
31722
31724
31730
31732
31723
31729
31724
31728
31725
31727
31758
31726
31759
31727
31760
31804
31728
31730
31761
31805
31729
31802
31730
31801
31731
31764
31818
31732
31765
31769
33108
31733
33107
31734
31765
33130
31735
31756
31766
31893
33131
31736
33092
31737
31754
31893
31895
31738
31896
31739
31754
31740
31753
31741
31752
31742
31747
31743
31744
31745
31746
31748
31752
31749
31751
31750
31881
31751
31877
31880
31752
31878
31753
31754
31878
31755
31756
31876
31878
31893
31757
31763
31758
31762
31878
31759
31761
31760
31761
31811
31762
31764
31812
31763
31813
31877
31764
31766
31874
31876
31765
31817
31766
31768
33135
31767
31892
33136
31768
31872
31874
31891
33137
31769
31817
31871
33138
31770
31818
31820
33139
31771
31801
31821
33140
31772
31774
31782
33141
31773
31781
31774
31780
31775
31783
31801
31776
31778
31802
31777
31803
31778
31788
31808
31779
31783
31787
31807
31780
31786
31781
31783
31785
31782
31794
31783
31795
31821
33146
31784
31800
31785
31787
31795
31797
31799
31786
31792
31794
31787
31791
31788
31790
31826
31789
31827
31790
31830
31842
31791
31797
31831
31841
31792
31840
31793
31797
31839
31794
31796
31838
33157
31795
33148
31796
31822
33147
31797
31835
31837
33162
31798
31850
31799
31831
31833
31835
31851
31800
31822
31824
31826
31801
31807
31819
31821
31802
31818
31803
31805
31807
31804
31808
31805
31809
31811
31806
31812
31818
31807
31809
31815
31819
31825
31808
31826
31809
31827
31810
31828
31811
31815
31863
31812
31813
31815
31817
31814
31874
31879
31815
31865
31873
31888
31816
31864
31817
31819
31869
31871
31873
31818
31874
31819
31820
31824
31821
31823
31871
33170
31822
33165
31823
31835
33164
31824
31834
31870
33179
31825
31833
31869
31826
31828
31832
31864
31827
31831
31828
31830
31829
31863
31830
31832
31854
31862
31831
31853
31832
31852
31833
31855
31867
31834
31868
33203
31835
33184
33186
33204
31836
33163
31837
31851
33204
33206
36106
31838
31848
31850
35983
31839
31847
35980
31840
31846
31850
31841
31845
31842
31844
31850
31852
31843
31853
31844
31858
32784
31845
31849
31857
32785
31846
32786
31847
31849
33226
31848
33219
35979
31849
33206
33218
35984
31850
33207
33227
31851
31852
33203
33207
31853
31855
31857
31854
31858
31855
31859
31861
31856
33197
33203
31857
31859
33198
33208
33250
31858
33207
33249
31859
32783
31860
33251
31861
33198
33270
31862
33197
31863
31867
31864
31865
31867
31869
31866
33189
33193
31867
33190
33194
33196
31868
33197
31869
33186
33190
33202
31870
33189
31871
33178
33186
33188
31872
33171
31873
31890
33176
33188
31874
31889
33189
31875
31876
31879
31889
31891
31877
31892
31878
31879
31880
31888
31881
31887
31882
31883
31887
31884
31886
31885
33353
31886
33194
33364
31887
33193
31888
31889
33193
31890
33192
31891
33370
33372
31892
33373
31893
33374
31894
31895
33131
33374
33376
31896
33092
33377
31897
33091
33378
31898
31899
31983
33378
31900
31984
31901
31985
31902
31986
31903
31904
31938
31986
31988
31905
31923
31989
31906
31922
31990
31907
31991
31908
31920
31922
31909
31917
31919
31910
31912
31916
31911
31915
31912
31914
31913
31919
31914
31916
31918
31928
32182
31915
31927
32177
31916
31926
31917
31925
31918
31922
31924
31919
31921
31935
32183
31920
32184
31921
31991
32187
31922
31936
31990
32188
31923
31924
31936
31938
31925
31933
31935
31926
31928
31932
31927
31931
31928
31930
32176
31929
31935
32257
31930
31932
31934
31960
32258
31931
31959
32175
31932
31942
31933
31941
31934
31938
31940
31935
31937
31965
32291
31936
32286
31937
31989
32287
31938
31966
31988
32292
31939
31940
31966
31968
31986
31941
31963
31965
31942
31960
31962
31943
31957
31959
31944
31948
31945
31947
31959
32231
31946
32162
31947
31951
32161
31948
31950
31958
32232
31949
31957
31950
31954
31956
31951
31953
31973
32233
31952
32234
31953
32243
32359
31954
31974
32248
32360
31955
32361
31956
31974
31976
33078
31957
31971
31973
31958
31962
31959
31961
31973
32251
31960
32252
31961
31965
32295
31962
31964
31972
32328
31963
31971
31964
31968
31970
31965
31967
31979
32329
31966
32294
31967
31987
32293
31968
31980
32334
33383
31969
31985
31970
31980
31982
31984
31971
31977
31979
31972
31976
31973
31975
31979
32327
31974
32250
31975
32249
33099
31976
31978
33098
33528
31977
33097
31978
31982
33096
31979
31981
33121
33529
31980
32336
31981
32335
33382
31982
33122
33381
33530
31983
33123
31984
33379
33381
31985
33382
31986
33383
31987
31988
33383
33385
31989
33386
31990
33387
31991
33388
31992
31993
32187
33388
33390
31994
32080
32112
31995
32079
32111
31996
32074
32107
31997
32073
32108
31998
32109
31999
32110
32000
32001
32099
32110
32002
32003
32099
32101
32004
32005
32007
32101
32006
32008
32033
32009
32024
33444
32010
32019
32011
32018
32012
32013
32014
32018
32015
32017
32016
32017
32021
32018
32020
32019
32020
32024
32021
32023
32022
32023
32027
32024
32026
32025
32026
32030
32032
33444
32027
32029
32028
32029
32126
32030
32125
32031
32124
33443
32032
32034
32036
32033
32034
32101
33444
32035
32100
33443
32036
32045
32102
33442
32037
32043
32044
32124
32038
32040
32125
32039
32126
32040
32049
32127
32041
32044
32048
33451
32042
32065
32043
32044
32070
32045
32047
32123
32046
32103
33441
32047
32093
32095
32104
33440
32048
32068
32070
32122
32049
32065
32067
33450
32050
32062
32064
33452
32051
32053
33453
32052
32064
32053
32055
32063
32054
32062
33454
32055
32059
32061
33457
32056
32058
32086
32057
32058
32196
32059
32087
32195
32060
32198
33458
32061
32087
32089
32265
36229
32062
32086
32090
36230
32063
32067
36231
32064
32066
32086
32065
32066
32070
32067
32069
32085
32068
32090
33449
32069
32091
32093
32121
32070
32076
32084
32094
32071
32095
32072
32076
32073
32075
32095
32108
32074
32075
32079
32076
32078
32094
32107
32077
32078
32082
32084
32079
32081
32111
32115
32080
32081
32187
32082
32112
32116
32186
32083
32185
32084
32088
32116
32118
32192
32085
32091
32115
32086
32088
32090
32087
32088
32194
32089
32193
32090
32118
32266
33447
32091
33448
32092
32118
32120
32093
32115
32117
33394
33438
32094
32105
33439
32095
32106
32115
32096
32097
32104
32106
32108
32098
32103
32109
32099
32102
32110
32100
32101
32102
32103
32104
32105
32106
33394
32107
32114
32108
32111
32109
32110
32112
32114
32113
33390
32114
32116
33391
33393
32115
33394
32116
32117
32271
32118
32270
33393
33437
32119
32269
32120
33437
33445
33447
32121
33438
33448
32122
33439
33449
32123
33440
33450
32124
33441
33451
32125
33442
32126
33451
32127
32128
33451
33452
32129
33453
32130
32131
33453
33455
32132
32133
32135
33455
32134
32135
32137
32136
33456
32137
33459
33461
32138
32139
33461
33463
32140
32142
32141
32197
33461
32142
32200
32206
33462
32143
32207
33463
32144
32145
32205
32207
32209
32146
32148
32150
32147
32151
32148
32152
32149
32165
32205
32150
32152
32156
32164
32210
32151
32155
32209
32152
32154
32153
32154
32156
32160
32162
32155
32159
32156
32158
32220
32157
32163
32219
32158
32160
32226
32228
32238
32159
32225
32237
32160
32236
32161
32235
32162
32228
32232
32234
32163
32231
32164
32218
32228
32230
32165
32173
32217
32166
32172
32204
32167
32169
32201
32168
32196
32169
32179
32195
32170
32172
32178
32202
32171
32177
32172
32174
32176
32173
32203
32255
32174
32216
32230
32254
32175
32231
32176
32252
32254
32258
32177
32255
32257
32178
32182
32179
32181
32255
32263
32180
32194
32181
32185
32193
32182
32190
32256
32262
32183
32257
32184
32188
32190
32286
32185
32187
32186
32190
32192
32187
32189
32271
33390
32188
32189
32287
33388
32190
32272
32288
33389
32191
32285
32192
32262
32268
32272
32284
32193
32269
32271
32194
32262
32266
32195
32263
32265
32196
32198
32202
32197
32201
32198
32200
33460
32199
32265
36227
32200
32202
32214
32264
36226
32201
32213
36225
32202
32204
32203
32263
32204
32214
32216
32278
32205
32213
32217
32206
32210
32207
32211
32213
33465
32208
33464
32209
32211
32221
33467
32210
32220
32211
32217
32219
32212
32222
33466
32213
32215
32217
32303
36223
32214
36224
32215
32277
36238
32216
32280
32302
36239
32217
32279
32301
32218
32219
32227
32301
32303
32220
32222
32226
32221
32225
32222
32224
33468
32223
32303
33469
32224
32226
32304
32312
33470
32225
32311
33471
32226
32310
32227
32309
32228
32304
32306
32308
32229
32245
32230
32232
32246
32298
32306
32231
32253
32301
32232
32252
32233
32251
32234
32246
32248
32250
32235
32243
32245
32236
32238
32242
32237
32241
32238
32240
32310
32239
32245
32309
32240
32242
32244
32316
32346
32241
32315
32347
32242
32348
32243
33063
32244
32248
33064
32245
32247
32317
32345
32246
32308
32247
32307
32325
32248
32322
32342
32344
32249
33065
32250
32342
33526
33528
32251
32325
32327
32252
32298
32328
32253
32295
32254
32296
32298
32300
32255
32259
32279
32256
32278
32257
32259
32261
32285
32258
32286
32259
32291
32295
32260
32290
32296
32261
32279
32281
32283
33408
32262
32276
32278
32284
32263
32267
32264
32278
32265
32267
32277
36232
32266
36228
32267
32269
33446
32268
32276
36233
32269
32273
32275
36234
32270
33445
32271
32273
33392
33436
32272
33391
32273
33396
33398
32274
33395
33435
32275
33398
33400
33434
33540
32276
32282
32284
36235
32277
32281
36236
32278
32280
36237
32279
32280
32300
32281
33404
36240
32282
33403
36241
32283
33400
33402
36242
32284
32290
33399
33409
32285
33398
32286
32288
32290
32287
32291
32288
32292
33387
32289
33398
33537
32290
32292
32332
33399
33536
32291
32331
32292
32294
32293
33386
32294
32332
32334
33385
32295
32329
32331
32296
32328
32297
32331
33408
32298
32326
32328
32330
33407
32299
32325
32300
32306
32324
33405
33407
32301
33404
33408
32302
32306
32303
32305
33404
36246
32304
36222
32305
32319
36221
32306
32320
33405
36247
32307
32308
32320
32322
32324
32309
32317
32319
32310
32312
32316
32311
32315
32312
32314
33472
32313
32319
33473
32314
32316
32318
33056
33474
32315
33055
33475
32316
33054
32317
33057
32318
32322
33484
32319
32321
33483
36219
32320
36220
32321
33418
36248
32322
33419
33486
36249
32323
33485
32324
32342
33419
33421
33564
32325
33418
33422
32326
32342
32327
32337
32341
33422
32328
32336
33528
32329
32330
32334
32336
32331
32333
32337
33412
32332
33409
32333
33410
33535
32334
32338
33411
33534
32335
33384
32336
32338
33530
33532
32337
33529
32338
32340
33423
32339
33424
33533
32340
33425
33530
33548
33550
32341
33426
33529
33551
32342
33421
33528
33552
32343
32344
33524
33526
33552
33564
32345
33065
33485
33491
32346
33064
33484
33490
32347
33057
33059
33063
32348
33054
33060
32349
33061
33063
32350
32352
32354
32351
32355
32352
32356
32358
32353
32359
33063
32354
32356
32376
33062
33068
32355
32375
33061
32356
32374
32357
32373
32358
32362
32364
32372
33068
32359
32361
32360
33064
33068
32361
33065
33069
33099
32362
33078
32363
33069
33075
33077
32364
32366
33084
32365
32366
32370
32372
32367
32369
33075
33105
32368
33106
32369
33109
33141
32370
33074
33110
33142
32371
33143
32372
32380
33072
33074
33598
32373
33071
33075
32374
32376
32380
32375
32379
32376
32378
33496
32377
33071
33497
32378
32380
33072
33498
33600
32379
32383
33499
32380
32382
32381
32382
33598
33600
33604
32383
33603
32384
33600
33602
33612
32385
32387
32890
32386
32887
32387
32886
33005
32388
32891
33006
33602
32389
33603
32390
32394
33006
33008
33630
32391
33005
33009
32392
32394
32396
32393
32397
32394
32398
33150
32395
33151
32396
32398
32446
33008
33154
32397
32445
33009
32398
32400
32399
33155
32400
32446
32448
35972
32401
32443
32445
32402
32440
32442
32403
32437
32439
32404
32416
32418
32405
32413
32415
32406
32408
32412
32407
32411
32408
32410
32964
32409
32415
32965
32410
32412
32414
32424
32970
32411
32423
32969
32412
32422
32413
32421
32414
32418
32420
32415
32417
32431
32971
32416
32972
32417
32439
32975
32418
32432
32438
32976
32419
32437
32420
32432
32434
32436
32421
32429
32431
32422
32424
32428
32423
32427
32424
32426
32982
32425
32431
32983
32426
32428
32430
32484
32984
32427
32483
32985
32428
32470
32429
32469
32430
32434
32468
32431
32433
32489
32989
32432
32990
32433
32453
32991
32434
32454
32490
32994
32435
32467
32436
32454
32456
32466
32437
32451
32453
32438
32442
32439
32441
32453
32997
32440
32871
32441
32445
32870
32442
32444
32452
32869
32443
32451
32444
32448
32450
32445
32447
32459
33015
32446
33010
32447
33011
35971
32448
32460
33014
35976
32449
35977
32450
32460
32462
35998
32451
32457
32459
32452
32456
32453
32455
32459
32868
32454
32996
32455
32862
32995
32456
32458
32863
32867
32457
32465
32458
32462
32464
32459
32461
33023
35383
32460
33016
32461
33025
35997
32462
33024
35384
36002
32463
36003
32464
32857
35384
36036
32465
32858
35383
32466
32859
32863
32467
32860
32862
32468
32490
32492
32469
32487
32489
32470
32484
32486
32471
32481
32483
32472
32474
32473
32483
33732
32474
32476
32482
33733
32475
32481
32476
32478
32480
32477
32497
33736
32478
32498
33737
33993
32479
33994
32480
32498
32500
34079
32481
32495
32497
32482
32486
32483
32485
32497
33898
32484
33893
32485
32489
33894
32486
32488
32496
33899
32487
32495
32488
32492
32494
32489
32491
32503
33900
32490
33901
32491
32862
33904
32492
32504
32861
33905
32493
32860
32494
32504
32506
33937
32495
32501
32503
32496
32500
32497
32499
32503
33912
32498
33911
32499
33914
34078
32500
32502
33913
34081
32501
34080
32502
32506
34087
32503
32505
33918
34088
32504
33919
32505
33920
33936
32506
33923
33941
34089
32507
33940
34090
32508
32843
32509
32511
32844
33940
32510
32530
32511
32527
32529
32512
32845
33939
32513
32527
32852
32854
35379
32514
32516
32518
35380
32515
32858
32516
32857
33238
32517
32854
32856
33293
32518
32520
32526
33292
32519
32527
32520
32524
32521
32525
32806
32522
32523
32525
32571
32524
32572
32525
32527
32822
32526
32807
32821
32527
32854
33297
34310
32528
32529
32822
32850
32852
34310
32530
32574
32845
32849
32531
32844
32848
32532
32574
32576
32533
32573
32577
32534
32542
32544
32535
32545
32536
32540
32542
32550
32537
32538
32540
32539
32540
32568
32570
32695
32541
32551
32542
32570
32572
32580
32543
32573
32544
32550
32578
32580
32582
32545
32577
32583
32546
32550
32584
32547
32549
32557
32548
32556
32549
32553
32555
32550
32552
32558
32551
32585
32552
32568
32580
32592
32553
32565
32567
32554
32555
32563
32565
32556
32558
32562
32557
32561
32558
32560
32584
32559
32565
32585
32560
32562
32564
32586
32600
32561
32587
32601
32562
32602
32563
32603
32564
32668
32565
32591
32597
32599
32566
32592
32567
32593
32597
32686
32568
32569
32593
32700
32570
32580
32594
32699
32825
32571
32696
32572
32819
32821
32825
32573
32579
32822
32574
32578
32575
32822
32576
32578
32823
32849
34141
32577
32830
32848
32578
32829
32579
32828
32580
32823
32825
32827
32581
32582
32590
32592
32594
32827
32583
32585
32589
32828
32584
32588
32829
32585
32587
32586
32592
32587
32589
32591
32609
32588
32610
32589
32655
34144
32590
32656
34145
32591
32595
32659
34146
32592
32596
32660
32593
32594
32596
32701
32595
32702
32826
32596
32662
32705
34151
32597
32661
32706
32598
32685
32599
32661
32682
32684
32600
32660
32666
32668
32601
32603
32607
32609
32602
32606
32610
32603
32605
32604
32668
32605
32607
32667
32670
32606
32671
32607
32653
32672
32608
32666
32673
32609
32653
32657
32665
34192
32610
32656
32660
32611
32653
32655
32612
32652
32613
32655
34122
32614
32650
32652
32654
34123
32615
32641
34118
32616
32618
32620
32642
34117
32617
34112
32618
34111
32619
32643
34116
32620
32622
32621
32622
32626
32640
32642
32646
32623
32643
32645
32624
32626
32628
32625
32629
32626
32630
32632
32627
32633
32628
32630
32638
32646
34496
32629
32645
34469
32630
34470
32631
34495
32632
32636
32638
34502
32633
32635
32634
32638
32640
32635
32637
32651
32672
32636
32671
32637
32676
34527
32638
32675
34197
34528
32639
34501
32640
32646
32648
34197
34199
32641
32651
32642
32648
32650
34173
32643
32647
34174
32644
34175
32645
32647
34180
34463
32646
34201
32647
34200
32648
34181
34464
32649
34182
34533
32650
34187
34189
34197
34532
32651
34172
34190
32652
34191
34197
32653
32654
34191
32655
32657
34160
34190
32656
34155
32657
32659
34154
32658
34161
34193
32659
32663
32665
34162
34670
32660
32662
34153
32661
32665
32662
32664
32707
32663
32708
34152
32664
32717
34167
34671
32665
32682
32716
34668
32666
34669
32667
32680
32682
32668
32669
32670
32678
32680
32671
32673
32677
32672
32676
32673
32675
34191
32674
32680
34192
32675
32677
32679
34195
34594
32676
34196
34567
32677
34568
32678
34595
32679
34598
32680
34666
34674
34684
32681
34669
32682
34666
34668
34715
32683
32684
32714
32716
34715
32685
32707
32711
32686
32690
32706
32687
32701
32688
32690
32692
32754
32689
32755
32690
32712
34346
32691
32711
34345
32692
32704
32706
32710
34344
32693
32701
32703
32753
32694
32698
32700
32746
32695
32697
32741
32696
32700
32697
32699
32819
32698
32724
32818
32699
32703
32723
34319
32700
32702
34318
32701
32702
32706
32703
32705
34329
32704
32722
34328
32705
32709
32721
34335
32706
32708
34334
32707
32708
32710
32716
32709
32717
34898
32710
32718
32720
34901
32711
32715
34998
32712
32714
34999
32713
34756
32714
34717
34755
32715
34716
35004
32716
32718
35005
35025
32717
34714
32718
34897
35021
32719
34902
35020
32720
35005
35007
35015
35035
32721
34998
35008
35010
32722
34336
34342
34344
32723
32751
32753
34327
32724
32746
32750
34320
32725
32741
32749
32817
32726
32738
32740
32810
32727
32735
32737
32803
32728
32732
32734
32796
32729
32731
32791
32730
32734
32731
32733
32769
32732
32770
32790
32733
32737
32773
32801
32734
32736
32768
32735
32736
32740
32737
32739
32767
32738
32774
32802
32739
32749
32777
32815
32740
32748
32766
32741
32742
32746
32748
32743
32745
32744
32748
32760
32745
32747
32757
32763
34349
32746
32754
32747
32753
32748
32750
32752
32764
32749
32765
32750
32816
34933
32751
34325
34938
32752
34326
34342
34939
32753
34343
34349
34940
32754
34344
32755
34345
34349
32756
34346
32757
34347
34349
34351
32758
32759
32763
34351
34353
32760
32761
32763
32765
32762
34356
34935
32763
34353
34355
34936
34942
32764
34350
32765
34936
34938
34940
32766
34933
34935
32767
32777
32768
32774
32769
32773
32770
32771
32773
32781
32772
33257
33327
32773
32775
33258
33334
32774
32780
32775
32777
32779
32776
33311
34372
32777
33312
34373
34934
32778
34933
32779
32815
33312
33314
34932
32780
32802
33309
33311
32781
32801
33258
33260
32782
32790
33255
33257
32783
32789
33252
33254
32784
33249
33251
32785
32789
32786
32788
33227
33249
32787
33226
32788
32798
33229
32789
32799
33228
33254
32790
32791
32799
32801
32792
32796
32798
32793
32795
32794
32798
33235
32795
32797
32805
33236
32796
32804
32797
32801
32803
32798
32800
32812
33289
32799
33242
32800
33243
33255
32801
32813
33260
33288
32802
32803
32813
32815
32804
32810
32812
32805
32809
32806
32808
32812
33291
32807
33292
32808
32820
33297
32809
32811
33298
34315
32810
32818
32811
32815
32817
32812
32814
33299
34322
32813
33290
32814
33303
33309
32815
33304
33314
34323
32816
32817
34323
34325
34932
32818
34320
34322
32819
34315
34319
32820
34318
32821
34311
34315
34317
32822
32824
34310
32823
32824
32850
34148
32825
34149
34309
34317
32826
34318
32827
34149
34151
34329
32828
34146
34148
32829
34141
34145
32830
34144
32831
34139
34141
34143
32832
34134
32833
34121
34135
34143
32834
34120
32835
34107
34127
34131
34135
32836
34106
34132
34134
32837
32841
32838
32839
32841
32843
34087
32840
34080
32841
34085
34105
32842
34086
34132
32843
32847
34091
34133
32844
34090
32845
32847
35448
32846
32852
35449
32847
32849
32851
34305
35452
32848
34138
35453
32849
34139
32850
34140
32851
34307
34309
32852
34306
34419
35622
32853
35378
32854
34310
34312
34419
35377
32855
33296
32856
35377
35379
35399
36075
32857
35380
35398
36070
32858
35385
36041
32859
35380
35382
32860
32864
33938
32861
33937
32862
32864
33926
33936
32863
33927
32864
32866
35383
32865
33935
35382
32866
33926
33930
33934
35393
32867
33927
33929
35388
32868
32995
33021
33023
32869
32996
33016
33018
32870
32997
33001
33015
32871
33000
33010
32872
32975
32997
32999
32873
32877
32874
32875
32877
32879
32876
33005
33035
32877
33000
33004
33040
32878
32999
32879
33038
33040
33815
32880
33035
33037
32881
32885
32882
32903
33037
32883
32885
32893
32904
33036
32884
32888
32905
32885
32887
32886
33035
32887
32891
32893
33034
32888
32890
32889
32893
32895
32890
32892
33049
33613
32891
33612
32892
33033
33617
32893
33044
33048
33616
32894
33043
32895
32904
32907
33048
33700
32896
32905
32908
33049
32897
32898
32899
32908
32910
32932
32900
32931
32901
32905
32906
32908
32937
32902
32938
32903
32906
33685
33766
32904
33692
32905
32906
33693
32907
33684
33767
32908
33681
33683
33768
32909
32936
32910
32935
33049
33679
33681
32911
32934
33506
32912
33505
32913
32933
32934
36212
32914
32918
33479
32915
32917
33476
32916
33475
32917
32918
32919
32933
32920
32930
32921
32929
32922
32923
32927
32929
32924
32926
32925
32926
32941
32927
32940
32928
32939
32929
32931
32938
32930
32931
32933
32932
32937
32933
32934
32936
32935
36211
32936
33769
36210
32937
33768
32938
33767
32939
33766
32940
32946
32941
32945
32942
32944
32943
32944
32950
32945
32949
32946
32948
32947
33766
32948
33686
33763
33765
32949
33687
33762
32950
32954
33761
32951
33760
32952
32954
32956
32953
32957
32954
32958
32955
33687
32956
32958
33688
33761
33783
32957
33760
33784
32958
32960
32959
32960
33705
33707
33713
33783
32961
33714
33784
32962
33707
33711
32963
33708
33710
32964
32966
32968
32965
32969
32966
32970
32972
32967
32973
33708
32968
32970
32978
32980
33709
32969
32981
33710
32970
32982
32971
32983
32972
32976
32978
32990
32973
32975
32974
32978
33791
32975
32977
32999
33792
32976
32977
32991
32997
32978
32992
32998
33795
32979
33790
32980
32988
32990
32992
33797
32981
32983
32987
33798
32982
32986
33799
32983
32985
32984
32990
32985
32987
32989
33894
32986
33893
32987
33804
33892
32988
33805
33895
32989
32993
33806
33902
32990
32994
33901
32991
32992
32994
32996
32993
33019
33796
32994
33020
33811
33903
32995
33904
32996
33020
33927
32997
33019
32998
32999
33001
33019
33814
33000
33815
33001
33003
33818
33002
33018
33819
33003
33013
33015
33017
33850
33004
33010
33012
33849
33005
33007
33009
33041
33006
33034
33007
33033
33629
33008
33012
33032
33634
33009
33011
33635
33010
33011
33015
33012
33014
35970
33013
33031
35969
33014
33026
33030
35992
33015
33025
35993
33016
33017
33023
33025
33018
33022
33026
33851
33019
33021
33852
33020
33813
33021
33812
33928
33022
33857
33929
33023
33027
33858
35389
33024
35388
33025
33027
35387
36031
33026
35996
33027
33029
36029
33028
35390
36030
33029
33858
33882
35485
36333
33030
33851
33861
36330
33031
33850
33862
36199
33032
33849
33863
35968
33033
33041
33045
33669
33034
33044
33628
33035
33041
33043
33036
33040
33037
33039
33043
33693
33038
33692
33039
33695
33816
33040
33042
33694
33817
33041
33818
33042
33849
33043
33045
33699
33848
33044
33700
33045
33047
33671
33046
33670
33863
33047
33699
33776
33864
35892
33048
33682
33700
35893
33049
33681
35894
33050
33051
33613
33677
33679
35894
33052
33500
33502
33506
33053
33495
33503
33505
33054
33058
33060
33480
33055
33057
33056
33476
33480
33057
33477
33481
33483
33058
33484
33059
33481
33489
33503
33060
33062
33490
33494
33061
33495
33062
33496
33063
33067
33497
33064
33065
33067
33066
33526
33067
33069
33491
33519
33525
33068
33490
33518
33069
33071
33070
33100
33071
33073
33075
33115
33519
33072
33518
33073
33517
33599
33074
33114
33520
33608
33075
33113
33597
33076
33077
33103
33105
33113
33115
33078
33084
33100
33102
33079
33097
33099
33080
33082
33084
33081
33085
33082
33086
33088
33083
33089
33097
33084
33086
33094
33102
33104
33085
33105
33086
33106
33087
33107
33088
33092
33094
33130
33089
33091
33090
33094
33096
33091
33093
33123
33378
33092
33093
33131
33094
33124
33132
33377
33095
33129
33096
33102
33120
33124
33128
33097
33121
33123
33098
33102
33099
33101
33121
33527
33100
33526
33101
33115
33525
33102
33116
33120
33554
33103
33104
33112
33116
33128
33105
33107
33111
33129
33106
33110
33107
33109
33108
33130
33109
33111
33135
33139
33110
33140
33111
33113
33167
33112
33134
33168
33113
33117
33593
33595
33114
33596
33115
33117
33583
33645
33116
33582
33117
33119
33581
33118
33584
33646
33119
33585
33591
33593
33651
33120
33126
33128
33586
33121
33125
33555
33122
33556
33123
33125
33380
33557
33124
33379
33125
33127
36129
33126
33558
36130
33127
33589
33591
36131
33128
33132
33592
36128
33129
33593
33130
33132
33134
33131
33135
33132
33136
33133
33376
33134
33136
33174
33375
33592
33135
33173
33593
33136
33138
33137
33374
33138
33174
33176
33373
33139
33171
33173
33140
33168
33170
33141
33165
33167
33142
33146
33143
33145
33167
33597
33144
33598
33145
33159
33605
33146
33160
33166
33642
33147
33165
33148
33160
33162
33164
33149
33157
33159
33150
33152
33156
33151
33155
33152
33154
33630
33153
33159
33631
33154
33156
33158
33636
35974
33155
33635
35971
33156
35972
33157
35973
33158
33162
35980
33159
33161
33637
35981
33160
33638
33161
33181
33641
33162
33182
33664
35982
33163
35983
33164
33182
33184
36106
33165
33179
33181
33166
33170
33167
33169
33181
33643
33168
33596
33169
33173
33595
33170
33172
33180
33648
33171
33179
33172
33176
33178
33173
33175
33649
36117
33174
33594
33175
33653
36125
33176
33654
36118
36124
33177
33372
33178
33188
33371
36118
36120
33179
33185
36117
33180
33184
33181
33183
33661
36117
33182
33660
33183
33663
36105
33184
33662
36108
36116
33185
36107
33186
36114
36116
36120
33187
33211
33188
33190
33212
33369
36120
33189
33370
33190
33192
33191
33201
33192
33194
33367
33369
33193
33370
33194
33195
33196
33364
33365
33367
33197
33199
33201
33198
33202
33199
33209
33269
33200
33274
33365
33201
33209
33213
33275
33366
33202
33212
33367
33203
33209
33211
33204
33208
33205
33211
36107
33206
33208
33210
33216
36112
33207
33217
36111
33208
33248
33209
33267
33210
33268
33211
33213
33215
36113
33212
36114
33213
33368
36768
33214
36765
36791
33215
33275
33279
36764
36790
33216
33268
33278
36789
33217
33265
33267
36181
33218
33246
33248
36180
33219
33227
33245
36009
33220
33226
33230
36006
33221
33225
33231
35999
33222
35998
33223
33231
33233
36003
33224
33234
33225
33229
33231
33235
33226
33227
33229
33228
33248
33229
33243
33245
33247
33230
33242
33231
33241
33245
36005
33232
36004
33233
33235
33239
33241
36037
33234
33238
36036
33235
33237
33236
33242
33237
33239
33289
33291
33238
33292
33239
33293
36041
33240
33294
36042
33241
33287
33289
33301
36043
33242
33244
36044
33243
33289
33244
33262
33288
33245
33263
33287
36047
33246
36010
33247
33263
33265
36183
33248
33254
33262
33266
33249
33267
33250
33254
33251
33253
33267
33269
33252
33270
33253
33257
33271
33254
33256
33266
33272
33255
33256
33260
33262
33257
33259
33283
33325
33258
33326
33259
33311
34400
33260
33284
33310
33324
33261
33309
33262
33284
33286
33288
33308
33263
33283
33264
33286
36800
33265
33281
33283
33285
36799
33266
33278
36182
33267
33277
33283
33268
33269
33275
33277
33270
33272
33274
33271
33272
33326
33273
33277
33325
33274
33276
34381
34389
33275
34388
33276
34387
33277
33279
34384
34386
33278
33282
33279
33281
36795
33280
36763
36796
33281
34384
36760
36762
36797
33282
33322
36798
33283
33323
33325
34384
33284
33285
33317
33323
33286
33318
33322
36806
33287
33307
36805
33288
33302
36048
33289
33303
33290
33291
33299
33301
33303
33292
33294
33298
33293
33297
33294
33296
36070
33295
33301
36071
33296
33298
33300
34313
36076
33297
34312
36075
33298
34311
33299
34314
33300
33304
34412
33301
33305
34413
36077
33302
36078
33303
33305
33307
36081
33304
33308
33305
33315
34411
33306
34414
36082
33307
33315
33319
36644
36821
33308
33318
36816
33309
33315
33317
33310
33314
33311
33313
33317
34398
33312
34399
33313
34401
36638
33314
33316
34402
36639
33315
34931
33316
34410
33317
33319
34407
34409
33318
34406
33319
33321
36815
33320
36643
36822
33321
34407
36756
36758
36823
33322
34406
36759
36814
33323
36760
36807
33324
34383
34406
33325
34382
34398
34400
33326
34381
33327
34380
34400
33328
33334
33336
33329
33333
33337
33330
33332
33331
33337
34364
33332
33338
33342
33344
34363
33333
33341
33334
33338
33340
33335
34372
34400
33336
33338
34367
34371
34379
33337
34366
34380
33338
34365
33339
34368
33340
33342
34369
34371
34375
33341
34372
34374
33342
34357
33343
34358
34362
33344
34359
34361
33345
33346
34361
34363
33347
34364
33348
33358
33349
33357
33350
33351
33355
33357
33352
33353
33355
33354
33364
33355
33361
33363
33356
33357
33359
33361
33358
33359
34364
33360
34365
33361
34366
34390
33362
33363
34388
34390
33364
33365
33366
34388
33367
34387
36765
33368
33369
36765
36767
33370
36121
33371
33372
36121
36123
33373
36124
33374
36125
33375
33376
36125
36127
33377
36128
33378
36129
33379
33380
36129
33381
36130
36136
33382
33531
33383
33532
33384
33385
33532
33534
33386
33535
33387
33536
33388
33537
33389
33390
33396
33537
33391
33392
33396
33393
33395
33394
33396
33540
33397
33398
33537
33538
33540
33399
33400
33410
33538
33401
33433
33539
33402
33410
33414
33432
33541
33403
33409
33413
36243
33404
33406
33408
36244
33405
36245
33406
33418
36252
33407
33413
33417
36253
33408
33412
33422
33409
33410
33412
33411
33542
33412
33414
33424
33543
33413
33423
33414
33416
36254
33415
33431
33544
33416
33424
33428
33430
33545
33417
33423
33427
36255
33418
33420
33422
36256
33419
36251
33420
33565
36250
33421
33427
33566
36257
33422
33426
33563
33423
33424
33426
33425
33546
33426
33428
33547
35939
33427
33562
33428
35941
36258
33429
35940
36141
33430
36258
36272
33431
36255
33432
36254
33433
36243
33434
36242
33435
36235
33436
36234
33437
33445
33438
33439
33440
33441
33442
33443
33444
33446
36234
33447
36228
36233
33448
36229
33449
36230
33450
36231
33451
33452
33453
36231
33454
33455
33457
36231
33456
33457
33459
33458
36230
33459
36227
36229
33460
33461
36225
36227
33462
33463
33465
36225
33464
33465
33467
33466
36224
33467
33469
36223
33468
33469
33471
33470
36222
33471
33473
36221
33472
33473
33475
33474
36220
33475
33477
36219
33476
33477
33479
33478
36218
33479
33481
36213
36217
33480
36212
33481
33505
33482
33504
33483
33487
33489
33509
36217
33484
33486
36218
33485
33489
33486
33488
33564
33487
33565
36262
33488
33512
33568
36263
33489
33491
33511
33569
33490
33510
33491
33493
33492
33524
33493
33511
33519
33521
33523
33494
33510
33516
33518
33495
33497
33501
33503
33496
33500
33497
33499
33498
33518
33499
33501
33517
33611
33500
33612
33501
33613
33502
33516
33614
33503
33507
33515
33677
33504
33510
33505
33507
33509
36213
33506
36212
33507
33679
36211
33508
33678
36214
33509
33513
33515
35899
36215
33510
33512
36216
33511
33515
33512
33514
33572
33513
33573
36264
33514
33576
35902
36265
33515
33521
33577
35901
33516
35900
33517
33521
33621
33518
33520
33610
33519
33520
33582
33521
33583
33609
33522
33622
33523
33577
33579
33583
35923
33524
33572
33580
33582
33525
33553
33569
33526
33554
33582
33527
33528
33552
33554
33556
33529
33530
33556
33531
33557
33532
33548
36136
33533
33534
33546
33548
33535
33543
33536
33542
33537
33538
33539
33542
33540
33541
33542
33544
33543
33544
33546
33545
33546
36141
33547
33548
36139
36141
33549
33550
36136
36137
36139
33551
33557
33559
35939
33552
33556
33560
33562
33553
33563
33554
33560
33570
33580
33555
33581
33556
33558
33560
33586
33557
33558
36136
33559
33589
36135
33560
33588
35938
36137
33561
33587
33562
33570
35938
35942
35946
33563
35939
35941
33564
33566
33570
33565
33569
33566
33568
36261
33567
35941
36260
33568
33570
33574
35942
36269
33569
33573
36268
33570
33572
33571
33572
33574
33578
33580
35946
33573
33577
33574
33576
36267
33575
35945
36275
33576
33578
35948
35952
36276
33577
35921
36266
33578
35922
33579
35947
35953
33580
33584
35926
35934
33581
33587
33582
33584
33586
33583
33584
35924
33585
35925
33586
33590
35932
35934
33587
33589
33588
35934
35946
33589
35935
35937
36145
33590
36134
33591
35935
36133
36157
33592
33652
36132
33593
33653
36127
33594
33595
33649
33651
33653
33596
33646
33648
33597
33643
33645
33598
33608
33642
33599
33605
33600
33606
33608
33610
33601
33611
33602
33604
33606
33618
33632
33603
33617
33629
33604
33630
33605
33631
33606
33638
33642
33607
33619
33639
33608
33624
33640
33642
33644
33609
33645
33610
33622
33624
35924
33611
33619
33621
33612
33614
33618
33613
33617
33614
33616
33615
33621
33677
33616
33618
33620
33672
33676
33617
33671
35894
33618
33628
33619
33627
33620
33624
33626
33621
33623
35905
35907
33622
35900
33623
35901
35923
33624
35904
35908
35928
33625
35929
33626
33640
35908
35958
35964
33627
33639
33667
35907
33628
33632
33668
33672
33629
33669
33671
33630
33632
33634
33631
33635
33632
33636
33638
33633
33639
33634
33636
33666
33668
35990
33635
33669
35969
33636
35970
33637
35989
33638
33664
33666
35988
33639
33641
33640
33666
33641
33659
33665
33642
33660
33664
33643
33644
33648
33660
33645
33647
33659
35929
33646
35924
33647
33651
35925
33648
33650
33658
35930
33649
33661
33650
33654
36775
33651
33655
33657
35931
33652
35932
33653
33655
36157
36843
33654
36126
33655
36776
36841
33656
36158
36842
33657
36159
36776
36778
36849
33658
36160
36775
36779
33659
33661
35959
36167
33660
35958
36168
33661
33663
33662
36775
33663
36167
36171
36774
33664
36104
36168
33665
36019
33666
35964
36018
36168
33667
36017
33668
35910
35964
35966
33669
33673
35967
33670
35968
33671
33673
35892
36197
33672
35893
33673
33675
35907
33674
35910
36196
33675
35892
35911
36203
36205
33676
35893
35896
35906
33677
35894
35897
35905
33678
35900
33679
35897
35899
36285
33680
36210
33681
35894
35895
35897
36209
33682
33769
33683
33770
33776
35895
33684
33698
33700
33771
33685
33693
33697
33772
33686
33692
33696
33765
33687
33689
33691
33688
33689
33762
33782
33690
33696
33763
33781
33691
33695
33704
33692
33693
33695
33694
33700
33695
33697
33699
33702
33696
33703
33697
33764
33780
33698
33773
33779
33699
33774
33776
33778
33700
33701
33702
33778
33846
33848
33864
33703
33779
33817
33845
33704
33780
33816
33822
33705
33781
33793
33823
33706
33782
33788
33707
33789
33791
33793
33708
33712
33709
33791
33710
33712
33790
33798
33711
33799
33712
33714
33800
33713
33789
33801
33714
33786
33788
33830
33715
33785
33829
33716
33722
33717
33719
33721
33785
33718
33784
33719
33759
33720
33758
33721
33755
33757
33722
33726
33828
33723
33725
33829
33724
33800
33725
33729
33803
33726
33728
33832
33727
33755
33833
33728
33744
33754
33960
33729
33743
33959
33730
33742
33890
33731
33741
33891
33732
33734
33892
33733
33893
33734
33736
33898
33735
33741
33897
33736
33738
33740
33910
33737
33911
33738
33914
33992
33739
33915
33991
33740
33748
33972
33990
33741
33747
33967
33742
33954
33743
33747
33955
33744
33746
33964
33745
33753
33963
33746
33750
33752
34056
33747
33749
33965
33748
33966
33749
33971
34011
33750
34012
34058
33751
34013
34057
33752
34024
34026
33753
34027
33754
34028
33755
34029
33756
33757
33833
34029
34031
33758
33828
34032
33759
33785
34033
33760
33784
34034
33761
33762
34034
33763
34035
33764
34036
33765
33773
35823
33766
33772
33767
33768
33772
33769
33771
33770
36209
33771
33775
36208
33772
33774
33773
33774
35824
33775
35827
33776
35828
36207
33777
36206
33778
33864
33866
35828
36319
33779
33867
35827
33780
33844
35824
33781
33843
35823
33782
33824
34036
33783
33787
34035
33784
33786
34034
33785
33786
33828
33787
33827
34033
33788
33824
33826
34038
33789
33823
33837
33790
33794
33808
33791
33795
33797
33792
33793
33795
33815
33794
33816
33795
33809
33821
33823
33796
33814
33797
33809
33811
33813
33798
33806
33808
33799
33801
33805
33800
33804
33801
33803
33829
33802
33808
33830
33803
33805
33807
33831
33889
33804
33832
33890
33805
33891
33806
33952
33807
33811
33951
33808
33810
33836
33888
33809
33837
33810
33838
33854
33811
33839
33855
33887
33812
33950
33813
33855
33857
33949
33814
33852
33854
33815
33819
33821
33816
33818
33817
33821
33818
33820
33848
33819
33849
33820
33850
33852
33821
33845
33847
33853
33822
33854
33823
33843
33845
33871
33824
33838
33825
33843
34037
33826
33838
33840
33842
34040
33827
33835
33837
34039
33828
33830
33834
34032
33829
33833
33830
33832
33831
33837
33832
33834
33836
33958
33833
33959
33834
33960
33835
33961
34031
33836
33840
34042
34044
33837
33839
34045
33838
33839
33871
33840
33872
34046
33841
34041
34047
33842
33872
33874
35495
35820
33843
33869
33871
35821
33844
35822
33845
33867
33869
35825
33846
33870
33847
33865
33867
33877
33848
33850
33860
33862
33849
33863
33850
33851
33852
33858
33860
33853
33857
33854
33856
33860
33870
33855
33871
33856
33872
33886
33857
33859
33873
33885
33858
35483
33859
35484
33860
33876
33882
33884
33861
33877
33862
33878
33882
36329
33863
33865
36198
33864
36197
33865
35891
33866
33878
35890
33867
33879
35829
36318
33868
35826
33869
33875
33877
33879
35831
33870
33874
35832
33871
33873
33877
33872
33873
35494
33874
33876
35493
33875
35496
35833
33876
33880
35503
35834
33877
33881
35492
33878
33879
33881
35889
33880
35830
36325
33881
35504
35835
36338
33882
35491
35888
33883
36334
33884
35485
35489
35491
36343
33885
35484
35488
35492
33886
35481
35483
35493
33887
33949
35480
35494
33888
33950
33978
34046
33889
33951
33977
34045
33890
33952
33956
33958
33891
33955
33959
33892
33952
33954
33893
33895
33897
33894
33898
33895
33899
33901
33896
33902
33952
33897
33899
33907
33909
33953
33898
33910
33954
33899
33911
33900
33912
33901
33905
33907
33919
33902
33904
33903
33907
33951
33904
33906
33928
33950
33905
33927
33906
33920
33926
33907
33921
33931
33979
33908
33976
33909
33917
33919
33921
33975
33910
33912
33916
33968
33911
33915
33967
33912
33914
33913
33919
33914
33916
33918
34096
33915
34077
33916
33972
34076
33917
33973
34097
33918
33922
33974
35411
33919
33923
34095
33920
33921
33923
33925
33922
33932
33980
33923
33945
33985
35410
33924
35409
33925
33941
33943
33945
35408
33926
33932
33934
33936
33927
33931
33928
33929
33931
33949
33930
35389
35483
33931
33933
35392
35482
33932
33948
33933
33945
33947
33934
33944
35395
35513
33935
33943
35394
33936
33938
33942
35381
33937
33941
33938
33940
33939
35380
33940
33942
35379
35449
33941
35448
33942
35447
33943
35400
35450
33944
35401
35407
33945
35402
35466
35514
33946
35467
33947
33985
35476
35478
35514
33948
33980
35479
35513
33949
33979
35480
35482
33950
35483
33951
33979
33952
33976
33953
33954
33956
33968
33976
33955
33967
33956
33964
33966
33957
33969
33977
33958
33962
33964
34050
34054
33959
33961
34045
33960
33964
33961
33963
34029
33962
34030
34044
33963
34049
34055
35815
33964
34028
34056
33965
33966
34054
34056
34058
33967
33969
33971
33968
33972
33969
33973
33975
33970
33982
34054
33971
33973
33983
34059
34071
33972
34058
34070
33973
33989
33974
33988
33975
33983
33985
33987
33976
33980
33982
33977
33979
33978
33982
34050
33979
33981
34051
35480
33980
33981
33985
33982
33984
34052
35479
33983
34053
33984
34066
35539
33985
34065
35478
35538
33986
33987
35410
35476
35538
35556
33988
35411
35539
35541
33989
34071
34097
35542
33990
34070
34074
34076
33991
34009
34011
33992
33998
34076
33993
33997
34077
33994
33996
34078
33995
34079
33996
34002
34084
33997
34001
34083
33998
34000
34100
33999
34009
34075
34000
34006
34008
35435
34001
34005
34101
34002
34004
34102
34003
34103
34004
35421
35643
34005
35420
35642
34006
35433
35641
34007
35434
35648
34008
34018
35549
35649
34009
34017
35544
34010
34074
34011
34015
34017
34073
34012
34070
34013
34015
34069
34014
34024
35566
34015
34021
34023
35565
34016
35564
34017
34019
34021
35579
34018
35545
34019
35548
35650
34020
35582
35667
34021
35583
35668
35807
34022
35578
34023
35807
35809
34024
35810
34025
34026
35566
35810
35812
34027
34057
35813
34028
34056
35814
34029
35815
34030
34031
34043
35815
34032
34042
34033
34039
34034
34038
34035
34036
34038
34037
35823
34038
34040
35822
34039
34040
34042
34041
35821
34042
35818
35820
34043
34044
35816
35818
34045
34047
34049
34046
34050
34047
34051
35494
34048
35495
35818
34049
34051
34063
35498
35817
34050
34062
35816
34051
34053
34052
35499
34053
34063
34065
35510
34054
34062
34066
34055
34059
34056
34060
34062
35814
34057
34058
34060
35566
34059
34069
34060
34066
34068
34061
35567
35813
34062
34064
34066
35570
35844
34063
35843
34064
35509
35842
34065
35518
35571
35845
34066
35517
35572
34067
34068
35539
35562
35570
35572
34069
34071
35563
35567
34070
35564
35566
34071
34073
34072
35539
34073
35540
35542
35546
35563
34074
35545
35564
34075
35542
35544
34076
34098
34100
35435
34077
34097
34078
34096
34100
34079
34081
34083
34080
34084
34081
34085
34087
34082
34088
34096
34083
34085
34093
34099
35418
34084
34100
34102
34085
34103
34086
34104
34087
34091
34093
35424
34088
34090
34089
34093
34095
34090
34092
35409
35447
34091
35448
34092
35427
35453
34093
35414
35426
35446
34094
35425
34095
34099
35412
35414
35416
34096
35409
35411
34097
34099
34098
35411
34099
35412
35436
35542
34100
35417
34101
34102
35417
35433
35435
34103
35418
35420
34104
35421
34105
35418
35422
35424
34106
34130
34132
34107
34108
34128
34130
34109
34110
34128
34276
34111
34113
34115
34112
34116
34113
34117
34119
34114
34120
34128
34115
34117
34125
34177
34277
34116
34176
34276
34117
34175
34118
34174
34119
34123
34125
34173
34120
34122
34121
34125
34127
34122
34124
34156
34282
34123
34155
34124
34160
34172
34125
34159
34185
34283
34126
34184
34127
34277
34279
34283
34293
34128
34280
34282
34129
34277
34130
34278
34280
35687
34131
35422
34132
34136
34280
35423
34133
35424
34134
34136
34138
35427
34135
34139
34136
34282
34302
34137
34281
35428
34138
34300
34302
34304
35459
34139
34305
35454
34140
34302
34141
34303
34305
34307
34142
34148
34143
34145
34147
34157
34303
34144
34156
34302
34145
34155
34146
34154
34147
34151
34153
34148
34150
34164
34423
34149
34307
34150
34308
34330
34151
34165
34333
34424
34152
34334
34153
34165
34167
34898
34154
34162
34164
34155
34157
34161
34156
34160
34157
34159
34301
34158
34164
34427
34159
34161
34163
34430
34434
34160
34431
34433
34161
34171
34162
34170
34163
34167
34169
34164
34166
34449
34451
34165
34426
34166
34425
34899
34167
34448
34452
34904
34168
34897
34169
34452
34671
34894
34896
34170
34451
34455
34670
34171
34193
34434
34456
34172
34188
34190
34433
34173
34185
34187
34174
34182
34184
34175
34177
34181
34176
34180
34177
34179
34275
34178
34184
34288
34179
34181
34183
34289
34854
34180
34274
34853
34181
34462
34182
34461
34183
34187
34460
34184
34186
34292
34861
34185
34293
34186
34294
34433
34187
34295
34436
34862
34188
34459
34189
34436
34456
34458
34190
34194
34196
34678
34191
34193
34192
34196
34193
34195
34669
34194
34670
34195
34456
34673
34677
34196
34674
34676
34197
34566
34198
34199
34528
34530
34532
34566
34200
34499
34501
34533
34201
34464
34496
34498
34202
34463
34467
34469
34203
34221
34223
34204
34220
34469
34205
34219
34470
34206
34471
34207
34219
34474
34208
34218
34475
34209
34217
34478
34210
34216
34479
34211
34215
34482
34212
34214
34483
34213
34486
34647
34214
34258
34487
34646
34215
34257
34488
34216
34252
34489
34217
34251
34490
34218
34232
34491
34219
34231
34492
34220
34493
34221
34231
34468
34222
34230
34467
34223
34227
34229
34466
34224
34463
34225
34227
34462
34226
34240
34853
34227
34237
34239
34856
34228
34857
34229
34235
34237
34868
34230
34234
34537
34231
34233
34538
34232
34539
34233
34251
34544
34234
34250
34545
34235
34249
34546
34236
34248
34873
34237
34245
34247
34872
34238
34869
34239
34243
34245
34850
34240
34242
34851
34241
34852
34242
34272
35742
34243
34271
35743
34244
34270
35756
34245
34267
34269
35757
34246
34849
34247
34265
34267
34848
34248
34264
35115
34249
34263
35114
34250
34254
34807
34251
34253
34806
34252
34633
34253
34257
34634
34254
34256
34811
34255
34263
34810
34256
34260
34262
34815
34257
34259
34814
34258
34640
34259
34641
34834
34260
34819
34835
34261
34818
34836
34262
34837
34839
35189
34263
34840
35186
34264
35119
34265
34840
35118
34266
34841
34847
34267
34842
35179
35779
34268
35778
34269
34848
35177
35179
37649
34270
34849
35073
37636
34271
34850
35072
37633
34272
34851
35061
37608
34273
34852
35060
37605
34274
34290
35697
34275
34289
34852
34276
34288
34277
34278
34288
34279
34287
35690
34280
34284
34286
35711
34281
35706
34282
34284
34300
35707
34283
34301
34284
34294
34431
34285
34299
35710
34286
34294
34296
34298
35715
34287
34291
34293
35712
34288
34290
35695
34289
34293
34290
34292
35059
34291
35060
35696
34292
34296
35065
35717
34293
34295
35058
34294
34295
34432
34296
34437
35057
34297
35066
35716
34298
34437
34441
35085
36478
34299
34432
34440
36473
34300
34429
34431
36453
34301
34428
36450
34302
34427
34431
34303
34304
34423
34427
34305
34422
34428
35458
34306
35457
34307
34420
34422
35621
34308
34423
34309
34420
34424
34908
34310
34419
34909
34311
34312
34314
34909
34313
34418
36382
34314
34413
34417
36383
34315
34412
34910
34316
34322
34317
34319
34321
34331
34910
34318
34330
34909
34319
34329
34320
34328
34321
34325
34327
34322
34324
34338
34911
34323
34412
34324
34411
34931
34325
34339
34912
34930
34326
36636
34327
34339
34341
36635
34328
34336
34338
34329
34331
34335
34330
34334
34331
34333
34908
34332
34338
34915
34333
34335
34337
34900
34920
34334
34899
34907
34335
34898
34336
34901
34337
34341
35010
34338
34340
34921
35011
34339
34914
34340
34913
36634
34341
34926
35012
36633
34342
35009
36652
34343
34992
35008
34344
34348
34993
34997
34345
34998
34346
34348
34999
34347
34756
34348
34945
35001
34349
34944
35000
34350
34351
34940
34942
34944
34352
34945
34353
34942
34946
34948
34968
34354
34355
34968
34974
34356
34969
34971
34981
34357
34972
34982
34358
34374
34359
34375
34972
36937
34360
34973
34361
36937
36939
34362
34363
34369
36937
34364
34368
34365
34366
34368
34367
34391
34368
34370
34394
34369
34370
36936
34371
34395
36935
34372
34376
34378
34373
34399
34374
34376
34401
34983
34375
34982
34376
34985
36936
34377
34984
36935
34378
34401
34403
36750
36934
34379
34395
34397
34399
34380
34382
34394
34400
34381
34391
34382
34384
34392
34383
34393
34397
34384
34405
36760
36925
34385
34386
34392
36762
36925
34387
34389
36763
34388
36764
34389
34390
34392
34391
34392
34394
34393
34394
34396
36925
34395
34396
36934
34397
36924
36933
34398
34403
34405
34399
34402
34406
34400
34401
34402
36747
34403
34407
36748
34404
36749
36933
34405
34407
36758
36921
36923
34406
36759
36924
34407
34408
34409
36748
36754
36756
36921
34410
36639
36641
36643
34411
34929
34931
36644
34412
34414
34912
34413
34911
34414
34416
36390
34415
36393
36644
34416
34912
34924
36394
36645
34417
34911
34923
36389
34418
34910
34916
36388
34419
34909
34917
36387
34420
35376
34421
34917
35375
34422
34424
34446
34918
35374
34423
34445
35623
34424
34426
34425
34907
34426
34446
34448
34906
34427
34445
34449
34428
34430
34429
34445
36451
34430
34440
34444
36452
34431
34439
34449
34432
34433
34437
34439
34434
34436
34435
34439
34451
34436
34438
34454
34456
34886
34437
34885
34438
35056
34439
34441
35053
35055
34440
34450
34441
34443
36472
34442
35086
36479
34443
35051
35053
35283
36480
34444
34450
35050
36471
34445
34447
34449
36469
34446
36470
34447
35373
36488
34448
35050
35372
36493
34449
34905
35049
34450
34451
35049
35053
34452
34454
34453
35045
35049
34454
34892
34894
35046
35052
34455
34891
35053
34456
34673
34890
34894
34457
34458
34677
34886
34888
34890
34459
34678
34883
34885
34460
34532
34862
34864
34461
34533
34859
34861
34462
34464
34854
34858
34463
34853
34857
34464
34466
34465
34533
34466
34498
34534
34536
34858
34467
34537
34857
34468
34498
34538
34469
34493
34497
34539
34470
34496
34471
34493
34495
34472
34474
34473
34495
34503
34474
34476
34494
34506
34475
34493
34476
34478
34492
34477
34507
34541
34478
34480
34510
34542
34479
34491
34480
34482
34490
34481
34511
34637
34482
34484
34514
34636
34483
34489
34484
34486
34488
34485
34515
34638
34486
34518
34643
34649
34487
34648
34488
34641
34643
34645
34489
34638
34640
34490
34634
34636
34491
34633
34637
34492
34542
34544
34493
34539
34541
34494
34495
34497
34525
34541
34496
34502
34497
34501
34498
34500
34540
34499
34549
34500
34530
34534
34550
34501
34525
34529
34551
34502
34528
34503
34525
34527
34504
34506
34505
34527
34569
34506
34508
34526
34572
34507
34525
34508
34510
34524
34509
34553
34573
34510
34512
34554
34576
34511
34523
34512
34514
34522
34513
34577
34827
34514
34516
34580
34826
34515
34521
34516
34518
34520
34517
34581
34825
34518
34584
34651
34828
34519
34650
34520
34643
34828
34830
35156
34521
34638
34823
34825
34522
34636
34802
34826
34523
34631
34637
34827
34524
34542
34554
34556
34525
34541
34551
34553
34526
34527
34529
34553
34591
34528
34568
34529
34567
34530
34552
34592
34531
34561
34565
34532
34534
34560
34679
34864
34533
34678
34534
34535
34859
34536
34550
34558
34560
34866
34537
34547
34549
34867
34538
34546
34868
34539
34545
34549
34540
34544
34541
34543
34549
34551
34542
34543
34637
34544
34548
34556
34632
34545
34633
34546
34548
34806
34547
34807
34873
34548
34558
34808
34874
34549
34557
34805
34550
34551
34557
34561
34552
34556
34553
34555
34561
34623
34554
34590
34555
34589
34827
34556
34562
34624
34630
34557
34631
34558
34562
34804
34559
34875
35123
34560
34562
34696
34880
35124
34561
34695
34865
34562
34564
34563
35125
34564
34624
34696
34698
35136
34565
34623
34695
34699
34566
34592
34679
34681
34567
34676
34678
34568
34592
34594
34569
34591
34595
34570
34572
34571
34595
34599
34572
34574
34596
34602
34573
34591
34574
34576
34590
34575
34603
34621
34576
34578
34606
34626
34577
34589
34578
34580
34588
34579
34607
34627
34580
34582
34610
35152
34581
34587
34582
34584
34586
34583
34611
35151
34584
34614
34653
35150
34585
34652
34586
34828
35148
35150
35154
34587
34825
35147
35151
34588
34800
34826
35152
34589
34627
34629
34827
34590
34624
34626
34591
34621
34623
34592
34596
34593
34623
34594
34596
34622
34681
34683
34595
34676
34684
34596
34598
34597
34621
34598
34602
34620
34663
34683
34599
34664
34684
34600
34602
34601
34664
34723
34602
34604
34663
34726
34603
34604
34606
34620
34605
34662
34727
34606
34608
34661
34730
34607
34619
34608
34610
34618
34609
34660
34731
34610
34612
34659
34734
34611
34617
34612
34614
34616
34613
34658
34735
34614
34655
34657
34738
34615
34654
34616
34657
35150
35262
35348
34617
34658
35151
35251
34618
34659
34798
35152
34619
34627
34660
34797
34620
34626
34661
34704
34621
34662
34701
34622
34626
34623
34625
34699
34701
34624
34625
34629
34626
34628
34698
34704
34627
34628
35152
34629
34797
34799
35139
34630
34800
35136
34631
34801
34827
35125
34632
34802
34804
34633
34635
34637
34805
34634
34806
34635
34640
34811
34636
34639
34802
34812
34637
34638
34639
34643
34640
34642
34813
34823
34641
34814
34642
34819
34833
34643
34820
34830
34832
34644
34645
34649
34832
35156
34646
34648
34833
34647
34834
34648
34649
34650
34651
35156
34652
35155
34653
35154
34654
35153
34655
35348
34656
37089
34657
35348
35349
37088
34658
34739
35261
34659
34740
35252
34660
34741
35253
34661
34742
34796
34662
34703
34743
34663
34702
34744
34664
34685
34745
34665
34722
34666
34684
34685
34687
34721
34667
34720
34668
34672
34674
34687
34713
34669
34671
34714
34670
34674
34671
34673
34672
35021
34673
34688
34894
35022
34674
34689
34675
34676
34682
34684
34687
34689
34677
34681
34678
34680
34689
34679
34680
34695
34883
34681
34690
34694
34888
34682
34699
34683
34686
34690
34700
34684
34685
34701
34686
34702
34746
34687
34691
34709
34711
34688
34712
34689
34691
34893
36504
34690
34890
34691
34693
34889
34692
35092
36509
34693
34707
34709
35093
36510
34694
34700
34706
35094
34695
34697
34699
35095
34696
34882
34697
34881
35137
34698
34706
35100
35138
34699
34705
35139
34700
34701
34705
34709
34702
34704
34703
34709
34789
34704
34708
34790
34796
34705
34797
34706
34708
35244
34707
35101
35243
34708
35106
35246
36515
34709
35245
36514
34710
34711
34789
36510
36512
36514
34712
34746
36507
36509
34713
34721
36504
36506
34714
34720
35022
35024
34715
35021
35025
34716
34720
34717
34719
35025
35027
34718
34754
34719
34749
34753
34720
34748
35024
35032
34721
34722
34746
34748
34723
34745
34749
34724
34726
34725
34749
34765
34726
34728
34750
34768
34727
34745
34728
34730
34744
34729
34769
34787
34730
34732
34772
34792
34731
34743
34732
34734
34742
34733
34773
34793
34734
34736
34776
35256
34735
34741
34736
34738
34740
34737
34777
35257
34738
34780
37086
37090
34739
37089
34740
35260
37086
37088
34741
35257
35259
34742
35254
35256
34743
34793
34795
34744
34790
34792
34745
34787
34789
34746
34750
34747
34789
34748
34750
34788
36507
36527
34749
36506
36522
34750
34752
34751
34787
34752
34768
34786
36525
36527
34753
34765
36522
36524
34754
34764
35030
35032
34755
34761
35027
35029
34756
34760
35002
35004
34757
34999
35001
34758
34760
34759
34953
35001
34760
34762
34954
35002
34761
34762
34764
34763
34959
35029
34764
34766
34960
35030
34765
34766
34768
34767
36524
37022
34768
34770
36525
37025
34769
34770
34772
34786
34771
36538
37026
34772
34774
36539
37029
34773
34785
34774
34776
34784
34775
37030
37080
34776
34778
37033
37079
34777
34783
34778
34780
34782
34779
37034
37081
34780
37037
37092
37182
34781
37091
34782
37084
37086
37182
37184
34783
35257
37081
37083
34784
35256
37077
37079
34785
34793
37076
37080
34786
34792
36539
36541
34787
36536
36538
34788
34792
34789
34791
36512
36536
34790
34791
34795
36514
34792
34794
36513
36541
34793
34794
35256
34795
35255
37076
37155
34796
35254
37154
34797
35245
35253
34798
35244
34799
35249
35251
35253
34800
35140
35146
35152
34801
35135
35147
34802
34824
34826
35126
34803
34823
34804
34812
34822
35122
35126
34805
35123
35125
34806
34808
34812
34807
34811
34808
34810
35114
34809
35113
35123
34810
34812
34816
35120
35122
34811
34815
35119
34812
34814
34813
34814
34816
34820
34822
34815
34819
34816
34818
35186
34817
35129
35187
34818
34820
35130
35163
35188
34819
35162
35189
34820
35161
34821
35160
34822
34830
35130
35132
35159
34823
35129
35133
34824
34830
34825
34829
35133
35147
34826
34828
34827
34829
35155
34830
35132
35148
35157
34831
34832
35156
35157
35159
34833
35160
34834
35161
34835
34836
35161
34837
35162
34838
35200
34839
35197
35199
34840
34844
35190
34841
35185
34842
34844
34846
34843
35180
35786
34844
35194
35196
35787
34845
35197
34846
35190
35192
35194
35198
34847
35180
35182
35185
34848
35118
35179
35183
34849
35115
35176
34850
34872
35074
34851
34869
35071
34852
34856
35062
34853
35059
34854
34856
34855
34861
35059
34856
34858
34860
34870
35062
34857
34869
34858
34868
34859
34867
34860
34864
34866
34861
34863
34877
35063
34862
35058
34863
34885
35057
34864
34878
34884
35068
34865
34883
34866
34878
34880
34882
34867
34875
34877
34868
34870
34874
34869
34873
34870
34872
34871
34877
35071
34872
34874
34876
35074
35116
34873
35115
34874
35114
34875
35113
34876
34880
35112
34877
34879
35075
35172
34878
35070
34879
35069
35097
34880
35080
35098
35171
34881
35111
34882
35098
35100
35110
34883
35095
35097
34884
34888
34885
34887
35083
35097
34886
35056
34887
34891
35055
34888
35088
35090
35096
34889
35095
34890
35090
35092
35094
34891
34893
34892
35054
35090
34893
35091
35281
36502
34894
35092
36503
34895
34896
35022
35042
35046
36503
34897
35019
35021
35045
34898
34902
34904
34899
34901
34900
34904
34906
34901
34903
35011
36490
34902
35010
34903
35015
35019
34904
35014
35044
36491
34905
35045
34906
35048
36491
36493
34907
36488
36490
34908
34918
34920
34909
34915
34917
34910
34911
34915
34912
34914
34913
34929
34914
34924
34926
34928
34915
34921
34923
34916
34920
34917
34919
34923
36409
34918
36408
34919
36413
36488
34920
34922
36414
36489
34921
36490
34922
34926
36567
34923
34925
36415
36568
34924
36416
34925
36419
36646
34926
36420
36569
36725
34927
36566
34928
36631
36633
36723
36725
34929
36634
36646
36648
34930
36641
36645
34931
36634
36636
36640
34932
36639
34933
36636
36638
34934
34938
34935
34937
34983
36638
34936
34982
34937
34941
34981
34938
34988
34990
36637
34939
36636
34940
34990
34992
36635
34941
34993
34942
34980
34990
34994
34943
34969
34944
34946
34978
34994
36663
34945
34993
36660
34946
36661
34947
34967
36662
34948
34950
34952
34949
34950
34968
34951
34967
34952
34956
34966
34953
34955
36662
34954
36661
34955
34959
36666
34956
34958
36665
34957
34965
34958
34962
34964
34959
34961
36670
34960
36667
34961
36672
37022
34962
36671
37023
34963
37052
34964
36671
36689
36691
37051
34965
36670
36686
36688
34966
36665
36683
36685
34967
36662
36680
36682
34968
34976
34978
34969
34975
34970
34978
34980
34971
34975
34977
36700
36948
34972
34974
34986
36941
34973
34985
36938
34974
36939
34975
36940
34976
36949
34977
36682
36950
34978
36681
36701
36951
34979
36680
34980
34994
36679
36697
36701
34981
34989
36700
34982
34986
34988
34983
34985
34984
34988
36747
34985
34987
36750
36944
34986
36943
34987
36700
36942
34988
36699
36751
36945
34989
36746
34990
36697
36699
36745
34991
36650
34992
34994
36651
36655
36697
34993
36652
36654
34994
34996
34995
34996
36655
36663
36677
36679
34997
36654
36658
36660
34998
35000
35006
35008
34999
35005
35000
35004
35001
35003
36660
35002
36661
35003
35029
36666
35004
35006
35028
36659
35005
35027
35006
35026
35007
35037
36658
35008
35016
35036
36657
35009
36654
35010
35012
35016
36653
35011
35015
35012
35014
36567
35013
36566
36632
35014
35016
36561
36565
36719
35015
36560
36572
35016
35018
35017
36718
35018
35036
35040
36561
36717
35019
35035
35041
36560
35020
35042
35044
35021
35023
35025
35035
35022
35023
36504
35024
35034
35042
36505
35025
35033
36506
35026
35027
35033
35035
35037
35028
35032
35029
35031
35037
36668
35030
36667
35031
36524
36672
35032
35038
36523
36673
35033
36522
35034
35038
36521
35035
35039
35041
36520
35036
35037
35039
36712
35038
36713
35039
36530
36714
35040
36531
36715
35041
36548
36562
36716
35042
36549
36559
35043
36550
35044
35046
36497
36551
36559
35045
36496
36560
35046
35048
35047
36502
35048
35052
36497
36499
36501
35049
36494
36496
35050
35052
35051
35371
36494
35052
35282
35370
36499
35053
35281
35054
35055
35089
35281
35283
35056
35086
35088
35057
35083
35085
35058
35066
35068
35059
35063
35065
35060
35062
35061
35065
37606
35062
35064
35072
37607
35063
35071
35064
35068
35070
35065
35067
35077
37624
35066
37625
35067
35085
37626
35068
35078
35084
37627
35069
35083
35070
35078
35080
35082
35071
35075
35077
35072
35074
35073
35077
37634
35074
35076
35177
37635
35075
35176
35076
35080
35175
35077
35079
35209
37658
35078
37659
35079
35289
37660
35080
35210
35290
37661
35081
35211
35082
35098
35290
35292
35302
35083
35097
35289
35293
35084
35088
35085
35087
35289
37782
35086
37783
35087
35283
37784
35088
35284
35288
37785
35089
35293
35090
35280
35284
35294
35091
35103
35092
35104
35280
36553
35093
36554
35094
35104
35106
36601
35095
35101
35103
35096
35100
35097
35099
35103
35293
35098
35099
35225
35100
35102
35226
35292
35101
35109
35102
35106
35108
35103
35105
35273
35295
35104
35294
35105
35279
36600
35106
35274
35278
36605
35107
36606
35108
35246
35270
35274
37202
35109
35243
35271
35273
35110
35138
35226
35228
35111
35137
35225
35229
35112
35124
35169
35171
35113
35121
35123
35172
35114
35116
35120
35115
35119
35116
35118
35117
35172
35176
35118
35120
35173
35183
35184
35119
35185
35120
35186
35121
35187
35122
35169
35173
35218
35123
35127
35129
35124
35125
35127
35137
35126
35136
35127
35133
35135
35128
35142
35169
35129
35131
35133
35143
35168
35130
35218
35131
35164
35219
35132
35165
35167
35236
35133
35158
35237
35134
35135
35143
35145
35147
35237
35136
35140
35142
35137
35139
35138
35142
35139
35141
35243
35140
35244
35141
35145
35249
35142
35144
35228
35242
35143
35229
35144
35230
35236
35145
35231
35239
35241
35146
35238
35250
35147
35149
35151
35251
35148
35149
35237
35341
35150
35238
35262
35342
35151
35153
35152
35154
35342
35348
35155
35341
35156
35157
35158
35341
35159
35165
35340
35160
35164
35161
35163
35162
35163
35200
35164
35201
35165
35323
35166
35339
35167
35323
35324
35338
35168
35219
35221
35235
35169
35218
35222
35230
35170
35229
35171
35173
35212
35222
35224
35172
35211
35225
35173
35175
35174
35217
35175
35183
35208
35212
35216
35176
35209
35211
35177
35183
35178
35209
37650
35179
35181
35183
35208
37655
35180
37654
35181
35194
37743
35182
35193
35207
37744
35183
35184
35192
35216
35185
35187
35191
35217
35186
35190
35187
35189
35188
35218
35189
35191
35201
35219
35190
35200
35191
35199
35192
35202
35220
35193
35203
35320
35194
35204
35206
37749
35195
37748
35196
35198
35204
38619
35197
38618
35198
35199
35203
35200
35202
35201
35202
35323
35203
35322
35204
35321
35205
38622
35206
35321
35326
38623
35207
35318
35320
37750
35208
35214
35216
37751
35209
35213
37656
35210
37657
35211
35213
35301
37732
35212
35302
35213
35215
35305
35214
35306
37733
35215
35314
35318
37754
35216
35222
35313
35319
35217
35320
35218
35220
35222
35219
35220
35323
35221
35320
35322
35222
35234
35319
35324
35223
35224
35230
35232
35234
35313
35225
35227
35229
35305
35226
35302
35227
35273
35303
35228
35232
35272
35304
35229
35231
35271
35230
35231
35235
35232
35334
35336
35233
35312
35333
35234
35330
35332
35336
35355
35235
35329
35356
35236
35336
35338
35237
35239
35339
35238
35340
35239
35263
35343
35240
35336
35344
35241
35263
35267
35335
35345
35242
35250
35266
35334
35243
35247
35249
35271
35244
35246
35245
35249
35246
35248
37154
35247
37153
35248
35266
35270
37158
35249
35253
35265
37157
35250
35251
35263
35265
35252
35262
35253
35259
35261
35265
35254
35255
35259
37157
35256
35258
37077
37156
35257
35258
37086
35259
37083
37085
37171
35260
37170
35261
37085
37173
37187
35262
35264
35349
35263
35347
35264
35346
35265
35267
35350
37173
35266
37170
35267
35269
37169
35268
35351
37174
35269
35335
35352
37237
37252
35270
35334
37236
37247
35271
35275
37207
35272
35334
35273
35275
35309
35333
35274
35310
35275
35277
37203
35276
37206
37236
35277
35309
35363
37223
37235
35278
35298
35310
37218
35279
35295
35297
36618
35280
35286
35294
36599
35281
35285
36584
35282
36501
35283
35285
35369
36500
35284
37787
35285
35287
37786
35286
35368
36583
35287
35297
35367
36598
35288
35294
35296
38462
35289
35291
35293
37831
35290
37830
35291
35301
37833
35292
35296
35300
37832
35293
35295
35303
35294
35295
35296
35310
35297
35299
38463
35298
35366
36619
35299
35363
35365
37219
35300
35308
35310
38558
35301
35303
35307
38551
35302
35306
38550
35303
35305
35304
35310
35305
35307
35309
35312
35306
35313
35307
35314
38555
35308
35315
38556
35309
35361
35363
38557
35310
35311
35312
35331
35333
35361
37235
35313
35315
35330
35314
35329
35315
35317
38575
35316
35361
38576
35317
35330
35358
35360
38581
35318
35327
35329
38580
35319
35326
37755
35320
35325
35329
35321
35322
35325
35323
35324
35325
35356
35326
35328
35327
38626
35328
35358
38627
35329
35356
35357
35330
35331
35357
35332
35360
37238
37242
35333
35335
35354
37237
35334
37236
35335
35336
35353
35337
35338
35344
35353
35355
35339
35356
35340
35344
35341
35343
35342
35343
35347
35344
35346
35345
35346
35351
35353
35347
35350
35348
35349
35350
37187
35351
37188
35352
37189
35353
37243
37253
35354
35355
37242
37243
35356
35357
35358
37242
35359
38630
35360
37240
37242
38631
35361
37239
38582
35362
38583
35363
37233
37235
37239
38586
35364
37222
35365
38557
38561
38586
38638
35366
38558
38560
38639
35367
38463
38465
38640
35368
38458
38460
38462
35369
37786
37789
38359
35370
37597
37787
38354
35371
36480
37596
38071
35372
36471
36483
38066
35373
36469
36484
38065
35374
36446
36470
36487
35375
35623
35625
36413
35376
35619
35621
36408
35377
35618
35622
36387
35378
35617
36382
35379
35449
35616
35622
35380
35400
35381
35382
35394
35398
35400
35383
35385
35393
35384
35388
35385
35387
36035
35386
35398
36040
35387
35391
35393
35397
36057
35388
35390
36034
35389
35393
35390
35392
35484
35391
35485
36055
35392
35396
35486
36056
35393
35395
35487
35394
35395
35397
35401
35396
35402
35524
35397
35403
35525
36089
35398
35404
36068
35399
36069
35400
35404
35617
36074
35401
35616
35402
35404
35406
35403
35529
35610
35404
35530
35611
36088
35405
36087
35406
35611
35613
35617
36380
35407
35610
35614
35616
35408
35450
35464
35466
35409
35445
35447
35467
35410
35414
35411
35413
35467
35412
35413
35439
35541
35414
35440
35468
35556
35415
35445
35416
35426
35440
35442
35444
35417
35425
35431
35439
35418
35432
35436
35419
35425
35420
35422
35430
35432
35688
35421
35433
35685
35422
35686
35423
35687
35424
35428
35430
35706
35425
35427
35426
35430
35427
35429
35455
35428
35454
35429
35459
35707
35430
35442
35460
35708
35431
35705
35432
35438
35442
35638
35433
35437
35639
35434
35640
35435
35437
35549
35679
35436
35544
35437
35439
35543
35438
35550
35680
35439
35441
35551
35725
35440
35552
35441
35469
35555
35442
35472
35557
35724
35443
35637
35444
35460
35462
35472
35636
35445
35455
35463
35469
35446
35464
35468
35447
35451
35453
35455
35448
35450
35449
35453
35450
35452
35451
35616
35452
35456
35464
35615
35453
35457
35622
35454
35455
35457
35459
35456
35460
35457
35461
35463
35620
35458
35621
35459
35461
35623
36451
35460
36450
35461
36449
35462
35624
36448
35463
35471
35633
35635
35464
35470
35628
35465
35614
35466
35468
35470
35607
35609
35467
35533
35610
35468
35476
35469
35475
35470
35472
35474
35471
35606
35629
35472
35605
35632
36460
35473
36459
35474
35557
35603
35605
37551
35475
35555
35602
35606
35476
35536
35556
35607
35477
35533
35478
35534
35536
35538
35591
35479
35515
35517
35480
35510
35512
35481
35499
35482
35488
35500
35512
35483
35487
35513
35484
35485
35487
35486
36344
35487
35489
35525
36347
35488
35524
35489
35501
35523
35490
35526
36348
35491
35501
35505
35884
35886
35492
35504
35887
35493
35501
35503
35494
35496
35500
35495
35499
35496
35498
35819
35497
35503
35838
35498
35500
35502
35508
35839
35499
35509
35840
35500
35510
35501
35511
35502
35522
35503
35505
35507
35850
35504
35837
35505
35836
36339
35506
35851
36352
35507
35852
35884
36353
36367
35508
35520
35522
35849
35509
35511
35519
35848
35510
35518
35841
35511
35517
35512
35516
35522
35513
35515
35523
35514
35524
35515
35529
35533
35516
35528
35534
35517
35519
35521
35594
35518
35591
35519
35592
35846
35520
35593
35847
35521
35854
35874
36367
35522
35528
35875
35883
35523
35884
35524
35526
35528
35525
35529
35526
35530
36358
35527
35884
36357
35528
35530
35877
35883
36362
35529
35876
35530
35532
35531
36361
35532
35611
35877
36376
36378
35533
35608
35610
35876
35534
35607
35535
35594
35876
35536
35595
35601
35607
35879
35537
35590
35602
35538
35540
35554
35556
35573
35539
35572
35540
35541
35553
35562
35542
35552
35556
35543
35544
35546
35550
35552
35545
35549
35546
35548
35579
35547
35553
35580
35548
35550
35559
35581
37493
35549
35582
35677
35550
35678
35551
37494
35552
35557
35559
37501
35553
35555
35554
35559
35561
35555
35558
35588
35602
35556
35557
35558
37502
35559
35587
35603
37503
35560
37500
35561
35581
35585
35587
37529
35562
35576
35580
35588
35563
35569
35573
35564
35568
35580
35565
35579
35566
35568
35578
35810
35567
35568
35570
35812
35569
35577
35811
35570
35574
35576
35860
35571
35859
35572
35574
35592
35858
35573
35591
35574
35588
35590
35575
35597
35861
35576
35586
35588
35598
35862
35577
35585
35863
35578
35580
35584
35864
35579
35583
35809
35580
35582
35581
35582
35584
37492
35583
35676
35584
35808
37488
35585
35865
37487
35586
35866
37486
35587
35867
37469
37485
35588
37470
37528
35589
35590
35598
35600
35602
37470
35591
35595
35597
35592
35594
35593
35597
35857
35594
35596
35856
35874
35595
35875
35596
35600
35880
35597
35599
35871
35873
35598
35870
35599
35869
37469
35600
36371
37466
37468
35601
36372
37471
35602
35604
35606
36373
35603
35604
37470
37550
35605
37471
37473
37553
35606
37474
37552
35607
36374
35608
35609
35879
36374
36376
35610
35612
35614
35629
35611
35612
36379
35613
35630
36376
36402
35614
35618
35627
36403
35615
35628
35616
35618
35620
35622
35617
35618
36381
35619
36386
35620
35625
35627
36407
35621
35624
35628
35622
35623
35624
36470
35625
35633
36447
35626
36412
36446
35627
35631
35633
36441
36445
35628
35630
36406
35629
35633
35630
35632
36374
35631
36375
36439
35632
36440
36464
37475
35633
36463
37474
35634
35635
36445
36447
36463
36467
35636
36448
36456
36460
35637
36449
36457
36459
35638
35708
35722
35724
35639
35703
35705
35725
35640
35680
35688
35702
35641
35679
35683
35685
35642
35646
35648
35643
35645
35685
35644
35686
35645
35657
35691
35646
35656
35684
35647
35655
35683
35648
35652
35654
35682
35649
35679
35650
35652
35678
35651
35667
35677
35652
35664
35666
37497
35653
37496
35654
35662
35664
37509
35655
35661
35729
35656
35660
35730
35657
35659
35693
35658
35692
35659
35697
35742
35660
35698
35741
35661
35731
35740
35662
35732
35747
35663
35748
37514
35664
35672
35749
37513
35665
37510
35666
35670
35672
35674
35667
35669
35675
35668
35676
35669
35806
37488
35670
35805
37489
35671
35804
37536
35672
35767
35803
37537
35673
35766
35674
37513
37537
37539
37689
35675
37510
37536
37540
35676
37489
37491
37497
35677
37488
37492
35678
37493
37497
35679
37494
37496
35680
35682
35681
35725
37494
35682
35702
35726
35728
37495
35683
35729
37496
35684
35702
35730
35685
35689
35691
35693
35686
35688
35687
35691
35688
35690
35706
35689
35705
35690
35694
35702
35704
35691
35695
35711
35692
35693
35695
35697
35694
35698
35730
35695
35699
35701
35713
35696
35712
35697
35699
35717
37606
35698
37605
35699
35731
37604
35700
35718
37603
35701
35731
35733
35735
35738
35702
35728
35730
35736
35703
35704
35722
35726
35736
35705
35709
35711
35713
35706
35708
35707
35711
35708
35710
36450
35709
36449
35710
35714
35722
36454
35711
35715
36453
35712
35713
35715
35717
35714
35718
35736
35715
35719
35721
36474
35716
36473
35717
35719
36478
37626
35718
37625
35719
35735
37602
35720
36477
37601
35721
35735
37522
37588
37620
35722
35736
37521
37583
35723
36457
35724
35726
36458
37505
37521
35725
36459
37502
35726
37501
35727
37506
35728
35734
35736
37507
37521
35729
35733
37508
35730
35732
37509
35731
35732
35739
35733
37514
37614
35734
37515
37615
35735
37516
37522
37618
35736
35737
35738
37602
37618
37620
37622
35739
37603
37611
37615
35740
37604
37612
37614
35741
35745
35747
35742
35744
37604
35743
37605
35744
35756
37608
35745
35755
37609
35746
35754
37612
35747
35751
35753
37613
35748
37614
35749
35751
37673
35750
35766
37674
35751
35763
35765
37677
35752
37678
35753
35761
35763
37707
35754
35760
37642
35755
35759
37641
35756
35758
37632
35757
37633
35758
35778
37636
35759
35777
37637
35760
35776
37646
35761
35775
37645
35762
35774
37712
35763
35771
35773
37711
35764
37706
35765
35769
35771
37705
35766
35768
37694
35767
37689
35768
35802
37690
35769
35801
37693
35770
35800
37704
35771
35797
35799
37868
35772
37867
35773
35795
35797
38524
35774
35794
38497
35775
35793
38496
35776
35782
37724
35777
35781
37647
35778
35780
37648
35779
37649
35780
35786
37654
35781
35785
37653
35782
35784
37726
35783
35793
37725
35784
35790
35792
37740
35785
35789
37741
35786
35788
37742
35787
37743
35788
37748
38618
35789
37747
38617
35790
37762
38616
35791
37763
39102
35792
38515
38535
39101
35793
38512
38514
35794
38501
35795
38500
38514
35796
38517
38529
35797
38518
38522
39995
35798
38523
35799
39121
39995
35800
37935
35801
37934
35802
37927
35803
37926
35804
37915
35805
37914
35806
37907
35807
37906
35808
35809
35865
37906
35810
35864
35811
35812
35860
35864
35813
35859
35814
35844
35815
35843
35816
35817
35843
35818
35840
35842
35819
35820
35838
35840
35821
35833
35822
35832
35823
35825
35824
35825
35827
35826
35832
35827
35829
35831
35828
35829
36320
35830
36323
35831
35835
36324
35832
35834
35833
35834
35838
35835
35837
35836
37452
35837
35851
37453
35838
35850
35839
35840
35848
35850
35841
35842
35846
35848
35843
35845
35844
35845
35859
35846
35858
35847
35857
35848
35854
35856
35849
35850
35852
35854
35851
35852
37456
35853
37457
35854
36367
37460
37462
35855
35856
35872
35874
37462
35857
35871
35858
35870
35859
35861
35860
35861
35863
35862
35870
35863
35867
35869
35864
35866
35865
35866
37905
35867
37904
35868
37903
35869
37467
37469
37902
35870
37466
35871
35872
37466
35873
37463
37465
35874
35880
36369
36371
35875
36368
35876
35880
35882
35877
35879
35878
35882
37977
35879
35881
36376
37477
37976
35880
36373
35881
36372
35882
36369
37478
38031
35883
36368
37984
35884
36365
36367
35885
35886
36353
36355
36357
36365
35887
36348
36350
36352
35888
36339
36341
36343
35889
36334
36336
36338
35890
36325
36327
36329
35891
36198
36202
36318
35892
36197
36203
36319
35893
36206
35894
35895
35896
36206
36208
35897
35913
36205
36291
35898
36286
35899
35903
35905
35913
36287
35900
35902
36284
35901
35905
35902
35904
35922
35903
35921
36283
35904
35914
35920
36288
35905
35915
35955
35906
35907
35911
35913
35915
35908
35910
35909
35915
35957
35910
35916
35962
35964
36194
35911
36195
35912
35916
36312
35913
35917
36205
36293
36313
35914
36290
35915
35917
35919
36289
35916
35956
35917
36309
36311
35918
36294
36314
35919
36295
36307
36309
38173
35920
35956
36296
36306
35921
35955
36297
36299
35922
35952
36282
35923
35953
35955
35924
35926
35928
35925
35929
35926
35930
35932
35927
35933
35953
35928
35930
35954
35960
36154
35929
35955
35957
35930
35958
35931
35959
35932
36154
36158
36160
35933
36157
35934
36152
36154
36156
35935
35947
35936
36146
36156
35937
35947
35949
36147
36151
35938
35944
35946
36144
35939
35943
36138
35940
36139
35941
35943
36140
36272
35942
36259
35943
35945
36270
35944
36142
36271
35945
35949
36143
36273
35946
35948
36274
35947
35948
36152
35949
35951
36277
35950
36148
36278
35951
36149
36151
36279
36301
35952
36152
36280
36300
35953
36281
36299
35954
36152
35955
36153
36299
36305
35956
35957
36305
36309
35958
35960
35962
35959
35963
35960
36160
36166
35961
36161
36305
35962
36164
36166
36308
36856
35963
36193
36309
35964
36166
36168
36192
35965
35966
36018
36192
36194
36862
35967
36017
36195
36861
35968
35990
36196
36200
35969
36197
36199
35970
35990
35992
35971
35989
35993
35972
35974
35976
35973
35977
35974
35978
35980
35975
35981
35989
35976
35978
35986
35994
36000
35977
35993
35997
35978
35998
35979
35999
35980
35984
35986
36006
35981
35983
35982
35986
35988
35983
35985
36019
36105
35984
36106
35985
36009
36111
35986
36008
36020
36110
35987
36007
35988
35994
36014
36016
36020
35989
36017
36019
35990
35994
35991
36017
35992
35994
36016
36028
36200
35993
36029
36199
35994
35996
35995
35996
36000
36014
36028
36032
35997
36029
36031
35998
36000
36002
35999
36003
36000
36004
36006
36001
36007
36002
36004
36012
36032
36038
36003
36031
36035
36004
36036
36005
36037
36006
36010
36012
36044
36007
36009
36008
36012
36014
36009
36011
36023
36179
36010
36180
36011
36047
36183
36012
36024
36046
36184
36013
36045
36014
36024
36026
36032
36052
36015
36023
36016
36022
36026
36028
36864
36017
36021
36861
36018
36019
36021
36169
36020
36104
36021
36023
36103
36022
36174
36862
36023
36025
36175
36863
36024
36102
36025
36063
36101
36026
36062
36188
36870
36027
36053
36869
36028
36030
36032
36054
36332
36029
36331
36030
36330
36031
36055
36333
36032
36034
36033
36034
36038
36052
36054
36058
36035
36055
36057
36036
36038
36040
36037
36041
36038
36042
36044
36039
36045
36040
36042
36050
36058
36072
36041
36057
36069
36042
36070
36043
36071
36044
36048
36050
36078
36045
36047
36046
36050
36052
36047
36049
36063
36801
36048
36800
36049
36081
36805
36050
36064
36080
36804
36051
36079
36052
36058
36060
36064
36066
36053
36063
36054
36060
36062
36872
36055
36059
36345
36056
36344
36057
36059
36089
36347
36058
36068
36059
36067
36060
36090
36346
36061
36093
36877
36062
36064
36094
36878
36896
36063
36871
36891
36064
36100
36065
36099
36066
36080
36094
36096
36098
36067
36079
36085
36093
36068
36072
36086
36090
36069
36087
36089
36070
36072
36074
36071
36075
36072
36076
36078
36073
36079
36074
36076
36084
36086
36384
36075
36087
36381
36076
36382
36077
36383
36078
36082
36084
36390
36079
36081
36080
36084
36081
36083
36817
36082
36816
36083
36393
36821
36084
36096
36392
36820
36085
36391
36086
36092
36096
36398
36087
36091
36399
36088
36380
36089
36091
36361
36379
36090
36358
36091
36093
36359
36092
36360
36400
36093
36095
36427
36885
36094
36880
36095
36879
36897
36096
36428
36886
36902
36097
36429
36098
36820
36900
36902
36904
36099
36817
36897
36899
36100
36804
36894
36896
36101
36801
36891
36893
36102
36184
36186
36188
36103
36175
36177
36179
36104
36110
36172
36174
36105
36169
36171
36106
36108
36110
36107
36111
36108
36112
36114
36109
36115
36171
36110
36112
36172
36178
36771
36111
36179
36112
36180
36113
36181
36114
36771
36789
36791
36115
36768
36116
36769
36771
36773
36117
36119
36774
36118
36775
36119
36123
36776
36120
36122
36769
36777
36121
36768
36122
36767
36123
36837
36839
36124
36840
36125
36841
36126
36127
36841
36843
36128
36132
36129
36131
36130
36131
36135
36132
36134
36133
36843
36134
36146
36844
36135
36145
36136
36137
36138
36145
36139
36142
36144
36140
36141
36142
36143
36144
36148
36145
36147
36146
36147
36845
36148
36150
36149
36150
37425
36151
36845
37424
36152
36156
36302
36153
36154
36300
36302
36304
36155
36161
36156
36158
36162
36302
36846
36157
36845
36158
36844
36159
36847
36160
36162
36848
36852
36161
36165
36162
36164
36304
36163
36303
37422
36164
36852
37421
37431
38166
36165
37430
38165
36166
36779
36852
36854
36167
36855
36168
36170
36779
36169
36170
36174
36192
36171
36173
36780
36855
36172
36773
36173
36177
36772
36174
36176
36785
38154
36175
36191
36176
36188
36190
36177
36187
36786
38155
36178
36186
36787
36179
36181
36185
36788
36180
36184
36181
36183
36182
36789
36183
36185
36795
36799
36184
36800
36185
36801
36186
36794
36802
36187
36893
38125
36188
36892
38126
38160
36189
36891
36190
36870
36890
38158
38160
36191
36863
38155
38157
36192
36858
36862
38154
36193
36855
36194
36310
36856
36858
36195
36311
36859
36196
36312
36860
36197
36201
36203
36198
36199
36201
36329
36200
36330
36201
36331
36861
36202
36328
36860
36203
36317
36327
37995
36204
36312
36205
36313
36317
36319
36321
36206
36292
36207
36319
36208
36292
36320
36209
36291
36210
36286
36211
36285
36212
36214
36213
36214
36216
36215
36285
36216
36265
36284
36217
36264
36218
36263
36219
36262
36220
36249
36221
36248
36222
36247
36223
36246
36224
36239
36225
36238
36226
36227
36232
36238
36228
36229
36232
36230
36231
36233
36237
36234
36236
36235
36236
36242
36237
36241
36238
36240
36239
36240
36246
36241
36245
36242
36244
36243
36244
36254
36245
36253
36246
36252
36247
36248
36252
36249
36251
36250
36262
36251
36257
36261
36252
36256
36253
36254
36256
36255
36256
36258
36257
36258
36260
36259
36260
36270
36272
36261
36269
36262
36268
36263
36264
36268
36265
36267
36266
36283
36267
36276
36282
36268
36275
36269
36270
36275
36271
36274
36272
36273
36274
36278
36275
36277
36276
36277
36281
36278
36280
36279
36280
37435
36281
37436
36282
36298
36283
36297
36284
36288
36285
36287
36286
36287
36291
36288
36290
36289
36297
36290
36294
36296
36291
36293
36292
36293
36321
36294
37445
36295
37444
36296
37439
37443
36297
37438
36298
36299
37436
37438
36300
36306
36301
37428
37436
36302
37425
37427
37435
36303
37424
36304
37423
37427
37431
36305
37428
37430
36306
36308
36307
37428
37438
36308
37429
37439
38172
36309
37430
38171
36310
36311
38171
38173
38175
36312
36314
37996
36313
37995
36314
36316
37445
36315
37444
38173
36316
37447
37996
37998
38174
36317
37446
37993
37995
36318
36322
36326
36319
36323
36325
36320
36321
36323
36322
37445
36323
37446
37450
36324
36325
37450
37452
36326
36338
36327
36337
37450
37993
36328
36336
37994
36329
36331
36335
36865
36330
36334
36331
36333
36332
36864
36333
36335
36345
36869
36334
36344
36335
36343
36336
36342
36868
36337
36341
38001
36338
36340
37451
37992
36339
37452
36340
36352
37453
36341
36351
37454
37991
36342
36350
38002
36343
36345
36349
36873
36344
36348
36345
36347
36346
36872
36347
36349
36359
36877
36348
36358
36349
36357
36350
36356
36876
36351
36355
38007
36352
36354
37455
37990
36353
37456
36354
36366
37457
36355
37458
37987
37989
36356
36364
38008
36357
36359
36363
36881
36358
36362
36359
36361
36360
36880
36361
36363
36885
37979
36362
36378
36363
36365
37977
36364
36884
37978
36365
37983
37987
38013
36366
37984
36367
37460
37985
37987
36368
36369
37462
37985
36370
37463
38032
36371
37464
37478
37480
38043
36372
37465
37481
36373
37472
37478
36374
37473
37477
36375
37474
36376
37475
37477
37974
36377
36378
36402
37974
37976
37980
36379
37977
37979
36380
36400
36402
36381
36399
36403
36382
36384
36386
36383
36387
36384
36388
36390
36385
36391
36399
36386
36388
36396
36404
36410
36387
36403
36407
36388
36408
36389
36409
36390
36394
36396
36416
36391
36393
36392
36396
36398
36393
36395
36429
36905
36394
36906
36395
36419
36911
36396
36418
36430
36910
36397
36417
36398
36404
36424
36426
36430
36399
36427
36429
36400
36404
36401
36427
37979
36402
36404
36426
36438
37980
36403
36439
36404
36406
36405
36406
36410
36424
36438
36442
36407
36439
36441
36408
36410
36412
36409
36413
36410
36414
36416
36411
36417
36412
36414
36422
36442
38062
36413
36441
36486
36414
36487
36415
38063
36416
36420
36422
38084
36417
36419
36418
36422
36424
36419
36421
36433
38105
36420
38104
36421
38085
38103
36422
36434
38086
38110
36423
38083
36424
36434
36436
36442
38082
36425
36433
36426
36432
36436
36438
38024
36427
36431
38021
36428
38016
36429
36431
36903
38017
36430
36904
36431
36433
38113
36432
38022
38114
36433
36435
38023
38397
36434
38112
36435
38111
38333
36436
38052
38332
38396
36437
38053
38081
36438
36440
36442
38054
38056
36439
38025
36440
37974
36441
37973
38057
36442
36444
36443
36444
38056
38060
38062
38082
36445
36486
38057
38059
36446
36464
36466
36447
36484
36486
36448
36468
36470
36449
36451
36455
36450
36454
36451
36453
36452
36470
36453
36455
36469
36472
36454
36473
36455
36457
36474
36456
36468
36475
36457
36461
36467
37584
36458
37583
36459
36461
37556
37582
36460
37551
36461
36463
37552
36462
37557
37585
36463
36465
36467
37558
37592
36464
37559
36465
37562
38057
36466
37563
37593
38058
36467
36484
37594
38059
36468
37591
36469
36482
36484
36470
36471
36472
36480
36482
36473
36475
36479
36474
36478
36475
36477
37583
36476
36482
37584
36477
36479
36481
37589
37599
36478
37588
37600
36479
37783
36480
37784
36481
37787
36482
37590
37596
37598
36483
37591
36484
37594
37596
38067
36485
36486
38059
38061
38065
38067
36487
38062
36488
38063
38065
36489
36493
36490
36492
36568
38063
36491
36567
36492
36496
36572
36493
36495
36571
38064
36494
38065
36495
36499
38066
36496
36498
36574
38069
36497
36573
36498
36578
36580
36499
36577
36581
38070
36500
38071
36501
36581
36583
38354
36502
36580
36584
36503
36551
36553
36504
36550
36554
36505
36509
36506
36508
36520
36550
36507
36521
36508
36512
36528
36509
36511
36519
36555
36510
36554
36511
36515
36601
36512
36516
36518
36602
36513
36535
36514
36516
36542
37155
36515
37154
36516
36606
37153
36517
36607
37152
36518
36542
36544
36608
37151
36519
36533
36535
36609
36520
36528
36532
36556
36521
36531
36549
36522
36528
36530
36523
36527
36524
36526
36530
37020
36525
37021
36526
36538
37044
36527
36529
36537
37045
36528
36536
36529
36535
36530
36532
36534
37107
36531
37019
36532
36548
37109
36533
36547
37108
36534
36544
36546
37127
36535
36537
36543
37106
36536
36542
36537
36541
36538
36540
37068
36539
37043
36540
37042
37080
36541
36543
37069
37075
36542
37076
36543
37162
36544
37105
37163
36545
37128
37150
36546
36608
36612
37199
37356
36547
36609
36611
37351
36548
36556
36592
37330
36549
36591
37327
36550
36556
36558
36551
36555
36552
36558
36580
36553
36555
36557
36585
36603
36554
36584
36600
36555
36601
36556
36602
36557
36609
36558
36586
36592
36610
36559
36579
36591
36560
36562
36578
36561
36573
36562
36564
36736
36563
36591
36737
36564
36576
36578
36590
36628
36565
36573
36575
36629
36566
36570
36572
36630
36567
36569
36631
36568
36572
36569
36571
38084
36570
36726
38085
36571
36575
36731
38090
36572
36574
38089
36573
36574
36578
36575
36577
38092
36576
36732
38091
36577
36589
37293
38098
36578
36588
38097
36579
36580
36586
36588
36590
36581
36585
36582
36588
38355
36583
36585
36587
36597
38360
36584
36598
38359
36585
36599
36586
36616
36587
36593
36615
36588
36594
36596
38361
36589
38362
36590
36594
37292
38365
36591
36593
36627
36592
37326
36593
36611
37331
36594
36624
36626
36595
37291
38366
36596
36622
36624
37290
38455
36597
36615
36621
38456
36598
36616
36620
38457
36599
36619
38458
36600
36616
36618
36601
36603
36605
36602
36606
36603
36607
36609
36604
36610
36616
36605
36607
36613
36617
37204
36606
36618
37203
36607
37202
36608
37201
36609
36613
37200
36610
36611
36613
36615
36612
36624
37352
36613
36623
37212
37355
36614
37211
36615
36617
36621
36623
37216
36616
36624
36617
36618
36620
37217
36619
37218
36620
37219
38640
36621
37220
38651
36622
37227
38652
36623
37228
37289
38657
36624
37215
38668
36625
36626
37290
37352
38666
38668
36627
37291
37331
37333
36628
37292
37324
37326
36629
36737
37293
37295
36630
36732
36734
36736
36631
36719
36729
36731
36632
36726
36728
36633
36653
36719
36721
36634
36652
36722
36635
36649
36636
36650
36652
36637
36638
36640
36650
36746
36639
36747
36640
36748
36641
36649
36753
36642
36648
36754
36643
36645
36647
36755
36912
36644
36756
36907
36645
36906
36646
36911
36647
36725
38104
36648
36724
36976
38107
36649
36723
36975
36650
36722
36960
36651
36745
36652
36722
36742
36744
36653
36654
36718
36742
36655
36657
36656
36696
36742
36657
36677
36695
36711
36741
36658
36712
36718
36659
36677
36713
36660
36664
36666
36668
36661
36663
36662
36666
36663
36665
36664
36680
36665
36669
36677
36685
36666
36670
36667
36668
36670
36672
36669
36673
36713
36670
36674
36676
36686
36671
36672
36674
37048
36673
37021
36674
36714
37020
36675
36691
37047
36676
36692
36710
36714
37018
36677
36693
36711
36713
36678
36679
36685
36693
36695
36705
36680
36696
36702
36681
36685
36682
36684
36702
37002
36683
37003
36684
36688
37004
36685
36687
36705
37005
36686
36687
36691
36693
36688
36690
36706
37010
36689
37011
36690
37012
37117
36691
37013
37015
37116
36692
37115
36693
36709
37015
37017
36694
36706
36695
36707
36709
36711
36989
36696
36704
36968
36697
36703
36743
36698
36744
36699
36701
36703
36953
36963
36700
36946
36958
36701
36947
36702
36952
36703
36705
37001
36704
36964
37000
36705
36707
36969
37007
36706
37006
36707
37009
37015
36708
36990
37008
36709
36995
37015
37122
37373
36710
36994
37123
36711
36715
36739
37110
36712
36740
36713
36715
36717
36714
36715
37019
36716
37109
36717
36737
36739
37327
36718
36736
36740
36719
36741
36720
36736
36721
36729
36735
36741
36967
36722
36728
36742
36966
36723
36961
36724
36728
36980
36725
36727
36979
38108
36726
38103
36727
36731
38102
36728
36730
36982
38381
36729
36981
36730
36734
36986
36731
36733
36985
38382
36732
38101
36733
37293
38100
36734
37294
37298
38387
36735
36987
37295
36736
36738
36740
36988
36737
36738
37326
36739
36993
37295
37325
36740
36994
37328
36741
36989
36742
36968
36743
36744
36964
36966
36968
36745
36961
36963
36746
36958
36960
36747
36751
36753
36748
36750
36749
36753
36750
36752
36921
36932
36751
36957
36752
36956
36958
36753
36920
36931
36959
36754
36960
36755
36920
36975
36756
36913
36919
36976
36757
36914
36758
36917
36919
36921
36928
36759
36828
36927
36760
36813
36926
36761
36812
36762
36831
36925
36926
36763
36832
36764
36833
36765
36834
36766
36767
36791
36834
36836
36768
36837
36769
36791
36770
36782
36837
36771
36783
36791
36792
36836
36772
36788
36773
36783
36785
36787
36774
36780
36782
36775
36777
36779
36776
36777
36840
36778
36782
36839
36779
36781
36850
36852
36780
36781
36785
36854
36782
36784
36853
37418
36783
36838
36784
37416
38129
36785
37417
38128
38152
36786
38153
36787
38126
38128
38162
36788
38125
38129
36789
36792
36794
36790
36795
36791
36792
36796
36834
36793
36835
38129
36794
36796
36810
37413
38130
36795
36809
38125
36796
36798
36797
36833
36798
36810
36812
36832
36799
36807
36809
36800
36802
36806
36801
36805
36802
36804
36803
36809
36893
36804
36806
36808
36818
36894
36805
36817
36806
36816
36807
36815
36808
36812
36814
36809
36811
36825
38123
36810
38124
36811
37412
38131
36812
36826
37411
38136
36813
36831
36814
36826
36828
36830
36815
36823
36825
36816
36818
36822
36817
36821
36818
36820
36819
36825
36899
36820
36822
36824
36900
36908
36821
36905
36822
36906
36823
36907
36824
36828
36914
36825
36827
36915
38121
36826
38122
36827
37410
38137
36828
36916
37409
38142
36829
36917
36830
36927
37407
37409
36831
36926
37410
36832
37411
36833
37412
36834
37413
36835
36836
37413
37415
36837
37416
36838
36839
37416
37418
36840
36850
36841
36849
36842
36843
36847
36849
36844
36845
36847
36846
36847
37422
37424
36848
36849
36851
37422
36850
36851
37418
36852
37419
37421
36853
36854
37419
38152
38166
36855
38153
38165
36856
38154
36857
38165
38171
36858
38154
38156
38164
38176
36859
38157
38175
36860
36862
36866
37996
36861
36865
37995
36862
36864
36863
36864
36866
36870
36865
36869
36866
36868
37994
36867
37997
38157
36868
36870
36874
38000
38158
36869
36873
38001
36870
36872
36871
36872
36874
36878
36890
36873
36877
36874
36876
38002
36875
38003
38204
36876
36878
36882
38006
38205
36877
36881
38007
36878
36880
36879
36889
36880
36882
36886
36888
36881
36885
36882
36884
38008
36883
38009
38220
36884
36886
38012
38018
38221
36885
38013
38015
36886
38016
36887
38017
36888
36902
38221
38223
38834
36889
36897
38218
38220
36890
36896
38205
38207
36891
38204
38208
36892
36896
36893
36895
38133
38208
36894
38124
36895
36899
38123
36896
36898
38134
38207
36897
36898
36902
36899
36901
38139
38218
36900
38122
36901
38117
38121
36902
38116
38140
38223
36903
36904
38114
38116
38834
36905
38113
38117
36906
36908
36910
36907
36911
36908
36912
36914
36909
36915
38117
36910
36912
38106
38118
38410
36911
38105
38113
36912
38104
36913
38107
36914
36918
38410
38412
36915
36917
36916
38120
38410
36917
37408
38407
38409
36918
37407
36919
37406
38409
38413
36920
36929
36977
36921
36930
36974
36922
36923
36928
36930
36932
36924
36927
36933
36925
36926
36927
36928
36929
37407
36930
37308
37406
36931
37309
36932
36956
37310
36933
36957
36934
36935
36957
36936
36944
36937
36943
36938
36939
36941
36943
36940
36941
36949
36942
36948
36943
36945
36947
36944
36945
36957
36946
36956
36947
36953
36955
36948
36952
36949
36951
36950
36951
37003
36952
37002
36953
37001
36954
37000
36955
36963
36999
37311
36956
36958
37310
36957
36959
36963
36960
36962
36974
37310
36961
36975
36962
36966
36980
36963
36965
36973
37311
36964
36965
36969
36999
36966
36970
36972
37314
36967
36981
36968
36970
36986
36988
36969
36989
36970
36990
36998
36971
36991
37315
36972
36984
36986
37300
37316
36973
36981
36983
37313
36974
36978
36980
37312
36975
36977
37309
36976
36980
36977
36979
38412
36978
37308
38413
36979
36983
37307
38418
36980
36982
38417
36981
36982
36986
36983
36985
38420
36984
37306
38419
36985
37299
37305
38426
36986
37298
38425
36987
36988
37296
37298
37300
36989
36991
36993
36990
36994
36991
36995
36997
36992
37300
37318
36993
36995
37301
37319
37345
36994
37296
37342
36995
37343
36996
37344
36997
37319
37371
37373
36998
37008
37318
36999
37007
37315
37000
37314
37001
37007
37002
37006
37003
37005
37004
37005
37011
37006
37010
37007
37009
37008
37009
37373
37010
37014
37011
37013
37012
37013
37376
37014
37375
37015
37373
37374
37016
37017
37116
37120
37122
37374
37018
37113
37115
37123
37019
37047
37110
37112
37020
37107
37109
37021
37045
37047
37022
37044
37048
37023
37025
37024
37048
37052
37025
37027
37049
37053
37026
37044
37027
37029
37043
37028
37054
37066
37029
37031
37055
37071
37030
37042
37031
37033
37041
37032
37056
37072
37033
37035
37057
37100
37034
37040
37035
37037
37039
37036
37058
37099
37037
37059
37094
37098
37038
37093
37039
37098
37182
38699
39997
37040
37081
37099
38696
37041
37079
37100
37102
37042
37072
37074
37080
37043
37069
37071
37044
37066
37068
37045
37049
37046
37068
37107
37047
37049
37067
37112
37114
37048
37115
37049
37051
37050
37066
37051
37053
37065
37114
37118
37052
37115
37117
37053
37054
37055
37065
37056
37064
37057
37063
37058
37062
37059
37061
37060
37095
37061
37096
37098
38709
38711
37062
37099
38706
38708
37063
37100
38681
38685
37064
37072
38682
38684
37065
37071
37136
37138
37066
37133
37135
37067
37071
37068
37070
37131
37133
37069
37106
37070
37074
37105
37071
37073
37130
37138
37072
37073
37100
37074
37101
37147
38682
37075
37102
37104
37076
37078
37080
37163
37077
37162
37078
37083
37161
37079
37082
37102
37164
37080
37081
37082
37182
37083
37179
37181
38696
37084
37178
37085
37177
37181
37185
37086
37172
37186
37087
37088
37090
37184
37186
37089
37187
37090
37091
37092
37184
37093
37183
37094
39997
37095
37097
37096
37097
38732
39998
37098
38733
39997
37099
38698
37100
38697
37101
37102
38679
38681
38697
37103
38696
37104
37164
38677
38679
38695
37105
37147
37149
37163
37106
37128
37130
37107
37127
37131
37108
37112
37109
37111
37127
37330
37110
37327
37111
37123
37328
37112
37124
37126
37329
37113
37131
37114
37120
37124
37132
37115
37119
37133
37116
37117
37119
37375
37118
37376
37119
37135
37377
37120
37134
37378
37121
37143
37379
37122
37124
37142
37347
37380
37123
37344
37372
37124
37343
37125
37348
37126
37132
37140
37142
37349
37127
37129
37131
37350
37128
37351
37129
37149
37356
37130
37140
37148
37357
37131
37139
37147
37132
37133
37139
37143
37134
37138
37135
37137
37143
37383
37136
37384
37137
37385
38684
37138
37144
37386
38683
37139
38682
37140
37144
37146
37141
37358
38690
37142
37144
37363
37388
38689
37143
37362
37381
37144
37382
37145
37387
37146
38683
38687
38689
38721
37147
38680
38682
38690
37148
38679
37149
38672
38678
38690
37150
38671
38677
37151
37163
37165
37199
37152
37160
37162
37200
37153
37155
37159
37201
37154
37158
37202
37155
37157
37156
37162
37157
37159
37161
37171
37158
37170
37159
37169
37207
37160
37168
37208
37161
37165
37167
37209
37162
37164
37178
37163
37164
37165
37179
37166
37198
38677
37167
37179
37195
37197
38694
37168
37176
37178
37261
37169
37171
37175
37248
37170
37174
37247
37171
37173
37172
37178
37173
37175
37177
37191
37174
37188
37175
37189
37252
37176
37190
37251
37177
37193
37195
37262
37178
37180
37192
37179
37180
38695
37181
37195
38700
38736
37182
38699
38735
37183
37184
38735
39997
37185
37186
37192
38735
37187
37191
37188
37189
37191
37190
37253
37191
37193
37254
37192
37193
38736
37194
37279
37195
37280
38736
38738
37196
38701
37197
37262
37264
37280
38766
37198
37261
37265
38761
37199
37209
37213
38676
37200
37212
38671
37201
37209
37211
37202
37204
37208
37203
37207
37204
37206
37218
37205
37211
37217
37206
37208
37210
37224
37249
37207
37223
37246
37208
37247
37209
37248
37210
37261
37211
37213
37225
37260
37212
37216
37213
37215
38670
37214
37265
38675
37215
37225
37229
37266
38790
37216
37228
38669
37217
37225
37227
37218
37220
37224
37219
37223
37220
37222
38639
37221
37227
38650
37222
37224
37226
37232
39327
37223
37233
38638
37224
37234
37225
37258
37226
37259
37227
37229
37231
39328
37228
39303
37229
37288
39302
37230
37287
39329
37231
37266
37284
37286
39330
37232
37259
37269
39331
37233
37258
37270
39326
37234
37271
38637
37235
37246
37258
37272
37236
37238
37237
37246
37238
37243
37245
37239
37241
37272
37240
37271
38587
37241
37274
38634
37242
37243
37273
37244
37245
37253
37255
37273
37246
37250
37252
37272
37247
37249
37248
37252
37249
37251
37261
37250
37258
37260
37251
37255
37257
37263
37252
37254
37262
37253
37254
37255
37279
37256
37278
37257
37273
37275
37277
37258
37268
37270
37272
37259
37260
37266
37268
37261
37263
37265
37262
37263
37279
37264
37268
37278
37265
37267
37281
38765
37266
38762
37267
38791
37268
37282
37284
39690
37269
37277
37270
37276
37284
39664
37271
37275
39663
37272
37274
38636
37273
37274
37275
38635
37276
39662
37277
37283
39701
37278
37282
37279
37281
37280
37281
39693
37282
39692
37283
39691
37284
39698
39700
37285
39665
37286
39666
39688
39690
39698
37287
38791
38793
39667
37288
38790
38794
39668
37289
38669
38787
39301
37290
38658
38664
38668
37291
38454
38665
37292
37334
38443
37293
37335
38438
37294
38099
37295
37297
37335
38388
37296
37324
37297
37301
37323
37298
37302
37336
38433
37299
38428
37300
37302
37304
38427
37301
37317
37302
37320
37322
37303
37337
38434
37304
37320
37398
37400
37305
37317
37401
37306
37316
37402
37307
37313
37403
37308
37312
37404
37309
37405
37310
37312
37311
37312
37314
37313
37314
37316
37315
37316
37318
37317
37318
37320
37319
37320
37370
37321
37322
37368
37370
37398
37323
37337
37345
37367
37324
37336
37340
37342
37325
37333
37335
37326
37328
37332
37342
37327
37331
37328
37330
37329
37343
37330
37332
37348
37350
37331
37351
37332
37352
37333
37341
37353
37334
37340
38666
37335
37339
38444
38665
37336
38437
37337
37339
38436
37338
37398
38435
37339
37367
37397
38450
38783
37340
38445
38782
37341
37367
38781
37342
37346
37348
37360
37343
37345
37344
37348
37345
37347
37371
37346
37370
37347
37361
37367
37369
37348
37362
37391
37349
37350
37358
37360
37362
37351
37353
37357
37352
37356
37353
37355
37354
37360
38666
37355
37357
37359
38667
38673
37356
38668
38670
37357
38671
37358
38672
37359
37363
38753
37360
37364
38754
38780
37361
38781
37362
37364
37366
37392
37363
37390
37364
37389
38752
37365
37393
38755
37366
37394
38778
38780
38784
37367
37395
38781
38783
37368
37369
37395
37397
37370
37391
37392
37371
37372
37391
37373
37374
37380
37375
37379
37376
37378
37377
37378
37384
37379
37383
37380
37382
37381
37391
37382
37388
37390
37383
37387
37384
37386
37385
37386
38723
37387
38722
37388
38721
37389
38750
37390
37393
38751
37391
37392
37393
37395
37394
38776
37395
38777
38801
37396
37397
38783
38801
38803
37398
38804
37399
37400
38435
38804
38806
37401
38434
38807
37402
38427
38808
37403
38426
38809
37404
38419
38810
37405
38418
38811
37406
38413
38812
37407
38813
37408
37409
38813
38815
37410
38143
37411
38144
37412
38145
37413
38146
37414
37415
38130
38146
38148
37416
38129
38149
37417
37418
38149
38151
37419
37420
38151
37421
38166
38237
38239
37422
38240
37423
37424
37426
38240
37425
37426
37427
38241
37428
37432
37434
37429
37437
37430
37432
37440
38179
37431
38170
37432
38169
38240
37433
38180
38241
37434
37440
38288
37435
37437
37436
37437
37438
37440
37439
37440
37442
37441
37442
38179
38288
38289
37443
38172
38290
37444
38173
38291
37445
37447
37446
37447
37449
37448
38291
37449
37998
38292
38296
37450
37993
38297
37451
37452
37454
38297
37453
37454
37456
37455
38298
37456
37458
38301
37457
37458
37460
37459
38302
37460
37987
38305
38307
37461
37462
37985
38307
38309
37463
37464
38309
37465
37890
38310
37466
37889
37467
37468
37889
37901
37469
37471
37481
37483
37470
37484
37471
37549
37472
37568
37473
37479
37481
37567
37474
37476
37560
37475
37559
37476
37562
37973
37477
37479
37561
38028
37478
37975
37479
38030
37480
37574
38029
37481
37573
37890
38044
37482
37889
37483
37567
37571
37573
37888
37484
37568
37570
37901
37485
37547
37549
37902
37486
37528
37532
37903
37487
37529
37531
37904
37488
37490
37492
37905
37489
37906
37490
37536
37907
37491
37531
37535
37908
37492
37498
37530
37540
37493
37529
37494
37498
37500
37495
37501
37496
37498
37506
37508
37497
37509
37498
37510
37499
37511
37500
37504
37506
37518
37530
37501
37503
37529
37502
37506
37503
37505
37551
37504
37528
37550
37505
37519
37527
37555
37506
37520
37556
37507
37508
37516
37518
37520
37509
37511
37515
37510
37514
37511
37513
37512
37518
37540
37513
37515
37517
37539
37675
37514
37674
37515
37673
37516
37672
37517
37523
37671
37518
37524
37542
37682
37519
37541
37520
37524
37526
37580
37521
37523
37581
37522
37582
37523
37587
37619
37524
37670
37803
37525
37683
37802
37526
37542
37544
37686
37813
37527
37533
37541
37579
37528
37530
37532
37548
37529
37549
37530
37531
37541
37532
37534
37909
37533
37547
37910
37534
37544
37546
37911
37535
37541
37543
37912
37536
37538
37540
37913
37537
37914
37538
37690
37915
37539
37543
37691
37916
37540
37542
37688
37541
37542
37543
37687
37544
37698
37917
37545
37699
37918
37546
37813
37877
37879
37919
37547
37579
37880
37920
37548
37570
37921
37549
37555
37569
37579
37550
37568
37551
37553
37555
37552
37556
37553
37557
37559
37554
37560
37568
37555
37557
37565
37569
37800
37556
37580
37557
37581
37558
37799
37559
37563
37565
37798
37560
37562
37561
37565
37567
37562
37564
37574
38317
37563
37972
37564
37797
37971
37565
37575
37808
38320
37566
37807
37567
37569
37571
37575
37577
37568
37574
37569
37570
37578
37571
37880
37900
37572
37881
37887
37573
37575
37882
37892
38322
37574
37891
38315
37575
38316
37576
38321
37577
37808
37810
37882
39026
37578
37807
37811
37881
37579
37800
37812
37880
37580
37813
37581
37800
37802
37582
37799
37803
37583
37585
37587
37584
37588
37585
37589
37591
37586
37592
37799
37587
37589
37777
37794
37804
37588
37776
37803
37589
37775
37590
37778
37591
37595
37792
37794
37592
37594
37593
37794
37798
37594
37795
37797
38077
37595
38076
37596
37791
37795
38351
37597
38072
37598
37789
37791
38353
37599
37787
37788
37792
37600
37778
37780
37784
37601
37775
37781
37783
37602
37620
37626
37628
37603
37623
37625
37604
37606
37610
37605
37609
37606
37608
37607
37625
37608
37610
37624
37634
37609
37633
37610
37612
37632
37611
37623
37631
37612
37616
37622
37640
37613
37641
37614
37616
37642
37678
37615
37673
37616
37618
37672
37617
37643
37679
37618
37622
37666
37668
37680
37619
37671
37620
37668
37670
37776
37621
37775
37622
37628
37668
37772
37774
37623
37665
37624
37628
37630
37625
37627
37659
37626
37627
37783
37628
37660
37782
37629
37781
37630
37660
37662
37772
37829
37631
37659
37663
37665
37632
37634
37638
37640
37633
37637
37641
37634
37636
37635
37659
37636
37638
37650
37658
37637
37649
37638
37646
37648
37639
37651
37663
37640
37644
37646
37664
37728
37641
37643
37665
37642
37646
37643
37645
37707
37644
37666
37708
37645
37713
37721
37723
37646
37712
37724
37647
37648
37724
37726
37728
37649
37651
37653
37650
37654
37651
37655
37657
37652
37728
37730
37653
37655
37727
37735
37745
37654
37726
37742
37655
37743
37656
37744
37657
37733
37735
37751
37658
37730
37732
37659
37661
37663
37660
37661
37830
37662
37732
37833
37663
37731
37771
37834
37664
37730
37665
37721
37729
37771
37666
37772
37667
37715
37721
37668
37718
37720
37772
37839
37669
37822
37670
37680
37684
37718
37821
37671
37683
37816
37672
37680
37682
37673
37675
37679
37674
37678
37675
37677
37689
37676
37682
37688
37677
37679
37681
37695
37709
37678
37694
37706
37679
37707
37680
37708
37681
37715
37682
37684
37696
37716
37683
37687
37684
37686
37815
37685
37717
37820
37686
37696
37700
37873
37875
37687
37699
37814
37688
37696
37698
37689
37691
37695
37690
37694
37691
37693
37926
37692
37698
37925
37693
37695
37697
37703
37928
37694
37704
37927
37695
37705
37696
37865
37697
37864
37698
37700
37702
37929
37699
37924
37700
37877
37923
37701
37876
37930
37702
37871
37873
37931
37957
37703
37864
37870
37932
37704
37865
37869
37933
37705
37868
37934
37706
37865
37867
37707
37709
37711
37708
37712
37709
37713
37715
37710
37716
37865
37711
37713
37862
37866
38498
37712
37867
38497
37713
38496
37714
38495
37715
37719
37721
37862
38494
37716
37718
37717
37862
37864
37718
37857
37861
37873
37719
37856
37720
37861
38491
38493
37721
37769
37771
37838
37722
37723
37729
37737
37769
38494
37724
37728
37738
38495
37725
38496
37726
37738
37740
38501
37727
37741
37728
37736
37738
37760
37729
37730
37736
37770
37731
37735
37732
37734
37770
38549
37733
38550
37734
37754
38555
37735
37753
38546
38554
37736
37752
37737
37759
38546
37738
37766
37768
38503
37739
38502
37740
37760
37764
37766
38511
37741
37763
38512
37742
37760
37762
37743
37745
37747
37744
37748
37745
37749
37751
37746
37752
37760
37747
37749
37757
37761
38621
37748
37762
38620
37749
38619
37750
38622
37751
37755
37757
38623
37752
37754
37753
37757
37759
37754
37756
38545
38574
37755
38575
37756
38580
38626
37757
38544
38579
38625
37758
38624
37759
37761
37765
38544
38613
37760
37766
38545
37761
37762
37764
38614
37763
38615
37764
38535
39103
37765
38536
39104
37766
38537
38543
39105
37767
38510
37768
38509
38543
38545
38606
37769
38508
38546
38569
37770
38493
38568
37771
38546
38548
37772
37837
37773
37774
37827
37829
37837
37839
37775
37779
37781
37822
37776
37778
37777
37816
37822
37778
37793
37817
37823
37779
37792
37780
37823
37825
37827
37781
37785
37788
37828
37782
37829
37783
37785
37830
37784
37785
37787
37786
37831
37787
37788
38462
37789
37825
38461
37790
38358
38460
37791
37825
37845
38467
38469
37792
37846
38352
37793
37825
37794
37824
37846
37848
37795
37805
37796
37846
38350
37797
37805
37809
37847
37969
37798
37808
37970
37799
37805
37807
37800
37804
37801
37807
37802
37804
37806
37812
37818
37803
37813
37815
37804
37816
37805
37817
37806
37848
37807
37809
37811
37849
37808
37809
38345
37810
37850
38346
37811
37883
37949
39031
37812
37884
37946
37813
37879
37945
37814
37815
37875
37877
37945
37816
37818
37820
37817
37821
37818
37848
37854
37819
37849
37945
37820
37852
37854
37858
37944
37821
37857
37875
37822
37854
37856
37823
37839
37824
37840
37854
37825
37843
37845
37853
37826
37827
37843
38461
38467
38565
37828
37836
37840
37829
37831
37835
38461
37830
37834
37831
37833
37832
38462
37833
37835
38463
38551
37834
38550
37835
37837
38549
37836
38464
38552
37837
37841
38565
38566
37838
38548
37839
37841
38491
38568
37840
37856
37841
37843
37855
37842
38490
38567
37843
38487
38489
38565
38594
37844
37964
37845
37965
38467
38485
38487
37846
37966
38470
37847
38471
37848
37850
37966
37968
37849
37853
37850
37852
37946
37851
37949
39051
37852
37950
37966
39056
39076
37853
37951
37963
37854
37964
37966
37855
37856
37858
37964
38490
37857
38491
37858
37860
37874
37859
37961
37963
37860
37960
38490
39078
39145
37861
37959
38491
39144
37862
37872
38506
37863
38505
37864
37866
37870
37872
39086
37865
37873
37866
37867
37869
38525
37868
38524
37869
37935
38523
37870
37936
38526
37871
37937
39085
37872
37938
37958
39084
37873
37959
39087
37874
37875
37957
37959
37961
37876
37944
37877
37941
37943
37957
37878
37922
37879
37897
37943
37945
37947
37880
37884
37898
37881
37899
37882
37884
37886
37883
37893
39027
37884
37894
37948
39030
37885
37947
37886
37894
37896
37898
37887
37893
37899
37888
37892
37900
37889
37891
37901
37890
37891
38313
37892
38314
37893
39437
37894
39436
37895
39435
37896
37948
39395
39434
37897
37947
39396
37898
37922
37942
37899
37919
37900
37920
37901
37921
37902
37903
37921
37904
37910
37905
37909
37906
37908
37907
37908
37914
37909
37913
37910
37912
37911
37921
37912
37918
37920
37913
37917
37914
37916
37915
37916
37926
37917
37925
37918
37924
37919
37923
37920
37922
37921
37923
37941
37924
37930
37925
37929
37926
37928
37927
37928
37934
37929
37933
37930
37932
37931
37941
37932
37938
37940
37933
37937
37934
37936
37935
37936
39121
37937
39122
37938
39125
37939
39126
37940
37958
39399
39403
37941
37957
39398
37942
37943
39396
39398
37944
37952
37956
37945
37951
37961
37946
37947
37949
37951
37948
37952
37949
37953
39059
37950
39050
37951
37953
39057
39224
37952
37962
37953
37955
39396
37954
39058
39395
37955
39222
39224
39226
39394
37956
37962
39080
39397
37957
37961
39081
39398
37958
37959
39081
39083
37960
39143
37961
39079
39081
39152
37962
37963
39079
39224
37964
39076
39078
37965
38489
37966
38488
39074
39076
37967
37968
38470
39054
39056
39074
37969
38471
39051
39053
37970
38346
38348
38350
37971
38077
38343
38345
37972
38058
38320
38342
37973
38055
38057
38317
37974
38028
38054
37975
38025
37976
38026
38028
38030
37977
37981
38031
37978
37984
37979
37981
37983
38015
37980
38016
37981
38021
38025
37982
38020
38026
37983
38031
38033
38039
38041
37984
37986
38014
37985
38031
37986
38032
37987
38033
38035
38307
37988
37989
38011
38013
38035
38305
37990
38008
38010
38302
37991
38005
38007
38301
37992
38002
38004
38298
37993
37999
38001
38297
37994
37998
37995
37997
38001
37996
37997
38175
37998
38000
38186
37999
38185
38000
38004
38190
38296
38001
38003
38189
38002
38003
38007
38004
38006
38253
38005
38252
38299
38006
38010
38257
38300
38007
38009
38256
38008
38009
38013
38010
38012
38269
38011
38268
38303
38012
38036
38273
38304
38013
38037
38272
38014
38015
38035
38037
38039
38016
38018
38020
38017
38021
38018
38022
38834
38019
38037
38835
38020
38022
38038
38050
38838
38021
38039
38049
38022
38024
38023
38839
38024
38050
38052
38878
38025
38049
38053
38026
38054
38027
38041
38049
38028
38046
38048
38054
38318
38029
38317
38030
38044
38046
38316
38031
38041
38043
38032
38033
38043
38309
38034
38042
38308
38035
38039
38855
38857
39443
38036
38306
38037
38851
38855
39445
38038
38850
38039
38855
38861
38863
38040
38041
38047
38049
38857
38861
38042
38046
38043
38045
38311
38857
38044
38310
38045
38313
38315
38046
38312
38324
38858
38047
38325
38048
38328
38858
38860
38049
38051
38053
38329
38050
38051
38861
38877
38052
38860
38876
38886
38053
38331
38883
38054
38330
38055
38056
38318
38330
38342
38057
38079
38081
38058
38059
38077
38079
38060
38076
38061
38075
38079
38335
38062
38064
38068
38088
38063
38083
38064
38084
38065
38069
38089
38066
38067
38069
38071
38068
38072
38076
38069
38073
38075
38093
38070
38092
38071
38073
38097
38355
38072
38354
38073
38351
38353
38074
38096
38356
38075
38349
38351
38371
38473
38076
38078
38336
38077
38351
38078
38350
38079
38337
38343
38349
38080
38342
38081
38335
38337
38339
38341
38082
38330
38332
38083
38333
38335
38084
38086
38088
38085
38089
38086
38090
38102
38087
38333
38379
38088
38090
38094
38334
38384
38089
38093
38335
38090
38092
38091
38101
38092
38094
38098
38100
38093
38097
38094
38096
38336
38095
38375
38385
38096
38098
38364
38374
38390
38097
38363
38371
38098
38362
38099
38365
38100
38388
38390
38438
38101
38385
38387
38102
38382
38384
38103
38379
38381
38104
38108
38110
38105
38107
38106
38110
38112
38107
38109
38399
38411
38108
38412
38109
38381
38417
38110
38380
38400
38416
38111
38379
38112
38378
38396
38400
38113
38397
38399
38114
38118
38115
38397
38839
38116
38118
38398
38404
38840
38117
38405
38833
38118
38120
38119
38399
38120
38404
38408
38410
38824
38121
38405
38407
38122
38140
38142
38123
38137
38139
38124
38134
38136
38125
38131
38133
38126
38130
38127
38133
38161
38128
38130
38132
38148
38199
38129
38149
38198
38130
38131
38132
38136
38146
38133
38135
38147
38210
38134
38209
38135
38139
38214
38136
38138
38215
38819
38137
38145
38138
38142
38144
38139
38141
38216
38818
38140
38217
38141
38224
38405
38142
38229
38406
38817
38143
38407
38144
38815
38817
38145
38818
38146
38819
38147
38148
38233
38819
38149
38234
38150
38151
38198
38234
38236
38152
38237
38153
38167
38198
38154
38162
38164
38155
38156
38160
38162
38157
38159
38163
38187
38158
38186
38159
38189
38204
38160
38188
38201
38203
38161
38208
38162
38199
38201
38209
38163
38198
38164
38194
38197
38201
38165
38167
38195
38166
38170
38167
38169
38168
38197
38237
38169
38181
38195
38196
38238
38170
38180
38239
38171
38179
38195
38172
38176
38173
38177
38179
38174
38175
38177
38185
38291
38176
38186
38177
38187
38195
38178
38184
38290
38179
38181
38183
38195
38289
38180
38181
38242
38288
38182
38243
38287
38183
38196
38244
38248
38286
38184
38192
38194
39456
38185
38187
38191
38293
38186
38190
38292
38187
38189
38188
38194
38189
38191
38193
38254
38190
38253
38191
38252
38295
38192
38251
38294
38193
38248
38250
39455
38194
38201
38247
38261
38195
38196
38197
38245
38247
38198
38200
38236
38199
38200
38210
38234
38201
38211
38235
38247
38202
38203
38209
38211
38213
38261
38204
38206
38208
38254
38205
38253
38206
38220
38256
38207
38213
38219
38255
38208
38214
38218
38209
38210
38214
38211
38215
38233
38212
38262
38955
38213
38215
38227
38263
38956
38214
38226
38260
38215
38217
38216
38232
38217
38227
38229
38231
38218
38224
38226
38219
38223
38220
38222
38226
38270
38221
38269
38222
38272
38835
38223
38225
38271
38836
38224
38833
38225
38229
38832
38226
38228
38276
38843
38227
38277
38228
38278
38957
38229
38279
38844
38958
38230
38831
38231
38817
38958
38960
38232
38818
38957
38233
38819
38956
38234
38955
38235
38236
38246
38955
38237
38245
38238
38239
38243
38245
38240
38242
38241
38242
38243
38244
38245
38980
38246
38247
38954
38980
38248
38262
38249
38285
38980
38250
38262
38264
38284
38979
38251
38259
38261
39454
38252
38254
38258
39451
38253
38257
39450
38254
38256
38255
38261
38256
38258
38260
38270
38257
38269
38258
38268
39449
38259
38267
39452
38260
38264
38266
39453
38261
38263
38277
38262
38263
38954
38264
38278
38953
38265
38283
38978
38266
38278
38280
38282
38977
38267
38275
38277
39457
38268
38270
38274
39458
38269
38273
39448
38270
38272
38271
38277
38272
38274
38276
38849
38273
38850
38274
38851
39447
38275
38852
39459
38276
38280
38867
39460
38277
38279
38848
38278
38279
38952
38280
38847
38951
38281
38868
38976
38282
39460
39474
38283
39457
38284
39453
38285
39454
38286
39455
38287
39456
38288
38289
38290
39456
38291
38293
38292
38293
38295
38294
39456
38295
39451
39455
38296
39450
38297
38299
38298
38299
38301
38300
39450
38301
38303
39449
38302
38303
38305
38304
39448
38305
39445
39447
38306
38307
39443
39445
38308
38309
38311
39443
38310
38311
38313
38312
39442
38313
39439
39441
38314
38315
39437
39439
38316
38322
38324
38317
38321
38325
38318
38320
38319
38325
38329
38320
38326
38342
38344
38888
38321
38345
38322
38326
39026
38323
39027
39437
38324
38326
38988
39028
39438
38325
38987
39439
38326
38328
38327
39025
38328
38888
38988
38990
39024
38329
38987
38991
38330
38886
38888
38331
38341
38332
38340
38884
38886
38333
38339
38395
38334
38378
38335
38339
38375
38377
38336
38337
38371
38375
38338
38372
38890
38339
38373
38375
38393
38891
38340
38394
38341
38887
38891
38899
38342
38888
38890
38343
38344
38348
38890
38345
38347
38889
39025
38346
39026
38347
39031
39051
38348
38894
39032
39052
38349
38895
39053
38350
38372
38472
38351
38471
38352
38353
38469
38471
38473
38354
38356
38358
38355
38359
38356
38360
38362
38357
38363
38473
38358
38360
38368
38474
38643
38359
38459
38469
38360
38458
38361
38457
38362
38366
38368
38456
38363
38365
38364
38368
38370
38365
38367
38439
38479
38366
38438
38367
38443
38455
38368
38442
38480
38655
38369
38654
38370
38474
38476
38480
39197
38371
38473
38477
38479
38372
38374
38373
38477
38895
38374
38392
38478
38896
38375
38391
38479
38376
38377
38385
38391
38393
38917
38378
38384
38394
38906
38379
38395
38905
38380
38384
38381
38383
38421
38905
38382
38420
38383
38387
38425
38384
38386
38424
38906
38385
38386
38390
38387
38389
38429
38917
38388
38428
38389
38433
38437
38390
38432
38440
38920
38391
38439
38392
38920
39265
38393
38897
38919
39264
38394
38898
38918
38395
38899
38907
38396
38884
38904
38397
38401
38883
38398
38878
38399
38401
38403
38879
38400
38824
38401
38825
38905
38402
38882
38904
38403
38825
38827
38909
38933
38404
38822
38824
38934
38405
38821
38841
38406
38832
38407
38816
38821
38831
38408
38815
38409
38814
38821
38823
38410
38414
38813
38411
38412
38414
38416
38824
38413
38417
38414
38418
38415
38812
38823
38416
38418
38422
38811
38826
38417
38421
38825
38418
38420
38419
38420
38422
38426
38421
38425
38422
38424
38910
38423
38810
38911
38424
38426
38430
38809
38914
38425
38429
38915
38426
38428
38427
38428
38430
38434
38429
38433
38430
38432
38916
38431
38808
38925
38432
38434
38448
38807
38926
38433
38447
38921
38434
38436
38435
38436
38448
38450
38437
38445
38447
38438
38440
38444
38439
38443
38440
38442
39265
38441
38447
39266
38442
38444
38446
38661
39271
38443
38660
39270
38444
38454
38445
38453
38446
38450
38452
38447
38449
39272
39292
38448
39273
38449
38806
39276
38450
38805
39277
39293
38451
38804
38452
38783
38803
39293
39297
38453
38782
39292
39296
38454
38661
38663
38665
38455
38658
38660
38456
38655
38657
38457
38652
38654
38458
38643
38651
38459
38640
38460
38468
38641
38643
38461
38465
38467
38462
38464
38463
38464
38558
38465
38559
38565
38466
38560
38641
38467
38487
38565
38596
38646
38468
38469
38485
38644
38646
38470
38474
38471
38475
38485
38472
38473
38475
38477
39053
38474
38475
38644
38476
38484
39054
38477
38481
38483
39071
38478
39066
38479
38481
39067
39264
38480
39265
38481
39198
39270
38482
39070
39269
38483
39198
39200
39202
39282
38484
39072
39195
39197
38485
38644
39073
39194
38486
39074
38487
38646
39192
39194
39208
38488
38595
38489
39077
39156
39208
38490
39078
39155
38491
39146
38492
38493
38568
39144
39146
39148
38494
38506
38508
38495
38503
38505
38496
38498
38502
38497
38501
38498
38500
38524
38499
38505
38525
38500
38502
38504
38528
38532
38501
38513
38529
38502
38512
38503
38511
38504
38508
38510
38505
38507
38539
39089
38506
39086
38507
39087
39144
38508
38540
39088
39149
38509
39148
38510
38540
38542
39165
38511
38537
38539
38512
38532
38536
38513
38535
38514
38530
38532
38534
38515
38517
38516
38534
39100
38517
38519
39097
39099
38518
38530
38519
38521
39996
38520
39116
38521
39095
39097
39115
39118
38522
38530
39094
39119
38523
38527
38529
39120
38524
38526
39121
38525
38529
38526
38528
39086
38527
39085
39122
38528
39090
39094
39123
38529
38531
39089
38530
38531
39097
38532
39094
39096
39135
38533
38539
38534
38536
38538
39096
39112
38535
39097
39111
38536
39110
38537
39109
38538
38542
39108
38539
38541
39134
39380
38540
39135
38541
39136
39166
38542
39137
39169
39381
38543
39107
39170
38544
38607
39106
38545
38608
38612
38546
38573
38547
38548
38554
38569
38571
38573
38549
38566
38568
38550
38552
38554
38551
38555
38552
38556
38558
38553
38559
38566
38554
38556
38562
38571
38577
38555
38574
38556
38575
38557
38576
38558
38562
38583
38559
38560
38562
38564
38561
38596
38648
38562
38585
38597
39309
38563
38584
38564
38571
38591
38593
38597
38565
38566
38594
38596
38567
38571
38568
38570
38594
39146
38569
38570
38606
39148
38571
38593
38605
39147
38572
38573
38577
38591
38605
38609
38574
38606
38608
38575
38577
38579
38576
38580
38577
38581
38583
38578
38584
38579
38581
38589
38609
38629
38580
38608
38628
38581
38627
38582
38630
38583
38587
38589
38631
38584
38586
38585
38589
38591
38586
38588
38600
39324
38587
38637
38588
38634
38636
38589
38601
38633
39337
38590
38632
38591
38601
38603
38609
39185
38592
38600
38593
38599
38603
38605
39163
38594
38598
39160
38595
39155
38596
38598
39156
39192
38597
38647
38598
38600
39310
38599
39161
39191
38600
38602
39162
39190
38601
39323
38602
39186
39338
38603
39177
39187
39189
38604
39172
39184
38605
38607
38609
39171
39183
38606
39164
38607
39165
38608
39170
39182
38609
38611
38610
38611
38629
39183
39185
38612
38628
39182
38613
38625
39106
38614
38624
39105
38615
38621
39104
38616
38620
39103
38617
39102
38618
38620
38619
38620
38622
38621
38622
38624
38623
38624
38626
38625
38626
38628
38627
38628
38630
38629
38630
38632
38631
38632
38634
38633
39185
38634
39186
39660
38635
38636
39660
39662
38637
39337
39663
38638
39324
39326
38639
39309
39327
38640
38648
38650
38641
38651
38642
38646
38648
38643
38645
38649
38651
38653
38644
38654
38645
39197
38646
39194
39196
39312
38647
38648
39192
39310
39312
38649
39309
38650
39304
39308
39312
38651
39303
39327
38652
38653
38657
39303
38654
38656
39196
39304
38655
39197
38656
38660
39198
38657
38659
39199
39305
38658
39302
38659
38663
39301
38660
38662
39286
39670
38661
39283
38662
39284
39292
38663
39285
39295
39671
38664
39296
39300
38665
38667
38785
38787
38666
38782
38667
38781
38668
38780
38788
38669
38670
38788
38790
38671
38673
38675
38672
38676
38673
38753
38759
38674
38754
38788
38675
38757
38759
38763
38789
38676
38762
38790
38677
38759
38761
38678
38694
38679
38691
38693
38759
38680
38704
38681
38687
38691
38705
38682
38686
38706
38683
38684
38686
38722
38685
38723
38686
38708
38724
38687
38707
38725
38688
38716
38720
38689
38691
38715
38749
38773
38690
38750
38752
38691
38753
38692
38758
38693
38705
38713
38715
38769
38694
38702
38704
38760
38695
38701
38761
38696
38700
38704
38697
38699
38698
38704
38706
38699
38703
38711
38733
38700
38734
38701
38703
38737
38702
38738
38766
38703
38713
38739
38767
38704
38712
38740
38705
38706
38712
38716
38707
38711
38708
38710
38716
38726
38709
38727
38710
38728
39998
38711
38717
38729
38731
38712
38732
38713
38717
38741
38714
38742
38768
38715
38717
38743
38747
39788
38716
38748
38772
38717
38719
38718
38744
38719
38729
38745
38747
38720
38726
38748
38721
38725
38749
38722
38750
38723
38725
38724
38725
38727
38726
38727
38729
38728
38729
39999
38730
38731
38745
39999
38732
38744
39998
38733
38741
38734
38740
38735
38737
39997
38736
38737
38738
38740
38739
39693
38740
38742
39694
38741
38742
38744
38743
39804
38744
38746
39805
38745
38746
38747
39810
38748
39789
38749
39790
38750
38774
38751
38752
38774
38776
38753
38755
38773
38754
38758
38755
38757
38779
38756
38776
38778
38757
38771
38773
38775
38797
38758
38770
38796
38759
38769
38773
38760
38761
38763
38767
38769
38762
38766
38763
38765
38791
38764
38770
38792
38765
38767
39689
39695
39786
38766
39690
39692
38767
39693
38768
39694
38769
39786
39788
39804
38770
38772
38771
39780
39786
38772
39781
39787
39791
38773
39788
39790
38774
38775
39790
38776
39791
39795
38777
38778
38800
39795
38779
38797
38799
38780
38786
38788
38796
38781
38785
38782
38783
38785
38784
38785
38799
38801
39297
38786
39296
38787
38795
38799
39299
38788
38794
39300
38789
38790
38792
38794
38796
38791
38792
39690
38793
39689
39780
38794
39682
39688
39779
38795
39673
38796
38798
39674
39779
38797
39780
38798
39781
39795
38799
39679
39782
39796
38800
39298
38801
39796
39827
38802
38803
39297
39827
39829
38804
39830
38805
38806
39572
39830
38807
39571
38808
39508
38809
39507
38810
39504
38811
39503
38812
38967
38813
38966
38814
38815
38820
38966
38816
38817
38820
38960
38818
38819
38821
38961
38965
38822
38830
38823
38827
38829
38965
38824
38826
38966
38825
38826
38910
38827
38911
38967
38828
38912
38968
38829
38931
38933
38937
38969
38830
38934
38936
38964
38831
38841
38845
38961
38832
38844
38960
38833
38841
38843
38834
38836
38840
38835
38839
38836
38838
38850
38837
38843
38849
38838
38840
38842
38864
38880
38839
38863
38877
38840
38878
38841
38879
38842
38934
38843
38845
38865
38935
38844
38848
38845
38847
38959
38846
38936
38962
38847
38865
38869
38947
38949
38848
38868
38950
38849
38865
38867
38850
38852
38864
38851
38863
38852
38854
39446
38853
38867
39462
38854
38864
38866
38872
39463
38855
38863
38873
39464
38856
39444
38857
38859
38861
38873
39466
38858
39442
38859
38987
39441
38860
38874
38986
39467
38861
38875
38991
38862
38863
38873
38875
38877
38941
38864
38865
38941
38866
38940
38867
38869
38871
39472
38868
39461
38869
38975
39474
38870
38974
39473
38871
38945
38947
38973
39475
38872
38940
38944
39471
38873
38941
38943
39470
38874
39465
38875
38943
38985
39468
38876
38942
38992
38877
38881
38883
38885
38878
38880
38879
38883
38880
38882
38934
38881
38935
38941
38882
38902
38938
38942
38883
38903
38933
38884
38885
38899
38903
38886
38900
38902
38992
38887
38991
38888
38892
38900
38990
38889
38890
38892
38894
39024
38891
38895
38892
38896
38898
38893
39009
39023
38894
38896
39010
39038
39068
38895
39033
39065
38896
39066
38897
39067
38898
39010
39012
39263
38899
39007
39009
38900
39006
38901
38995
39009
38902
38994
39004
39006
39008
38903
38993
39001
38904
38932
39006
38905
38907
38909
38906
38910
38907
38915
38917
38908
38918
39006
38909
38913
38915
38923
39005
38910
38912
38932
38911
38915
38912
38914
39503
38913
38931
39502
38914
38924
38930
39505
38915
38925
39504
38916
38917
38921
38923
38925
38918
38920
38919
38923
39007
38920
38922
39012
39267
38921
39266
38922
38926
39273
38923
38927
39013
39274
38924
39014
38925
38927
38929
39506
38926
39507
38927
39276
39508
38928
39275
39509
38929
39013
39017
39510
39544
38930
39014
39016
39511
38931
39003
39005
39512
38932
39002
39501
38933
39001
39005
38934
38938
38935
38936
38938
38940
38937
38947
38963
38938
38946
38970
39002
38939
39001
38940
38942
38944
38946
39000
38941
38947
38942
38943
38993
38944
38984
39469
38945
38983
39477
38946
38972
38982
39476
38947
38971
39498
38948
38949
38963
38971
38973
38950
38962
38974
38951
38959
38975
38952
38958
38976
38953
38957
38977
38954
38956
38978
38955
38979
38956
38957
38958
38959
38960
38962
38961
38962
38964
38963
38964
38970
38965
38969
38966
38968
38967
38968
39503
38969
39502
38970
39501
38971
39500
38972
39499
38973
38981
38974
38975
38976
38977
38978
38979
38980
38982
39499
39515
38983
39495
39496
39498
38984
38998
39000
39478
38985
38993
38997
39479
38986
38992
38996
39480
38987
38989
38991
39481
38988
39440
38989
39035
39483
38990
38996
39036
39482
38991
38995
39023
38992
38993
38995
38994
39000
38995
38997
38999
39021
38996
39022
38997
39041
39491
38998
39042
39492
38999
39493
39496
39518
39000
39004
39020
39497
39001
39498
39002
39004
39003
39498
39500
39004
39016
39497
39513
39005
39015
39006
39014
39007
39008
39012
39014
39009
39011
39015
39021
39010
39022
39011
39039
39262
39012
39018
39044
39533
39013
39534
39014
39018
39543
39015
39016
39018
39020
39017
39522
39524
39018
39521
39525
39545
39019
39532
39020
39044
39519
39521
39531
39021
39518
39522
39022
39042
39044
39023
39039
39041
39024
39036
39038
39025
39033
39035
39026
39028
39032
39027
39031
39028
39030
39436
39029
39035
39485
39030
39032
39034
39060
39486
39031
39059
39435
39032
39050
39033
39049
39034
39038
39048
39035
39037
39218
39487
39036
39484
39037
39041
39489
39038
39040
39217
39488
39039
39047
39040
39044
39046
39041
39043
39256
39600
39042
39490
39043
39518
39598
39044
39257
39519
39599
39045
39046
39257
39259
39531
39533
39047
39256
39260
39262
39048
39068
39215
39217
39049
39063
39065
39218
39050
39052
39060
39062
39051
39057
39059
39052
39056
39053
39055
39065
39054
39066
39055
39071
39073
39056
39062
39064
39205
39057
39075
39058
39062
39223
39059
39061
39222
39433
39060
39434
39061
39218
39604
39062
39219
39221
39605
39063
39248
39064
39215
39219
39249
39065
39069
39071
39204
39066
39068
39067
39071
39068
39070
39263
39069
39262
39070
39203
39215
39261
39071
39202
39536
39072
39073
39202
39204
39210
39074
39205
39209
39075
39208
39076
39205
39207
39223
39077
39224
39078
39157
39207
39225
39079
39154
39080
39153
39225
39081
39226
39228
39400
39082
39399
39083
39152
39228
39230
39402
39084
39141
39143
39403
39085
39087
39091
39126
39086
39090
39125
39087
39089
39088
39143
39089
39091
39136
39142
39090
39135
39091
39093
39124
39092
39127
39141
39093
39128
39136
39138
39140
39094
39129
39133
39135
39095
39130
39096
39114
39131
39133
39097
39113
39134
39098
39099
39111
39113
39115
39100
39116
39101
39111
39102
39110
39103
39104
39110
39105
39109
39106
39108
39107
39182
39108
39181
39381
39109
39380
39110
39112
39111
39112
39113
39380
39114
39379
39115
39414
39415
39116
39117
39118
39414
39119
39131
39120
39130
39996
39121
39123
39995
39122
39123
39125
39124
39130
39125
39127
39129
39126
39127
39403
39128
39404
39129
39409
39411
39130
39132
39131
39132
39414
39133
39411
39413
39134
39138
39415
39135
39137
39379
39136
39137
39233
39138
39234
39378
39139
39411
39416
39140
39234
39236
39410
39417
39141
39231
39233
39409
39142
39230
39404
39143
39149
39151
39233
39144
39152
39145
39149
39146
39150
39152
39154
39147
39155
39148
39150
39160
39164
39149
39165
39150
39166
39151
39159
39167
39152
39230
39232
39240
39153
39154
39228
39240
39242
39155
39157
39159
39156
39160
39157
39161
39351
39158
39242
39352
39159
39161
39175
39241
39355
39160
39174
39240
39161
39163
39162
39356
39163
39175
39177
39641
39164
39172
39174
39165
39167
39171
39166
39170
39167
39169
39233
39168
39174
39232
39169
39171
39173
39235
39383
39170
39234
39382
39171
39181
39172
39180
39173
39177
39179
39174
39176
39374
39384
39175
39239
39176
39372
39640
39177
39373
39385
39645
39178
39646
39179
39187
39385
39709
39180
39184
39384
39181
39183
39383
39182
39382
39183
39184
39185
39187
39186
39187
39659
39188
39189
39659
39707
39709
39190
39338
39340
39646
39191
39321
39323
39641
39192
39310
39320
39356
39193
39351
39194
39312
39314
39320
39350
39195
39209
39196
39200
39210
39314
39197
39199
39313
39198
39199
39283
39200
39286
39316
39201
39287
39315
39202
39210
39212
39348
39552
39203
39537
39204
39212
39214
39538
39205
39211
39249
39206
39248
39207
39209
39211
39247
39353
39208
39244
39352
39209
39351
39210
39350
39211
39349
39212
39250
39360
39213
39361
39553
39214
39250
39252
39364
39558
39215
39249
39253
39557
39216
39260
39217
39219
39253
39255
39607
39218
39256
39602
39219
39603
39220
39606
39221
39249
39251
39253
39609
39222
39246
39248
39610
39223
39245
39432
39224
39244
39248
39225
39226
39242
39244
39227
39245
39393
39228
39242
39368
39370
39392
39229
39401
39230
39238
39240
39370
39406
39231
39405
39232
39236
39238
39408
39233
39235
39239
39234
39235
39377
39236
39374
39376
39237
39418
39422
39238
39374
39388
39419
39421
39239
39371
39407
39240
39372
39374
39241
39242
39370
39372
39638
39243
39244
39352
39366
39368
39638
39245
39247
39246
39368
39431
39247
39251
39367
39611
39248
39250
39366
39249
39250
39251
39365
39252
39612
39726
39253
39559
39613
39727
39254
39608
39255
39557
39559
39561
39615
39256
39258
39260
39616
39257
39601
39258
39530
39618
39259
39561
39563
39617
39260
39540
39556
39564
39261
39557
39262
39536
39538
39540
39263
39533
39264
39534
39536
39265
39267
39269
39266
39270
39267
39271
39273
39268
39274
39534
39269
39271
39279
39281
39535
39270
39282
39536
39271
39283
39272
39284
39273
39277
39279
39291
39274
39276
39275
39279
39543
39276
39278
39544
39570
39277
39571
39278
39572
39576
39279
39547
39573
39575
39280
39542
39281
39289
39291
39549
39575
39282
39284
39288
39550
39283
39287
39537
39284
39286
39285
39291
39286
39288
39290
39747
39287
39746
39288
39552
39745
39289
39551
39748
39290
39578
39580
39755
39291
39295
39577
39754
39292
39576
39293
39295
39294
39576
39830
39295
39297
39577
39677
39829
39296
39676
39297
39299
39298
39299
39677
39679
39827
39300
39674
39676
39301
39671
39673
39302
39668
39670
39303
39305
39329
39304
39328
39305
39307
39313
39306
39316
39670
39307
39317
39329
39333
39669
39308
39318
39328
39332
39309
39311
39325
39327
39310
39324
39311
39323
39312
39318
39320
39322
39313
39314
39316
39318
39315
39319
39349
39316
39346
39348
39745
39317
39746
39318
39344
39346
39751
39319
39343
39320
39342
39346
39358
39321
39357
39322
39340
39342
39642
39323
39325
39339
39343
39324
39338
39325
39337
39326
39332
39336
39327
39331
39663
39328
39329
39331
39330
39668
39331
39333
39665
39667
39332
39664
39333
39335
39343
39334
39344
39684
39335
39655
39665
39685
39703
39336
39656
39664
39702
39337
39339
39661
39663
39338
39660
39339
39659
39340
39656
39658
39341
39647
39707
39342
39648
39654
39656
39706
39343
39345
39649
39344
39656
39345
39655
39764
39346
39652
39654
39763
39347
39750
39348
39358
39362
39652
39854
39349
39361
39744
39350
39358
39360
39351
39353
39357
39352
39356
39353
39355
39354
39360
39366
39355
39357
39359
39637
39643
39356
39638
39640
39357
39641
39358
39642
39359
39649
39360
39362
39650
39732
39361
39365
39362
39364
39743
39363
39651
39855
39364
39728
39730
39732
39858
39365
39727
39742
39366
39726
39732
39367
39637
39368
39634
39636
39726
39369
39430
39370
39429
39636
39638
39716
39371
39391
39372
39388
39390
39716
39373
39639
39374
39386
39388
39718
39375
39376
39384
39386
39419
39377
39383
39418
39378
39382
39417
39379
39381
39416
39380
39415
39381
39382
39383
39384
39385
39386
39710
39387
39719
39388
39419
39425
39720
39389
39717
39390
39421
39425
39427
39391
39407
39428
39392
39406
39429
39393
39401
39430
39394
39400
39431
39395
39397
39432
39396
39433
39397
39398
39400
39399
39400
39402
39401
39402
39406
39403
39405
39404
39405
39409
39406
39408
39407
39408
39421
39409
39422
39410
39411
39422
39424
39412
39413
39416
39424
39414
39415
39416
39417
39418
39424
39419
39423
39420
39421
39423
39425
39422
39423
39424
39426
39427
39720
39942
39428
39717
39931
39429
39716
39930
39430
39635
39431
39634
39432
39611
39433
39610
39434
39605
39435
39604
39436
39486
39437
39485
39438
39439
39483
39485
39440
39441
39481
39483
39442
39467
39443
39466
39444
39445
39464
39466
39446
39447
39462
39464
39448
39459
39449
39458
39450
39452
39451
39452
39454
39453
39458
39454
39457
39455
39456
39458
39460
39459
39460
39462
39461
39462
39472
39474
39463
39464
39470
39472
39465
39466
39468
39470
39467
39468
39481
39469
39480
39470
39477
39479
39471
39472
39475
39477
39473
39474
39475
39476
39477
39495
39478
39479
39493
39495
39480
39492
39481
39491
39482
39483
39489
39491
39484
39485
39487
39489
39486
39487
39604
39488
39603
39489
39600
39602
39490
39491
39598
39600
39492
39493
39598
39494
39597
39495
39496
39596
39497
39515
39517
39498
39514
39522
39499
39500
39514
39501
39513
39502
39512
39503
39505
39504
39505
39507
39506
39512
39507
39509
39511
39508
39509
39571
39510
39570
39511
39525
39569
39512
39524
39513
39514
39524
39515
39523
39516
39517
39523
39527
39518
39520
39522
39596
39519
39597
39520
39530
39620
39521
39527
39529
39595
39522
39526
39566
39523
39524
39526
39525
39526
39568
39527
39567
39528
39529
39567
39839
39530
39566
39592
39594
39531
39563
39619
39532
39564
39566
39533
39541
39543
39545
39534
39540
39535
39543
39536
39540
39542
39550
39537
39538
39550
39552
39539
39553
39557
39540
39550
39554
39556
39582
39541
39542
39546
39564
39582
39543
39547
39549
39544
39545
39547
39569
39546
39566
39568
39547
39565
39583
39837
39548
39836
39549
39575
39579
39583
39835
39550
39580
39582
39551
39552
39554
39580
39852
39553
39744
39554
39558
39743
39555
39581
39851
39556
39558
39560
39588
39850
39557
39561
39587
39558
39559
39742
39560
39614
39741
39561
39589
39624
39849
39562
39623
39563
39587
39589
39591
39622
39564
39592
39621
39565
39587
39566
39586
39592
39838
39567
39568
39838
39569
39837
39570
39836
39571
39573
39572
39573
39831
39574
39836
39575
39831
39833
39835
39576
39578
39577
39831
39578
39757
39832
39579
39756
39833
39580
39584
39834
39874
39581
39871
39582
39584
39588
39872
39583
39587
39584
39586
39842
39585
39843
39873
39586
39588
39590
39844
39880
39587
39591
39841
39588
39589
39879
39590
39625
39848
39591
39626
39845
39847
39592
39627
39840
39593
39839
39594
39621
39627
39595
39619
39596
39620
39597
39598
39620
39599
39600
39618
39620
39601
39602
39616
39618
39603
39607
39604
39606
39605
39606
39610
39607
39609
39608
39616
39609
39613
39615
39610
39612
39611
39612
39634
39613
39633
39614
39632
39615
39624
39631
39616
39623
39617
39618
39621
39623
39619
39620
39621
39622
39623
39625
39627
39624
39625
39630
39626
39629
39627
39628
39629
39847
39923
39630
39848
39924
39631
39849
39925
39632
39741
39926
39633
39727
39927
39634
39726
39928
39635
39636
39928
39930
39637
39715
39725
39638
39714
39732
39639
39640
39714
39716
39718
39641
39643
39645
39642
39646
39643
39647
39649
39644
39650
39714
39645
39647
39711
39713
39734
39646
39710
39718
39647
39709
39648
39708
39649
39653
39734
39893
39650
39652
39651
39731
39734
39652
39730
39735
39860
39653
39861
39654
39735
39866
39894
39655
39705
39768
39656
39704
39767
39657
39658
39702
39704
39706
39659
39661
39707
39660
39661
39662
39702
39663
39701
39664
39665
39701
39666
39700
39667
39685
39687
39699
39668
39682
39684
39669
39673
39670
39672
39684
39751
39671
39746
39672
39676
39747
39673
39675
39683
39752
39674
39682
39675
39679
39681
39676
39678
39753
39773
39677
39754
39678
39757
39828
39679
39758
39774
39990
39680
39826
39681
39774
39782
39823
39825
39682
39773
39777
39779
39683
39687
39684
39686
39765
39773
39685
39764
39686
39767
39814
39687
39766
39776
39813
39688
39777
39812
39689
39697
39778
39690
39696
39785
39691
39692
39696
39698
39693
39695
39694
39695
39804
39696
39803
39697
39802
39698
39801
39812
39699
39700
39812
39814
39701
39703
39702
39703
39704
39814
39705
39815
39706
39816
39894
39707
39893
39708
39709
39711
39893
39710
39711
39719
39712
39892
39713
39719
39721
39891
39714
39718
39722
39733
39715
39731
39716
39722
39724
39930
39717
39718
39720
39722
39719
39720
39721
39722
39942
39943
39723
39931
39724
39733
39737
39932
39943
39725
39729
39731
39929
39726
39728
39732
39928
39727
39728
39741
39729
39740
39927
39730
39737
39739
39934
39731
39736
39859
39732
39733
39734
39736
39891
39735
39892
39736
39865
39895
39737
39888
39890
39738
39933
39944
39739
39888
39902
39938
39945
39740
39859
39885
39935
39741
39858
39884
39926
39742
39849
39743
39850
39858
39744
39851
39855
39745
39852
39854
39746
39748
39750
39747
39751
39748
39752
39754
39749
39755
39852
39750
39752
39760
39762
39853
39751
39763
39854
39752
39764
39753
39765
39754
39758
39760
39772
39755
39757
39756
39760
39871
39757
39759
39874
39962
39758
39961
39759
39910
39960
39760
39875
39909
39963
39761
39870
39762
39770
39772
39869
39909
39763
39765
39769
39862
39764
39768
39861
39765
39767
39766
39772
39767
39769
39771
39818
39768
39815
39769
39816
39866
39770
39817
39867
39771
39868
39912
39954
39772
39776
39819
39911
39773
39910
39774
39776
39775
39910
39991
39776
39821
39823
39911
39992
39777
39820
39778
39811
39823
39779
39783
39785
39801
39780
39782
39781
39785
39782
39784
39794
39783
39797
39784
39798
39800
39823
39785
39787
39793
39807
39786
39802
39787
39803
39788
39792
39806
39789
39805
39790
39792
39810
39791
39792
39794
39793
39809
39794
39798
39808
39795
39797
39796
39797
39826
39798
39825
39799
39824
39800
39808
39994
39801
39807
39822
39802
39811
39803
39807
39804
39806
39805
39806
39810
39807
39809
39808
39809
39810
39812
39820
39822
39813
39814
39818
39820
39815
39816
39818
39817
39897
39818
39898
39954
39819
39820
39954
39956
39821
39822
39956
39993
39823
39994
39824
39825
39992
39994
39826
39991
39827
39990
39828
39829
39961
39990
39830
39832
39831
39832
39833
39961
39834
39962
39835
39843
39969
39836
39842
39837
39838
39842
39839
39841
39840
39841
39845
39842
39844
39843
39844
39970
39845
39973
39846
39847
39973
39974
39848
39880
39882
39849
39879
39883
39850
39884
39851
39857
39879
39852
39856
39872
39853
39871
39854
39856
39862
39870
39855
39861
39856
39858
39860
39857
39863
39877
39858
39878
39884
39886
39859
39860
39886
39888
39861
39863
39865
39862
39866
39863
39867
39869
39864
39886
39906
39865
39867
39887
39899
39915
39866
39888
39896
39867
39897
39868
39898
39869
39913
39915
39953
39870
39906
39908
39871
39875
39877
39872
39874
39873
39877
39879
39874
39876
39880
39970
39875
39969
39876
39908
39968
39877
39881
39907
39971
39878
39906
39879
39881
39883
39905
39880
39881
39973
39882
39918
39972
39883
39919
39923
39974
39884
39904
39924
39885
39925
39886
39902
39904
39936
39887
39905
39888
39900
39902
39916
39889
39890
39896
39900
39945
39891
39895
39944
39892
39943
39893
39895
39894
39895
39897
39896
39897
39899
39898
39899
39953
39900
39952
39901
39951
39902
39945
39946
39950
39903
39937
39904
39916
39920
39948
39950
39905
39919
39949
39906
39916
39918
39907
39915
39908
39914
39918
39977
39909
39913
39967
39910
39912
39964
39911
39959
39912
39956
39958
39913
39955
39965
39914
39966
39985
39915
39917
39978
39984
39916
39952
39917
39951
39918
39920
39979
39983
39919
39976
39920
39922
39975
39921
39980
39982
39922
39948
39923
39949
39924
39925
39949
39926
39936
39927
39935
39928
39934
39929
39930
39932
39934
39931
39932
39942
39933
39941
39934
39938
39940
39935
39936
39938
39937
39949
39938
39946
39948
39939
39940
39945
39946
39941
39944
39942
39943
39944
39945
39947
39948
39950
39949
39951
39982
39952
39983
39953
39984
39954
39985
39955
39956
39985
39987
39957
39958
39987
39993
39959
39965
39992
39960
39964
39991
39961
39963
39990
39962
39963
39969
39964
39968
39965
39967
39966
39987
39967
39978
39986
39968
39977
39969
39971
39970
39971
39973
39972
39977
39973
39974
39976
39975
39976
39980
39977
39979
39978
39979
39988
39980
39989
39981
39982
39989
39983
39984
39989
39985
39988
39986
39987
39988
39989
39991
39992
39993
39994
39996
39999
)


// ************************************************************************* //
