/*--------------------------------*- C++ -*----------------------------------*\
| =========                 |                                                 |
| \\      /  F ield         | OpenFOAM: The Open Source CFD Toolbox           |
|  \\    /   O peration     | Version:  2312                                  |
|   \\  /    A nd           | Website:  www.openfoam.com                      |
|    \\/     M anipulation  |                                                 |
\*---------------------------------------------------------------------------*/
FoamFile
{
    version     2.0;
    format      ascii;
    arch        "LSB;label=32;scalar=64";
    class       volScalarField;
    location    "0";
    object      Cx;
}
// * * * * * * * * * * * * * * * * * * * * * * * * * * * * * * * * * * * * * //

dimensions      [0 1 0 0 0 0 0];

internalField   nonuniform List<scalar> 
40000
(
0.00068185
0.000676996
0.00067452
0.000222108
0.000222678
0.00022449
0.000222338
0.000223835
0.000222646
0.000223354
0.000223194
0.000223465
0.000223518
0.000223518
0.000223465
0.000223194
0.000223354
0.000222646
0.000223835
0.000222338
0.00022449
0.000222678
0.000222108
0.000674519
0.00114509
0.00164057
0.00215621
0.00267918
0.0032049
0.003724
0.00423773
0.00474642
0.00525359
0.00576228
0.006276
0.0067951
0.00732082
0.00784379
0.00835943
0.00885491
0.00932548
0.00977789
0.00977732
0.00977551
0.00977766
0.00977616
0.00977735
0.00977665
0.00977681
0.00977654
0.00977648
0.00977648
0.00977654
0.00977681
0.00977665
0.00977735
0.00977616
0.00977766
0.00977551
0.00977732
0.00977789
0.00932548
0.00885491
0.00835943
0.00784379
0.00732082
0.0067951
0.006276
0.00576228
0.00525359
0.00474642
0.00423773
0.003724
0.0032049
0.00267918
0.00215621
0.00164057
0.00114509
0.00115062
0.0016471
0.00216116
0.00268338
0.00320618
0.00372441
0.00423734
0.00474626
0.00525375
0.00576267
0.00627559
0.00679382
0.00731662
0.00783884
0.0083529
0.00884938
0.009323
0.00932267
0.00932309
0.00932284
0.00932301
0.00932283
0.00932269
0.0093225
0.00932239
0.00932239
0.0093225
0.00932269
0.00932283
0.00932301
0.00932284
0.00932309
0.00932267
0.009323
0.00884938
0.00884825
0.00884785
0.0088474
0.00884697
0.00884655
0.00884615
0.00884584
0.00884568
0.00884567
0.00884584
0.00884615
0.00884655
0.00884697
0.0088474
0.00884785
0.00884825
0.00835066
0.00834948
0.00834849
0.00834754
0.00834666
0.00834593
0.00834541
0.00834515
0.00834515
0.00834541
0.00834593
0.00834666
0.00834754
0.00834849
0.00834948
0.00835066
0.0083529
0.00783884
0.00783603
0.00783424
0.00783284
0.00783156
0.00783036
0.00782936
0.00782868
0.00782834
0.00782834
0.00782868
0.00782936
0.00783036
0.00783156
0.00783284
0.00783424
0.00783603
0.00731372
0.00731172
0.0073102
0.00730883
0.00730756
0.00730651
0.00730579
0.00730542
0.00730542
0.00730579
0.00730651
0.00730756
0.00730883
0.0073102
0.00731172
0.00731372
0.00731662
0.00679382
0.00679171
0.00678993
0.00678855
0.00678734
0.00678623
0.00678532
0.00678468
0.00678437
0.00678437
0.00678468
0.00678532
0.00678623
0.00678734
0.00678855
0.00678993
0.0067917
0.00627425
0.00627295
0.0062719
0.00627099
0.00627018
0.00626951
0.00626905
0.00626882
0.00626882
0.00626905
0.00626951
0.00627018
0.006271
0.0062719
0.00627295
0.00627425
0.00627559
0.00576267
0.00576204
0.00576128
0.00576064
0.0057601
0.00575962
0.00575922
0.00575895
0.00575882
0.00575882
0.00575895
0.00575922
0.00575962
0.0057601
0.00576064
0.00576128
0.00576204
0.00525357
0.00525333
0.00525312
0.00525294
0.00525278
0.00525265
0.00525256
0.00525252
0.00525252
0.00525256
0.00525265
0.00525278
0.00525294
0.00525312
0.00525333
0.00525357
0.00525375
0.00474626
0.00474644
0.00474668
0.00474689
0.00474707
0.00474722
0.00474735
0.00474744
0.00474748
0.00474748
0.00474744
0.00474735
0.00474722
0.00474707
0.00474689
0.00474668
0.00474644
0.00423797
0.00423873
0.00423936
0.0042399
0.00424038
0.00424078
0.00424104
0.00424118
0.00424118
0.00424104
0.00424078
0.00424039
0.0042399
0.00423936
0.00423873
0.00423797
0.00423734
0.00372441
0.00372576
0.00372705
0.0037281
0.00372901
0.00372982
0.00373049
0.00373095
0.00373118
0.00373118
0.00373095
0.00373049
0.00372982
0.00372901
0.0037281
0.00372705
0.00372575
0.0032083
0.00321007
0.00321145
0.00321266
0.00321377
0.00321468
0.00321531
0.00321563
0.00321563
0.00321531
0.00321468
0.00321377
0.00321266
0.00321145
0.00321007
0.0032083
0.00320618
0.00268338
0.00268629
0.00268828
0.0026898
0.00269117
0.00269244
0.00269349
0.00269421
0.00269458
0.00269458
0.00269421
0.00269349
0.00269244
0.00269117
0.0026898
0.00268828
0.00268629
0.00216397
0.00216576
0.00216716
0.00216844
0.00216964
0.00217064
0.00217132
0.00217166
0.00217166
0.00217132
0.00217064
0.00216964
0.00216844
0.00216716
0.00216576
0.00216397
0.00216115
0.0016471
0.00164934
0.00165052
0.00165151
0.00165246
0.00165334
0.00165407
0.00165459
0.00165485
0.00165485
0.00165459
0.00165407
0.00165334
0.00165246
0.00165151
0.00165052
0.00164934
0.00115175
0.00115215
0.0011526
0.00115303
0.00115345
0.00115385
0.00115416
0.00115432
0.00115433
0.00115416
0.00115385
0.00115345
0.00115303
0.0011526
0.00115215
0.00115174
0.00115062
0.000676996
0.000677325
0.000676907
0.000677163
0.000676986
0.000677171
0.000677307
0.000677499
0.000677609
0.00067761
0.000677499
0.000677307
0.000677171
0.000676986
0.000677163
0.000676907
0.000677325
0.000685108
0.000226232
0.000226613
0.000227009
0.000226748
0.000226849
0.000226955
0.000227152
0.000227262
0.000227262
0.000227152
0.000226955
0.000226849
0.000226748
0.000227009
0.000226613
0.000226232
0.000224922
0.000222678
0.00022449
0.000222338
0.000223835
0.000222644
0.00022335
0.000223187
0.000223457
0.000223513
0.00022357
0.000223574
0.000223574
0.000223571
0.000223568
0.000223567
0.000223567
0.000223567
0.000223567
0.000223567
0.000223567
0.000223567
0.000223567
0.000223567
0.000223567
0.000223567
0.000223567
0.000223567
0.000223567
0.000223567
0.000223567
0.000223567
0.000223567
0.000223567
0.000223567
0.000223567
0.000223567
0.000223567
0.000223567
0.000223567
0.000223567
0.000223567
0.000223567
0.000223567
0.000223567
0.000223567
0.000223567
0.000223567
0.000223567
0.000223567
0.000223567
0.000223567
0.000223567
0.000223567
0.000223567
0.000223567
0.000223567
0.000223567
0.000223567
0.000223567
0.000223567
0.000223567
0.000223567
0.000223567
0.000223567
0.000223567
0.000223567
0.000223567
0.000223567
0.000223567
0.000223567
0.000223567
0.000223567
0.000223567
0.000223567
0.000223567
0.000223567
0.000223567
0.000223567
0.000223567
0.000223567
0.000223567
0.000223567
0.000223567
0.000223567
0.000223568
0.000223571
0.000223574
0.000223574
0.00022357
0.000223513
0.000223457
0.000223187
0.00022335
0.000222644
0.000223835
0.000222338
0.00022449
0.000222678
0.000222109
0.000222679
0.000224492
0.000222339
0.000223836
0.000222646
0.000223353
0.000223194
0.000223465
0.000223517
0.000223518
0.000223465
0.000223194
0.000223353
0.000222646
0.000223836
0.000222339
0.000224491
0.000222678
0.000222109
0.000674521
0.00114509
0.00164057
0.00215621
0.00267918
0.0032049
0.003724
0.00423772
0.00474642
0.00525359
0.00576228
0.006276
0.0067951
0.00732082
0.00784379
0.00835943
0.00885491
0.00932548
0.00977789
0.00977732
0.00977551
0.00977766
0.00977616
0.00977735
0.00977665
0.00977681
0.00977653
0.00977648
0.00977648
0.00977654
0.00977681
0.00977665
0.00977735
0.00977616
0.00977766
0.00977551
0.00977732
0.00977789
0.00932548
0.00885491
0.00835943
0.00784379
0.00732082
0.0067951
0.006276
0.00576228
0.00525359
0.00474642
0.00423773
0.003724
0.0032049
0.00267918
0.00215621
0.00164057
0.00114509
0.000674521
0.000676999
0.00115063
0.00164711
0.00216116
0.00268338
0.00320618
0.00372441
0.00423733
0.00474625
0.00525375
0.00576267
0.00627559
0.00679382
0.00731662
0.00783884
0.00835289
0.00884937
0.009323
0.00932267
0.00884825
0.00835065
0.00783602
0.00731371
0.0067917
0.00627425
0.00576203
0.00525357
0.00474643
0.00423797
0.00372575
0.0032083
0.00268629
0.00216398
0.00164935
0.00115175
0.000677329
0.000676909
0.00115215
0.00165052
0.00216576
0.00268828
0.00321007
0.00372705
0.00423872
0.00474668
0.00525332
0.00576128
0.00627295
0.00678993
0.00731172
0.00783424
0.00834948
0.00884785
0.00932309
0.00932284
0.0088474
0.00834849
0.00783284
0.0073102
0.00678855
0.0062719
0.00576064
0.00525311
0.00474688
0.00423936
0.0037281
0.00321145
0.0026898
0.00216716
0.00165151
0.0011526
0.000677164
0.000676986
0.00115303
0.00165246
0.00216844
0.00269117
0.00321266
0.00372901
0.0042399
0.00474707
0.00525293
0.0057601
0.00627099
0.00678734
0.00730883
0.00783156
0.00834754
0.00884697
0.00932301
0.00932283
0.00884655
0.00834666
0.00783036
0.00730756
0.00678623
0.00627018
0.00575962
0.00525278
0.00474722
0.00424039
0.00372982
0.00321377
0.00269244
0.00216964
0.00165334
0.00115345
0.000677171
0.000677306
0.00115385
0.00165407
0.00217064
0.00269349
0.00321468
0.00373049
0.00424078
0.00474735
0.00525265
0.00575922
0.00626951
0.00678532
0.00730651
0.00782936
0.00834593
0.00884615
0.00932269
0.0093225
0.00884584
0.00834541
0.00782868
0.00730579
0.00678468
0.00626905
0.00575895
0.00525256
0.00474744
0.00424105
0.00373095
0.00321532
0.00269421
0.00217132
0.00165459
0.00115416
0.000677499
0.000677609
0.00115433
0.00165485
0.00217166
0.00269458
0.00321563
0.00373118
0.00424118
0.00474748
0.00525252
0.00575882
0.00626882
0.00678437
0.00730542
0.00782834
0.00834515
0.00884567
0.00932239
0.00932239
0.00884568
0.00834515
0.00782834
0.00730542
0.00678437
0.00626882
0.00575882
0.00525252
0.00474748
0.00424118
0.00373118
0.00321563
0.00269458
0.00217166
0.00165485
0.00115432
0.000677609
0.000677499
0.00115416
0.00165459
0.00217132
0.00269421
0.00321532
0.00373095
0.00424105
0.00474744
0.00525256
0.00575895
0.00626905
0.00678468
0.00730579
0.00782868
0.00834541
0.00884584
0.0093225
0.00932269
0.00884615
0.00834593
0.00782936
0.00730651
0.00678532
0.00626951
0.00575922
0.00525265
0.00474735
0.00424078
0.00373049
0.00321468
0.00269349
0.00217064
0.00165407
0.00115385
0.000677307
0.000677171
0.00115345
0.00165334
0.00216964
0.00269244
0.00321377
0.00372982
0.00424039
0.00474722
0.00525278
0.00575962
0.00627018
0.00678623
0.00730756
0.00783036
0.00834666
0.00884655
0.00932283
0.00932301
0.00884697
0.00834754
0.00783156
0.00730883
0.00678734
0.006271
0.0057601
0.00525294
0.00474707
0.0042399
0.00372901
0.00321266
0.00269117
0.00216844
0.00165246
0.00115303
0.000676986
0.000677164
0.0011526
0.00165151
0.00216716
0.0026898
0.00321145
0.0037281
0.00423936
0.00474689
0.00525312
0.00576065
0.0062719
0.00678855
0.0073102
0.00783284
0.00834849
0.0088474
0.00932284
0.00932309
0.00884785
0.00834948
0.00783424
0.00731172
0.00678993
0.00627295
0.00576128
0.00525333
0.00474668
0.00423872
0.00372705
0.00321007
0.00268828
0.00216576
0.00165052
0.00115215
0.000676908
0.000677327
0.00115175
0.00164935
0.00216397
0.00268628
0.00320829
0.00372575
0.00423797
0.00474643
0.00525357
0.00576204
0.00627425
0.00679171
0.00731372
0.00783603
0.00835065
0.00884825
0.00932267
0.009323
0.00884938
0.00835289
0.00783884
0.00731662
0.00679382
0.00627559
0.00576267
0.00525375
0.00474625
0.00423733
0.00372441
0.00320618
0.00268338
0.00216116
0.00164711
0.00115062
0.000676998
0.000681851
0.000677
0.000222679
0.000224492
0.000222339
0.000223835
0.000222644
0.00022335
0.000223186
0.000223457
0.000223513
0.00022357
0.000223574
0.000223574
0.000223571
0.000223568
0.000223567
0.000223567
0.000223567
0.000223567
0.000223567
0.000223567
0.000223567
0.000223567
0.000223567
0.000223567
0.000223567
0.000223567
0.000223567
0.000223567
0.000223567
0.000223567
0.000223567
0.000223567
0.000223567
0.000223567
0.000223567
0.000223567
0.000223567
0.000223567
0.000223567
0.000223567
0.000223567
0.000223567
0.000223567
0.000223567
0.000223567
0.000223567
0.000223567
0.000223567
0.000223567
0.000223567
0.000223567
0.000223567
0.000223567
0.000223567
0.000223567
0.000223567
0.000223567
0.000223567
0.000223567
0.000223567
0.000223567
0.000223567
0.000223567
0.000223567
0.000223567
0.000223567
0.000223567
0.000223567
0.000223567
0.000223567
0.000223567
0.000223567
0.000223567
0.000223567
0.000223567
0.000223567
0.000223567
0.000223567
0.000223567
0.000223567
0.000223567
0.000223567
0.000223567
0.000223567
0.000223568
0.000223571
0.000223574
0.000223574
0.00022357
0.000223513
0.000223457
0.000223186
0.00022335
0.000222644
0.000223835
0.000222339
0.000224491
0.000222678
0.000676998
0.000677327
0.000676909
0.000677164
0.000676988
0.000677176
0.000677322
0.000677541
0.00067771
0.000677825
0.000677884
0.000677912
0.000677923
0.000677927
0.000677929
0.000677928
0.000677929
0.00067793
0.000677929
0.000677929
0.00067793
0.000677929
0.000677929
0.000677929
0.00067793
0.000677929
0.000677928
0.000677929
0.000677929
0.00067793
0.000677929
0.000677929
0.00067793
0.000677929
0.000677929
0.00067793
0.000677929
0.000677929
0.000677929
0.00067793
0.000677929
0.000677929
0.000677929
0.00067793
0.000677929
0.000677929
0.000677929
0.00067793
0.000677929
0.000677929
0.000677929
0.00067793
0.000677929
0.000677928
0.000677929
0.00067793
0.000677929
0.000677929
0.000677929
0.00067793
0.000677929
0.000677928
0.000677929
0.00067793
0.000677929
0.000677928
0.000677929
0.00067793
0.000677929
0.00067793
0.000677929
0.000677929
0.000677929
0.000677929
0.00067793
0.000677929
0.000677928
0.000677929
0.00067793
0.000677929
0.000677929
0.000677929
0.000677928
0.000677928
0.000677927
0.000677923
0.000677912
0.000677884
0.000677825
0.00067771
0.000677541
0.000677322
0.000677176
0.000676988
0.000677165
0.00067691
0.000677329
0.00115175
0.00115063
0.00164711
0.00216116
0.00268338
0.00320618
0.00372441
0.00423733
0.00474625
0.00525375
0.00576267
0.00627559
0.00679382
0.00731662
0.00783884
0.00835289
0.00884937
0.009323
0.00977732
0.00977551
0.00977766
0.00977616
0.00977736
0.00977665
0.00977681
0.00977654
0.00977649
0.00977643
0.00977643
0.00977643
0.00977643
0.00977643
0.00977643
0.00977643
0.00977643
0.00977643
0.00977643
0.00977643
0.00977643
0.00977643
0.00977643
0.00977643
0.00977643
0.00977643
0.00977643
0.00977643
0.00977643
0.00977643
0.00977643
0.00977643
0.00977643
0.00977643
0.00977643
0.00977643
0.00977643
0.00977643
0.00977643
0.00977643
0.00977643
0.00977643
0.00977643
0.00977643
0.00977643
0.00977643
0.00977643
0.00977643
0.00977643
0.00977643
0.00977643
0.00977643
0.00977643
0.00977643
0.00977643
0.00977643
0.00977643
0.00977643
0.00977643
0.00977643
0.00977643
0.00977643
0.00977643
0.00977643
0.00977643
0.00977643
0.00977643
0.00977643
0.00977643
0.00977643
0.00977643
0.00977643
0.00977643
0.00977643
0.00977643
0.00977643
0.00977643
0.00977643
0.00977643
0.00977643
0.00977643
0.00977643
0.00977643
0.00977643
0.00977643
0.00977643
0.00977643
0.00977643
0.00977643
0.00977649
0.00977654
0.00977681
0.00977665
0.00977736
0.00977616
0.00977766
0.00977551
0.00977732
0.00977508
0.00977377
0.00977339
0.00977299
0.00977325
0.00977315
0.00977304
0.00977282
0.00977266
0.00977256
0.00977251
0.00977249
0.00977248
0.00977248
0.00977248
0.00977248
0.00977248
0.00977248
0.00977248
0.00977248
0.00977248
0.00977248
0.00977248
0.00977248
0.00977248
0.00977248
0.00977248
0.00977248
0.00977248
0.00977248
0.00977248
0.00977248
0.00977248
0.00977248
0.00977248
0.00977248
0.00977248
0.00977248
0.00977248
0.00977248
0.00977248
0.00977248
0.00977248
0.00977248
0.00977248
0.00977248
0.00977248
0.00977248
0.00977248
0.00977248
0.00977248
0.00977248
0.00977248
0.00977248
0.00977248
0.00977248
0.00977248
0.00977248
0.00977248
0.00977248
0.00977248
0.00977248
0.00977248
0.00977248
0.00977248
0.00977248
0.00977248
0.00977248
0.00977248
0.00977248
0.00977248
0.00977248
0.00977248
0.00977248
0.00977248
0.00977248
0.00977248
0.00977248
0.00977248
0.00977248
0.00977248
0.00977248
0.00977248
0.00977248
0.00977248
0.00977248
0.00977249
0.00977251
0.00977256
0.00977266
0.00977282
0.00977304
0.00977315
0.00977325
0.00977299
0.00977339
0.00977377
0.00977508
0.00977377
0.00977339
0.00977299
0.00977325
0.00977315
0.00977305
0.00977285
0.00977274
0.00977274
0.00977285
0.00977305
0.00977315
0.00977325
0.00977299
0.00977339
0.00977377
0.00977508
0.00977732
0.00977551
0.00977766
0.00977617
0.00977736
0.00977665
0.00977681
0.00977654
0.00977649
0.00977643
0.00977643
0.00977643
0.00977643
0.00977643
0.00977643
0.00977643
0.00977643
0.00977643
0.00977643
0.00977643
0.00977643
0.00977643
0.00977643
0.00977643
0.00977643
0.00977643
0.00977643
0.00977643
0.00977643
0.00977643
0.00977643
0.00977643
0.00977643
0.00977643
0.00977643
0.00977643
0.00977643
0.00977643
0.00977643
0.00977643
0.00977643
0.00977643
0.00977643
0.00977643
0.00977643
0.00977643
0.00977643
0.00977643
0.00977643
0.00977643
0.00977643
0.00977643
0.00977643
0.00977643
0.00977643
0.00977643
0.00977643
0.00977643
0.00977643
0.00977643
0.00977643
0.00977643
0.00977643
0.00977643
0.00977643
0.00977643
0.00977643
0.00977643
0.00977643
0.00977643
0.00977643
0.00977643
0.00977643
0.00977643
0.00977643
0.00977643
0.00977643
0.00977643
0.00977643
0.00977643
0.00977643
0.00977643
0.00977643
0.00977643
0.00977643
0.00977643
0.00977643
0.00977643
0.00977643
0.00977649
0.00977654
0.00977681
0.00977665
0.00977736
0.00977617
0.00977766
0.00977551
0.00977732
0.009323
0.00932267
0.00932309
0.00932284
0.00932301
0.00932282
0.00932268
0.00932246
0.00932229
0.00932218
0.00932212
0.00932209
0.00932208
0.00932207
0.00932207
0.00932207
0.00932207
0.00932207
0.00932207
0.00932207
0.00932207
0.00932207
0.00932207
0.00932207
0.00932207
0.00932207
0.00932207
0.00932207
0.00932207
0.00932207
0.00932207
0.00932207
0.00932207
0.00932207
0.00932207
0.00932207
0.00932207
0.00932207
0.00932207
0.00932207
0.00932207
0.00932207
0.00932207
0.00932207
0.00932207
0.00932207
0.00932207
0.00932207
0.00932207
0.00932207
0.00932207
0.00932207
0.00932207
0.00932207
0.00932207
0.00932207
0.00932207
0.00932207
0.00932207
0.00932207
0.00932207
0.00932207
0.00932207
0.00932207
0.00932207
0.00932207
0.00932207
0.00932207
0.00932207
0.00932207
0.00932207
0.00932207
0.00932207
0.00932207
0.00932207
0.00932207
0.00932207
0.00932207
0.00932207
0.00932207
0.00932207
0.00932207
0.00932207
0.00932207
0.00932207
0.00932208
0.00932209
0.00932212
0.00932218
0.00932229
0.00932246
0.00932268
0.00932282
0.00932301
0.00932284
0.00932309
0.00932267
0.009323
0.00884938
0.00884825
0.00884785
0.0088474
0.00884696
0.00884653
0.00884611
0.00884575
0.00884548
0.00884531
0.00884521
0.00884515
0.00884513
0.00884512
0.00884512
0.00884511
0.00884511
0.00884511
0.00884511
0.00884511
0.00884511
0.00884511
0.00884511
0.00884511
0.00884511
0.00884511
0.00884511
0.00884511
0.00884511
0.00884511
0.00884511
0.00884511
0.00884511
0.00884511
0.00884511
0.00884511
0.00884511
0.00884511
0.00884511
0.00884511
0.00884511
0.00884511
0.00884511
0.00884511
0.00884511
0.00884511
0.00884511
0.00884511
0.00884511
0.00884511
0.00884511
0.00884511
0.00884511
0.00884511
0.00884511
0.00884511
0.00884511
0.00884511
0.00884511
0.00884511
0.00884511
0.00884511
0.00884511
0.00884511
0.00884511
0.00884511
0.00884511
0.00884511
0.00884511
0.00884511
0.00884511
0.00884511
0.00884511
0.00884511
0.00884511
0.00884511
0.00884511
0.00884511
0.00884511
0.00884511
0.00884511
0.00884511
0.00884511
0.00884512
0.00884512
0.00884513
0.00884515
0.00884521
0.00884531
0.00884548
0.00884575
0.00884611
0.00884653
0.00884696
0.0088474
0.00884785
0.00884825
0.00884938
0.0083529
0.00835066
0.00834948
0.00834848
0.00834753
0.00834664
0.00834587
0.00834529
0.00834489
0.00834464
0.0083445
0.00834443
0.00834439
0.00834438
0.00834437
0.00834437
0.00834437
0.00834437
0.00834437
0.00834437
0.00834437
0.00834437
0.00834437
0.00834437
0.00834437
0.00834437
0.00834437
0.00834437
0.00834437
0.00834437
0.00834437
0.00834437
0.00834437
0.00834437
0.00834437
0.00834437
0.00834437
0.00834437
0.00834437
0.00834437
0.00834437
0.00834437
0.00834437
0.00834437
0.00834437
0.00834437
0.00834437
0.00834437
0.00834437
0.00834437
0.00834437
0.00834437
0.00834437
0.00834437
0.00834437
0.00834437
0.00834437
0.00834437
0.00834437
0.00834437
0.00834437
0.00834437
0.00834437
0.00834437
0.00834437
0.00834437
0.00834437
0.00834437
0.00834437
0.00834437
0.00834437
0.00834437
0.00834437
0.00834437
0.00834437
0.00834437
0.00834437
0.00834437
0.00834437
0.00834437
0.00834437
0.00834437
0.00834437
0.00834437
0.00834438
0.00834439
0.00834443
0.0083445
0.00834464
0.00834489
0.00834529
0.00834587
0.00834664
0.00834753
0.00834848
0.00834948
0.00835066
0.0083529
0.00783884
0.00783603
0.00783424
0.00783284
0.00783155
0.00783033
0.0078293
0.00782853
0.00782802
0.00782772
0.00782755
0.00782747
0.00782743
0.00782741
0.00782741
0.0078274
0.0078274
0.0078274
0.0078274
0.0078274
0.0078274
0.0078274
0.0078274
0.0078274
0.0078274
0.0078274
0.0078274
0.0078274
0.0078274
0.0078274
0.0078274
0.0078274
0.0078274
0.0078274
0.0078274
0.0078274
0.0078274
0.0078274
0.0078274
0.0078274
0.0078274
0.0078274
0.0078274
0.0078274
0.0078274
0.0078274
0.0078274
0.0078274
0.0078274
0.0078274
0.0078274
0.0078274
0.0078274
0.0078274
0.0078274
0.0078274
0.0078274
0.0078274
0.0078274
0.0078274
0.0078274
0.0078274
0.0078274
0.0078274
0.0078274
0.0078274
0.0078274
0.0078274
0.0078274
0.0078274
0.0078274
0.0078274
0.0078274
0.0078274
0.0078274
0.0078274
0.0078274
0.0078274
0.0078274
0.0078274
0.0078274
0.0078274
0.0078274
0.00782741
0.00782741
0.00782743
0.00782747
0.00782755
0.00782772
0.00782802
0.00782853
0.0078293
0.00783033
0.00783155
0.00783284
0.00783424
0.00783603
0.00783884
0.00731662
0.00731371
0.00731172
0.00731019
0.00730882
0.00730754
0.00730645
0.00730564
0.00730511
0.0073048
0.00730463
0.00730455
0.00730451
0.00730449
0.00730449
0.00730448
0.00730448
0.00730448
0.00730448
0.00730448
0.00730448
0.00730448
0.00730448
0.00730448
0.00730448
0.00730448
0.00730448
0.00730448
0.00730448
0.00730448
0.00730448
0.00730448
0.00730448
0.00730448
0.00730448
0.00730448
0.00730448
0.00730448
0.00730448
0.00730448
0.00730448
0.00730448
0.00730448
0.00730448
0.00730448
0.00730448
0.00730448
0.00730448
0.00730448
0.00730448
0.00730448
0.00730448
0.00730448
0.00730448
0.00730448
0.00730448
0.00730448
0.00730448
0.00730448
0.00730448
0.00730448
0.00730448
0.00730448
0.00730448
0.00730448
0.00730448
0.00730448
0.00730448
0.00730448
0.00730448
0.00730448
0.00730448
0.00730448
0.00730448
0.00730448
0.00730448
0.00730448
0.00730448
0.00730448
0.00730448
0.00730448
0.00730448
0.00730448
0.00730449
0.00730449
0.00730451
0.00730455
0.00730463
0.0073048
0.00730511
0.00730564
0.00730645
0.00730754
0.00730882
0.00731019
0.00731172
0.00731371
0.00731662
0.00679382
0.0067917
0.00678993
0.00678855
0.00678733
0.00678621
0.00678527
0.00678456
0.0067841
0.00678384
0.00678369
0.00678362
0.00678359
0.00678358
0.00678357
0.00678357
0.00678357
0.00678357
0.00678357
0.00678357
0.00678357
0.00678357
0.00678357
0.00678357
0.00678357
0.00678357
0.00678357
0.00678357
0.00678357
0.00678357
0.00678357
0.00678357
0.00678357
0.00678357
0.00678357
0.00678357
0.00678357
0.00678357
0.00678357
0.00678357
0.00678357
0.00678357
0.00678357
0.00678357
0.00678357
0.00678357
0.00678357
0.00678357
0.00678357
0.00678357
0.00678357
0.00678357
0.00678357
0.00678357
0.00678357
0.00678357
0.00678357
0.00678357
0.00678357
0.00678357
0.00678357
0.00678357
0.00678357
0.00678357
0.00678357
0.00678357
0.00678357
0.00678357
0.00678357
0.00678357
0.00678357
0.00678357
0.00678357
0.00678357
0.00678357
0.00678357
0.00678357
0.00678357
0.00678357
0.00678357
0.00678357
0.00678357
0.00678357
0.00678357
0.00678358
0.00678359
0.00678362
0.00678369
0.00678384
0.0067841
0.00678456
0.00678527
0.00678621
0.00678733
0.00678855
0.00678993
0.0067917
0.00679382
0.00627559
0.00627425
0.00627295
0.0062719
0.00627099
0.00627017
0.00626948
0.00626897
0.00626864
0.00626844
0.00626834
0.00626829
0.00626827
0.00626826
0.00626826
0.00626826
0.00626826
0.00626826
0.00626826
0.00626826
0.00626826
0.00626826
0.00626826
0.00626826
0.00626826
0.00626826
0.00626826
0.00626826
0.00626826
0.00626826
0.00626826
0.00626826
0.00626826
0.00626826
0.00626826
0.00626826
0.00626826
0.00626826
0.00626826
0.00626826
0.00626826
0.00626826
0.00626826
0.00626826
0.00626826
0.00626826
0.00626826
0.00626826
0.00626826
0.00626826
0.00626826
0.00626826
0.00626826
0.00626826
0.00626826
0.00626826
0.00626826
0.00626826
0.00626826
0.00626826
0.00626826
0.00626826
0.00626826
0.00626826
0.00626826
0.00626826
0.00626826
0.00626826
0.00626826
0.00626826
0.00626826
0.00626826
0.00626826
0.00626826
0.00626826
0.00626826
0.00626826
0.00626825
0.00626825
0.00626825
0.00626825
0.00626825
0.00626826
0.00626826
0.00626826
0.00626827
0.00626829
0.00626834
0.00626844
0.00626864
0.00626897
0.00626948
0.00627017
0.00627099
0.0062719
0.00627295
0.00627425
0.00627559
0.00576267
0.00576204
0.00576128
0.00576064
0.0057601
0.00575961
0.0057592
0.00575891
0.00575871
0.0057586
0.00575854
0.00575851
0.0057585
0.0057585
0.00575849
0.00575849
0.00575849
0.00575849
0.00575849
0.00575849
0.00575849
0.00575849
0.00575849
0.00575849
0.00575849
0.00575849
0.00575849
0.00575849
0.00575849
0.00575849
0.00575849
0.00575849
0.00575849
0.00575849
0.00575849
0.00575849
0.00575849
0.00575849
0.00575849
0.00575849
0.00575849
0.00575849
0.00575849
0.00575849
0.00575849
0.00575849
0.00575849
0.00575849
0.00575849
0.00575849
0.0057585
0.0057585
0.0057585
0.0057585
0.0057585
0.0057585
0.0057585
0.0057585
0.0057585
0.0057585
0.0057585
0.0057585
0.0057585
0.0057585
0.0057585
0.0057585
0.0057585
0.00575849
0.00575849
0.00575849
0.00575849
0.00575849
0.00575849
0.00575849
0.00575849
0.00575849
0.00575849
0.00575849
0.00575849
0.00575849
0.00575849
0.00575849
0.0057585
0.0057585
0.0057585
0.0057585
0.00575851
0.00575854
0.0057586
0.00575871
0.00575891
0.0057592
0.00575961
0.0057601
0.00576064
0.00576128
0.00576204
0.00576267
0.00525375
0.00525357
0.00525333
0.00525312
0.00525294
0.00525278
0.00525264
0.00525255
0.00525248
0.00525245
0.00525243
0.00525242
0.00525242
0.00525242
0.00525242
0.00525242
0.00525242
0.00525242
0.00525241
0.00525241
0.00525241
0.00525242
0.00525242
0.00525242
0.00525242
0.00525241
0.00525241
0.00525241
0.00525241
0.00525241
0.00525242
0.00525242
0.00525242
0.00525242
0.00525242
0.00525242
0.00525242
0.00525242
0.00525242
0.00525242
0.00525242
0.00525242
0.00525242
0.00525242
0.00525242
0.00525242
0.00525242
0.00525242
0.00525242
0.00525242
0.00525241
0.00525241
0.00525241
0.00525241
0.00525241
0.00525241
0.00525241
0.00525241
0.00525241
0.00525241
0.00525241
0.00525241
0.00525242
0.00525242
0.00525242
0.00525242
0.00525241
0.00525241
0.00525241
0.00525241
0.00525241
0.00525241
0.00525241
0.00525241
0.00525241
0.00525241
0.00525241
0.00525241
0.00525241
0.00525241
0.00525241
0.00525241
0.00525241
0.00525241
0.00525241
0.00525242
0.00525242
0.00525243
0.00525245
0.00525248
0.00525255
0.00525265
0.00525278
0.00525294
0.00525312
0.00525333
0.00525357
0.00525375
0.00474626
0.00474644
0.00474668
0.00474689
0.00474707
0.00474723
0.00474736
0.00474745
0.00474752
0.00474755
0.00474757
0.00474758
0.00474758
0.00474758
0.00474758
0.00474758
0.00474758
0.00474758
0.00474758
0.00474758
0.00474758
0.00474758
0.00474759
0.00474758
0.00474758
0.00474758
0.00474758
0.00474759
0.00474759
0.00474759
0.00474759
0.00474759
0.00474759
0.00474759
0.00474759
0.00474759
0.00474759
0.00474759
0.00474758
0.00474758
0.00474758
0.00474758
0.00474758
0.00474758
0.00474758
0.00474758
0.00474758
0.00474759
0.00474759
0.00474759
0.00474759
0.00474759
0.00474759
0.00474759
0.00474759
0.00474759
0.00474759
0.00474759
0.00474759
0.00474759
0.00474759
0.00474759
0.00474759
0.00474759
0.00474759
0.00474759
0.00474759
0.00474759
0.00474759
0.00474758
0.00474758
0.00474758
0.00474759
0.00474759
0.00474759
0.00474759
0.00474759
0.00474759
0.00474759
0.00474759
0.00474759
0.00474759
0.00474759
0.00474759
0.00474759
0.00474758
0.00474758
0.00474757
0.00474755
0.00474752
0.00474745
0.00474736
0.00474723
0.00474707
0.00474689
0.00474668
0.00474644
0.00474626
0.00423734
0.00423797
0.00423873
0.00423936
0.00423991
0.00424039
0.0042408
0.00424109
0.00424129
0.0042414
0.00424146
0.00424149
0.0042415
0.0042415
0.00424151
0.00424151
0.00424151
0.00424151
0.00424151
0.00424151
0.00424151
0.00424151
0.00424151
0.00424151
0.00424151
0.00424151
0.00424151
0.00424151
0.00424151
0.00424151
0.00424151
0.00424151
0.00424151
0.00424151
0.00424151
0.00424151
0.00424151
0.00424151
0.00424151
0.00424151
0.00424151
0.00424151
0.00424151
0.00424151
0.00424151
0.00424151
0.00424151
0.00424151
0.00424151
0.00424151
0.00424151
0.0042415
0.0042415
0.0042415
0.0042415
0.0042415
0.0042415
0.0042415
0.0042415
0.0042415
0.00424151
0.00424151
0.00424151
0.00424151
0.00424151
0.00424151
0.00424151
0.00424151
0.00424151
0.00424151
0.00424151
0.00424151
0.00424151
0.00424151
0.00424151
0.00424151
0.00424151
0.0042415
0.0042415
0.0042415
0.0042415
0.0042415
0.0042415
0.0042415
0.0042415
0.0042415
0.00424149
0.00424146
0.0042414
0.00424129
0.00424109
0.0042408
0.00424039
0.00423991
0.00423936
0.00423873
0.00423797
0.00423734
0.00372441
0.00372576
0.00372706
0.0037281
0.00372901
0.00372983
0.00373052
0.00373103
0.00373137
0.00373156
0.00373166
0.00373171
0.00373173
0.00373174
0.00373174
0.00373174
0.00373174
0.00373174
0.00373174
0.00373174
0.00373174
0.00373174
0.00373174
0.00373174
0.00373174
0.00373174
0.00373174
0.00373174
0.00373174
0.00373174
0.00373174
0.00373174
0.00373174
0.00373174
0.00373174
0.00373174
0.00373174
0.00373174
0.00373174
0.00373174
0.00373174
0.00373174
0.00373174
0.00373174
0.00373174
0.00373174
0.00373174
0.00373174
0.00373174
0.00373174
0.00373174
0.00373174
0.00373174
0.00373174
0.00373174
0.00373175
0.00373175
0.00373175
0.00373175
0.00373175
0.00373174
0.00373174
0.00373175
0.00373175
0.00373175
0.00373174
0.00373174
0.00373174
0.00373174
0.00373174
0.00373174
0.00373174
0.00373174
0.00373174
0.00373174
0.00373174
0.00373174
0.00373174
0.00373174
0.00373174
0.00373174
0.00373174
0.00373174
0.00373174
0.00373174
0.00373173
0.00373171
0.00373166
0.00373156
0.00373136
0.00373103
0.00373052
0.00372983
0.00372901
0.0037281
0.00372705
0.00372576
0.00372441
0.00320618
0.0032083
0.00321007
0.00321145
0.00321267
0.00321379
0.00321473
0.00321544
0.0032159
0.00321616
0.00321631
0.00321638
0.00321641
0.00321642
0.00321643
0.00321643
0.00321643
0.00321643
0.00321643
0.00321643
0.00321643
0.00321643
0.00321643
0.00321643
0.00321643
0.00321643
0.00321643
0.00321643
0.00321643
0.00321643
0.00321643
0.00321643
0.00321643
0.00321643
0.00321643
0.00321643
0.00321643
0.00321643
0.00321643
0.00321643
0.00321643
0.00321643
0.00321643
0.00321643
0.00321643
0.00321643
0.00321643
0.00321643
0.00321643
0.00321643
0.00321643
0.00321643
0.00321643
0.00321643
0.00321643
0.00321643
0.00321643
0.00321643
0.00321643
0.00321643
0.00321643
0.00321643
0.00321643
0.00321643
0.00321643
0.00321643
0.00321643
0.00321643
0.00321643
0.00321643
0.00321643
0.00321643
0.00321643
0.00321643
0.00321643
0.00321643
0.00321643
0.00321643
0.00321643
0.00321643
0.00321643
0.00321643
0.00321643
0.00321642
0.00321642
0.00321641
0.00321638
0.00321631
0.00321616
0.0032159
0.00321544
0.00321473
0.00321379
0.00321267
0.00321145
0.00321007
0.0032083
0.00320618
0.00268338
0.00268629
0.00268828
0.00268981
0.00269118
0.00269246
0.00269355
0.00269436
0.00269489
0.0026952
0.00269537
0.00269545
0.00269549
0.00269551
0.00269551
0.00269552
0.00269552
0.00269552
0.00269552
0.00269552
0.00269552
0.00269552
0.00269552
0.00269552
0.00269552
0.00269552
0.00269552
0.00269552
0.00269552
0.00269552
0.00269552
0.00269552
0.00269552
0.00269552
0.00269552
0.00269552
0.00269552
0.00269552
0.00269552
0.00269552
0.00269552
0.00269552
0.00269552
0.00269552
0.00269552
0.00269552
0.00269552
0.00269552
0.00269552
0.00269552
0.00269552
0.00269552
0.00269552
0.00269552
0.00269552
0.00269552
0.00269552
0.00269552
0.00269552
0.00269552
0.00269552
0.00269552
0.00269552
0.00269552
0.00269552
0.00269552
0.00269552
0.00269552
0.00269552
0.00269552
0.00269552
0.00269552
0.00269552
0.00269552
0.00269552
0.00269552
0.00269552
0.00269552
0.00269552
0.00269552
0.00269552
0.00269552
0.00269552
0.00269551
0.00269551
0.00269549
0.00269545
0.00269537
0.0026952
0.00269489
0.00269436
0.00269355
0.00269246
0.00269118
0.00268981
0.00268828
0.00268629
0.00268338
0.00216115
0.00216397
0.00216576
0.00216716
0.00216845
0.00216967
0.0021707
0.00217147
0.00217198
0.00217228
0.00217245
0.00217253
0.00217257
0.00217259
0.00217259
0.0021726
0.0021726
0.0021726
0.0021726
0.0021726
0.0021726
0.0021726
0.0021726
0.0021726
0.0021726
0.0021726
0.0021726
0.0021726
0.0021726
0.0021726
0.0021726
0.0021726
0.0021726
0.0021726
0.0021726
0.0021726
0.0021726
0.0021726
0.0021726
0.0021726
0.0021726
0.0021726
0.0021726
0.0021726
0.0021726
0.0021726
0.0021726
0.0021726
0.0021726
0.0021726
0.0021726
0.0021726
0.0021726
0.0021726
0.0021726
0.0021726
0.0021726
0.0021726
0.0021726
0.0021726
0.0021726
0.0021726
0.0021726
0.0021726
0.0021726
0.0021726
0.0021726
0.0021726
0.0021726
0.0021726
0.0021726
0.0021726
0.0021726
0.0021726
0.0021726
0.0021726
0.0021726
0.0021726
0.0021726
0.0021726
0.0021726
0.0021726
0.0021726
0.00217259
0.00217259
0.00217257
0.00217253
0.00217245
0.00217228
0.00217198
0.00217147
0.0021707
0.00216967
0.00216845
0.00216716
0.00216576
0.00216397
0.00216116
0.0016471
0.00164934
0.00165052
0.00165152
0.00165247
0.00165336
0.00165413
0.00165471
0.00165511
0.00165536
0.0016555
0.00165557
0.00165561
0.00165562
0.00165563
0.00165563
0.00165563
0.00165563
0.00165563
0.00165563
0.00165563
0.00165563
0.00165563
0.00165563
0.00165563
0.00165563
0.00165563
0.00165563
0.00165563
0.00165563
0.00165563
0.00165563
0.00165563
0.00165563
0.00165563
0.00165563
0.00165563
0.00165563
0.00165563
0.00165563
0.00165563
0.00165563
0.00165563
0.00165563
0.00165563
0.00165563
0.00165563
0.00165563
0.00165563
0.00165563
0.00165563
0.00165563
0.00165563
0.00165563
0.00165563
0.00165563
0.00165563
0.00165563
0.00165563
0.00165563
0.00165563
0.00165563
0.00165563
0.00165563
0.00165563
0.00165563
0.00165563
0.00165563
0.00165563
0.00165563
0.00165563
0.00165563
0.00165563
0.00165563
0.00165563
0.00165563
0.00165563
0.00165563
0.00165563
0.00165563
0.00165563
0.00165563
0.00165563
0.00165563
0.00165562
0.00165561
0.00165557
0.0016555
0.00165536
0.00165511
0.00165471
0.00165413
0.00165336
0.00165247
0.00165152
0.00165052
0.00164934
0.0016471
0.00115062
0.00115175
0.00115215
0.0011526
0.00115304
0.00115347
0.00115389
0.00115425
0.00115452
0.00115469
0.00115479
0.00115485
0.00115487
0.00115488
0.00115489
0.00115489
0.00115489
0.00115489
0.00115489
0.00115489
0.00115489
0.00115489
0.00115489
0.00115489
0.00115489
0.00115489
0.00115489
0.00115489
0.00115489
0.00115489
0.00115489
0.00115489
0.00115489
0.00115489
0.00115489
0.00115489
0.00115489
0.00115489
0.00115489
0.00115489
0.00115489
0.00115489
0.00115489
0.00115489
0.00115489
0.00115489
0.00115489
0.00115489
0.00115489
0.00115489
0.00115489
0.00115489
0.00115489
0.00115489
0.00115489
0.00115489
0.00115489
0.00115489
0.00115489
0.00115489
0.00115489
0.00115489
0.00115489
0.00115489
0.00115489
0.00115489
0.00115489
0.00115489
0.00115489
0.00115489
0.00115489
0.00115489
0.00115489
0.00115489
0.00115489
0.00115489
0.00115489
0.00115489
0.00115489
0.00115489
0.00115489
0.00115489
0.00115489
0.00115488
0.00115488
0.00115487
0.00115485
0.00115479
0.00115469
0.00115452
0.00115425
0.00115389
0.00115347
0.00115304
0.0011526
0.00115215
0.00115175
0.00115062
0.000676997
0.000677326
0.000676907
0.000677164
0.000676988
0.000677176
0.000677322
0.000677541
0.000677711
0.000677825
0.000677884
0.000677912
0.000677923
0.000677927
0.000677928
0.000677929
0.00067793
0.000677929
0.000677928
0.000677929
0.000677929
0.000677929
0.00067793
0.000677929
0.000677929
0.000677929
0.000677929
0.000677929
0.000677929
0.000677929
0.000677929
0.000677929
0.000677929
0.000677929
0.000677929
0.000677929
0.000677929
0.000677929
0.000677929
0.00067793
0.000677928
0.000677929
0.00067793
0.000677929
0.000677928
0.000677929
0.00067793
0.000677929
0.000677928
0.000677929
0.00067793
0.000677929
0.000677929
0.000677929
0.00067793
0.000677928
0.000677929
0.00067793
0.000677929
0.000677929
0.000677929
0.00067793
0.000677929
0.000677928
0.000677929
0.00067793
0.000677929
0.000677929
0.000677929
0.000677929
0.000677929
0.000677929
0.000677929
0.000677929
0.000677929
0.000677929
0.000677929
0.000677929
0.000677929
0.000677929
0.000677929
0.000677929
0.000677929
0.000677928
0.000677927
0.000677923
0.000677912
0.000677884
0.000677825
0.000677711
0.000677541
0.000677322
0.000677176
0.000676988
0.000677164
0.000676907
0.000677325
0.000676996
0.000681849
0.000685108
0.000226232
0.000226614
0.000227009
0.000226748
0.000226851
0.000226963
0.00022718
0.000227338
0.000227441
0.00022749
0.000227511
0.000227519
0.000227521
0.000227522
0.000227522
0.000227522
0.000227522
0.000227522
0.000227522
0.000227522
0.000227522
0.000227521
0.000227522
0.000227522
0.000227521
0.000227521
0.000227521
0.000227522
0.000227522
0.000227521
0.000227521
0.000227522
0.000227522
0.000227521
0.000227522
0.000227522
0.000227521
0.000227522
0.000227522
0.000227522
0.000227521
0.000227521
0.000227522
0.000227522
0.000227521
0.000227521
0.000227522
0.000227521
0.000227521
0.000227522
0.000227522
0.000227522
0.000227521
0.000227521
0.000227521
0.000227522
0.000227522
0.000227522
0.000227521
0.000227521
0.000227522
0.000227522
0.000227522
0.000227521
0.000227522
0.000227522
0.000227522
0.000227521
0.000227522
0.000227522
0.000227521
0.000227522
0.000227521
0.000227521
0.000227522
0.000227522
0.000227522
0.000227521
0.000227521
0.000227522
0.000227522
0.000227522
0.000227522
0.000227521
0.000227519
0.000227511
0.00022749
0.000227441
0.000227338
0.00022718
0.000226963
0.000226851
0.000226748
0.000227009
0.000226614
0.000226232
0.000224923
0.000226232
0.000227877
0.000228962
0.00022921
0.000229075
0.000229046
0.000229218
0.000229456
0.000229658
0.000229788
0.000229859
0.000229893
0.000229907
0.000229912
0.000229914
0.000229915
0.000229914
0.000229914
0.000229913
0.000229914
0.000229914
0.000229915
0.000229914
0.000229913
0.000229914
0.000229915
0.000229914
0.000229914
0.000229914
0.000229913
0.000229914
0.000229915
0.000229914
0.000229913
0.000229914
0.000229915
0.000229914
0.000229913
0.000229914
0.000229915
0.000229914
0.000229914
0.000229914
0.000229914
0.000229914
0.000229914
0.000229914
0.000229914
0.000229913
0.000229914
0.000229914
0.000229914
0.000229913
0.000229914
0.000229915
0.000229914
0.000229913
0.000229914
0.000229915
0.000229914
0.000229913
0.000229914
0.000229914
0.000229913
0.000229914
0.000229915
0.000229914
0.000229913
0.000229914
0.000229915
0.000229913
0.000229914
0.000229914
0.000229914
0.000229914
0.000229913
0.000229914
0.000229914
0.000229914
0.000229914
0.000229914
0.000229914
0.000229914
0.000229914
0.000229912
0.000229907
0.000229893
0.000229859
0.000229788
0.000229658
0.000229456
0.000229218
0.000229046
0.000229075
0.00022921
0.000228962
0.000227877
0.000228962
0.000230184
0.000230391
0.000230214
0.000230198
0.000230406
0.00023068
0.000230904
0.000231049
0.000231129
0.000231167
0.000231183
0.000231189
0.000231192
0.000231192
0.000231192
0.000231192
0.000231192
0.000231192
0.000231193
0.000231193
0.000231192
0.000231192
0.000231192
0.000231192
0.000231192
0.000231192
0.000231192
0.000231192
0.000231192
0.000231192
0.000231192
0.000231192
0.000231192
0.000231192
0.000231192
0.000231192
0.000231192
0.000231193
0.000231192
0.000231192
0.000231192
0.000231193
0.000231192
0.000231192
0.000231192
0.000231192
0.000231192
0.000231192
0.000231193
0.000231192
0.000231192
0.000231192
0.000231192
0.000231192
0.000231192
0.000231192
0.000231192
0.000231192
0.000231192
0.000231192
0.000231193
0.000231192
0.000231192
0.000231192
0.000231193
0.000231192
0.000231192
0.000231192
0.000231192
0.000231192
0.000231192
0.000231192
0.000231192
0.000231192
0.000231192
0.000231192
0.000231192
0.000231192
0.000231192
0.000231193
0.000231192
0.000231192
0.000231189
0.000231183
0.000231167
0.000231129
0.000231049
0.000230904
0.00023068
0.000230406
0.000230198
0.000230214
0.000230391
0.000230184
0.000228962
0.000226614
0.000227009
0.00022921
0.000230391
0.000230555
0.000230408
0.000230467
0.000230744
0.000231061
0.000231306
0.00023146
0.000231542
0.000231581
0.000231597
0.000231603
0.000231606
0.000231606
0.000231606
0.000231606
0.000231606
0.000231606
0.000231606
0.000231606
0.000231606
0.000231606
0.000231606
0.000231606
0.000231606
0.000231606
0.000231606
0.000231606
0.000231606
0.000231606
0.000231606
0.000231606
0.000231606
0.000231606
0.000231606
0.000231606
0.000231606
0.000231606
0.000231606
0.000231606
0.000231606
0.000231606
0.000231606
0.000231606
0.000231607
0.000231606
0.000231606
0.000231606
0.000231606
0.000231606
0.000231606
0.000231606
0.000231606
0.000231606
0.000231606
0.000231606
0.000231606
0.000231606
0.000231606
0.000231606
0.000231606
0.000231606
0.000231606
0.000231606
0.000231606
0.000231606
0.000231606
0.000231606
0.000231606
0.000231606
0.000231606
0.000231606
0.000231606
0.000231607
0.000231607
0.000231606
0.000231606
0.000231606
0.000231606
0.000231606
0.000231606
0.000231605
0.000231603
0.000231597
0.000231581
0.000231542
0.00023146
0.000231306
0.000231061
0.000230744
0.000230467
0.000230408
0.000230555
0.000230391
0.00022921
0.000229073
0.000230212
0.000230406
0.000230361
0.000230539
0.000230905
0.000231273
0.000231539
0.000231699
0.000231781
0.000231819
0.000231835
0.00023184
0.000231842
0.000231843
0.000231843
0.000231843
0.000231843
0.000231843
0.000231843
0.000231843
0.000231843
0.000231843
0.000231843
0.000231843
0.000231843
0.000231843
0.000231843
0.000231843
0.000231843
0.000231843
0.000231843
0.000231843
0.000231843
0.000231843
0.000231843
0.000231843
0.000231843
0.000231843
0.000231843
0.000231843
0.000231843
0.000231843
0.000231843
0.000231843
0.000231843
0.000231843
0.000231843
0.000231843
0.000231843
0.000231843
0.000231843
0.000231843
0.000231843
0.000231843
0.000231843
0.000231843
0.000231843
0.000231843
0.000231843
0.000231843
0.000231843
0.000231843
0.000231843
0.000231843
0.000231843
0.000231843
0.000231843
0.000231843
0.000231843
0.000231843
0.000231843
0.000231843
0.000231843
0.000231843
0.000231843
0.000231843
0.000231843
0.000231843
0.000231843
0.000231843
0.000231843
0.000231842
0.00023184
0.000231835
0.000231819
0.000231781
0.000231699
0.000231539
0.000231273
0.000230905
0.000230539
0.000230361
0.000230406
0.000230212
0.000229073
0.000226748
0.000226849
0.00022904
0.000230191
0.00023046
0.000230533
0.000230828
0.000231278
0.00023169
0.000231975
0.000232139
0.000232221
0.000232258
0.000232272
0.000232278
0.000232279
0.00023228
0.00023228
0.00023228
0.00023228
0.00023228
0.00023228
0.00023228
0.00023228
0.00023228
0.00023228
0.00023228
0.00023228
0.00023228
0.00023228
0.00023228
0.00023228
0.00023228
0.00023228
0.00023228
0.00023228
0.00023228
0.00023228
0.00023228
0.00023228
0.00023228
0.00023228
0.00023228
0.00023228
0.00023228
0.00023228
0.00023228
0.00023228
0.00023228
0.00023228
0.00023228
0.00023228
0.00023228
0.00023228
0.00023228
0.00023228
0.00023228
0.00023228
0.00023228
0.00023228
0.00023228
0.00023228
0.00023228
0.00023228
0.00023228
0.00023228
0.00023228
0.00023228
0.00023228
0.00023228
0.00023228
0.00023228
0.00023228
0.00023228
0.00023228
0.00023228
0.00023228
0.00023228
0.00023228
0.00023228
0.00023228
0.00023228
0.00023228
0.00023228
0.000232279
0.000232278
0.000232272
0.000232258
0.000232221
0.000232139
0.000231975
0.00023169
0.000231278
0.000230828
0.000230533
0.00023046
0.000230191
0.00022904
0.0002292
0.000230384
0.000230722
0.000230886
0.000231263
0.000231772
0.000232217
0.000232515
0.000232682
0.000232763
0.000232798
0.000232811
0.000232816
0.000232817
0.000232817
0.000232818
0.000232818
0.000232818
0.000232818
0.000232818
0.000232817
0.000232818
0.000232818
0.000232817
0.000232818
0.000232818
0.000232818
0.000232818
0.000232818
0.000232817
0.000232817
0.000232817
0.000232818
0.000232818
0.000232817
0.000232817
0.000232817
0.000232817
0.000232818
0.000232818
0.000232818
0.000232818
0.000232817
0.000232817
0.000232817
0.000232818
0.000232818
0.000232818
0.000232817
0.000232818
0.000232818
0.000232818
0.000232818
0.000232817
0.000232818
0.000232818
0.000232818
0.000232817
0.000232817
0.000232817
0.000232818
0.000232818
0.000232817
0.000232817
0.000232817
0.000232818
0.000232818
0.000232817
0.000232817
0.000232818
0.000232818
0.000232818
0.000232818
0.000232817
0.000232818
0.000232818
0.000232817
0.000232817
0.000232817
0.000232817
0.000232817
0.000232818
0.000232817
0.000232816
0.000232811
0.000232797
0.000232762
0.000232682
0.000232515
0.000232217
0.000231772
0.000231263
0.000230886
0.000230722
0.000230384
0.0002292
0.000226955
0.000227152
0.000229407
0.000230621
0.000231002
0.000231216
0.00023164
0.000232182
0.000232645
0.00023295
0.000233117
0.000233197
0.000233231
0.000233244
0.000233248
0.000233249
0.00023325
0.000233249
0.000233249
0.000233249
0.000233249
0.000233249
0.00023325
0.00023325
0.000233249
0.000233249
0.00023325
0.00023325
0.000233249
0.000233249
0.000233249
0.000233249
0.00023325
0.000233249
0.000233249
0.000233249
0.00023325
0.000233249
0.000233249
0.000233249
0.000233249
0.00023325
0.00023325
0.00023325
0.000233249
0.000233249
0.00023325
0.00023325
0.00023325
0.000233249
0.00023325
0.00023325
0.000233249
0.000233249
0.000233249
0.000233249
0.000233249
0.00023325
0.00023325
0.00023325
0.000233249
0.000233249
0.000233249
0.000233249
0.00023325
0.000233249
0.000233249
0.000233249
0.000233249
0.000233249
0.00023325
0.00023325
0.00023325
0.000233249
0.000233249
0.00023325
0.00023325
0.000233249
0.000233249
0.00023325
0.00023325
0.00023325
0.000233249
0.000233249
0.000233249
0.000233248
0.000233244
0.000233231
0.000233197
0.000233118
0.00023295
0.000232645
0.000232182
0.00023164
0.000231216
0.000231002
0.000230621
0.000229407
0.000229539
0.000230768
0.000231167
0.000231402
0.000231844
0.0002324
0.00023287
0.000233178
0.000233345
0.000233424
0.000233457
0.00023347
0.000233474
0.000233475
0.000233475
0.000233475
0.000233475
0.000233475
0.000233475
0.000233475
0.000233475
0.000233475
0.000233475
0.000233475
0.000233475
0.000233475
0.000233475
0.000233475
0.000233475
0.000233475
0.000233475
0.000233475
0.000233475
0.000233475
0.000233475
0.000233475
0.000233475
0.000233475
0.000233475
0.000233475
0.000233475
0.000233475
0.000233475
0.000233475
0.000233475
0.000233475
0.000233475
0.000233475
0.000233475
0.000233475
0.000233475
0.000233475
0.000233475
0.000233475
0.000233475
0.000233475
0.000233475
0.000233475
0.000233475
0.000233475
0.000233475
0.000233475
0.000233475
0.000233475
0.000233475
0.000233475
0.000233475
0.000233475
0.000233475
0.000233475
0.000233475
0.000233475
0.000233475
0.000233475
0.000233475
0.000233475
0.000233475
0.000233475
0.000233475
0.000233475
0.000233475
0.000233475
0.000233475
0.000233474
0.000233469
0.000233457
0.000233424
0.000233345
0.000233178
0.00023287
0.000232399
0.000231844
0.000231402
0.000231167
0.000230768
0.000229539
0.000227262
0.000227262
0.000229538
0.000230768
0.000231167
0.000231402
0.000231844
0.000232399
0.00023287
0.000233178
0.000233345
0.000233424
0.000233457
0.00023347
0.000233474
0.000233475
0.000233475
0.000233475
0.000233475
0.000233475
0.000233475
0.000233475
0.000233475
0.000233475
0.000233475
0.000233475
0.000233475
0.000233475
0.000233475
0.000233475
0.000233475
0.000233475
0.000233475
0.000233475
0.000233475
0.000233475
0.000233475
0.000233475
0.000233475
0.000233475
0.000233475
0.000233475
0.000233475
0.000233475
0.000233475
0.000233475
0.000233475
0.000233475
0.000233475
0.000233475
0.000233475
0.000233475
0.000233475
0.000233475
0.000233475
0.000233475
0.000233475
0.000233475
0.000233475
0.000233475
0.000233475
0.000233475
0.000233475
0.000233475
0.000233475
0.000233475
0.000233475
0.000233475
0.000233475
0.000233475
0.000233475
0.000233475
0.000233475
0.000233475
0.000233475
0.000233475
0.000233475
0.000233475
0.000233475
0.000233475
0.000233475
0.000233475
0.000233475
0.000233475
0.000233475
0.000233473
0.000233469
0.000233457
0.000233424
0.000233345
0.000233178
0.00023287
0.000232399
0.000231844
0.000231402
0.000231167
0.000230768
0.000229538
0.000229406
0.000230621
0.000231002
0.000231216
0.00023164
0.000232182
0.000232645
0.00023295
0.000233117
0.000233197
0.000233231
0.000233244
0.000233248
0.000233249
0.000233249
0.000233249
0.000233249
0.00023325
0.000233249
0.000233249
0.000233249
0.000233249
0.00023325
0.000233249
0.000233249
0.000233249
0.00023325
0.00023325
0.000233249
0.000233249
0.000233249
0.000233249
0.00023325
0.00023325
0.00023325
0.000233249
0.000233249
0.000233249
0.00023325
0.00023325
0.00023325
0.000233249
0.00023325
0.000233249
0.000233249
0.000233249
0.00023325
0.000233249
0.000233249
0.000233249
0.00023325
0.000233249
0.000233249
0.000233249
0.000233249
0.00023325
0.00023325
0.000233249
0.000233249
0.000233249
0.000233249
0.00023325
0.00023325
0.000233249
0.00023325
0.00023325
0.00023325
0.000233249
0.000233249
0.000233249
0.00023325
0.00023325
0.000233249
0.000233249
0.000233249
0.00023325
0.000233249
0.000233249
0.000233249
0.000233249
0.000233249
0.00023325
0.000233249
0.000233248
0.000233244
0.000233231
0.000233197
0.000233118
0.00023295
0.000232645
0.000232182
0.00023164
0.000231216
0.000231002
0.000230621
0.000229406
0.000227152
0.000226954
0.0002292
0.000230384
0.000230722
0.000230886
0.000231263
0.000231772
0.000232217
0.000232515
0.000232682
0.000232763
0.000232798
0.000232811
0.000232816
0.000232817
0.000232818
0.000232817
0.000232817
0.000232817
0.000232817
0.000232818
0.000232818
0.000232818
0.000232817
0.000232818
0.000232818
0.000232818
0.000232818
0.000232817
0.000232817
0.000232818
0.000232818
0.000232818
0.000232817
0.000232818
0.000232818
0.000232818
0.000232817
0.000232817
0.000232818
0.000232818
0.000232818
0.000232817
0.000232817
0.000232817
0.000232818
0.000232818
0.000232817
0.000232817
0.000232817
0.000232818
0.000232817
0.000232817
0.000232817
0.000232818
0.000232817
0.000232818
0.000232818
0.000232818
0.000232817
0.000232817
0.000232817
0.000232818
0.000232818
0.000232818
0.000232817
0.000232817
0.000232817
0.000232818
0.000232818
0.000232818
0.000232818
0.000232817
0.000232817
0.000232818
0.000232817
0.000232817
0.000232817
0.000232818
0.000232818
0.000232818
0.000232817
0.000232817
0.000232817
0.000232816
0.000232811
0.000232797
0.000232762
0.000232682
0.000232515
0.000232217
0.000231772
0.000231263
0.000230886
0.000230722
0.000230384
0.0002292
0.00022904
0.000230191
0.00023046
0.000230533
0.000230828
0.000231278
0.00023169
0.000231975
0.000232139
0.000232221
0.000232258
0.000232272
0.000232278
0.000232279
0.00023228
0.00023228
0.00023228
0.00023228
0.00023228
0.00023228
0.00023228
0.00023228
0.00023228
0.00023228
0.00023228
0.00023228
0.00023228
0.00023228
0.00023228
0.00023228
0.00023228
0.00023228
0.00023228
0.00023228
0.00023228
0.00023228
0.00023228
0.00023228
0.00023228
0.00023228
0.00023228
0.00023228
0.00023228
0.00023228
0.00023228
0.00023228
0.00023228
0.00023228
0.00023228
0.00023228
0.00023228
0.00023228
0.00023228
0.00023228
0.00023228
0.00023228
0.00023228
0.00023228
0.00023228
0.00023228
0.00023228
0.00023228
0.00023228
0.00023228
0.00023228
0.00023228
0.00023228
0.00023228
0.00023228
0.00023228
0.00023228
0.00023228
0.00023228
0.00023228
0.00023228
0.00023228
0.00023228
0.00023228
0.00023228
0.00023228
0.00023228
0.00023228
0.000232279
0.000232278
0.000232272
0.000232258
0.000232221
0.000232139
0.000231975
0.00023169
0.000231278
0.000230828
0.000230533
0.00023046
0.000230191
0.00022904
0.000226849
0.000226748
0.000229073
0.000230212
0.000230406
0.000230361
0.000230539
0.000230905
0.000231273
0.000231539
0.000231699
0.000231781
0.000231819
0.000231835
0.00023184
0.000231842
0.000231843
0.000231843
0.000231843
0.000231843
0.000231843
0.000231843
0.000231843
0.000231843
0.000231843
0.000231843
0.000231843
0.000231843
0.000231843
0.000231843
0.000231843
0.000231843
0.000231843
0.000231843
0.000231843
0.000231843
0.000231843
0.000231843
0.000231843
0.000231843
0.000231843
0.000231843
0.000231843
0.000231843
0.000231843
0.000231843
0.000231843
0.000231843
0.000231843
0.000231843
0.000231843
0.000231843
0.000231843
0.000231843
0.000231843
0.000231843
0.000231843
0.000231843
0.000231843
0.000231843
0.000231843
0.000231843
0.000231843
0.000231843
0.000231843
0.000231843
0.000231843
0.000231843
0.000231843
0.000231843
0.000231843
0.000231843
0.000231843
0.000231843
0.000231843
0.000231843
0.000231843
0.000231843
0.000231843
0.000231843
0.000231843
0.000231843
0.000231843
0.000231843
0.000231842
0.00023184
0.000231835
0.000231819
0.000231781
0.000231699
0.000231539
0.000231273
0.000230905
0.000230539
0.000230361
0.000230406
0.000230212
0.000229073
0.00022921
0.000230391
0.000230555
0.000230408
0.000230467
0.000230744
0.000231061
0.000231306
0.00023146
0.000231542
0.000231581
0.000231597
0.000231603
0.000231606
0.000231606
0.000231606
0.000231606
0.000231606
0.000231606
0.000231606
0.000231606
0.000231606
0.000231606
0.000231606
0.000231607
0.000231606
0.000231606
0.000231606
0.000231606
0.000231606
0.000231606
0.000231606
0.000231606
0.000231606
0.000231606
0.000231606
0.000231606
0.000231606
0.000231606
0.000231606
0.000231606
0.000231606
0.000231606
0.000231606
0.000231606
0.000231606
0.000231606
0.000231607
0.000231606
0.000231606
0.000231606
0.000231606
0.000231606
0.000231606
0.000231606
0.000231607
0.000231606
0.000231606
0.000231606
0.000231606
0.000231606
0.000231606
0.000231606
0.000231606
0.000231606
0.000231607
0.000231606
0.000231606
0.000231606
0.000231607
0.000231606
0.000231606
0.000231606
0.000231606
0.000231606
0.000231606
0.000231606
0.000231606
0.000231606
0.000231606
0.000231606
0.000231606
0.000231606
0.000231603
0.000231597
0.000231581
0.000231542
0.00023146
0.000231306
0.000231061
0.000230744
0.000230467
0.000230408
0.000230555
0.000230391
0.00022921
0.000227009
0.000226614
0.000228962
0.000230184
0.000230391
0.000230215
0.000230198
0.000230406
0.00023068
0.000230904
0.000231049
0.000231129
0.000231167
0.000231183
0.00023119
0.000231192
0.000231192
0.000231193
0.000231192
0.000231192
0.000231192
0.000231192
0.000231192
0.000231192
0.000231193
0.000231192
0.000231192
0.000231192
0.000231193
0.000231192
0.000231192
0.000231192
0.000231193
0.000231192
0.000231192
0.000231192
0.000231192
0.000231192
0.000231192
0.000231192
0.000231192
0.000231192
0.000231193
0.000231192
0.000231192
0.000231192
0.000231193
0.000231192
0.000231192
0.000231192
0.000231193
0.000231192
0.000231192
0.000231192
0.000231192
0.000231192
0.000231192
0.000231192
0.000231192
0.000231192
0.000231192
0.000231192
0.000231192
0.000231192
0.000231192
0.000231192
0.000231192
0.000231192
0.000231192
0.000231192
0.000231192
0.000231192
0.000231192
0.000231192
0.000231192
0.000231192
0.000231192
0.000231192
0.000231192
0.000231192
0.000231192
0.000231192
0.000231192
0.000231192
0.000231192
0.00023119
0.000231183
0.000231167
0.000231129
0.000231049
0.000230904
0.00023068
0.000230406
0.000230198
0.000230215
0.000230391
0.000230184
0.000228962
0.000227877
0.000228962
0.00022921
0.000229075
0.000229046
0.000229218
0.000229456
0.000229657
0.000229788
0.000229859
0.000229893
0.000229907
0.000229912
0.000229914
0.000229914
0.000229914
0.000229914
0.000229914
0.000229914
0.000229914
0.000229914
0.000229914
0.000229914
0.000229914
0.000229914
0.000229914
0.000229914
0.000229914
0.000229915
0.000229914
0.000229914
0.000229914
0.000229914
0.000229914
0.000229913
0.000229914
0.000229914
0.000229914
0.000229914
0.000229915
0.000229914
0.000229914
0.000229914
0.000229914
0.000229914
0.000229914
0.000229915
0.000229914
0.000229914
0.000229913
0.000229915
0.000229914
0.000229914
0.000229914
0.000229914
0.000229914
0.000229914
0.000229914
0.000229914
0.000229914
0.000229914
0.000229915
0.000229914
0.000229914
0.000229913
0.000229915
0.000229914
0.000229913
0.000229915
0.000229914
0.000229914
0.000229913
0.000229914
0.000229914
0.000229914
0.000229914
0.000229914
0.000229914
0.000229915
0.000229914
0.000229914
0.000229915
0.000229914
0.000229912
0.000229907
0.000229893
0.000229859
0.000229788
0.000229657
0.000229456
0.000229218
0.000229046
0.000229075
0.00022921
0.000228962
0.000227877
0.000226232
0.000224923
0.000226233
0.000226614
0.000227009
0.000226748
0.000226851
0.000226962
0.00022718
0.000227338
0.00022744
0.00022749
0.000227511
0.000227519
0.000227521
0.000227522
0.000227522
0.000227522
0.000227521
0.000227522
0.000227522
0.000227522
0.000227522
0.000227522
0.000227522
0.000227522
0.000227521
0.000227522
0.000227522
0.000227522
0.000227521
0.000227522
0.000227522
0.000227521
0.000227521
0.000227522
0.000227522
0.000227522
0.000227522
0.000227522
0.000227522
0.000227521
0.000227522
0.000227522
0.000227522
0.000227521
0.000227522
0.000227522
0.000227521
0.000227521
0.000227522
0.000227522
0.000227521
0.000227522
0.000227522
0.000227522
0.000227522
0.000227522
0.000227522
0.000227522
0.000227522
0.000227522
0.000227522
0.000227521
0.000227522
0.000227522
0.000227522
0.000227522
0.000227522
0.000227522
0.000227522
0.000227521
0.000227521
0.000227522
0.000227522
0.000227521
0.000227522
0.000227522
0.000227522
0.000227522
0.000227522
0.000227522
0.000227522
0.000227522
0.000227522
0.000227521
0.000227519
0.000227511
0.00022749
0.00022744
0.000227338
0.00022718
0.000226962
0.000226851
0.000226748
0.000227009
0.000226614
0.000226232
0.000224923
0.000685109
0.000687738
0.000689071
0.000689375
0.00068947
0.000689725
0.00069004
0.000690323
0.000690513
0.000690623
0.000690677
0.000690701
0.00069071
0.000690713
0.000690714
0.000690715
0.000690715
0.000690715
0.000690715
0.000690715
0.000690715
0.000690715
0.000690715
0.000690715
0.000690715
0.000690714
0.000690714
0.000690715
0.000690715
0.000690715
0.000690714
0.000690714
0.000690714
0.000690714
0.000690714
0.000690714
0.000690714
0.000690715
0.000690715
0.000690715
0.000690715
0.000690715
0.000690715
0.000690715
0.000690715
0.000690715
0.000690715
0.000690715
0.000690714
0.000690714
0.000690715
0.000690715
0.000690714
0.000690715
0.000690715
0.000690715
0.000690714
0.000690715
0.000690715
0.000690715
0.000690715
0.000690715
0.000690715
0.000690714
0.000690714
0.000690715
0.000690714
0.000690714
0.000690715
0.000690715
0.000690714
0.000690714
0.000690715
0.000690715
0.000690715
0.000690715
0.000690715
0.000690715
0.000690715
0.000690715
0.000690715
0.000690714
0.000690713
0.00069071
0.0006907
0.000690676
0.000690623
0.000690513
0.000690323
0.00069004
0.000689725
0.00068947
0.000689375
0.000689071
0.000687738
0.00068511
0.000690889
0.000685109
0.000687737
0.000689069
0.000689371
0.000689457
0.000689691
0.000689956
0.000690131
0.000690131
0.000689956
0.000689691
0.000689457
0.000689371
0.00068907
0.000687738
0.00068511
0.00068185
0.00116005
0.00166014
0.00217456
0.00269448
0.0032135
0.00372855
0.00423921
0.00474678
0.00525323
0.00576079
0.00627146
0.00678651
0.00730552
0.00782544
0.00833986
0.00883995
0.00931815
0.00931489
0.00931226
0.00931093
0.00931063
0.00931054
0.00931031
0.00931004
0.00930987
0.00882342
0.00882362
0.00882398
0.00882443
0.00882498
0.00882613
0.00882889
0.00883372
0.00833092
0.00832456
0.00780917
0.00781567
0.00729701
0.00729158
0.00728867
0.00780555
0.0083209
0.00831914
0.00780372
0.00728714
0.00677331
0.00677441
0.00677645
0.00678033
0.00626765
0.00626522
0.00575755
0.00575883
0.00525264
0.00525224
0.00525203
0.00575687
0.00626394
0.00626322
0.00575647
0.0052519
0.00525181
0.00575617
0.00626271
0.00677257
0.0072862
0.00780266
0.00831819
0.00831753
0.00780193
0.00728552
0.00728506
0.00780144
0.00831708
0.00831685
0.00780121
0.00728484
0.00677146
0.00677164
0.00677202
0.00626232
0.00575595
0.00525174
0.00525169
0.00575579
0.00626205
0.00626192
0.00575571
0.00525166
0.00525079
0.0052508
0.00525082
0.00525085
0.0052509
0.005251
0.00525123
0.00525176
0.00525264
0.00575883
0.00626765
0.00678033
0.00729701
0.00781567
0.00833092
0.00883372
0.00931489
0.00977377
0.00977212
0.00977104
0.00977079
0.00977093
0.00977096
0.0097708
0.00977059
0.00977046
0.00977046
0.00977059
0.0097708
0.00977096
0.00977093
0.00977079
0.00977104
0.00977212
0.00977104
0.00976982
0.00976961
0.00976979
0.00976981
0.00976962
0.00976938
0.00976923
0.00976923
0.00976938
0.00976962
0.00976981
0.00976979
0.00976961
0.00976982
0.00977104
0.00977339
0.00977299
0.00977079
0.00976961
0.00976944
0.00976959
0.00976954
0.00976928
0.009769
0.00976883
0.00976883
0.009769
0.00976928
0.00976954
0.00976959
0.00976944
0.00976961
0.00977079
0.00977093
0.00976979
0.00976959
0.00976964
0.00976947
0.00976911
0.00976878
0.0097686
0.0097686
0.00976878
0.00976911
0.00976947
0.00976964
0.00976959
0.00976979
0.00977093
0.00977325
0.00977315
0.00977095
0.0097698
0.00976953
0.00976946
0.00976917
0.00976874
0.00976836
0.00976816
0.00976816
0.00976836
0.00976874
0.00976917
0.00976946
0.00976953
0.0097698
0.00977095
0.00977078
0.00976959
0.00976926
0.00976909
0.00976872
0.00976823
0.00976782
0.0097676
0.0097676
0.00976782
0.00976823
0.00976872
0.00976909
0.00976926
0.00976959
0.00977078
0.00977304
0.00977282
0.00977054
0.00976932
0.00976894
0.00976873
0.00976831
0.00976778
0.00976735
0.00976713
0.00976713
0.00976735
0.00976778
0.00976831
0.00976873
0.00976894
0.00976932
0.00977054
0.00977034
0.0097691
0.00976869
0.00976846
0.00976802
0.00976748
0.00976705
0.00976682
0.00976682
0.00976705
0.00976748
0.00976802
0.00976846
0.00976869
0.0097691
0.00977034
0.00977266
0.00977256
0.00977021
0.00976895
0.00976854
0.0097683
0.00976786
0.00976732
0.00976688
0.00976665
0.00976665
0.00976688
0.00976732
0.00976786
0.0097683
0.00976854
0.00976895
0.00977021
0.00977014
0.00976887
0.00976846
0.00976822
0.00976778
0.00976724
0.0097668
0.00976658
0.00976658
0.0097668
0.00976724
0.00976778
0.00976822
0.00976846
0.00976887
0.00977014
0.00977251
0.00977249
0.00977011
0.00976883
0.00976842
0.00976818
0.00976774
0.0097672
0.00976677
0.00976654
0.00976654
0.00976677
0.0097672
0.00976774
0.00976818
0.00976842
0.00976883
0.00977011
0.00977009
0.00976882
0.0097684
0.00976817
0.00976773
0.00976719
0.00976676
0.00976653
0.00976653
0.00976676
0.00976719
0.00976773
0.00976817
0.0097684
0.00976882
0.00977009
0.00977248
0.00977248
0.00977009
0.00976881
0.0097684
0.00976816
0.00976772
0.00976718
0.00976675
0.00976653
0.00976653
0.00976675
0.00976718
0.00976772
0.00976816
0.0097684
0.00976881
0.00977009
0.00977009
0.00976881
0.00976839
0.00976816
0.00976772
0.00976718
0.00976675
0.00976653
0.00976653
0.00976675
0.00976718
0.00976772
0.00976816
0.00976839
0.00976881
0.00977009
0.00977248
0.00977248
0.00977009
0.00976881
0.00976839
0.00976816
0.00976772
0.00976718
0.00976675
0.00976652
0.00976652
0.00976675
0.00976718
0.00976772
0.00976816
0.00976839
0.00976881
0.00977009
0.00977009
0.00976881
0.00976839
0.00976816
0.00976772
0.00976718
0.00976675
0.00976653
0.00976652
0.00976675
0.00976718
0.00976772
0.00976816
0.00976839
0.00976881
0.00977009
0.00977248
0.00977248
0.00977009
0.00976881
0.00976839
0.00976816
0.00976772
0.00976718
0.00976675
0.00976653
0.00976653
0.00976675
0.00976718
0.00976772
0.00976816
0.00976839
0.00976881
0.00977009
0.00977009
0.00976881
0.00976839
0.00976816
0.00976772
0.00976718
0.00976675
0.00976653
0.00976653
0.00976675
0.00976718
0.00976772
0.00976816
0.00976839
0.00976881
0.00977009
0.00977248
0.00977248
0.00977009
0.00976881
0.00976839
0.00976816
0.00976772
0.00976718
0.00976675
0.00976653
0.00976652
0.00976675
0.00976718
0.00976772
0.00976816
0.00976839
0.00976881
0.00977009
0.00977009
0.00976881
0.00976839
0.00976816
0.00976772
0.00976718
0.00976675
0.00976652
0.00976652
0.00976675
0.00976718
0.00976772
0.00976816
0.00976839
0.00976881
0.00977009
0.00977248
0.00977248
0.00977009
0.00976881
0.00976839
0.00976816
0.00976772
0.00976718
0.00976675
0.00976653
0.00976652
0.00976675
0.00976718
0.00976772
0.00976816
0.00976839
0.00976881
0.00977009
0.00977009
0.00976881
0.00976839
0.00976816
0.00976772
0.00976718
0.00976675
0.00976653
0.00976653
0.00976675
0.00976718
0.00976772
0.00976816
0.00976839
0.00976881
0.00977009
0.00977248
0.00977248
0.00977009
0.00976881
0.00976839
0.00976816
0.00976772
0.00976718
0.00976675
0.00976653
0.00976652
0.00976675
0.00976718
0.00976772
0.00976816
0.00976839
0.00976881
0.00977009
0.00977009
0.00976881
0.00976839
0.00976816
0.00976772
0.00976718
0.00976675
0.00976652
0.00976652
0.00976675
0.00976718
0.00976772
0.00976816
0.00976839
0.00976881
0.00977009
0.00977248
0.00977248
0.00977009
0.00976881
0.00976839
0.00976816
0.00976772
0.00976718
0.00976675
0.00976653
0.00976652
0.00976675
0.00976718
0.00976772
0.00976816
0.00976839
0.00976881
0.00977009
0.00977009
0.00976881
0.00976839
0.00976816
0.00976772
0.00976718
0.00976675
0.00976653
0.00976653
0.00976675
0.00976718
0.00976772
0.00976816
0.00976839
0.00976881
0.00977009
0.00977248
0.00977248
0.00977009
0.00976881
0.00976839
0.00976816
0.00976772
0.00976718
0.00976675
0.00976653
0.00976652
0.00976675
0.00976718
0.00976772
0.00976816
0.00976839
0.00976881
0.00977009
0.00977009
0.00976881
0.00976839
0.00976816
0.00976772
0.00976718
0.00976675
0.00976652
0.00976652
0.00976675
0.00976718
0.00976772
0.00976816
0.00976839
0.00976881
0.00977009
0.00977248
0.00977248
0.00977009
0.00976881
0.00976839
0.00976816
0.00976772
0.00976718
0.00976675
0.00976653
0.00976652
0.00976675
0.00976718
0.00976772
0.00976816
0.00976839
0.00976881
0.00977009
0.00977009
0.00976881
0.00976839
0.00976816
0.00976772
0.00976718
0.00976675
0.00976653
0.00976653
0.00976675
0.00976718
0.00976772
0.00976816
0.00976839
0.00976881
0.00977009
0.00977248
0.00977248
0.00977009
0.00976881
0.00976839
0.00976816
0.00976772
0.00976718
0.00976675
0.00976653
0.00976652
0.00976675
0.00976718
0.00976772
0.00976816
0.00976839
0.00976881
0.00977009
0.00977009
0.00976881
0.00976839
0.00976816
0.00976772
0.00976718
0.00976675
0.00976652
0.00976653
0.00976675
0.00976718
0.00976772
0.00976816
0.00976839
0.00976881
0.00977009
0.00977248
0.00977248
0.00977009
0.00976881
0.00976839
0.00976816
0.00976772
0.00976718
0.00976675
0.00976652
0.00976652
0.00976675
0.00976718
0.00976772
0.00976816
0.00976839
0.00976881
0.00977009
0.00977009
0.00976881
0.00976839
0.00976816
0.00976772
0.00976718
0.00976675
0.00976652
0.00976653
0.00976675
0.00976718
0.00976772
0.00976816
0.00976839
0.00976881
0.00977009
0.00977248
0.00977248
0.00977009
0.00976881
0.00976839
0.00976816
0.00976772
0.00976718
0.00976675
0.00976653
0.00976653
0.00976675
0.00976718
0.00976772
0.00976816
0.00976839
0.00976881
0.00977009
0.00977009
0.00976881
0.00976839
0.00976816
0.00976772
0.00976718
0.00976675
0.00976652
0.00976653
0.00976675
0.00976718
0.00976772
0.00976816
0.00976839
0.00976881
0.00977009
0.00977248
0.00977248
0.00977009
0.00976881
0.00976839
0.00976816
0.00976772
0.00976718
0.00976675
0.00976652
0.00976652
0.00976675
0.00976718
0.00976772
0.00976816
0.00976839
0.00976881
0.00977009
0.00977009
0.00976881
0.00976839
0.00976816
0.00976772
0.00976718
0.00976675
0.00976652
0.00976653
0.00976675
0.00976718
0.00976772
0.00976816
0.00976839
0.00976881
0.00977009
0.00977248
0.00977248
0.00977009
0.00976881
0.00976839
0.00976816
0.00976772
0.00976718
0.00976675
0.00976653
0.00976653
0.00976675
0.00976718
0.00976772
0.00976816
0.00976839
0.00976881
0.00977009
0.00977009
0.00976881
0.00976839
0.00976816
0.00976772
0.00976718
0.00976675
0.00976652
0.00976653
0.00976675
0.00976718
0.00976772
0.00976816
0.00976839
0.00976881
0.00977009
0.00977248
0.00977248
0.00977009
0.00976881
0.00976839
0.00976816
0.00976772
0.00976718
0.00976675
0.00976653
0.00976652
0.00976675
0.00976718
0.00976772
0.00976816
0.00976839
0.00976881
0.00977009
0.00977009
0.00976881
0.00976839
0.00976816
0.00976772
0.00976718
0.00976675
0.00976652
0.00976652
0.00976675
0.00976718
0.00976772
0.00976816
0.00976839
0.00976881
0.00977009
0.00977248
0.00977248
0.00977009
0.00976881
0.00976839
0.00976816
0.00976772
0.00976718
0.00976675
0.00976653
0.00976652
0.00976675
0.00976718
0.00976772
0.00976816
0.00976839
0.00976881
0.00977009
0.00977009
0.00976881
0.00976839
0.00976816
0.00976772
0.00976718
0.00976675
0.00976653
0.00976653
0.00976675
0.00976718
0.00976772
0.00976816
0.00976839
0.00976881
0.00977009
0.00977248
0.00977248
0.00977009
0.00976881
0.00976839
0.00976816
0.00976772
0.00976718
0.00976675
0.00976653
0.00976653
0.00976675
0.00976718
0.00976772
0.00976816
0.00976839
0.00976881
0.00977009
0.00977009
0.00976881
0.00976839
0.00976816
0.00976772
0.00976718
0.00976675
0.00976653
0.00976653
0.00976675
0.00976718
0.00976772
0.00976816
0.00976839
0.00976881
0.00977009
0.00977248
0.00977248
0.00977009
0.00976881
0.00976839
0.00976816
0.00976772
0.00976718
0.00976675
0.00976652
0.00976653
0.00976675
0.00976718
0.00976772
0.00976816
0.00976839
0.00976881
0.00977009
0.00977009
0.00976881
0.00976839
0.00976816
0.00976772
0.00976718
0.00976675
0.00976652
0.00976652
0.00976675
0.00976718
0.00976772
0.00976816
0.00976839
0.00976881
0.00977009
0.00977248
0.00977248
0.00977009
0.00976881
0.00976839
0.00976816
0.00976772
0.00976718
0.00976675
0.00976652
0.00976653
0.00976675
0.00976718
0.00976772
0.00976816
0.00976839
0.00976881
0.00977009
0.00977009
0.00976881
0.00976839
0.00976816
0.00976772
0.00976718
0.00976675
0.00976653
0.00976653
0.00976675
0.00976718
0.00976772
0.00976816
0.00976839
0.00976881
0.00977009
0.00977248
0.00977248
0.00977009
0.00976881
0.00976839
0.00976816
0.00976772
0.00976718
0.00976675
0.00976653
0.00976653
0.00976675
0.00976718
0.00976772
0.00976816
0.00976839
0.00976881
0.00977009
0.00977009
0.00976881
0.00976839
0.00976816
0.00976772
0.00976718
0.00976675
0.00976653
0.00976653
0.00976675
0.00976718
0.00976772
0.00976816
0.00976839
0.00976881
0.00977009
0.00977248
0.00977248
0.00977009
0.00976881
0.00976839
0.00976816
0.00976772
0.00976718
0.00976675
0.00976653
0.00976652
0.00976675
0.00976718
0.00976772
0.00976816
0.00976839
0.00976881
0.00977009
0.00977009
0.00976881
0.00976839
0.00976816
0.00976772
0.00976718
0.00976675
0.00976652
0.00976652
0.00976675
0.00976718
0.00976772
0.00976816
0.00976839
0.00976881
0.00977009
0.00977248
0.00977248
0.00977009
0.00976881
0.00976839
0.00976816
0.00976772
0.00976718
0.00976675
0.00976652
0.00976652
0.00976675
0.00976718
0.00976772
0.00976816
0.00976839
0.00976881
0.00977009
0.00977009
0.00976881
0.00976839
0.00976816
0.00976772
0.00976718
0.00976675
0.00976652
0.00976653
0.00976675
0.00976718
0.00976772
0.00976816
0.00976839
0.00976881
0.00977009
0.00977248
0.00977248
0.00977009
0.00976881
0.00976839
0.00976816
0.00976772
0.00976718
0.00976675
0.00976653
0.00976652
0.00976675
0.00976718
0.00976772
0.00976816
0.00976839
0.00976881
0.00977009
0.00977009
0.00976881
0.00976839
0.00976816
0.00976772
0.00976718
0.00976675
0.00976653
0.00976653
0.00976675
0.00976718
0.00976772
0.00976816
0.00976839
0.00976881
0.00977009
0.00977248
0.00977248
0.00977009
0.00976881
0.00976839
0.00976816
0.00976772
0.00976718
0.00976675
0.00976652
0.00976653
0.00976675
0.00976718
0.00976772
0.00976816
0.00976839
0.00976881
0.00977009
0.00977009
0.00976881
0.00976839
0.00976816
0.00976772
0.00976718
0.00976675
0.00976652
0.00976652
0.00976675
0.00976718
0.00976772
0.00976816
0.00976839
0.00976881
0.00977009
0.00977248
0.00977248
0.00977009
0.00976881
0.00976839
0.00976816
0.00976772
0.00976718
0.00976675
0.00976652
0.00976652
0.00976675
0.00976718
0.00976772
0.00976816
0.00976839
0.00976881
0.00977009
0.00977009
0.00976881
0.00976839
0.00976816
0.00976772
0.00976718
0.00976675
0.00976653
0.00976652
0.00976675
0.00976718
0.00976772
0.00976816
0.00976839
0.00976881
0.00977009
0.00977248
0.00977248
0.00977009
0.00976881
0.00976839
0.00976816
0.00976772
0.00976718
0.00976675
0.00976653
0.00976653
0.00976675
0.00976718
0.00976772
0.00976816
0.00976839
0.00976881
0.00977009
0.00977009
0.00976881
0.00976839
0.00976816
0.00976772
0.00976718
0.00976675
0.00976653
0.00976653
0.00976675
0.00976718
0.00976772
0.00976816
0.00976839
0.00976881
0.00977009
0.00977248
0.00977248
0.00977009
0.00976881
0.00976839
0.00976816
0.00976772
0.00976718
0.00976675
0.00976652
0.00976653
0.00976675
0.00976718
0.00976772
0.00976816
0.00976839
0.00976881
0.00977009
0.00977009
0.00976881
0.00976839
0.00976816
0.00976772
0.00976718
0.00976675
0.00976652
0.00976652
0.00976675
0.00976718
0.00976772
0.00976816
0.00976839
0.00976881
0.00977009
0.00977248
0.00977248
0.00977009
0.00976881
0.00976839
0.00976816
0.00976772
0.00976718
0.00976675
0.00976653
0.00976653
0.00976675
0.00976718
0.00976772
0.00976816
0.00976839
0.00976881
0.00977009
0.00977009
0.00976881
0.00976839
0.00976816
0.00976772
0.00976718
0.00976675
0.00976653
0.00976652
0.00976675
0.00976718
0.00976772
0.00976816
0.00976839
0.00976881
0.00977009
0.00977248
0.00977248
0.00977009
0.00976881
0.00976839
0.00976816
0.00976772
0.00976718
0.00976675
0.00976652
0.00976652
0.00976675
0.00976718
0.00976772
0.00976816
0.00976839
0.00976881
0.00977009
0.00977009
0.00976881
0.00976839
0.00976816
0.00976772
0.00976718
0.00976675
0.00976653
0.00976652
0.00976675
0.00976718
0.00976772
0.00976816
0.00976839
0.00976881
0.00977009
0.00977248
0.00977248
0.00977009
0.00976881
0.00976839
0.00976816
0.00976772
0.00976718
0.00976675
0.00976653
0.00976653
0.00976675
0.00976718
0.00976772
0.00976816
0.00976839
0.00976881
0.00977009
0.00977009
0.00976881
0.00976839
0.00976816
0.00976772
0.00976718
0.00976675
0.00976653
0.00976653
0.00976675
0.00976718
0.00976772
0.00976816
0.00976839
0.00976881
0.00977009
0.00977248
0.00977248
0.00977009
0.00976881
0.00976839
0.00976816
0.00976772
0.00976718
0.00976675
0.00976653
0.00976652
0.00976675
0.00976718
0.00976772
0.00976816
0.00976839
0.00976881
0.00977009
0.00977009
0.00976881
0.00976839
0.00976816
0.00976772
0.00976718
0.00976675
0.00976652
0.00976652
0.00976675
0.00976718
0.00976772
0.00976816
0.00976839
0.00976881
0.00977009
0.00977248
0.00977248
0.00977009
0.00976881
0.00976839
0.00976816
0.00976772
0.00976718
0.00976675
0.00976653
0.00976652
0.00976675
0.00976718
0.00976772
0.00976816
0.00976839
0.00976881
0.00977009
0.00977009
0.00976881
0.00976839
0.00976816
0.00976772
0.00976718
0.00976675
0.00976653
0.00976653
0.00976675
0.00976718
0.00976772
0.00976816
0.00976839
0.00976881
0.00977009
0.00977248
0.00977248
0.00977009
0.00976881
0.00976839
0.00976816
0.00976772
0.00976718
0.00976675
0.00976652
0.00976653
0.00976675
0.00976718
0.00976772
0.00976816
0.00976839
0.00976881
0.00977009
0.00977009
0.00976881
0.00976839
0.00976816
0.00976772
0.00976718
0.00976675
0.00976652
0.00976652
0.00976675
0.00976718
0.00976772
0.00976816
0.00976839
0.00976881
0.00977009
0.00977248
0.00977248
0.00977009
0.00976881
0.00976839
0.00976816
0.00976772
0.00976718
0.00976675
0.00976653
0.00976652
0.00976675
0.00976718
0.00976772
0.00976816
0.00976839
0.00976881
0.00977009
0.00977009
0.00976881
0.00976839
0.00976816
0.00976772
0.00976718
0.00976675
0.00976653
0.00976653
0.00976675
0.00976718
0.00976772
0.00976816
0.00976839
0.00976881
0.00977009
0.00977248
0.00977248
0.00977009
0.00976881
0.00976839
0.00976816
0.00976772
0.00976718
0.00976675
0.00976652
0.00976653
0.00976675
0.00976718
0.00976772
0.00976816
0.00976839
0.00976881
0.00977009
0.00977009
0.00976881
0.00976839
0.00976816
0.00976772
0.00976718
0.00976675
0.00976652
0.00976652
0.00976675
0.00976718
0.00976772
0.00976816
0.00976839
0.00976881
0.00977009
0.00977248
0.00977248
0.00977009
0.00976881
0.00976839
0.00976816
0.00976772
0.00976718
0.00976675
0.00976653
0.00976653
0.00976675
0.00976718
0.00976772
0.00976816
0.00976839
0.00976881
0.00977009
0.00977009
0.00976881
0.0097684
0.00976816
0.00976772
0.00976718
0.00976675
0.00976653
0.00976653
0.00976675
0.00976718
0.00976772
0.00976816
0.0097684
0.00976881
0.00977009
0.00977248
0.00977248
0.00977009
0.00976882
0.0097684
0.00976817
0.00976773
0.00976719
0.00976676
0.00976653
0.00976653
0.00976676
0.00976719
0.00976773
0.00976817
0.0097684
0.00976882
0.00977009
0.00977011
0.00976883
0.00976842
0.00976818
0.00976774
0.0097672
0.00976677
0.00976654
0.00976654
0.00976677
0.0097672
0.00976774
0.00976818
0.00976842
0.00976883
0.00977011
0.00977249
0.00977251
0.00977014
0.00976887
0.00976846
0.00976822
0.00976778
0.00976724
0.0097668
0.00976658
0.00976658
0.0097668
0.00976724
0.00976778
0.00976822
0.00976846
0.00976887
0.00977014
0.00977021
0.00976895
0.00976854
0.0097683
0.00976786
0.00976732
0.00976688
0.00976665
0.00976665
0.00976688
0.00976732
0.00976786
0.0097683
0.00976854
0.00976895
0.00977021
0.00977256
0.00977266
0.00977034
0.0097691
0.00976869
0.00976846
0.00976802
0.00976748
0.00976705
0.00976682
0.00976682
0.00976705
0.00976748
0.00976802
0.00976846
0.00976869
0.0097691
0.00977034
0.00977054
0.00976932
0.00976894
0.00976873
0.00976831
0.00976778
0.00976735
0.00976713
0.00976713
0.00976735
0.00976778
0.00976831
0.00976873
0.00976894
0.00976932
0.00977054
0.00977282
0.00977304
0.00977078
0.00976959
0.00976926
0.00976909
0.00976872
0.00976823
0.00976782
0.0097676
0.0097676
0.00976782
0.00976823
0.00976872
0.00976909
0.00976926
0.00976959
0.00977078
0.00977095
0.0097698
0.00976953
0.00976946
0.00976917
0.00976874
0.00976836
0.00976816
0.00976816
0.00976836
0.00976874
0.00976917
0.00976946
0.00976953
0.0097698
0.00977095
0.00977315
0.00977325
0.00977093
0.00976979
0.00976959
0.00976964
0.00976947
0.00976911
0.00976878
0.0097686
0.0097686
0.00976878
0.00976911
0.00976947
0.00976964
0.00976959
0.00976979
0.00977093
0.00977079
0.00976961
0.00976944
0.00976959
0.00976954
0.00976928
0.009769
0.00976883
0.00976883
0.009769
0.00976928
0.00976954
0.00976959
0.00976944
0.00976961
0.00977079
0.00977299
0.00977339
0.00977104
0.00976982
0.00976961
0.00976979
0.00976981
0.00976962
0.00976938
0.00976923
0.00976923
0.00976938
0.00976962
0.00976981
0.00976979
0.00976961
0.00976982
0.00977104
0.00977212
0.00977104
0.00977079
0.00977093
0.00977096
0.0097708
0.00977059
0.00977046
0.00977046
0.00977059
0.0097708
0.00977096
0.00977093
0.00977079
0.00977104
0.00977212
0.00977377
0.00977508
0.00977377
0.00977339
0.00977299
0.00977325
0.00977315
0.00977305
0.00977285
0.00977274
0.00977274
0.00977285
0.00977305
0.00977315
0.00977325
0.00977299
0.00977339
0.00977377
0.00931489
0.00930911
0.00930457
0.00930241
0.00930196
0.00930189
0.00930163
0.00930127
0.00930095
0.00930072
0.00930058
0.00930051
0.00930048
0.00930047
0.00930046
0.00930046
0.00930046
0.00930046
0.00930046
0.00930046
0.00930046
0.00930046
0.00930046
0.00930046
0.00930046
0.00930046
0.00930046
0.00930046
0.00930046
0.00930046
0.00930046
0.00930046
0.00930046
0.00930046
0.00930046
0.00930046
0.00930046
0.00930046
0.00930046
0.00930046
0.00930046
0.00930046
0.00930046
0.00930046
0.00930046
0.00930046
0.00930046
0.00930046
0.00930046
0.00930046
0.00930046
0.00930046
0.00930046
0.00930046
0.00930046
0.00930046
0.00930046
0.00930046
0.00930046
0.00930046
0.00930046
0.00930046
0.00930046
0.00930046
0.00930046
0.00930046
0.00930046
0.00930046
0.00930046
0.00930046
0.00930046
0.00930046
0.00930046
0.00930046
0.00930046
0.00930046
0.00930046
0.00930046
0.00930046
0.00930046
0.00930046
0.00930046
0.00930046
0.00930046
0.00930047
0.00930048
0.00930051
0.00930058
0.00930072
0.00930095
0.00930127
0.00930163
0.00930189
0.00930196
0.00930241
0.00930457
0.00930911
0.00931489
0.00931226
0.00931093
0.00931063
0.00931054
0.00931031
0.00931004
0.00930987
0.00882342
0.00831685
0.00831708
0.00882362
0.00882398
0.00831753
0.00831819
0.00882443
0.00882498
0.00831914
0.0083209
0.00882613
0.00882889
0.00832456
0.00833092
0.00883372
0.00883995
0.00931815
0.00931489
0.00932267
0.00884825
0.00835065
0.00783602
0.00731371
0.0067917
0.00627425
0.00576203
0.00525356
0.00474643
0.00423797
0.00372575
0.0032083
0.00268629
0.00216398
0.00164935
0.00165052
0.00115215
0.0011526
0.00165152
0.00216716
0.00216576
0.00268828
0.00321007
0.00372705
0.00423872
0.00474667
0.00525332
0.00576128
0.00627295
0.00678993
0.00731172
0.00783424
0.00834948
0.00884785
0.00932309
0.00932284
0.0088474
0.00834848
0.00783284
0.00731019
0.00678855
0.0062719
0.00576064
0.00525311
0.00474689
0.00423936
0.0037281
0.00321145
0.00268981
0.00269118
0.00216845
0.00165247
0.00115304
0.00115347
0.00165336
0.00216967
0.00269246
0.00321379
0.00321267
0.00372901
0.00423991
0.00474707
0.00525293
0.00576009
0.00627099
0.00678733
0.00730882
0.00783155
0.00834753
0.00884696
0.00932301
0.00932282
0.00884653
0.00834664
0.00783033
0.00730754
0.00678621
0.00627017
0.00575961
0.00525277
0.00474723
0.00424039
0.00372983
0.00373052
0.00321473
0.00269355
0.0021707
0.00165413
0.00115389
0.00115425
0.00165471
0.00217147
0.00269436
0.00321544
0.00373103
0.00424109
0.0042408
0.00474736
0.00525264
0.0057592
0.00626948
0.00678527
0.00730645
0.0078293
0.00834587
0.00884611
0.00932268
0.00932246
0.00884575
0.00834529
0.00782853
0.00730564
0.00678456
0.00626897
0.00575891
0.00525255
0.00474745
0.00474751
0.00424129
0.00373136
0.0032159
0.00269489
0.00217198
0.00165511
0.00115452
0.00115469
0.00165536
0.00217228
0.0026952
0.00321616
0.00373156
0.0042414
0.00474755
0.00525245
0.00525248
0.00575871
0.00626864
0.0067841
0.00730511
0.00782802
0.00834489
0.00884548
0.00932229
0.00932218
0.00884531
0.00834464
0.00782772
0.0073048
0.00678384
0.00626844
0.0057586
0.00575854
0.00525243
0.00474757
0.00424146
0.00373166
0.00321631
0.00269537
0.00217245
0.0016555
0.00115479
0.00115485
0.00165557
0.00217253
0.00269545
0.00321638
0.00373171
0.00424148
0.00474758
0.00525242
0.00575851
0.00626829
0.00626834
0.00678369
0.00730463
0.00782755
0.0083445
0.00884521
0.00932212
0.00932209
0.00884515
0.00834443
0.00782747
0.00730455
0.00678362
0.00678359
0.00626827
0.0057585
0.00525242
0.00474758
0.0042415
0.00373173
0.00321641
0.00269549
0.00217257
0.00165561
0.00115487
0.00115488
0.00165562
0.00217259
0.00269551
0.00321642
0.00373174
0.0042415
0.00474758
0.00525241
0.0057585
0.00626826
0.00678358
0.00730449
0.00730451
0.00782743
0.00834439
0.00884513
0.00932208
0.00932207
0.00884512
0.00834438
0.00782741
0.00782741
0.00730449
0.00678357
0.00626826
0.00575849
0.00525241
0.00474758
0.0042415
0.00373174
0.00321642
0.00269551
0.00217259
0.00165563
0.00115488
0.00115489
0.00165563
0.0021726
0.00269552
0.00321643
0.00373174
0.0042415
0.00474758
0.00525241
0.00575849
0.00626826
0.00678357
0.00730448
0.0078274
0.00834437
0.00834437
0.00884512
0.00932207
0.00932207
0.00884511
0.00884511
0.00834437
0.0078274
0.00730448
0.00678357
0.00626826
0.00575849
0.00525241
0.00474758
0.00424151
0.00373174
0.00321643
0.00269552
0.0021726
0.00165563
0.00115489
0.00115489
0.00165563
0.0021726
0.00269552
0.00321643
0.00373174
0.00424151
0.00474759
0.00525241
0.00575849
0.00626826
0.00678357
0.00730448
0.0078274
0.00834437
0.00884511
0.00932207
0.00932207
0.00930929
0.00930929
0.00930929
0.00930929
0.0093093
0.00930932
0.00930938
0.00930949
0.00930968
0.00930996
0.00931028
0.00931053
0.00931063
0.00931093
0.00931226
0.00882889
0.00883372
0.00882317
0.00881509
0.00881071
0.0088091
0.0088085
0.00880807
0.00880772
0.00880753
0.00880753
0.00880772
0.00880808
0.0088085
0.0088091
0.00881071
0.00881509
0.00882317
0.00930911
0.00930457
0.00929894
0.00930457
0.00931226
0.00931093
0.00931063
0.00931053
0.00931028
0.00930996
0.00930968
0.0088232
0.00882352
0.00882394
0.00882441
0.00882498
0.00882613
0.00882889
0.00832456
0.00780917
0.00729158
0.00728866
0.00780555
0.0083209
0.00831914
0.00780372
0.00728714
0.0067733
0.00677441
0.00677645
0.00626522
0.00575755
0.00525225
0.00525203
0.00575687
0.00626394
0.00626322
0.00575647
0.00525191
0.00525181
0.00575617
0.0062627
0.00677255
0.00728618
0.00780264
0.00831817
0.00831748
0.00780188
0.00728547
0.00728496
0.00780134
0.00831697
0.00831663
0.00780098
0.00728463
0.00677128
0.00677156
0.00677198
0.00626229
0.00575593
0.00525173
0.00525167
0.00575576
0.00626199
0.00626179
0.00575564
0.00525164
0.00525078
0.00525079
0.00525082
0.00525085
0.0052509
0.005251
0.00525123
0.00575418
0.00575591
0.00626198
0.00677109
0.00728403
0.00780036
0.00831644
0.0083061
0.00829317
0.0083061
0.00881509
0.00880496
0.00879968
0.00929642
0.00930242
0.00930197
0.00929591
0.00929312
0.00929374
0.00929642
0.00930241
0.00930196
0.0092959
0.00929311
0.00929229
0.00929187
0.00929291
0.00929583
0.0093019
0.00930168
0.00929559
0.00929527
0.00930139
0.00930119
0.00929506
0.00929197
0.0092922
0.00929257
0.00929137
0.00929092
0.00929065
0.00928974
0.00929004
0.00929058
0.00929123
0.00929186
0.0092929
0.00929581
0.00930189
0.00930163
0.00929553
0.00929252
0.00929133
0.0092908
0.00929207
0.00929514
0.00930127
0.00930095
0.00929479
0.0092917
0.00929039
0.00928949
0.00928993
0.00929055
0.00928978
0.00928918
0.00928885
0.00928811
0.00928846
0.0092891
0.00928863
0.00928796
0.00928761
0.00878463
0.00878503
0.00878566
0.00878654
0.0087878
0.00879033
0.00879631
0.0087965
0.00879684
0.00879724
0.00879785
0.00828373
0.00829811
0.00830045
0.00828635
0.00777101
0.00778474
0.00779012
0.00727581
0.00726584
0.00727581
0.00779012
0.00777747
0.00777101
0.00778474
0.00830045
0.00881071
0.00879968
0.00828634
0.00828373
0.00829811
0.00880909
0.00879784
0.00879202
0.00879402
0.00827902
0.00827628
0.00879203
0.00878985
0.00827345
0.00827628
0.00776161
0.00776412
0.00725592
0.00726102
0.00727171
0.00727003
0.00778249
0.00776857
0.00725927
0.00725416
0.00776161
0.0077591
0.00725244
0.00725416
0.00725926
0.00726102
0.00727171
0.00727002
0.00778249
0.00776857
0.00776776
0.00778154
0.00829714
0.00880849
0.00879723
0.00828281
0.00828235
0.00829656
0.00880803
0.00879679
0.00879084
0.00879132
0.00827537
0.00827248
0.00878898
0.00878839
0.00827201
0.00827493
0.00776063
0.00776089
0.00725372
0.00725872
0.0072693
0.00726888
0.00778101
0.00776741
0.00725851
0.0072536
0.00725194
0.00725203
0.00775839
0.00775815
0.00775802
0.00776049
0.00776721
0.00778066
0.00829616
0.00880762
0.0087964
0.00828203
0.00828182
0.00829589
0.0088073
0.0087961
0.00879012
0.00879043
0.00827465
0.00827172
0.00878792
0.00878759
0.00827154
0.00827447
0.00776041
0.00776708
0.00778044
0.00726843
0.0072686
0.00725838
0.00725831
0.00725352
0.00725355
0.00725191
0.00725189
0.00775795
0.00775721
0.00775728
0.00775741
0.00775766
0.00775839
0.00776089
0.00776777
0.00778155
0.00829715
0.00829659
0.00828237
0.00828282
0.00827537
0.00879133
0.00879088
0.00827495
0.00827202
0.00827248
0.00878899
0.00878842
0.00878801
0.00879053
0.0082747
0.00828208
0.00829623
0.00829605
0.00828194
0.00776715
0.00778057
0.00778072
0.00778103
0.0072689
0.00726931
0.00725872
0.00725851
0.00776743
0.00776723
0.0072584
0.00726865
0.00726854
0.00725835
0.00725353
0.00725355
0.0072536
0.00725372
0.00725203
0.00725194
0.00775815
0.00776063
0.0077605
0.00776045
0.00827457
0.00827163
0.00827176
0.00775803
0.00725191
0.0072519
0.00775798
0.00775724
0.00775729
0.00775741
0.00827092
0.00827143
0.00878795
0.00878726
0.00878646
0.00878723
0.00827091
0.00827035
0.00775714
0.00725146
0.00725155
0.00725163
0.00725155
0.00725152
0.00725143
0.00775701
0.00827001
0.00827059
0.0087867
0.00878587
0.00878549
0.00878635
0.0082704
0.00826981
0.00775694
0.00725141
0.0072515
0.00675015
0.00675015
0.00675016
0.00675018
0.00675038
0.00675134
0.00675439
0.00676124
0.00676173
0.00676281
0.00676548
0.0062586
0.00625468
0.0062586
0.00676548
0.00675882
0.00675577
0.00625298
0.00625706
0.00625643
0.00625241
0.00675471
0.00675158
0.0067526
0.00675577
0.00676281
0.00625706
0.00625298
0.00625241
0.00625643
0.00676172
0.00675471
0.00675158
0.00625071
0.00625124
0.00625071
0.0062502
0.00675058
0.00675038
0.00675134
0.00675439
0.00676123
0.00625612
0.00625223
0.00625215
0.00625592
0.00676093
0.00675426
0.00675129
0.00625057
0.00625059
0.00625011
0.0062501
0.00675035
0.00675034
0.00675127
0.00675418
0.00676073
0.00625578
0.00625211
0.00625208
0.00625569
0.00676059
0.00675414
0.00675125
0.00625055
0.00625055
0.00625009
0.00625009
0.00675034
0.00675034
0.00675125
0.00675411
0.00676052
0.00677111
0.00728443
0.00780077
0.00831642
0.00882299
0.00930949
0.00930938
0.00930932
0.0093093
0.00930929
0.00930929
0.00930929
0.00930929
0.00882276
0.00882276
0.00882276
0.00882277
0.00882278
0.00882281
0.00882287
0.0083163
0.00780065
0.00728432
0.00728426
0.00780059
0.00831624
0.00831621
0.00780056
0.00728424
0.00677095
0.00677097
0.00677102
0.00626161
0.00626167
0.00575557
0.00525161
0.0052516
0.00575553
0.00575551
0.00626157
0.00626155
0.0057555
0.00525159
0.00525159
0.00525076
0.00525076
0.00525076
0.00575265
0.00575268
0.00575274
0.00575282
0.00575293
0.00575309
0.00575341
0.00575139
0.00575221
0.00575418
0.00575341
0.00575309
0.00575112
0.00575139
0.0052504
0.00525064
0.0052504
0.00525032
0.00575112
0.00575031
0.00575056
0.00525016
0.00525009
0.00525032
0.00525029
0.00575103
0.00575293
0.00625613
0.00625593
0.00676095
0.00675427
0.00625216
0.00625223
0.00625059
0.00625057
0.00675129
0.00675035
0.0062501
0.00625011
0.00575004
0.00575026
0.00575031
0.00575009
0.00525002
0.00525009
0.00525007
0.00525029
0.00575103
0.00575099
0.00525028
0.00525007
0.00575025
0.00575026
0.00575004
0.00525001
0.00525001
0.00575004
0.00575004
0.00575024
0.00575096
0.00525027
0.00525027
0.00575094
0.00575024
0.00525006
0.00525007
0.00525001
0.00525001
0.00575004
0.00575
0.00575
0.00575
0.00575001
0.00625002
0.00625001
0.00675016
0.00675013
0.00625
0.00625001
0.00625001
0.00625
0.00675013
0.00675013
0.00625
0.00625001
0.00625001
0.00625009
0.00625054
0.00625206
0.00625564
0.00625561
0.00676047
0.00726828
0.00726833
0.00778032
0.00829573
0.00880709
0.00930072
0.00929455
0.0092944
0.00930058
0.00930051
0.00929433
0.00929429
0.00930048
0.00930047
0.00929428
0.00929427
0.00930046
0.00930046
0.00929427
0.00929427
0.00930046
0.00880686
0.00880686
0.00880686
0.00880687
0.00880688
0.00880691
0.00880697
0.00829564
0.00828163
0.0082817
0.00879589
0.00879578
0.00878981
0.00878992
0.00929144
0.00929012
0.00928997
0.00929129
0.00929122
0.0092899
0.00928986
0.00929118
0.00929117
0.00928985
0.00928984
0.00929116
0.00929116
0.00928984
0.00928984
0.00929116
0.0087897
0.0087897
0.0087897
0.00878971
0.00878972
0.00878975
0.00879572
0.0082816
0.00829559
0.00829557
0.00828158
0.00879569
0.00879567
0.00828158
0.00829556
0.0083162
0.00831619
0.00780055
0.00780055
0.00728422
0.00728422
0.00728422
0.00780055
0.00831619
0.00831619
0.00780054
0.00728422
0.00677093
0.00677093
0.00677094
0.00677094
0.00626155
0.00626154
0.00575549
0.0057555
0.00525159
0.00525159
0.00525159
0.00575549
0.00626154
0.00626154
0.00575549
0.00525159
0.00525075
0.00525075
0.00525075
0.00525075
0.00525075
0.00575262
0.00575263
0.00575264
0.00575093
0.00575094
0.00525026
0.00525026
0.00525006
0.00525006
0.00575024
0.00575004
0.00525001
0.00525001
0.00575004
0.00575023
0.00625054
0.00625205
0.0067541
0.00725825
0.00725827
0.00776702
0.00776698
0.00778025
0.00778022
0.00726825
0.00725824
0.00776696
0.00776696
0.0077802
0.00726823
0.00725823
0.00725349
0.00725349
0.0072535
0.0072535
0.00776037
0.00827437
0.00827143
0.00878739
0.00878727
0.00827138
0.00827431
0.00776035
0.0077579
0.00775792
0.00725188
0.00725188
0.00725188
0.0077579
0.00776034
0.00827428
0.00827135
0.00878721
0.00878719
0.00827134
0.00827427
0.00776033
0.00775789
0.00725188
0.00675034
0.00675034
0.00675034
0.00675124
0.00675124
0.00675409
0.00676045
0.00625559
0.00625205
0.00625204
0.00625558
0.00676044
0.00675408
0.00675124
0.00625054
0.00625054
0.00625009
0.00625009
0.00625001
0.00675015
0.00675015
0.00725149
0.00775718
0.00827029
0.00878614
0.00928921
0.00928834
0.00928819
0.00928906
0.00928898
0.00928812
0.00928809
0.00928895
0.00928894
0.00928808
0.00928807
0.00928893
0.00928893
0.00928807
0.00928807
0.00928893
0.00878592
0.00878592
0.00878592
0.00878593
0.00878594
0.00878596
0.00878602
0.00827024
0.00826965
0.0082697
0.00878527
0.00878516
0.00878457
0.00878469
0.00878492
0.00878531
0.00878593
0.00878678
0.00827062
0.00827049
0.00826988
0.00827003
0.00775701
0.00725143
0.00725152
0.0072515
0.00725142
0.00775696
0.00775682
0.00775687
0.00826967
0.00826951
0.0082693
0.00826946
0.0077568
0.00725138
0.0072514
0.00725139
0.00725137
0.00775674
0.00775671
0.00775677
0.0077569
0.00725141
0.00725141
0.00725149
0.00775716
0.00775689
0.00775675
0.0082693
0.00826935
0.00826919
0.0087844
0.00928731
0.00928767
0.00928752
0.00928716
0.00928709
0.00928745
0.00928742
0.00928707
0.00928705
0.00928741
0.0092874
0.00928705
0.00928705
0.0092874
0.0092874
0.00928705
0.00878419
0.00878419
0.00878419
0.0087842
0.00878421
0.00878423
0.00878428
0.00826914
0.00775669
0.00725136
0.00725136
0.00725138
0.00725137
0.00725137
0.0072514
0.00725149
0.00775715
0.00827021
0.00826962
0.0087851
0.00878508
0.00826961
0.0082702
0.00775715
0.00725149
0.0072514
0.00775688
0.00775688
0.00775674
0.00826927
0.00878452
0.0087845
0.00826926
0.0082691
0.00826911
0.00775668
0.00725136
0.00725136
0.00725137
0.00775674
0.00775668
0.00775668
0.00775674
0.00775688
0.00775715
0.00775789
0.00776033
0.00776695
0.0077802
0.00726823
0.00725823
0.00725823
0.00726823
0.00778019
0.00829556
0.00828157
0.00879567
0.00879567
0.00828157
0.00829556
0.00829556
0.00828157
0.00879567
0.00879567
0.00880686
0.00882276
0.00930929
0.00930929
0.00930929
0.00930929
0.00930929
0.00930929
0.00930929
0.00930929
0.00882276
0.00882276
0.00882276
0.00882276
0.00882276
0.00882276
0.00882276
0.00831619
0.00831619
0.00780054
0.00728422
0.00728422
0.00780054
0.00780054
0.00831619
0.00831619
0.00780054
0.00728422
0.00728422
0.00677093
0.00677093
0.00677093
0.00626154
0.00626154
0.00575549
0.00575549
0.00525159
0.00525159
0.00525159
0.00575549
0.00626154
0.00626154
0.00677093
0.00677093
0.00728422
0.00780054
0.00831619
0.00831619
0.00780054
0.00728422
0.00728422
0.00780054
0.00831619
0.00831619
0.00780054
0.00728422
0.00677093
0.00677093
0.00677093
0.00626154
0.00626154
0.00575549
0.00575549
0.00525159
0.00525159
0.00525159
0.00575549
0.00575549
0.00626154
0.00626154
0.00575549
0.00525159
0.00525159
0.00525075
0.00525075
0.00525075
0.00525075
0.00525075
0.00525075
0.00525075
0.00575262
0.00575262
0.00575262
0.00575262
0.00575262
0.00625558
0.00676043
0.00675408
0.00625204
0.00625204
0.00625558
0.00676043
0.00675408
0.00675124
0.00675124
0.00725349
0.00725188
0.00725188
0.00725349
0.00776033
0.00776695
0.00776695
0.00778019
0.00726823
0.00725823
0.00725823
0.00726823
0.00778019
0.00776695
0.00776033
0.00776033
0.00827426
0.00827426
0.00827426
0.00827134
0.00878718
0.00878717
0.00827133
0.00775789
0.00775789
0.00827133
0.00878717
0.00878717
0.00827133
0.00827426
0.00827426
0.00828157
0.00829556
0.00829556
0.00880686
0.00930046
0.00930046
0.00929427
0.00929427
0.00929116
0.00929116
0.00928984
0.00928984
0.00928984
0.00929116
0.00929427
0.00930046
0.00930046
0.00929427
0.00929116
0.00928984
0.00928893
0.00928893
0.00928893
0.00928893
0.00928807
0.00928807
0.0092874
0.0092874
0.00928705
0.00928705
0.00928705
0.0092874
0.00928807
0.00928807
0.0092874
0.00928705
0.00928705
0.0092874
0.00928807
0.00928893
0.00928984
0.00929116
0.00929427
0.00930046
0.00930046
0.00929427
0.00929116
0.00928984
0.00928984
0.00929116
0.00929427
0.00930046
0.00930046
0.00929427
0.00929116
0.00928984
0.00928893
0.00928893
0.00928893
0.00928807
0.0092874
0.00928705
0.00928705
0.0092874
0.00928807
0.00928807
0.0092874
0.00928705
0.00878419
0.00878419
0.00878419
0.00878419
0.00878419
0.00878419
0.00878419
0.00878419
0.00878448
0.00878448
0.00878448
0.00878448
0.00878449
0.00878507
0.0082696
0.0082702
0.0082702
0.0082696
0.00878506
0.00878506
0.0082696
0.0082702
0.0082702
0.0082696
0.00878506
0.00878506
0.00878592
0.00878717
0.0087897
0.0087897
0.00879567
0.00828157
0.00776695
0.00776695
0.00778019
0.00726823
0.00725823
0.00725823
0.00726823
0.00778019
0.00778019
0.00829556
0.00880686
0.00879567
0.00828157
0.00828157
0.00829556
0.00880686
0.00879567
0.0087897
0.0087897
0.00827426
0.00827426
0.00827133
0.00827133
0.00775789
0.00775789
0.00725188
0.00725188
0.00725349
0.00725349
0.00675124
0.00675124
0.00675408
0.00676043
0.00625558
0.00625204
0.00625204
0.00625558
0.00676043
0.00675408
0.00675408
0.00676043
0.00625558
0.00625204
0.00625204
0.00625558
0.00676043
0.00675408
0.00675124
0.00675124
0.00725349
0.00776033
0.00776033
0.00725349
0.00725188
0.00725188
0.00675034
0.00675034
0.00675034
0.00675034
0.00675034
0.00625009
0.00625009
0.00575004
0.00575004
0.00575023
0.00575093
0.00525026
0.00525026
0.00575093
0.00575023
0.00525006
0.00525006
0.00525001
0.00525001
0.00525
0.00525
0.00525
0.00525
0.00525
0.00525
0.00525
0.00525
0.00525001
0.00525007
0.00525007
0.00525028
0.00575099
0.00575282
0.00575275
0.00625581
0.00676077
0.00676068
0.00625575
0.0062521
0.00625212
0.0067542
0.00675417
0.00675126
0.00675127
0.00625056
0.00625055
0.00625009
0.00625009
0.00675034
0.00675034
0.00675015
0.00675015
0.00625001
0.00625001
0.00625
0.00625
0.00675013
0.00675013
0.00675013
0.00675013
0.00625
0.00625
0.00625
0.00625
0.00675013
0.00675012
0.00675012
0.00675012
0.00675013
0.00625
0.00625
0.00675013
0.00675012
0.00625
0.00625
0.00625
0.00625
0.00675012
0.00675012
0.00675012
0.00675013
0.00675015
0.00625001
0.00625
0.00625
0.00625001
0.00675015
0.00675013
0.00675012
0.00625
0.00625
0.00625
0.00625
0.00675012
0.00675012
0.00675012
0.00675013
0.00675015
0.00725149
0.0072514
0.0072514
0.00725149
0.00775715
0.00775688
0.00775674
0.00826926
0.00826926
0.0082691
0.0082691
0.00775668
0.00725136
0.00725136
0.00725137
0.00725137
0.00725137
0.0072514
0.00725149
0.00775715
0.00775688
0.00775688
0.00775715
0.00725149
0.0072514
0.00725137
0.00775674
0.00775674
0.00826926
0.00826909
0.00826909
0.00826926
0.00826926
0.0082696
0.00827019
0.00827019
0.00878592
0.00878717
0.00878717
0.00827133
0.00827133
0.00827426
0.00776033
0.00776033
0.00776695
0.00725823
0.00726823
0.00726823
0.00778019
0.00776695
0.00725823
0.00725349
0.00725349
0.00725188
0.00775789
0.00775789
0.00775715
0.00775715
0.00725149
0.0072514
0.00775688
0.00775688
0.0082696
0.00878506
0.00878448
0.00826926
0.00826909
0.00826909
0.00775668
0.00775668
0.00775668
0.00725136
0.00725136
0.00675012
0.00675012
0.00675012
0.00675012
0.00675013
0.00675015
0.00625001
0.00625001
0.00625
0.00625
0.00575
0.00575
0.00575
0.00575
0.00575
0.00575
0.00575
0.00575
0.00575
0.00575
0.00575004
0.00575025
0.00575024
0.00575097
0.00525027
0.00525027
0.00575096
0.00575272
0.00575272
0.00575571
0.00626192
0.00677146
0.00728484
0.00780121
0.00780145
0.00728506
0.00728552
0.00780193
0.00780266
0.0072862
0.00677257
0.00677202
0.00677164
0.00626205
0.00575579
0.00525169
0.00525166
0.00525079
0.0052508
0.00575275
0.00625581
0.00625575
0.00676068
0.00726854
0.00778057
0.00829605
0.00829623
0.00828208
0.00828194
0.00879631
0.00929506
0.00930119
0.00930138
0.00929527
0.00929559
0.00930168
0.0093019
0.00929583
0.00929291
0.00929257
0.0092922
0.00929197
0.00929065
0.00929092
0.00929137
0.00929187
0.00929229
0.00929312
0.00929591
0.00930197
0.00930242
0.00929642
0.00929894
0.00930457
0.00929642
0.00929374
0.00929311
0.0092959
0.00929581
0.0092929
0.00929186
0.00929123
0.00929058
0.00929004
0.00928974
0.00928885
0.00928918
0.00928978
0.00929055
0.00928993
0.0092891
0.00928846
0.00928811
0.00928761
0.00928796
0.00928863
0.00928949
0.00929039
0.0092908
0.00929133
0.00929252
0.00929553
0.00929514
0.00929207
0.0092917
0.00929479
0.0087961
0.0087964
0.00879679
0.00879723
0.00879784
0.00879968
0.00880496
0.00879968
0.00879785
0.00879724
0.00879684
0.0087965
0.00879053
0.00879033
0.00827457
0.0082747
0.00827176
0.00827163
0.0087878
0.00878801
0.00878842
0.00879088
0.00827495
0.00828237
0.00829659
0.00829715
0.00828282
0.00776777
0.00778155
0.00778103
0.00778072
0.00726866
0.0072584
0.00725835
0.00776715
0.00776723
0.00776743
0.00725851
0.0072689
0.00726931
0.00725872
0.00725372
0.0072536
0.00725355
0.00725353
0.00776045
0.0077605
0.00775803
0.00775798
0.0072519
0.00725191
0.00725194
0.00775815
0.00776063
0.00776089
0.00827537
0.00879133
0.00878899
0.00827248
0.00827202
0.00827092
0.00827062
0.00827049
0.00878654
0.00878678
0.00878593
0.00878566
0.00826988
0.00827003
0.00775701
0.00775729
0.00775724
0.0072515
0.00725152
0.00725143
0.00725142
0.00775696
0.00775682
0.00826951
0.00878503
0.00878531
0.00826967
0.00826946
0.0082693
0.00878463
0.00878492
0.00878549
0.00878587
0.00878646
0.00878726
0.00878795
0.00827143
0.00827091
0.00827035
0.00775714
0.00775741
0.00725155
0.00725163
0.00725203
0.00775839
0.0077591
0.00776161
0.00776857
0.00778249
0.00780372
0.00728715
0.00728867
0.00780555
0.00780917
0.00729158
0.00729701
0.00781567
0.00782544
0.00833986
0.00833092
0.00831644
0.0083061
0.00830045
0.00829811
0.00828373
0.00828635
0.00777101
0.00778474
0.00727171
0.00727003
0.00725927
0.00726102
0.00726584
0.00727581
0.00779012
0.00780036
0.00728403
0.00727581
0.00779012
0.00777747
0.00829317
0.0083061
0.00881509
0.00881071
0.00830045
0.00828634
0.00827902
0.00827628
0.00879203
0.00879402
0.00879202
0.00878985
0.00827345
0.00827628
0.00776161
0.00776412
0.00725592
0.00725416
0.00725244
0.00725416
0.00725926
0.00726102
0.00777101
0.00778474
0.00727171
0.00727002
0.00778249
0.00776857
0.00828373
0.00829811
0.00880909
0.00880849
0.00829714
0.00828281
0.00827537
0.00827248
0.00878898
0.00879132
0.00879084
0.00878839
0.00878723
0.0087867
0.00827059
0.00827001
0.00826981
0.0082704
0.00878635
0.00878759
0.00878792
0.00827172
0.00827201
0.00827493
0.00776063
0.00776089
0.00775839
0.00775766
0.00775741
0.00725155
0.00725146
0.00725143
0.0072514
0.00725139
0.00725137
0.00775674
0.0077568
0.00775687
0.00775701
0.00775728
0.00725152
0.0072515
0.00725141
0.00725138
0.00675013
0.00675013
0.00675013
0.00675015
0.00675034
0.00675127
0.0067542
0.00676077
0.00676095
0.00625593
0.00626232
0.00626271
0.00575618
0.00575595
0.00525174
0.00525181
0.00525191
0.00575647
0.00626322
0.00677331
0.00677441
0.00626394
0.00575687
0.00525203
0.00525225
0.00575755
0.00626522
0.00677646
0.00678033
0.00626765
0.00575883
0.00525264
0.00525322
0.00576079
0.00627146
0.00678651
0.00730552
0.00729701
0.00781567
0.00780917
0.00832456
0.0083209
0.00882613
0.00882498
0.00831914
0.00780371
0.00780555
0.00728866
0.00729158
0.00677645
0.00678033
0.0067711
0.00676548
0.00676281
0.00676173
0.00676124
0.00625613
0.00625223
0.00625216
0.00625212
0.0062521
0.00675417
0.00675126
0.00625055
0.00625056
0.00625009
0.00625009
0.00675034
0.00675015
0.00625001
0.00625001
0.00625
0.00625
0.00675013
0.00675013
0.00625
0.00625
0.00625
0.00625
0.00675012
0.00675012
0.00725136
0.00775671
0.00826919
0.0087844
0.00928731
0.00928767
0.00928752
0.00928716
0.00928709
0.00928745
0.00928742
0.00928707
0.00928705
0.00928741
0.0092874
0.00928705
0.00928705
0.0092874
0.0092874
0.00928705
0.00878419
0.00878419
0.00878419
0.0087842
0.00878421
0.00878423
0.00878428
0.00826914
0.0082693
0.00826935
0.00878469
0.00878457
0.00878516
0.00878527
0.00928834
0.00928921
0.00928906
0.00928819
0.00928812
0.00928898
0.00928895
0.00928809
0.00928808
0.00928894
0.00928893
0.00928807
0.00928807
0.00928893
0.00928893
0.00928807
0.00878506
0.00878506
0.00878506
0.00878507
0.00878508
0.0087851
0.00878452
0.00826927
0.00826911
0.0082691
0.00826926
0.0087845
0.00878449
0.00826926
0.0082691
0.0082691
0.00826926
0.00878448
0.00878448
0.00826926
0.00826909
0.00826909
0.00826926
0.00878448
0.00878448
0.00878419
0.00928705
0.0092874
0.0092874
0.00928705
0.00928705
0.0092874
0.0092874
0.00928705
0.00928705
0.0092874
0.0092874
0.00928705
0.00928705
0.0092874
0.0092874
0.00928705
0.00878419
0.00878419
0.00878419
0.00878419
0.00878419
0.00878419
0.00878419
0.00826909
0.00826909
0.00826926
0.00826926
0.00878448
0.00878506
0.00878506
0.00928807
0.00928893
0.00928893
0.00928807
0.00928807
0.00928893
0.00928893
0.00928807
0.00928807
0.00928893
0.00928893
0.00928807
0.00928807
0.00928893
0.00928893
0.00928807
0.00878506
0.00878506
0.00878506
0.00878506
0.00878506
0.00878506
0.00878448
0.00826926
0.00826909
0.00826909
0.00826926
0.0082696
0.00827019
0.00878592
0.00878506
0.00878506
0.00878592
0.00878717
0.00878717
0.0087897
0.00879567
0.00880686
0.00829556
0.00828157
0.00828157
0.00829556
0.00880686
0.00879567
0.0087897
0.00827426
0.00827426
0.00827133
0.00827133
0.00878717
0.00878717
0.0087897
0.00879567
0.00880686
0.00829556
0.00828157
0.00828157
0.00829556
0.00880686
0.00879567
0.0087897
0.00827426
0.00827426
0.00827133
0.00827133
0.00878717
0.00878592
0.00878592
0.00878592
0.00878592
0.00827019
0.00827019
0.0082696
0.00775688
0.00775688
0.00775715
0.00725149
0.00725149
0.0072514
0.00725137
0.00725137
0.00775674
0.00775674
0.00775668
0.00725136
0.00725136
0.00675012
0.00675012
0.00675012
0.00675012
0.00675013
0.00675015
0.00625001
0.00625009
0.00625009
0.00625054
0.00625054
0.00575023
0.00575092
0.00525026
0.00525026
0.00575092
0.00575023
0.00525006
0.00525006
0.00525001
0.00575004
0.00575004
0.00525001
0.00525001
0.00525006
0.00525026
0.00575092
0.00575092
0.00525026
0.00525006
0.00575023
0.00575023
0.00625054
0.00625054
0.00625009
0.00575004
0.00575004
0.00575
0.00575
0.00575
0.00575
0.00575
0.00575
0.00575
0.00525
0.00525
0.00525
0.00525
0.00525
0.00525
0.00525
0.00525
0.00525
0.00525
0.00525001
0.00525001
0.00525007
0.00525007
0.00575024
0.00575004
0.00575004
0.00575
0.00525
0.00525
0.00525001
0.00474999
0.00474993
0.00474973
0.00474921
0.00474834
0.00474831
0.00474826
0.00474819
0.0047481
0.00474797
0.00474776
0.00474736
0.00424117
0.00424245
0.00373478
0.00373236
0.00321967
0.00322355
0.00322559
0.00373606
0.00424313
0.00424353
0.00373678
0.00322669
0.00271286
0.00271134
0.00270842
0.00270299
0.00218433
0.00219083
0.00167544
0.00166908
0.00116628
0.00117111
0.00117387
0.0016791
0.00219445
0.00219628
0.00168086
0.00117502
0.00117557
0.00168181
0.00219734
0.0027138
0.00322743
0.00373729
0.00424383
0.00424405
0.00373768
0.00322798
0.00322836
0.00373795
0.00424421
0.00424429
0.00373808
0.00322854
0.00271516
0.00271494
0.00271448
0.00219807
0.00168247
0.00117602
0.00117638
0.00168292
0.00219856
0.00219879
0.00168315
0.00117658
0.00119247
0.00119228
0.00119193
0.0011915
0.0011909
0.00118929
0.00118491
0.00117683
0.00116628
0.00166908
0.00218433
0.00270299
0.00321967
0.00373236
0.00424117
0.00474737
0.00474776
0.00424245
0.00373478
0.00322355
0.00322559
0.00373606
0.00424314
0.00474797
0.0047481
0.00424354
0.00373678
0.0032267
0.00271286
0.00271134
0.00270842
0.00219083
0.00167544
0.00117111
0.00117387
0.0016791
0.00219445
0.00219629
0.00168086
0.00117502
0.00117559
0.00168183
0.00219736
0.00271382
0.00322745
0.0037373
0.00424383
0.00474819
0.00474827
0.00424407
0.00373771
0.00322802
0.00322844
0.00373801
0.00424424
0.00474833
0.00474836
0.00424436
0.00373821
0.00322872
0.00271537
0.00271504
0.00271453
0.00219812
0.00168252
0.00117606
0.00117648
0.00168303
0.00219866
0.00219902
0.00168337
0.0011768
0.000690323
0.000690041
0.000689725
0.00068947
0.000689375
0.00068907
0.000687737
0.000685109
0.000690889
0.000695434
0.000701056
0.000695434
0.00118491
0.0016939
0.00168356
0.00219964
0.00271597
0.00322891
0.00373803
0.00424409
0.00474825
0.00474877
0.00424582
0.00424779
0.00424582
0.00474877
0.00474936
0.0047496
0.004749
0.00424659
0.00424691
0.0047491
0.00474968
0.00424888
0.00424861
0.00374702
0.00374294
0.0037414
0.00323452
0.00324118
0.00323452
0.0037414
0.00374532
0.00374702
0.00374295
0.00424659
0.004749
0.0047496
0.00424861
0.00424888
0.00424691
0.0047491
0.00474968
0.00474991
0.00474984
0.00424944
0.00424969
0.00474991
0.00474998
0.00424991
0.00424969
0.00374929
0.00374876
0.0032474
0.00324423
0.00323719
0.00323827
0.00374357
0.00374759
0.00324529
0.00324842
0.00374929
0.0037498
0.00324942
0.00324842
0.00324529
0.00324423
0.00323719
0.00323828
0.00374357
0.00374759
0.00374777
0.00374388
0.00424707
0.00474915
0.00474971
0.00424897
0.00424901
0.00424719
0.00474918
0.00474972
0.00474993
0.00474993
0.00424974
0.00424996
0.00474999
0.00474999
0.00424996
0.00424975
0.00374943
0.00374941
0.00324866
0.00324561
0.00323877
0.00323907
0.00374408
0.00374785
0.00324574
0.00324871
0.00324965
0.00324962
0.00374989
0.0037499
0.00374991
0.00374945
0.00374789
0.00374422
0.00424726
0.00474921
0.00474973
0.00424904
0.00424906
0.00424732
0.00474923
0.00474973
0.00474994
0.00474993
0.00424976
0.00424996
0.00474999
0.00474999
0.00424996
0.00424976
0.00374945
0.00374792
0.00374431
0.00323941
0.00323927
0.00324582
0.00324586
0.00324875
0.00324873
0.00324966
0.00324966
0.00374991
0.00374999
0.00374999
0.00374999
0.00374998
0.00374989
0.00374941
0.00374777
0.00374387
0.00424707
0.00474915
0.00474918
0.00424718
0.00424901
0.00424897
0.00474971
0.00474972
0.00474973
0.0047492
0.00424725
0.00424728
0.00424904
0.00424903
0.00374788
0.00374419
0.00374407
0.00323905
0.00323876
0.00324561
0.00324573
0.00374784
0.00374943
0.00424975
0.00424974
0.00474993
0.00474993
0.00474999
0.00474999
0.00424996
0.00424996
0.0037499
0.00324965
0.00324871
0.00324866
0.00324962
0.00274797
0.00274628
0.00274128
0.00273069
0.00272998
0.00272829
0.00272419
0.00220988
0.00222253
0.00220988
0.00272419
0.00273416
0.00273898
0.00222899
0.00221526
0.00221751
0.00223143
0.00274073
0.00274584
0.00274408
0.00273898
0.00272829
0.00221526
0.00222899
0.00223143
0.00221751
0.00272998
0.00274074
0.00274584
0.00223839
0.00223588
0.00223839
0.0022409
0.00274756
0.00274797
0.00274628
0.00274128
0.0027307
0.00221846
0.00223224
0.00223259
0.00221899
0.00273112
0.00274149
0.0027464
0.00223937
0.00223911
0.00224161
0.00224185
0.00274806
0.00274809
0.00274645
0.00274162
0.0027314
0.00221934
0.00223279
0.00223292
0.00221956
0.00273157
0.00274169
0.00274648
0.00223959
0.00223951
0.00224198
0.00224205
0.00274811
0.0027485
0.00274848
0.00274845
0.00274837
0.00324982
0.00324984
0.00374999
0.00425
0.00424999
0.00475
0.00475
0.00475
0.00475
0.00425
0.00425
0.00375
0.00324987
0.00324984
0.00324985
0.00324987
0.00375
0.00425
0.00425
0.00475
0.00475
0.00475
0.00475
0.00425
0.00425
0.00375
0.00324987
0.00324985
0.00324985
0.00324966
0.00324875
0.00324589
0.00323948
0.00322889
0.00373833
0.00424443
0.00474839
0.0047484
0.00424447
0.00373839
0.00322898
0.00322903
0.00373843
0.00424449
0.00474841
0.00474841
0.0042445
0.00373844
0.00322905
0.00271576
0.00271574
0.00271568
0.00271557
0.00219923
0.00219935
0.0016837
0.00168358
0.00117701
0.00117713
0.00117719
0.00168376
0.00219941
0.00219944
0.00168379
0.00117722
0.00117723
0.0016838
0.00219945
0.00271578
0.00322906
0.00373845
0.0042445
0.00474841
0.00474841
0.0042445
0.00373845
0.00322906
0.00322906
0.00373846
0.00424451
0.00474841
0.00474841
0.00424451
0.00373846
0.00322907
0.00271578
0.00271578
0.00271578
0.00219945
0.00168381
0.00117724
0.00117724
0.00168381
0.00219945
0.00219946
0.00168381
0.00117724
0.000690715
0.000690714
0.000690713
0.00069071
0.0006907
0.000690677
0.000690623
0.000690513
0.000699282
0.000699053
0.000698727
0.000698366
0.000698115
0.000698037
0.000697585
0.00118929
0.00169955
0.00171366
0.00170683
0.0016939
0.00169955
0.00170189
0.00171627
0.00171365
0.00120032
0.00119504
0.00120032
0.00120216
0.00119091
0.00170189
0.00171627
0.00172372
0.00172098
0.00120598
0.00120797
0.00120215
0.00120276
0.00171718
0.00170285
0.00221845
0.00221897
0.0027311
0.00274149
0.00223257
0.00223223
0.00223911
0.00223937
0.0027464
0.00274806
0.00224185
0.00224161
0.00172752
0.00172463
0.00172372
0.00172655
0.00121015
0.00120798
0.00120868
0.00120277
0.00119152
0.00170286
0.00171719
0.00171765
0.00170344
0.00119197
0.00120321
0.00120916
0.00172507
0.00172463
0.00172752
0.00121102
0.00121161
0.00172799
0.00172828
0.00172535
0.00171797
0.00170384
0.00119238
0.0012036
0.0012039
0.0011927
0.00170411
0.00171818
0.00172553
0.00120988
0.00120957
0.00121208
0.00121241
0.00172846
0.0017296
0.00172941
0.00172909
0.00172857
0.00224234
0.00224259
0.00274845
0.00274854
0.00224286
0.00224259
0.00224272
0.00224299
0.00274857
0.00274859
0.00224306
0.00224279
0.00224282
0.00224208
0.00223963
0.00223298
0.00221968
0.00273167
0.00274173
0.00274175
0.00273172
0.00323953
0.00374439
0.00374436
0.00424735
0.00474924
0.00474974
0.00424906
0.00424907
0.00424736
0.00474924
0.00474974
0.00474994
0.00474994
0.00424976
0.00424996
0.00474999
0.00474999
0.00424996
0.00424977
0.00374946
0.00374946
0.00374794
0.00374795
0.0032459
0.00324876
0.00324966
0.00374991
0.00374991
0.00374999
0.00425
0.00475
0.00475
0.00425
0.00425
0.00425
0.00475
0.00475
0.00475
0.00475
0.00475
0.00475
0.00475
0.00475
0.00474999
0.00474993
0.00424976
0.00424976
0.00424996
0.00424996
0.00374991
0.00374944
0.00324873
0.0032458
0.00323923
0.00323932
0.00374425
0.0037479
0.00324583
0.00324874
0.00374945
0.00374991
0.00324966
0.00324966
0.00274809
0.00274645
0.0027416
0.00273135
0.00221928
0.00221943
0.00273146
0.00274165
0.00223285
0.00223277
0.00171792
0.00170377
0.00170341
0.00171763
0.00120316
0.0012035
0.00120369
0.00171806
0.00170395
0.00170395
0.00168315
0.00219879
0.00271516
0.00322854
0.00373808
0.00424429
0.00474834
0.00474831
0.00424421
0.00373795
0.00322836
0.00322798
0.00373768
0.00424405
0.00474826
0.00474819
0.00424383
0.00373729
0.00322743
0.0027138
0.00271448
0.00271494
0.00219855
0.00168292
0.00117638
0.00117658
0.00119247
0.00119228
0.00170377
0.00221928
0.00221943
0.00273146
0.00323932
0.00374425
0.00424728
0.00474921
0.0047492
0.00424725
0.00424903
0.00424904
0.00474973
0.00525027
0.00575096
0.00575097
0.00525027
0.00525028
0.00525082
0.00575282
0.00575293
0.00525085
0.00525029
0.00575103
0.00575099
0.00575025
0.00575024
0.00575024
0.00525007
0.00525007
0.00525001
0.00525001
0.00575004
0.00575004
0.00575004
0.0062501
0.00625057
0.00675129
0.00675427
0.00675439
0.00675134
0.00625059
0.00625011
0.00675038
0.00675035
0.00675016
0.00625001
0.00625002
0.00675018
0.00675016
0.00675013
0.00625
0.00625001
0.00575
0.00575001
0.00575004
0.00575026
0.00525007
0.00525007
0.00525001
0.00525001
0.00525002
0.00525009
0.00525032
0.00525091
0.00575309
0.00625643
0.00625706
0.00625298
0.00625241
0.00675471
0.00675577
0.00675882
0.00625468
0.0062586
0.00626198
0.0062586
0.00676548
0.00676281
0.00675577
0.0067526
0.00675158
0.00625071
0.00625124
0.00625071
0.0062502
0.00675058
0.00675158
0.00675471
0.00625241
0.00625298
0.00625706
0.00625643
0.00676172
0.00676123
0.00675439
0.00675134
0.00675038
0.00725203
0.00725372
0.0072536
0.00725194
0.00775815
0.00775802
0.00725191
0.00725355
0.00776049
0.00827465
0.00879043
0.00879012
0.00827447
0.00827154
0.00775795
0.00775721
0.00775694
0.0077569
0.00775677
0.00725138
0.00725137
0.00725136
0.00775669
0.00775675
0.00775689
0.00826965
0.0082697
0.00827029
0.00878614
0.00878602
0.00827024
0.00775716
0.00775718
0.00725149
0.00725141
0.00725141
0.00725149
0.00725149
0.0072514
0.00725137
0.00725136
0.00775668
0.00775674
0.00775674
0.00775668
0.00725136
0.00725137
0.0072514
0.00775688
0.00775688
0.00826962
0.00827021
0.00878596
0.00878594
0.0082702
0.00826961
0.0082696
0.0082702
0.00878593
0.00878592
0.0082702
0.0082696
0.00775688
0.00775688
0.00775674
0.00775668
0.00725136
0.00725137
0.00725137
0.00725136
0.00775668
0.00775674
0.00775674
0.00775668
0.00725136
0.00725137
0.00725137
0.00725136
0.00775668
0.00775674
0.00775688
0.00775688
0.0082696
0.0082702
0.00878592
0.00878592
0.00827019
0.0082696
0.0082696
0.00827019
0.00878592
0.00878592
0.00827019
0.0082696
0.00775688
0.00775688
0.00775674
0.00775668
0.00725136
0.00725137
0.00725137
0.00725136
0.00775668
0.00775674
0.00775674
0.00775668
0.00775668
0.00775674
0.00725137
0.0072514
0.0072514
0.00725149
0.00725188
0.00775789
0.00775715
0.00775715
0.00775789
0.00776033
0.00776695
0.00778019
0.00726823
0.00725823
0.00725823
0.00726823
0.00778019
0.00776695
0.00776033
0.00725349
0.00725349
0.00725188
0.00725188
0.00775789
0.00775789
0.00776033
0.00776695
0.00778019
0.00726823
0.00725823
0.00725823
0.00726823
0.00778019
0.00776695
0.00776033
0.00725349
0.00725349
0.00725188
0.00725188
0.00775789
0.00775715
0.00775715
0.00775715
0.00827019
0.0082696
0.0082696
0.00878506
0.00878506
0.00878448
0.00878448
0.00878448
0.00878448
0.00826926
0.00826909
0.00775668
0.00775674
0.00725137
0.00725136
0.00725136
0.00675012
0.00675012
0.00675012
0.00675013
0.00675013
0.00675013
0.00675015
0.00625001
0.00625
0.00625
0.00575
0.00525
0.00525
0.00525
0.00525
0.00525
0.00525001
0.00525001
0.00525006
0.00525026
0.00575092
0.00575092
0.00575262
0.00575262
0.00625558
0.00676043
0.00675408
0.00625204
0.00625204
0.00625558
0.00676043
0.00675408
0.00675124
0.00675124
0.00625054
0.00625054
0.00625054
0.00625009
0.00625009
0.00675034
0.00675034
0.00625009
0.00625009
0.00625054
0.00575023
0.00575023
0.00575023
0.00575023
0.00575004
0.00575004
0.00525001
0.00525006
0.00525026
0.00525026
0.00575092
0.00575092
0.00575262
0.00575262
0.00625558
0.00676043
0.00675408
0.00625204
0.00625204
0.00625558
0.00676043
0.00675408
0.00675124
0.00675124
0.00625054
0.00625009
0.00675034
0.00675034
0.00675015
0.00675015
0.00675015
0.00675015
0.00625001
0.00625
0.00625
0.00625001
0.00575
0.00575
0.00575
0.00575
0.00525
0.00525
0.00525
0.00525
0.00525
0.00525
0.00525
0.00525
0.00525
0.00525
0.00525
0.00525
0.00575
0.00575
0.00575
0.00575
0.00525
0.00525
0.00575
0.00575
0.00575
0.00525
0.00525
0.00525
0.00575
0.00575
0.00575
0.00575
0.00525
0.00525
0.00575
0.00575
0.00575
0.00575
0.00525
0.00525
0.00575
0.00575
0.00575
0.00575
0.00525
0.00525
0.00575
0.00575
0.00625
0.00625
0.00625
0.00625
0.00575
0.00575
0.00525
0.00525
0.00575
0.00575
0.00625
0.00625
0.00625
0.00625
0.00575
0.00575
0.00525
0.00525
0.00525
0.00525
0.00525
0.00525
0.00525
0.00575
0.00575
0.00575
0.00625
0.00625
0.00625
0.00625
0.00575
0.00525
0.00525
0.00575
0.00575
0.00575
0.00575
0.00575
0.00575
0.00575
0.00575
0.00575
0.00575
0.00575
0.00575
0.00575
0.00525
0.00525
0.00525
0.00525
0.00525
0.00575
0.00575
0.00575
0.00575
0.00575
0.00525
0.00525
0.00525
0.00525
0.00575
0.00625
0.00625
0.00625
0.00675012
0.00675012
0.00675012
0.00675013
0.00675013
0.00675013
0.00625
0.00625001
0.00675015
0.00675015
0.00625001
0.00625
0.00575
0.00525
0.00525
0.00525
0.00525
0.00525
0.00525001
0.00575004
0.00575009
0.00575031
0.00575112
0.00575139
0.00575341
0.005251
0.0052504
0.00525064
0.00525123
0.00575418
0.00575591
0.00525176
0.00525123
0.00575418
0.00575221
0.00575139
0.00575056
0.00525016
0.00525009
0.00575031
0.00575112
0.00525032
0.0052504
0.005251
0.00575341
0.00575309
0.0052509
0.00525085
0.00525029
0.00525007
0.00575026
0.00625059
0.00625011
0.0062501
0.00675035
0.00675129
0.00625057
0.00575025
0.00575004
0.00525001
0.00525007
0.00525028
0.00575099
0.00575103
0.00625223
0.00625612
0.00625592
0.00625215
0.00675426
0.00725851
0.00725872
0.00776776
0.00778154
0.0072693
0.00726888
0.00778101
0.00776741
0.00828235
0.00829656
0.00880803
0.00880762
0.00829616
0.00828203
0.00828182
0.00829589
0.0088073
0.0088232
0.00882352
0.00882394
0.00882441
0.00831817
0.00831748
0.00780188
0.00780264
0.00728618
0.00728714
0.0067733
0.00677441
0.00626394
0.00626522
0.00626765
0.00575883
0.00525264
0.00525224
0.00575755
0.00575687
0.00525203
0.0052519
0.00575647
0.00626322
0.0062627
0.00677255
0.00677198
0.00676093
0.00676073
0.00675418
0.00675127
0.00675034
0.00625009
0.00625055
0.00625055
0.00625009
0.00675034
0.00725189
0.00725352
0.00776041
0.00776708
0.00776721
0.00725838
0.0072686
0.00778066
0.00778044
0.00726843
0.00725831
0.00675414
0.00675125
0.00675125
0.00675034
0.00675015
0.00625001
0.00625
0.00625
0.00625
0.00575
0.00525
0.00525
0.00525
0.00525
0.00575
0.00625
0.00625
0.00675012
0.00675012
0.00675012
0.00675012
0.00625
0.00625
0.00575
0.00525
0.00525
0.00525
0.00525
0.00575
0.00625
0.00625
0.00675012
0.00675012
0.00675012
0.00675012
0.00625
0.00625
0.00575
0.00525
0.00525
0.00525
0.00525
0.00575
0.00625
0.00625
0.00675012
0.00675012
0.00675012
0.00675012
0.00625
0.00625
0.00575
0.00525
0.00525
0.00525
0.00525
0.00575
0.00625
0.00625
0.00675012
0.00675012
0.00675012
0.00675012
0.00625
0.00625
0.00575
0.00575
0.00525
0.00525
0.00525
0.00525
0.00525
0.00525
0.00525
0.00525
0.00525
0.00525
0.00525
0.00525
0.00575
0.00575
0.00575
0.00575
0.00575004
0.00525001
0.00525007
0.00575024
0.00575024
0.00575004
0.00525001
0.00525
0.00525
0.00525
0.00575
0.00575
0.00575
0.00625
0.00675013
0.00675013
0.00675015
0.00625001
0.00625001
0.00675015
0.00675015
0.00675013
0.00625
0.00625001
0.00575
0.00575
0.00525
0.00525
0.00525001
0.00525001
0.00525001
0.00525001
0.00575004
0.00625009
0.00625054
0.00625054
0.00625009
0.00675034
0.00725188
0.00725188
0.00775792
0.00827143
0.00878739
0.00929012
0.00929144
0.00929129
0.00928997
0.0092899
0.00929122
0.00929118
0.00928986
0.00928985
0.00929117
0.00929116
0.00928984
0.00928984
0.00929116
0.00929116
0.00928984
0.00878717
0.00878717
0.00878717
0.00878718
0.00878719
0.00878721
0.00878727
0.00827138
0.00827431
0.00827437
0.00878992
0.00878981
0.00879578
0.00879589
0.00929455
0.0092944
0.00929433
0.00929429
0.00929428
0.00929427
0.00929427
0.00929427
0.00879567
0.00879567
0.00879567
0.00879567
0.00879569
0.00879572
0.00878975
0.00827428
0.00827135
0.00827134
0.00827427
0.00878972
0.00878971
0.00827426
0.00827134
0.00827133
0.00827426
0.0087897
0.0087897
0.00827426
0.00827133
0.00827133
0.00827426
0.0087897
0.0087897
0.00878717
0.00928984
0.00929116
0.00929116
0.00928984
0.00928984
0.00929116
0.00929116
0.00928984
0.00928984
0.00929116
0.00929116
0.00928984
0.00928984
0.00929116
0.00929116
0.00928984
0.00878717
0.00878717
0.00878717
0.00878717
0.00878717
0.00878717
0.00878717
0.00827133
0.00827133
0.00827426
0.00827426
0.0087897
0.00879567
0.00879567
0.00929427
0.00929427
0.00929427
0.00929427
0.00929427
0.00929427
0.00929427
0.00929427
0.00879567
0.00879567
0.00879567
0.00879567
0.00879567
0.00879567
0.0087897
0.00827426
0.00827133
0.00827019
0.0082696
0.0082696
0.00826926
0.00826909
0.00775668
0.00725136
0.00725136
0.00725137
0.00725137
0.00775674
0.00775688
0.00775688
0.0072514
0.0072514
0.0072514
0.0072514
0.0072514
0.0072514
0.0072514
0.00725149
0.00725149
0.00775715
0.00775715
0.0077579
0.0077579
0.00776035
0.00776037
0.0072535
0.0072535
0.00725825
0.00725827
0.00776702
0.0082817
0.00829573
0.00880709
0.00880697
0.00829564
0.00828163
0.00776698
0.00778025
0.00778032
0.00726833
0.00726828
0.00726825
0.00725824
0.00725349
0.00725188
0.00725188
0.00775789
0.00776033
0.00776034
0.00776696
0.0082816
0.00829559
0.00880691
0.00880688
0.00829557
0.00828158
0.00776696
0.00725823
0.00725349
0.00675124
0.00675124
0.00675124
0.0067541
0.00675411
0.00625206
0.00625208
0.00625211
0.00625578
0.00625569
0.00676059
0.00677128
0.00677156
0.00728496
0.00728547
0.00780134
0.00831697
0.00831663
0.00780098
0.00728463
0.00728443
0.00780077
0.00831642
0.00882299
0.00882287
0.0083163
0.00780065
0.00728432
0.00728426
0.00780059
0.00778022
0.0077802
0.00726823
0.00676044
0.00676045
0.00676047
0.00676052
0.00625564
0.00625561
0.00625205
0.00575093
0.00575094
0.00575094
0.00575096
0.00525027
0.00525079
0.00525082
0.00575282
0.00575293
0.00575617
0.00525181
0.00525173
0.00575593
0.00626229
0.00626199
0.00626179
0.00575564
0.00575576
0.00575274
0.00575268
0.00525077
0.00525027
0.00525006
0.00525006
0.00575024
0.00575023
0.00575004
0.00575004
0.00625009
0.00675034
0.00675034
0.00625009
0.00625054
0.00625054
0.00575023
0.00525006
0.00525006
0.00525026
0.00525026
0.00525076
0.00575265
0.00575264
0.00525076
0.00525076
0.00525026
0.00575093
0.00625205
0.00675409
0.00675408
0.00625204
0.00625558
0.00625559
0.00575263
0.00575262
0.00575093
0.00575023
0.00575004
0.00575004
0.00575
0.00575
0.00575
0.00625
0.00675013
0.00675015
0.00625001
0.00625001
0.00625
0.00675013
0.00675015
0.00725149
0.00775715
0.00775715
0.00775789
0.00725188
0.00725349
0.00776033
0.00776033
0.00775789
0.00725188
0.00725349
0.00725823
0.00725823
0.00776695
0.00828158
0.00829556
0.00880687
0.00880686
0.00829556
0.00828157
0.00776695
0.00778019
0.0077802
0.00726823
0.00726823
0.00726823
0.00725823
0.00725349
0.00725188
0.00725149
0.00775715
0.00775715
0.00725149
0.00675015
0.00675015
0.00675013
0.00625
0.00625001
0.00625001
0.00625
0.00675013
0.00675013
0.00625
0.00625001
0.00675015
0.00725149
0.00775715
0.00775715
0.00725149
0.00725149
0.00775715
0.00775715
0.00827019
0.00878592
0.00878592
0.00878592
0.00827019
0.0082696
0.00826926
0.00826909
0.00826909
0.00826926
0.00826926
0.00826909
0.00775668
0.00775668
0.00775674
0.00775688
0.0072514
0.00725149
0.00725149
0.0072514
0.00775688
0.00775674
0.00725137
0.00725137
0.00725136
0.00725136
0.00725136
0.00725137
0.0072514
0.00725149
0.00725149
0.0072514
0.00775688
0.00775688
0.0082696
0.00827019
0.00827019
0.0082696
0.00878506
0.00878506
0.00878448
0.00826926
0.00826909
0.00826909
0.00826926
0.00878448
0.00878448
0.00878506
0.00878592
0.00878717
0.0087897
0.00879567
0.00880686
0.00882276
0.00930929
0.00930929
0.00930929
0.00930929
0.00930929
0.00930929
0.00930929
0.00930929
0.00882276
0.00882276
0.00882276
0.00882276
0.00882276
0.00882276
0.00882276
0.00831619
0.00831619
0.00780054
0.00728422
0.00728422
0.00780054
0.00780054
0.00831619
0.00831619
0.00780054
0.00728422
0.00728422
0.00677093
0.00677093
0.00677093
0.00626154
0.00626154
0.00575549
0.00575549
0.00525159
0.00525159
0.00525159
0.00575549
0.00626154
0.00626154
0.00677093
0.00677093
0.00728422
0.00780054
0.00831619
0.00831619
0.00780054
0.00728422
0.00728422
0.00780054
0.00831619
0.00831619
0.00780054
0.00728422
0.00677093
0.00677093
0.00677093
0.00626154
0.00626154
0.00575549
0.00575549
0.00525159
0.00525159
0.00525159
0.00575549
0.00575549
0.00626154
0.00626154
0.00575549
0.00525159
0.00525159
0.00525075
0.00525075
0.00525075
0.00525075
0.00525075
0.00525075
0.00525075
0.00525075
0.00575262
0.00575262
0.00575262
0.00575092
0.00575092
0.00525026
0.00525026
0.00525006
0.00525006
0.00525001
0.00575004
0.00575004
0.00525001
0.00525
0.00525
0.00575
0.00625001
0.00625
0.00675013
0.00675013
0.00625
0.00625001
0.00575
0.00575
0.00575
0.00525
0.00525
0.00525
0.00525
0.00575
0.00625
0.00675012
0.00675012
0.00625
0.00625
0.00625
0.00575
0.00525
0.00525
0.00575
0.00575
0.00575
0.00575
0.00575
0.00575004
0.00575023
0.00525006
0.00525001
0.00525001
0.00525006
0.00525026
0.00525026
0.00575092
0.00625204
0.00625558
0.00676043
0.00675408
0.00675408
0.00676043
0.00625558
0.00625204
0.00575092
0.00525026
0.00525006
0.00525006
0.00575023
0.00575023
0.00625054
0.00625009
0.00675034
0.00675034
0.00675124
0.00625054
0.00625009
0.00625009
0.00625054
0.00675124
0.00675034
0.00675015
0.00675015
0.00675015
0.00675015
0.00625001
0.00625
0.00675013
0.00675013
0.00625
0.00625001
0.00575
0.00575004
0.00575004
0.00525001
0.00525001
0.00575004
0.00575023
0.00575023
0.00575092
0.00575262
0.00625558
0.00676043
0.00726823
0.00778019
0.00829556
0.00828157
0.00828157
0.00829556
0.00880686
0.00930046
0.00930046
0.00929427
0.00929427
0.00929116
0.00929116
0.00928984
0.00928984
0.00928984
0.00929116
0.00929427
0.00930046
0.00930046
0.00929427
0.00929116
0.00928984
0.00928893
0.00928893
0.00928893
0.00928893
0.00928807
0.00928807
0.0092874
0.0092874
0.00928705
0.00928705
0.00928705
0.0092874
0.00928807
0.00928807
0.0092874
0.00928705
0.00928705
0.0092874
0.00928807
0.00928893
0.00928984
0.00929116
0.00929427
0.00930046
0.00930046
0.00929427
0.00929116
0.00928984
0.00928984
0.00929116
0.00929427
0.00930046
0.00930046
0.00929427
0.00929116
0.00928984
0.00928893
0.00928893
0.00928893
0.00928807
0.0092874
0.00928705
0.00928705
0.0092874
0.00928807
0.00928807
0.0092874
0.00928705
0.00878419
0.00878419
0.00878419
0.00878419
0.00878419
0.00878419
0.00878419
0.00878419
0.00826909
0.00826926
0.0082696
0.00827019
0.00827133
0.00827426
0.00827426
0.0087897
0.00879567
0.00879567
0.00880686
0.00829556
0.00828157
0.00828157
0.00829556
0.00880686
0.00879567
0.0087897
0.0087897
0.00827426
0.00827133
0.00827133
0.00878717
0.00878717
0.00878717
0.00827133
0.00827426
0.00776033
0.00776033
0.00776033
0.00776033
0.00776695
0.00725823
0.00725823
0.00726823
0.00778019
0.00776695
0.00776695
0.00778019
0.00726823
0.00725823
0.00725823
0.00726823
0.00778019
0.00776695
0.00776695
0.00778019
0.00829556
0.00880686
0.00879567
0.00828157
0.00828157
0.00829556
0.00880686
0.00879567
0.0087897
0.0087897
0.00827426
0.00827133
0.00878717
0.00878717
0.00827133
0.00827426
0.00776033
0.00776033
0.00725349
0.00725349
0.00725349
0.00725349
0.00725349
0.00725188
0.00775789
0.00775789
0.00725188
0.00725188
0.00775789
0.00775789
0.00725188
0.00675034
0.00675034
0.00675034
0.00675034
0.00675124
0.00675408
0.00625204
0.00625204
0.00625558
0.00676043
0.00675408
0.00675124
0.00625054
0.00625054
0.00625009
0.00625009
0.00575004
0.00575004
0.00525001
0.00525006
0.00525026
0.00525026
0.00575092
0.00575262
0.00575262
0.00625558
0.00676043
0.00675408
0.00625204
0.00625204
0.00625558
0.00676043
0.00675408
0.00675124
0.00675124
0.00625054
0.00625009
0.00625009
0.00625054
0.00575023
0.00575023
0.00575023
0.00525006
0.00525001
0.00525001
0.00525006
0.00525026
0.00575092
0.00575092
0.00575262
0.00575262
0.00625558
0.00676043
0.00726823
0.00725823
0.00725823
0.00726823
0.00778019
0.00776695
0.00776695
0.00778019
0.00829556
0.00880686
0.00879567
0.00828157
0.00828157
0.00829556
0.00880686
0.00879567
0.0087897
0.0087897
0.00827426
0.00827133
0.00878717
0.00878717
0.00827133
0.00827426
0.00776033
0.00776033
0.00725349
0.00725349
0.00725188
0.00725188
0.00775789
0.00775789
0.00775789
0.00725188
0.00725188
0.00725349
0.00725823
0.00725823
0.00726823
0.00726823
0.00778019
0.00776695
0.00776695
0.00778019
0.00780054
0.00831619
0.00882276
0.00930929
0.00930929
0.00930929
0.00930929
0.00930929
0.00930929
0.00930929
0.00930929
0.00882276
0.00882276
0.00882276
0.00882276
0.00882276
0.00882276
0.00882276
0.00831619
0.00780054
0.00728422
0.00728422
0.00677093
0.00626154
0.00626154
0.00677093
0.00677093
0.00728422
0.00780054
0.00831619
0.00831619
0.00780054
0.00728422
0.00677093
0.00626154
0.00626154
0.00575549
0.00575549
0.00575549
0.00525159
0.00525159
0.00525159
0.00525159
0.00575549
0.00575549
0.00626154
0.00677093
0.00728422
0.00780054
0.00831619
0.00831619
0.00780054
0.00728422
0.00728422
0.00780054
0.00831619
0.00831619
0.00780054
0.00728422
0.00677093
0.00677093
0.00677093
0.00626154
0.00575549
0.00525159
0.00525159
0.00525075
0.00525075
0.00525075
0.00525075
0.00525075
0.00525075
0.00575262
0.00575262
0.00575262
0.00625558
0.00676043
0.00675408
0.00675408
0.00625204
0.00625204
0.00575092
0.00575092
0.00525026
0.00525026
0.00525006
0.00525001
0.00575004
0.00575004
0.00575
0.00575
0.00575
0.00575
0.00575
0.00625001
0.00625
0.00675013
0.00675013
0.00625
0.00625001
0.00625001
0.00675015
0.00725149
0.00775715
0.00775688
0.0072514
0.0072514
0.00725149
0.00775715
0.00827019
0.00878592
0.00878506
0.0082696
0.00775688
0.00775674
0.00775674
0.00775674
0.00775674
0.00775668
0.00775668
0.00725136
0.00725137
0.00675012
0.00675012
0.00675012
0.00675012
0.00625
0.00625
0.00675012
0.00675012
0.00675012
0.00675012
0.00625
0.00625
0.00675012
0.00675012
0.00625
0.00625
0.00575
0.00575
0.00525
0.00525
0.00575
0.00575
0.00525
0.00525
0.00525
0.00525
0.00525
0.00525
0.00525
0.00525
0.00525
0.00575
0.00575
0.00625
0.00625
0.00675012
0.00675012
0.00625
0.00625
0.00625
0.00625
0.00675012
0.00675012
0.00675012
0.00675013
0.00625
0.00625
0.00625001
0.00675015
0.00675013
0.00675012
0.00725137
0.00725137
0.00725136
0.00775668
0.00775668
0.00826909
0.00826926
0.00878448
0.00878448
0.00878506
0.00878592
0.00827019
0.0082696
0.0082696
0.00827019
0.00878592
0.00878506
0.00878448
0.00826926
0.00826926
0.00826909
0.00826909
0.00775668
0.00775668
0.00775674
0.00775688
0.00775715
0.00725149
0.0072514
0.0072514
0.00725149
0.00775715
0.00775688
0.00775674
0.00725137
0.00725137
0.00725136
0.00725136
0.00675012
0.00625
0.00625
0.00625
0.00625
0.00575
0.00575
0.00575
0.00575
0.00575
0.00525
0.00525
0.00525
0.00525
0.00575
0.00575
0.00525
0.00525
0.00525
0.00525
0.00575
0.00575
0.00625
0.00625001
0.00675015
0.00675013
0.00675013
0.00675015
0.00625001
0.00625
0.00575
0.00575
0.00525
0.00525
0.00525
0.00525
0.00525
0.00525
0.00525
0.00525
0.00525
0.00525
0.00525
0.00525
0.00575
0.00575
0.00575
0.00625
0.00675012
0.00725136
0.00775668
0.00775674
0.00725137
0.00725137
0.00725136
0.00775668
0.00826909
0.00826926
0.00878448
0.00878448
0.00878448
0.00878448
0.00826926
0.00826909
0.00826909
0.00826926
0.00878448
0.00878448
0.00878419
0.00928705
0.0092874
0.0092874
0.00928705
0.00928705
0.0092874
0.0092874
0.00928705
0.00928705
0.0092874
0.0092874
0.00928705
0.00928705
0.0092874
0.0092874
0.00928705
0.00878419
0.00878419
0.00878419
0.00878419
0.00878419
0.00878419
0.00878419
0.00826909
0.00826909
0.00826926
0.00826926
0.00878448
0.00878506
0.00878506
0.00928807
0.00928893
0.00928893
0.00928807
0.00928807
0.00928893
0.00928893
0.00928807
0.00928807
0.00928893
0.00928893
0.00928807
0.00928807
0.00928893
0.00928893
0.00928807
0.00878506
0.00878506
0.00878506
0.00878506
0.00878506
0.00878506
0.00878448
0.00826926
0.00826909
0.00826909
0.00826926
0.00878448
0.00878448
0.00826926
0.00826909
0.00826909
0.00826926
0.0082696
0.00827019
0.00878592
0.00878506
0.00878506
0.00878592
0.00827019
0.0082696
0.00775688
0.00775688
0.00775715
0.00725149
0.0072514
0.0072514
0.00725149
0.00775715
0.00775715
0.00827019
0.00878592
0.00878506
0.0082696
0.0082696
0.00827019
0.00878592
0.00878506
0.00878448
0.00878448
0.00878448
0.00878448
0.00826926
0.00826909
0.00775668
0.00775668
0.00775674
0.00725137
0.00725136
0.00725136
0.00675012
0.00675012
0.00675012
0.00625
0.00625
0.00625
0.00625
0.00675012
0.00675012
0.00675013
0.00675015
0.00675034
0.00675124
0.00625054
0.00625009
0.00625009
0.00625054
0.00675124
0.00675034
0.00675034
0.00675124
0.00675408
0.00676043
0.00625558
0.00625204
0.00625204
0.00625558
0.00676043
0.00675408
0.00675124
0.00625054
0.00625054
0.00625009
0.00625009
0.00675034
0.00675015
0.00675015
0.00675015
0.00625001
0.00625001
0.00625
0.00625
0.00675013
0.00675012
0.00725137
0.00775674
0.00775674
0.00775688
0.0072514
0.00725149
0.00725149
0.00775715
0.00775789
0.00775789
0.00776033
0.00827426
0.00828157
0.00829556
0.00880686
0.00930046
0.00929427
0.00929427
0.00930046
0.00930046
0.00929427
0.00929427
0.00930046
0.00930046
0.00929427
0.00929427
0.00930046
0.00930046
0.00929427
0.00929427
0.00930046
0.00880686
0.00880686
0.00880686
0.00880686
0.00880686
0.00880686
0.00880686
0.00829556
0.00828157
0.00879567
0.00879567
0.0087897
0.00929116
0.00928984
0.00928984
0.00929116
0.00929116
0.00928984
0.00928984
0.00929116
0.00929116
0.00928984
0.00928984
0.00929116
0.00929116
0.00928984
0.00928984
0.00929116
0.0087897
0.0087897
0.0087897
0.0087897
0.0087897
0.0087897
0.0087897
0.00827426
0.00827133
0.00827133
0.00878717
0.00878717
0.00878717
0.00827133
0.00827426
0.00828157
0.00829556
0.00829556
0.00828157
0.00879567
0.00879567
0.00879567
0.00828157
0.00829556
0.00829556
0.00828157
0.00879567
0.00879567
0.00828157
0.00829556
0.00829556
0.00828157
0.00879567
0.00879567
0.00880686
0.00882276
0.00930929
0.00930929
0.00930929
0.00930929
0.00930929
0.00930929
0.00930929
0.00930929
0.00882276
0.00882276
0.00882276
0.00882276
0.00882276
0.00882276
0.00882276
0.00831619
0.00831619
0.00780054
0.00728422
0.00728422
0.00780054
0.00780054
0.00831619
0.00831619
0.00780054
0.00728422
0.00728422
0.00677093
0.00677093
0.00677093
0.00626154
0.00626154
0.00626154
0.00575549
0.00525159
0.00525159
0.00575549
0.00575262
0.00575262
0.00575262
0.00575262
0.00575262
0.00575262
0.00575262
0.00575262
0.00625558
0.00676043
0.00726823
0.00725823
0.00725823
0.00726823
0.00778019
0.00776695
0.00776033
0.00725349
0.00725349
0.00725188
0.00725188
0.00775789
0.00775789
0.00776033
0.00776695
0.00778019
0.00726823
0.00725823
0.00725823
0.00726823
0.00778019
0.00776695
0.00776033
0.00827426
0.00827133
0.00878717
0.00878592
0.00878592
0.00878592
0.00878592
0.00928893
0.00928807
0.00928807
0.00928893
0.00928893
0.00928807
0.00928807
0.00928893
0.00928893
0.00928807
0.00928807
0.00928893
0.00928893
0.00928807
0.00928807
0.00928893
0.00878592
0.00878592
0.00878592
0.00878592
0.00878717
0.00827133
0.00827426
0.00827426
0.00827133
0.00878717
0.00878717
0.00827133
0.00827426
0.00827426
0.00827133
0.00878717
0.00878717
0.0087897
0.00929116
0.00929427
0.00930046
0.00930046
0.00929427
0.00929116
0.00928984
0.00928984
0.00928893
0.00928807
0.00928807
0.00928893
0.00928893
0.00928984
0.00929116
0.00929427
0.00930046
0.00930046
0.00929427
0.00929116
0.00928984
0.00928893
0.00928807
0.00928807
0.0092874
0.0092874
0.0092874
0.0092874
0.0092874
0.0092874
0.0092874
0.0092874
0.0092874
0.0092874
0.0092874
0.00928705
0.00928705
0.00928705
0.00928705
0.00928705
0.00928705
0.00928705
0.00928705
0.00878419
0.00878419
0.00878419
0.00878419
0.00878419
0.00878419
0.00878419
0.00878419
0.00878448
0.00878506
0.0082696
0.00827019
0.00827019
0.0082696
0.00878506
0.00878448
0.00826926
0.00826926
0.00826926
0.00826926
0.00826909
0.00826909
0.00775668
0.00775668
0.00725136
0.00725136
0.00675012
0.00675012
0.00625
0.00625
0.00625
0.00625
0.00575
0.00575
0.00575
0.00575
0.00575
0.00575
0.00575
0.00575
0.00525
0.00525
0.00525
0.00525
0.00525
0.00525
0.00525
0.00525
0.00525
0.00525
0.00525001
0.00525006
0.00575023
0.00575004
0.00575004
0.00575023
0.00525006
0.00525026
0.00525026
0.00575092
0.00575092
0.00525026
0.00525006
0.00525006
0.00575023
0.00575004
0.00525001
0.00525001
0.00525
0.00575
0.00575
0.00575
0.00575
0.00525
0.00525
0.00575
0.00575
0.00575
0.00575
0.00575
0.00575
0.00575
0.00625001
0.00625
0.00675013
0.00675013
0.0072514
0.00775688
0.00775674
0.00725137
0.00725137
0.00675012
0.00625
0.00625
0.00675012
0.00675012
0.00675012
0.00625
0.00625
0.00625001
0.00575
0.00575004
0.00575023
0.00575023
0.00575092
0.00625204
0.00675408
0.00675408
0.00676043
0.00625558
0.00625204
0.00575092
0.00525026
0.00525026
0.00525006
0.00525001
0.00525001
0.00525
0.00525
0.00525
0.00525
0.00575
0.00575
0.00525
0.00525
0.00525
0.00525
0.00475
0.00475
0.00475
0.00475
0.00475
0.00475
0.00475
0.00475
0.00475
0.00475
0.00475
0.00475
0.00475
0.00475
0.00475
0.00475
0.00475
0.00475
0.00475
0.00475
0.00475
0.00475
0.00475
0.00475
0.00475
0.00475
0.00425
0.00425
0.00425
0.00425
0.00375
0.00374999
0.00374999
0.00324985
0.00324985
0.00324987
0.00324987
0.00375
0.00375
0.00425
0.00425
0.00425
0.00425
0.00375
0.00324987
0.00324987
0.00324987
0.00375
0.00375
0.00324988
0.00274863
0.00274861
0.00274858
0.0027485
0.0027481
0.00274647
0.00223955
0.0022395
0.00224197
0.00224202
0.00172837
0.00172543
0.0017253
0.00172505
0.00120912
0.00120867
0.00121101
0.00121158
0.00172798
0.00172824
0.00121199
0.00120947
0.00120967
0.0012122
0.00121346
0.00121322
0.00121274
0.00121205
0.00121277
0.00121354
0.00172965
0.00172908
0.00172938
0.00224271
0.00274848
0.00274857
0.00224299
0.00224304
0.00224276
0.00172951
0.00173012
0.00172997
0.00121407
0.00121434
0.00121497
0.00121469
0.00121413
0.0012133
0.00121365
0.00121451
0.00173019
0.00172999
0.00173033
0.00224313
0.0027486
0.00274862
0.0022432
0.00224326
0.00224318
0.00173049
0.0017307
0.00173054
0.00121508
0.00121537
0.000712392
0.000711888
0.000711149
0.00071026
0.000709346
0.000708033
0.000704942
0.000698809
0.000698615
0.00069832
0.000698097
0.000698031
0.000697583
0.000703581
0.000704089
0.000706881
0.000706256
0.000703583
0.000704096
0.000706886
0.000707714
0.000708131
0.000707085
0.000704169
0.000704414
0.000704734
0.000707803
0.000707429
0.000708627
0.000709084
0.000709963
0.000709422
0.000708774
0.000708144
0.000707104
0.000704188
0.000704466
0.000707479
0.000708672
0.000709201
0.000707927
0.000704857
0.000705207
0.000708303
0.000709612
0.000710514
0.000710067
0.000709453
0.000710215
0.000710824
0.000711545
0.000710895
0.000711371
0.00071204
0.00071233
0.000711656
0.00071079
0.000709878
0.000708558
0.000705452
0.00120411
0.00119291
0.00170427
0.0017183
0.00171837
0.00170436
0.00221975
0.00223302
0.00223965
0.0027465
0.0027465
0.00274812
0.00274812
0.0022421
0.00172862
0.00172857
0.00172563
0.00121008
0.00121261
0.00121273
0.00121019
0.00120422
0.00119303
0.00119309
0.00170441
0.00221978
0.00273175
0.00323955
0.00374441
0.00424737
0.00474924
0.00474974
0.00424907
0.00424907
0.00424738
0.00474925
0.00474974
0.00474994
0.00474994
0.00424977
0.00424996
0.00474999
0.00474999
0.00424996
0.00424977
0.00374946
0.00374946
0.00374795
0.00324591
0.00324592
0.00323956
0.00374442
0.00374796
0.00374796
0.00374442
0.00424738
0.00474925
0.00474974
0.00424907
0.00424908
0.00424738
0.00474925
0.00474974
0.00474994
0.00474994
0.00424977
0.00424996
0.00474999
0.00474999
0.00424996
0.00424977
0.00374946
0.00374946
0.00324876
0.00324876
0.00324876
0.00324966
0.00374991
0.00374991
0.00324966
0.00274812
0.00274812
0.00274651
0.00274176
0.00223304
0.00223304
0.0022198
0.00273177
0.00274177
0.00274651
0.00223967
0.00223966
0.0022421
0.00224211
0.00172866
0.00172865
0.00172572
0.00172569
0.0017184
0.00120428
0.00120431
0.00119312
0.00170443
0.00171842
0.00172573
0.00121028
0.00121025
0.00121279
0.00121281
0.00121406
0.00121404
0.00121398
0.00121386
0.00172971
0.0017303
0.0022431
0.00274859
0.00274851
0.00274851
0.00324985
0.00374999
0.00375
0.00375
0.00324987
0.00324987
0.00324988
0.00324988
0.00375
0.00425
0.00425
0.00425
0.00425
0.00375
0.00375
0.00375
0.00324988
0.00324988
0.00324988
0.00324988
0.00324987
0.00324985
0.00374999
0.00425
0.00475
0.00475
0.00425
0.00425
0.00425
0.00475
0.00475
0.00475
0.00475
0.00425
0.00425
0.00425
0.00425
0.00375
0.00375
0.00375
0.00375
0.00374999
0.00324985
0.00324987
0.00324988
0.00324988
0.00375
0.00375
0.00375
0.00375
0.00375
0.00375
0.00375
0.00375
0.00374999
0.00374991
0.00374945
0.0037479
0.00324583
0.0032458
0.00323923
0.00374419
0.00374788
0.00374784
0.00374407
0.00424718
0.00474918
0.00474915
0.00424707
0.00424897
0.00424901
0.00474972
0.00474973
0.00474993
0.00474993
0.00424976
0.00424976
0.00424996
0.00424996
0.00474999
0.00474999
0.00474999
0.00474993
0.00424975
0.00424974
0.00474993
0.00474971
0.00474968
0.0047491
0.0047481
0.00424353
0.00424313
0.00474797
0.00474776
0.00424245
0.00424117
0.00474736
0.00474678
0.00423921
0.00372854
0.00373235
0.00373478
0.00373606
0.00373678
0.00322669
0.00322559
0.00322355
0.00321967
0.00270299
0.00270842
0.00271133
0.00271285
0.00219628
0.00219734
0.00219807
0.00168247
0.00117602
0.00117557
0.00168181
0.00168086
0.00117502
0.00117387
0.0016791
0.00219445
0.00219083
0.00218433
0.00166908
0.00167544
0.00117111
0.00116628
0.00116005
0.00166014
0.00217456
0.00269448
0.00321349
0.00321967
0.00322891
0.00323452
0.00323719
0.00323827
0.00323876
0.00323905
0.00324573
0.00324561
0.00374777
0.00374387
0.00374357
0.00424691
0.00424659
0.004749
0.0047496
0.00424861
0.00424888
0.00374759
0.00324529
0.00324423
0.00374702
0.00374294
0.0037414
0.00424582
0.00474877
0.00474825
0.00424409
0.00424582
0.00424779
0.00474936
0.00474877
0.004749
0.0047496
0.00474984
0.00474991
0.00424969
0.00424944
0.00424969
0.00424991
0.00424996
0.00424996
0.0037499
0.00374943
0.00374944
0.00324873
0.00324874
0.00324966
0.00324966
0.00374991
0.00374999
0.00425
0.00425
0.00475
0.00475
0.00475
0.00475
0.00425
0.00425
0.00375
0.00324987
0.00324985
0.00324985
0.00324987
0.00324987
0.00324987
0.00375
0.00425
0.00425
0.00475
0.00475
0.00475
0.00475
0.00425
0.00425
0.00375
0.00324987
0.00324988
0.00274863
0.00274861
0.00274858
0.0027485
0.0027481
0.00274647
0.00274165
0.00223285
0.00223277
0.0027416
0.00273134
0.0027311
0.00221897
0.00221845
0.00273069
0.00274128
0.00274149
0.00223257
0.00223223
0.00171718
0.00170285
0.00170341
0.00119192
0.0011915
0.00120276
0.00120316
0.0012035
0.00120369
0.00171806
0.00171792
0.00171763
0.00172505
0.0017253
0.00172543
0.00223955
0.0022395
0.00274645
0.00274809
0.00224197
0.00224202
0.00172837
0.0012122
0.00120967
0.00120947
0.00121199
0.00172824
0.00172798
0.00224185
0.00223937
0.0027464
0.00324871
0.00324866
0.00374941
0.00374989
0.00324962
0.00324965
0.00274806
0.00274797
0.00274628
0.00223911
0.00224161
0.00172752
0.00172463
0.00120867
0.00120912
0.00121158
0.00121101
0.00121015
0.00120797
0.00120215
0.0011909
0.00170189
0.00221751
0.00272997
0.00272829
0.00221526
0.00222899
0.00223143
0.00274073
0.00273898
0.00273416
0.00272419
0.00220988
0.00219964
0.00271597
0.00272419
0.00323452
0.00324118
0.00374532
0.0037414
0.00373802
0.00373235
0.00424117
0.00474736
0.00474776
0.00424245
0.00373478
0.00322355
0.00322559
0.00323719
0.00324423
0.0032474
0.00324842
0.00374929
0.00374876
0.00374929
0.0037498
0.00324942
0.00324842
0.00324529
0.00374759
0.00374702
0.00424861
0.00424659
0.00424691
0.00424888
0.00474968
0.00474991
0.00474998
0.00474999
0.00475
0.00475
0.00425
0.00424999
0.00425
0.00425
0.00475
0.00475
0.00475
0.00475
0.00425
0.00425
0.00425
0.00425
0.00475
0.00475
0.00474999
0.00474999
0.00474999
0.00474999
0.00424996
0.00424974
0.00474993
0.00474993
0.00424975
0.00424996
0.0037499
0.00374989
0.00374998
0.00374999
0.00324984
0.00324982
0.00324984
0.00324987
0.00375
0.00374999
0.00374999
0.00375
0.00324987
0.00324985
0.00324985
0.00324987
0.00375
0.00374999
0.00374991
0.00374991
0.00424996
0.00424976
0.00474993
0.00474994
0.00424976
0.00424996
0.00424996
0.00425
0.00425
0.00425
0.00425
0.00475
0.00475
0.00475
0.00475
0.00425
0.00425
0.00375
0.00375
0.00324988
0.00324988
0.00324988
0.00324988
0.00324987
0.00324987
0.00375
0.00374999
0.00324985
0.00324985
0.00374999
0.00375
0.00425
0.00475
0.00475
0.00475
0.00475
0.00425
0.00425
0.00425
0.00425
0.00425
0.00475
0.00475
0.00475
0.00475
0.00425
0.00425
0.00375
0.00375
0.00324988
0.00324988
0.00324988
0.00375
0.00375
0.00375
0.00375
0.00375
0.00374999
0.00374991
0.00324966
0.00324966
0.00324876
0.00324592
0.00324592
0.00323957
0.00323957
0.00374442
0.00374796
0.00374796
0.00374442
0.00424738
0.00474925
0.00474974
0.00424908
0.00424908
0.00424738
0.00474925
0.00474974
0.00474994
0.00474994
0.00424977
0.00424996
0.00474999
0.00474999
0.00424996
0.00424977
0.00374946
0.00374946
0.00324876
0.00324592
0.00323957
0.00323957
0.00374442
0.00374796
0.00324592
0.00324876
0.00324966
0.00324966
0.00374991
0.00374991
0.00374999
0.00425
0.00425
0.00475
0.00475
0.00425
0.00425
0.00475
0.00475
0.00475
0.00425
0.00425
0.00475
0.00475
0.00475
0.00425
0.00425
0.00375
0.00375
0.00375
0.00324987
0.00324987
0.00324985
0.00324985
0.00324985
0.00374999
0.00374999
0.00374991
0.00374991
0.00374946
0.00374796
0.00374442
0.00373846
0.00424451
0.00474841
0.00474841
0.00424451
0.00373846
0.00322907
0.00322907
0.00271578
0.00219946
0.00219946
0.00271578
0.00271578
0.00322907
0.00373846
0.00424451
0.00474841
0.00474841
0.00424451
0.00373846
0.00322907
0.00271578
0.00219946
0.00219946
0.00168381
0.00168381
0.00168381
0.00117724
0.00117724
0.00117724
0.00117724
0.00168381
0.00168381
0.00219946
0.00271578
0.00322907
0.00373846
0.00424451
0.00474841
0.00474841
0.00424451
0.00373846
0.00322907
0.00322907
0.00373846
0.00424451
0.00474841
0.00474841
0.00424451
0.00373846
0.00322907
0.00271578
0.00271578
0.00271578
0.00219946
0.00168381
0.00117724
0.00117724
0.000690715
0.000690715
0.000690714
0.000690714
0.000690715
0.000699539
0.00069954
0.000699539
0.000699537
0.000699532
0.000699519
0.000699487
0.000699417
0.000705597
0.000708707
0.000710029
0.000710104
0.000708784
0.000705673
0.000705708
0.000708819
0.000710138
0.000711048
0.000711015
0.000710941
0.000711807
0.00121484
0.00121473
0.00121531
0.00173065
0.00224323
0.00274862
0.00274864
0.00224329
0.00224331
0.00224325
0.00224311
0.00224284
0.00172976
0.00173035
0.0017307
0.00121543
0.00121572
0.0012156
0.00173081
0.00173086
0.00173089
0.00173073
0.00173038
0.00172979
0.00224285
0.00274851
0.0027486
0.00274859
0.00274863
0.00274864
0.00274864
0.00274863
0.00224326
0.00224312
0.00224312
0.00224285
0.00274851
0.0027486
0.00274863
0.00224326
0.00224332
0.00224332
0.00224332
0.00224331
0.00224329
0.00224326
0.00224318
0.00224304
0.00224276
0.00224271
0.00274848
0.00274857
0.00224299
0.00172997
0.00172938
0.00172951
0.00121346
0.00121322
0.00121407
0.00121434
0.00173012
0.00173049
0.00121497
0.00121469
0.00173033
0.00224313
0.0027486
0.00274862
0.0022432
0.00173054
0.0017307
0.00121537
0.00121508
0.00121451
0.00121413
0.00121354
0.00121274
0.00172908
0.00224259
0.00274845
0.00274837
0.00224234
0.00224259
0.00224286
0.00274854
0.00274845
0.00274848
0.00274857
0.00224299
0.00224272
0.00224279
0.00224306
0.00274859
0.0027485
0.00274811
0.00274809
0.00274806
0.00274797
0.00274756
0.00274584
0.00223839
0.00223588
0.00274408
0.00274584
0.00223839
0.0022409
0.00172655
0.00172372
0.00171627
0.00171365
0.00169955
0.00118929
0.00120032
0.00119504
0.00118491
0.0016939
0.00168356
0.00117683
0.00118491
0.0016939
0.00170683
0.00222253
0.00220988
0.00221526
0.00222899
0.00273898
0.00272829
0.00272998
0.00274074
0.00223143
0.00221751
0.00170189
0.00169955
0.00171366
0.00172098
0.00120598
0.00120798
0.00172372
0.00171627
0.00120216
0.00120032
0.00118929
0.00119091
0.00119151
0.00120277
0.00120868
0.00121102
0.00121205
0.00172857
0.00172909
0.00172965
0.00172999
0.00172941
0.0012133
0.00121277
0.00121161
0.00172799
0.00172752
0.00224161
0.00223911
0.00274628
0.00324866
0.00324962
0.00324965
0.00324871
0.00374943
0.00374941
0.00374777
0.00424897
0.00474971
0.00474915
0.0047491
0.0047481
0.00474797
0.00424314
0.00424354
0.00373678
0.00373606
0.00374295
0.00374357
0.00323828
0.00323877
0.00324561
0.00324574
0.00374785
0.00424901
0.00474972
0.00474918
0.00424718
0.00424707
0.00374388
0.00374408
0.00323907
0.00323927
0.00324582
0.00324873
0.00324966
0.00324966
0.00324875
0.00374945
0.00374945
0.00374789
0.00424904
0.00474973
0.00474921
0.00424726
0.00424732
0.00424906
0.00474973
0.00474922
0.00474836
0.00474833
0.00474827
0.00474819
0.00424383
0.00424407
0.00373771
0.0037373
0.00322745
0.0032267
0.00271286
0.00271134
0.00270842
0.00270299
0.00218433
0.00219083
0.00167544
0.00166908
0.00116628
0.00117111
0.00117387
0.0016791
0.00219445
0.00219629
0.00168086
0.00117502
0.00117559
0.00168183
0.00170286
0.00171719
0.00172463
0.00172507
0.00223937
0.00224185
0.00224198
0.00223951
0.00274645
0.0027464
0.00274149
0.00274128
0.00223224
0.00221846
0.0027307
0.00273112
0.00221899
0.00223259
0.00171765
0.00120321
0.00120916
0.00120957
0.00121208
0.00172828
0.00172535
0.00172553
0.00172846
0.0017296
0.00173019
0.0017303
0.00173065
0.00173081
0.0012156
0.00121531
0.00121543
0.00121572
0.00173086
0.0017307
0.00224325
0.00224323
0.00274862
0.00274864
0.00274864
0.00274863
0.00274859
0.00274859
0.0022431
0.00224282
0.00274851
0.00274851
0.00224284
0.00224311
0.00173035
0.00121484
0.00121473
0.00121386
0.00121365
0.00121241
0.00120988
0.0012039
0.0012036
0.00171797
0.00223279
0.00274162
0.0027314
0.00221934
0.00221956
0.00223292
0.00223959
0.00224205
0.00224208
0.00274812
0.00324966
0.00374991
0.00374946
0.00424976
0.00474994
0.00474999
0.00474999
0.00424996
0.00424977
0.00474994
0.00474974
0.00474974
0.00424906
0.00424735
0.00474923
0.00474924
0.00424736
0.00424907
0.00374795
0.00374794
0.00374792
0.00324586
0.00323941
0.00374431
0.00374422
0.00373801
0.00424424
0.00424436
0.00373821
0.00322872
0.00322844
0.00322802
0.00271453
0.00271382
0.00219736
0.00219812
0.00168252
0.00170344
0.00119197
0.00119238
0.00170384
0.00170411
0.00171818
0.0017183
0.00172563
0.00172857
0.00172971
0.00172976
0.00121398
0.00121404
0.0012149
0.00121548
0.00121577
0.00121577
0.00121548
0.0012149
0.00121492
0.00173039
0.0017298
0.0017298
0.00172866
0.00172574
0.00171842
0.00170444
0.0022198
0.00273177
0.00274177
0.00223305
0.00223305
0.00221981
0.00273177
0.00274177
0.00274651
0.00274651
0.00223967
0.00224211
0.00274812
0.00274812
0.00224211
0.00223967
0.00172574
0.00171843
0.00170444
0.00119314
0.00119313
0.00120433
0.00120433
0.0012103
0.00121029
0.00121282
0.00121283
0.00172867
0.00172867
0.00172574
0.00171843
0.00170444
0.00221981
0.00273177
0.00274177
0.00223305
0.00223305
0.00221981
0.00273177
0.00274177
0.00274651
0.00274651
0.00223967
0.00224211
0.00274812
0.00274812
0.00224211
0.00223967
0.00172574
0.00171843
0.00170444
0.00119314
0.00119314
0.00120433
0.00120433
0.0012103
0.0012103
0.00121283
0.00121283
0.00172867
0.00172981
0.0017298
0.0017298
0.00224285
0.00224285
0.00274851
0.0027486
0.00224312
0.00224312
0.0027486
0.00274851
0.00274851
0.00224285
0.00224312
0.0027486
0.00324987
0.00324987
0.00324985
0.00274851
0.00224285
0.00224312
0.0027486
0.00274863
0.00274863
0.00274863
0.00274863
0.00324988
0.00324988
0.00324988
0.00324988
0.00375
0.00425
0.00425
0.00475
0.00475
0.00475
0.00425
0.00425
0.00425
0.00425
0.00425
0.00475
0.00475
0.00425
0.00425
0.00425
0.00475
0.00475
0.00475
0.00475
0.00475
0.00475
0.00475
0.00475
0.00425
0.00425
0.00375
0.00375
0.00324987
0.00324985
0.00374999
0.00374999
0.00324985
0.00324987
0.00324988
0.00274863
0.00274863
0.00274864
0.00274864
0.00274864
0.00274864
0.00224332
0.00224326
0.00224326
0.00224332
0.00274864
0.00274864
0.00324988
0.00324988
0.00375
0.00375
0.00375
0.00375
0.00324988
0.00324988
0.00324988
0.00375
0.00375
0.00324988
0.00324987
0.00324987
0.00375
0.00425
0.00425
0.00475
0.00525
0.00525
0.00575
0.00575
0.00575
0.00575
0.00525
0.00525
0.00575
0.00575
0.00575
0.00575
0.00525
0.00525
0.00575
0.00575
0.00625
0.00675013
0.00675015
0.00625001
0.00625001
0.00625
0.00675013
0.00675015
0.00675015
0.00675013
0.0072514
0.00725149
0.00725188
0.00725188
0.00725188
0.00725188
0.00725188
0.00775789
0.00775789
0.00776033
0.00776033
0.00725349
0.00725823
0.00776695
0.00776695
0.00828157
0.00829556
0.00880686
0.00880686
0.00829556
0.00828157
0.00828157
0.00829556
0.00880686
0.00880686
0.00829556
0.00828157
0.00776695
0.00776695
0.00776033
0.00775789
0.00775789
0.00776033
0.00725349
0.00725349
0.00725823
0.00726823
0.00726823
0.00778019
0.00778019
0.00780055
0.00780055
0.00780055
0.00780057
0.00831621
0.00831624
0.00882281
0.00882278
0.00882277
0.0083162
0.00831619
0.00882276
0.00882276
0.00831619
0.00831619
0.00882276
0.00882276
0.00930929
0.00930929
0.00932207
0.00884511
0.00834437
0.0078274
0.00730448
0.00678357
0.00626826
0.00575849
0.00525242
0.00474759
0.00424151
0.00373174
0.00321643
0.00269552
0.0021726
0.00165563
0.00115489
0.00115489
0.00165563
0.0021726
0.00269552
0.00321643
0.00373174
0.00424151
0.00474759
0.00525242
0.0057585
0.00626826
0.00678357
0.00730448
0.0078274
0.00834437
0.00884511
0.00932207
0.00932207
0.00884511
0.00834437
0.0078274
0.00730448
0.00678357
0.00626826
0.0057585
0.00525242
0.00474759
0.00424151
0.00373174
0.00321643
0.00269552
0.0021726
0.00165563
0.00115489
0.00115489
0.00165563
0.0021726
0.00269552
0.00321643
0.00373174
0.00424151
0.00474759
0.00525241
0.00575849
0.00626826
0.00678357
0.00730448
0.0078274
0.00834437
0.00884511
0.00932207
0.00932207
0.00884511
0.00834437
0.0078274
0.00730448
0.00678357
0.00626826
0.00575849
0.00525241
0.00474759
0.00424151
0.00373174
0.00321643
0.00269552
0.0021726
0.00165563
0.00115489
0.00115489
0.00165563
0.0021726
0.00269552
0.00321643
0.00373174
0.00424151
0.00474759
0.00525241
0.00575849
0.00626826
0.00678357
0.00730448
0.0078274
0.00834437
0.00884511
0.00932207
0.00932207
0.00884511
0.00834437
0.0078274
0.00730448
0.00678357
0.00626826
0.00575849
0.00525241
0.00474759
0.00424151
0.00373174
0.00321643
0.00269552
0.0021726
0.00165563
0.00115489
0.00115489
0.00165563
0.0021726
0.00269552
0.00321643
0.00373174
0.00424151
0.00474759
0.00525241
0.00575849
0.00626826
0.00678357
0.00730448
0.0078274
0.00834437
0.00884511
0.00932207
0.00932207
0.00884511
0.00834437
0.0078274
0.00730448
0.00678357
0.00626826
0.00575849
0.00525242
0.00474759
0.00424151
0.00373174
0.00321643
0.00269552
0.0021726
0.00165563
0.00115489
0.00115489
0.00165563
0.0021726
0.00269552
0.00321643
0.00373174
0.00424151
0.00474759
0.00525242
0.00575849
0.00626826
0.00678357
0.00730448
0.0078274
0.00834437
0.00884511
0.00932207
0.00932207
0.00884511
0.00834437
0.0078274
0.00730448
0.00678357
0.00626826
0.0057585
0.00525242
0.00474759
0.00424151
0.00373174
0.00321643
0.00269552
0.0021726
0.00165563
0.00115489
0.00115489
0.00165563
0.0021726
0.00269552
0.00321643
0.00373174
0.00424151
0.00474759
0.00525242
0.0057585
0.00626826
0.00678357
0.00730448
0.0078274
0.00834437
0.00884511
0.00932207
0.00932207
0.00884511
0.00834437
0.0078274
0.00730448
0.00678357
0.00626826
0.0057585
0.00525242
0.00474759
0.00424151
0.00373174
0.00321643
0.00269552
0.0021726
0.00165563
0.00115489
0.00115489
0.00165563
0.0021726
0.00269552
0.00321643
0.00373174
0.00424151
0.00474759
0.00525242
0.0057585
0.00626826
0.00678357
0.00730448
0.0078274
0.00834437
0.00884511
0.00932207
0.00932207
0.00884511
0.00834437
0.0078274
0.00730448
0.00678357
0.00626826
0.0057585
0.00525242
0.00474759
0.00424151
0.00373174
0.00321643
0.00269552
0.0021726
0.00165563
0.00115489
0.00115489
0.00165563
0.0021726
0.00269552
0.00321643
0.00373174
0.00424151
0.00474759
0.00525242
0.0057585
0.00626826
0.00678357
0.00730448
0.0078274
0.00834437
0.00884511
0.00932207
0.00932207
0.00884511
0.00834437
0.0078274
0.00730448
0.00678357
0.00626826
0.0057585
0.00525242
0.00474759
0.00424151
0.00373174
0.00321643
0.00269552
0.0021726
0.00165563
0.00115489
0.00115489
0.00165563
0.0021726
0.00269552
0.00321643
0.00373174
0.00424151
0.00474759
0.00525242
0.0057585
0.00626826
0.00678357
0.00730448
0.0078274
0.00834437
0.00884511
0.00932207
0.00932207
0.00884511
0.00834437
0.0078274
0.00730448
0.00678357
0.00626826
0.0057585
0.00525242
0.00474759
0.00424151
0.00373174
0.00321643
0.00269552
0.0021726
0.00165563
0.00115489
0.00115489
0.00165563
0.0021726
0.00269552
0.00321643
0.00373174
0.00424151
0.00474759
0.00525242
0.0057585
0.00626826
0.00678357
0.00730448
0.0078274
0.00834437
0.00884511
0.00932207
0.00932207
0.00884511
0.00834437
0.0078274
0.00730448
0.00678357
0.00626826
0.0057585
0.00525242
0.00474759
0.00424151
0.00373174
0.00321643
0.00269552
0.0021726
0.00165563
0.00115489
0.00115489
0.00165563
0.0021726
0.00269552
0.00321643
0.00373174
0.00424151
0.00474759
0.00525241
0.00575849
0.00626826
0.00678357
0.00730448
0.0078274
0.00834437
0.00884511
0.00932207
0.00932207
0.00884511
0.00834437
0.0078274
0.00730448
0.00678357
0.00626826
0.00575849
0.00525241
0.00474758
0.00424151
0.00373174
0.00321643
0.00269552
0.0021726
0.00165563
0.00115489
0.00115489
0.00165563
0.0021726
0.00269552
0.00321643
0.00373174
0.00424151
0.00474758
0.00525241
0.00575849
0.00626826
0.00678357
0.00730448
0.0078274
0.00834437
0.00884511
0.00932207
0.00932207
0.00884511
0.00834437
0.0078274
0.00730448
0.00678357
0.00626826
0.00575849
0.00525241
0.00474758
0.0042415
0.00373174
0.00321643
0.00269552
0.0021726
0.00165563
0.00115489
0.00115489
0.00165563
0.0021726
0.00269552
0.00321643
0.00373174
0.0042415
0.00474758
0.00525241
0.00575849
0.00626826
0.00678357
0.00730448
0.0078274
0.00834437
0.00884511
0.00932207
0.00932207
0.00884511
0.00834437
0.0078274
0.00730448
0.00678357
0.00626826
0.00575849
0.00525241
0.00474758
0.0042415
0.00373174
0.00321643
0.00269552
0.0021726
0.00165563
0.00115489
0.00115489
0.00165563
0.0021726
0.00269552
0.00321643
0.00373174
0.0042415
0.00474758
0.00525241
0.00575849
0.00626826
0.00678357
0.00730448
0.0078274
0.00834437
0.00884511
0.00932207
0.00932207
0.00884511
0.00834437
0.0078274
0.00730448
0.00678357
0.00626826
0.00575849
0.00525241
0.00474758
0.0042415
0.00373174
0.00321643
0.00269552
0.0021726
0.00165563
0.00115489
0.00115489
0.00165563
0.0021726
0.00269552
0.00321643
0.00373174
0.0042415
0.00474758
0.00525241
0.00575849
0.00626826
0.00678357
0.00730448
0.0078274
0.00834437
0.00884511
0.00932207
0.00932207
0.00884511
0.00834437
0.0078274
0.00730448
0.00678357
0.00626826
0.00575849
0.00525241
0.00474758
0.00424151
0.00373174
0.00321643
0.00269552
0.0021726
0.00165563
0.00115489
0.00115489
0.00165563
0.0021726
0.00269552
0.00321643
0.00373174
0.00424151
0.00474758
0.00525241
0.00575849
0.00626826
0.00678357
0.00730448
0.0078274
0.00834437
0.00884511
0.00932207
0.00932207
0.00884511
0.00834437
0.0078274
0.00730448
0.00678357
0.00626826
0.00575849
0.00525241
0.00474759
0.00424151
0.00373174
0.00321643
0.00269552
0.0021726
0.00165563
0.00115489
0.00115489
0.00165563
0.0021726
0.00269552
0.00321643
0.00373174
0.00424151
0.00474759
0.00525242
0.00575849
0.00626826
0.00678357
0.00730448
0.0078274
0.00834437
0.00884511
0.00932207
0.00932207
0.00884511
0.00834437
0.0078274
0.00730448
0.00678357
0.00626826
0.0057585
0.00525242
0.00474759
0.00424151
0.00373174
0.00321643
0.00269552
0.0021726
0.00165563
0.00115489
0.00115489
0.00165563
0.0021726
0.00269552
0.00321643
0.00373174
0.00424151
0.00474759
0.00525242
0.00575849
0.00626826
0.00678357
0.00730448
0.0078274
0.00834437
0.00884511
0.00932207
0.00932207
0.00884511
0.00834437
0.0078274
0.00730448
0.00678357
0.00626826
0.00575849
0.00525241
0.00474759
0.00424151
0.00373174
0.00321643
0.00269552
0.0021726
0.00165563
0.00115489
0.00115489
0.00165563
0.0021726
0.00269552
0.00321643
0.00373174
0.00424151
0.00474759
0.00525241
0.00575849
0.00626826
0.00678357
0.00730448
0.0078274
0.00834437
0.00884511
0.00932207
0.00932207
0.00884511
0.00834437
0.0078274
0.00730448
0.00678357
0.00626826
0.00575849
0.00525241
0.00474759
0.00424151
0.00373174
0.00321643
0.00269552
0.0021726
0.00165563
0.00115489
0.00115489
0.00165563
0.0021726
0.00269552
0.00321643
0.00373174
0.00424151
0.00474758
0.00525241
0.00575849
0.00626826
0.00678357
0.00730448
0.0078274
0.00834437
0.00884511
0.00932207
0.00932207
0.00884511
0.00834437
0.0078274
0.00730448
0.00678357
0.00626826
0.00575849
0.00525241
0.00474758
0.0042415
0.00373174
0.00321643
0.00269552
0.0021726
0.00165563
0.00115489
0.00115489
0.00165563
0.0021726
0.00269552
0.00321643
0.00373174
0.0042415
0.00474758
0.00525241
0.00575849
0.00626826
0.00678357
0.00730448
0.0078274
0.00834437
0.00884511
0.00932207
0.00932207
0.00884511
0.00834437
0.0078274
0.00730448
0.00678357
0.00626826
0.00575849
0.00525241
0.00474758
0.0042415
0.00373174
0.00321643
0.00269552
0.0021726
0.00165563
0.00115489
0.00115489
0.00165563
0.0021726
0.00269552
0.00321643
0.00373174
0.0042415
0.00474758
0.00525241
0.00575849
0.00626826
0.00678357
0.00730448
0.0078274
0.00834437
0.00884511
0.00932207
0.00932207
0.00884511
0.00834437
0.0078274
0.00730448
0.00678357
0.00626826
0.00575849
0.00525241
0.00474758
0.0042415
0.00373174
0.00321643
0.00269552
0.0021726
0.00165563
0.00115489
0.00115489
0.00165563
0.0021726
0.00269552
0.00321643
0.00373174
0.00424151
0.00474759
0.00525241
0.00575849
0.00626826
0.00678357
0.00730448
0.0078274
0.00834437
0.00884511
0.00932207
0.00932207
0.00884511
0.00834437
0.0078274
0.00730448
0.00678357
0.00626826
0.00575849
0.00525241
0.00474759
0.00424151
0.00373174
0.00321643
0.00269552
0.0021726
0.00165563
0.00115489
0.00115489
0.00165563
0.0021726
0.00269552
0.00321643
0.00373174
0.00424151
0.00474759
0.00525242
0.00575849
0.00626826
0.00678357
0.00730448
0.0078274
0.00834437
0.00884511
0.00932207
0.00932207
0.00884511
0.00834437
0.0078274
0.00730448
0.00678357
0.00626826
0.00575849
0.00525242
0.00474759
0.00424151
0.00373174
0.00321643
0.00269552
0.0021726
0.00165563
0.00115489
0.00115489
0.00165563
0.0021726
0.00269552
0.00321643
0.00373174
0.00424151
0.00474759
0.00525242
0.0057585
0.00626826
0.00678357
0.00730448
0.0078274
0.00834437
0.00884511
0.00932207
0.00932207
0.00884511
0.00834437
0.0078274
0.00730448
0.00678357
0.00626826
0.0057585
0.00525242
0.00474759
0.00424151
0.00373174
0.00321643
0.00269552
0.0021726
0.00165563
0.00115489
0.00115489
0.00165563
0.0021726
0.00269552
0.00321643
0.00373174
0.00424151
0.00474759
0.00525242
0.0057585
0.00626826
0.00678357
0.00730448
0.0078274
0.00834437
0.00884511
0.00932207
0.00932207
0.00884511
0.00834437
0.0078274
0.00730448
0.00678357
0.00626826
0.0057585
0.00525242
0.00474759
0.00424151
0.00373174
0.00321643
0.00269552
0.0021726
0.00165563
0.00115489
0.00115489
0.00165563
0.0021726
0.00269552
0.00321643
0.00373174
0.00424151
0.00474759
0.00525242
0.0057585
0.00626826
0.00678357
0.00730448
0.0078274
0.00834437
0.00884511
0.00932207
0.00932207
0.00884511
0.00834437
0.0078274
0.00730448
0.00678357
0.00626826
0.0057585
0.00525242
0.00474759
0.00424151
0.00373174
0.00321643
0.00269552
0.0021726
0.00165563
0.00115489
0.00115489
0.00165563
0.0021726
0.00269552
0.00321643
0.00373174
0.00424151
0.00474759
0.00525242
0.0057585
0.00626826
0.00678357
0.00730448
0.0078274
0.00834437
0.00884511
0.00932207
0.00932207
0.00884511
0.00834437
0.0078274
0.00730448
0.00678357
0.00626826
0.0057585
0.00525242
0.00474759
0.00424151
0.00373174
0.00321643
0.00269552
0.0021726
0.00165563
0.00115489
0.00115489
0.00165563
0.0021726
0.00269552
0.00321643
0.00373174
0.00424151
0.00474759
0.00525242
0.0057585
0.00626826
0.00678357
0.00730448
0.0078274
0.00834437
0.00884511
0.00932207
0.00932207
0.00884511
0.00834437
0.0078274
0.00730448
0.00678357
0.00626826
0.0057585
0.00525242
0.00474759
0.00424151
0.00373174
0.00321643
0.00269552
0.0021726
0.00165563
0.00115489
0.00115489
0.00165563
0.0021726
0.00269552
0.00321643
0.00373174
0.00424151
0.00474759
0.00525242
0.0057585
0.00626826
0.00678357
0.00730448
0.0078274
0.00834437
0.00884511
0.00932207
0.00932207
0.00884511
0.00834437
0.0078274
0.00730448
0.00678357
0.00626826
0.0057585
0.00525242
0.00474759
0.00424151
0.00373174
0.00321643
0.00269552
0.0021726
0.00165563
0.00115489
0.00115489
0.00165563
0.0021726
0.00269552
0.00321643
0.00373175
0.00424151
0.00474759
0.00525242
0.0057585
0.00626826
0.00678357
0.00730448
0.0078274
0.00834437
0.00884511
0.00932207
0.00932207
0.00884511
0.00834437
0.0078274
0.00730448
0.00678357
0.00626826
0.0057585
0.00525242
0.00474759
0.00424151
0.00373175
0.00321643
0.00269552
0.0021726
0.00165563
0.00115489
0.00115489
0.00165563
0.0021726
0.00269552
0.00321643
0.00373174
0.00424151
0.00474759
0.00525242
0.0057585
0.00626826
0.00678357
0.00730448
0.0078274
0.00834437
0.00884511
0.00932207
0.00932207
0.00884511
0.00834437
0.0078274
0.00730448
0.00678357
0.00626826
0.0057585
0.00525242
0.00474759
0.00424151
0.00373174
0.00321643
0.00269552
0.0021726
0.00165563
0.00115489
0.00115488
0.00165563
0.00217259
0.00269551
0.00321643
0.00373174
0.00424151
0.00474759
0.00525242
0.0057585
0.00626826
0.00678358
0.00730449
0.00782741
0.00834437
0.00884512
0.00932207
0.00932207
0.00884512
0.00834438
0.00782741
0.00730449
0.00678358
0.00626826
0.0057585
0.00525242
0.00474759
0.0042415
0.00373174
0.00321642
0.00269551
0.00217259
0.00165562
0.00115488
0.00115487
0.00165561
0.00217257
0.00269549
0.00321641
0.00373173
0.0042415
0.00474759
0.00525242
0.0057585
0.00626827
0.00678359
0.00730451
0.00782743
0.00834439
0.00884513
0.00932208
0.00932209
0.00884515
0.00834443
0.00782747
0.00730455
0.00678362
0.00626829
0.00575852
0.00525242
0.00474758
0.00424149
0.00373171
0.00321638
0.00269545
0.00217253
0.00165557
0.00115485
0.00115479
0.0016555
0.00217245
0.00269537
0.00321631
0.00373166
0.00424146
0.00474757
0.00525243
0.00575854
0.00626834
0.00678369
0.00730463
0.00782755
0.0083445
0.00884521
0.00932212
0.00932218
0.00884531
0.00834464
0.00782772
0.0073048
0.00678384
0.00626844
0.0057586
0.00525245
0.00474755
0.0042414
0.00373156
0.00321616
0.0026952
0.00217228
0.00165536
0.00115469
0.00115452
0.00165511
0.00217198
0.00269489
0.0032159
0.00373137
0.00424129
0.00474752
0.00525249
0.00575871
0.00626864
0.0067841
0.00730511
0.00782802
0.00834489
0.00884548
0.00932229
0.00932246
0.00884575
0.00834529
0.00782853
0.00730564
0.00678456
0.00626897
0.00575891
0.00525255
0.00474745
0.00424109
0.00373103
0.00321544
0.00269436
0.00217147
0.00165471
0.00115425
0.00115389
0.00165413
0.0021707
0.00269355
0.00321473
0.00373052
0.0042408
0.00474736
0.00525264
0.0057592
0.00626948
0.00678527
0.00730645
0.0078293
0.00834587
0.00884611
0.00932268
0.00932282
0.00884653
0.00834664
0.00783033
0.00730754
0.00678621
0.00627017
0.00575961
0.00525278
0.00474723
0.00424039
0.00372983
0.00321379
0.00269246
0.00216967
0.00165336
0.00115347
0.00115304
0.00165247
0.00216845
0.00269118
0.00321267
0.00372901
0.00423991
0.00474707
0.00525293
0.00576009
0.00627099
0.00678733
0.00730882
0.00783155
0.00834753
0.00884696
0.00932301
0.00932284
0.0088474
0.00834848
0.00783284
0.00731019
0.00678855
0.0062719
0.00576064
0.00525312
0.00474689
0.00423936
0.0037281
0.00321145
0.00268981
0.00216716
0.00165152
0.0011526
0.00115215
0.00165052
0.00216576
0.00268828
0.00321007
0.00372705
0.00423872
0.00474668
0.00525333
0.00576128
0.00627295
0.00678993
0.00731172
0.00783424
0.00834948
0.00884785
0.00932309
0.00932267
0.00884825
0.00835065
0.00783603
0.00731372
0.00679171
0.00627425
0.00576204
0.00525357
0.00474644
0.00423797
0.00372575
0.00320829
0.00268628
0.00216397
0.00164935
0.00115175
0.00115062
0.00164711
0.00216116
0.00268338
0.00320618
0.00372441
0.00423733
0.00474625
0.00525375
0.00576267
0.00627559
0.00679382
0.00731662
0.00783884
0.00835289
0.00884938
0.009323
0.00931815
0.00931489
0.00931226
0.00931093
0.00931063
0.00931053
0.00931028
0.00930996
0.00930968
0.00930949
0.00930938
0.00930932
0.0093093
0.00930929
0.00930929
0.00930929
0.00930929
0.00930929
0.00930929
0.00930929
0.00930929
0.00930929
0.00930929
0.00930929
0.00930929
0.00930929
0.00930929
0.00930929
0.00930929
0.00930929
0.00930929
0.00930929
0.00930929
0.00930929
0.00930929
0.00930929
0.00930929
0.00930929
0.00930929
0.00930929
0.00930929
0.00930929
0.00930929
0.00930929
0.00930929
0.00930929
0.00930929
0.00930929
0.00930929
0.00930929
0.00930929
0.00930929
0.00930929
0.00930929
0.00930929
0.00930929
0.00930929
0.00930929
0.00930929
0.00930929
0.00930929
0.00930929
0.00930929
0.00930929
0.00930929
0.00930929
0.00930929
0.00930929
0.00930929
0.00930929
0.00930929
0.00930929
0.00930929
0.00930929
0.00930929
0.00930929
0.00930929
0.00930929
0.00930929
0.00882276
0.00882276
0.00831619
0.00831619
0.00780054
0.00780054
0.00728422
0.00728422
0.00728422
0.00728422
0.00728424
0.00677095
0.00677097
0.00677102
0.00677111
0.00626167
0.0062616
0.00575553
0.00575557
0.00525161
0.00525164
0.00525167
0.0052516
0.00525159
0.00575551
0.00626157
0.00626155
0.0057555
0.00525159
0.00525075
0.00525026
0.00525006
0.00525006
0.00525001
0.00525001
0.00575004
0.00625009
0.00625009
0.00675034
0.00675124
0.00625054
0.00625054
0.00675124
0.00675034
0.00675034
0.00625009
0.00625054
0.00675124
0.00675124
0.00675034
0.00625009
0.00625054
0.00575023
0.00575023
0.00575023
0.00575023
0.00575093
0.00625204
0.00675408
0.00676043
0.00625558
0.00625558
0.00625204
0.00675408
0.00676043
0.00676043
0.00675408
0.00625204
0.00625558
0.00625558
0.00625204
0.00675408
0.00676043
0.00677093
0.00677093
0.00677094
0.00677094
0.00626155
0.00626155
0.00575549
0.0057555
0.00575262
0.00525075
0.00525026
0.00525026
0.00525006
0.00525006
0.00525001
0.00575004
0.00575004
0.00525001
0.00525006
0.00525026
0.00525026
0.00575092
0.00575092
0.00575262
0.00525075
0.00525075
0.00575262
0.00575262
0.00575092
0.00575092
0.00575023
0.00575004
0.00625009
0.00675034
0.00675124
0.00625054
0.00625054
0.00625009
0.00675034
0.00675124
0.00675408
0.00675408
0.00625204
0.00625558
0.00676043
0.00676043
0.00726823
0.00725823
0.00725823
0.00725349
0.00776033
0.00775789
0.00775789
0.00827133
0.00827426
0.0087897
0.0087897
0.00827426
0.00827133
0.00827133
0.00827019
0.0082696
0.00775688
0.00775688
0.0072514
0.00725149
0.00775715
0.00775715
0.00725149
0.0072514
0.0072514
0.00725137
0.00725136
0.00775668
0.00775674
0.00775674
0.00775674
0.00775668
0.00725136
0.00725137
0.0072514
0.00775688
0.00775688
0.0082696
0.00827019
0.00878592
0.00878592
0.00878592
0.00827019
0.0082696
0.0082696
0.00827019
0.00878592
0.00878592
0.00827019
0.0082696
0.00775688
0.00775688
0.00775674
0.00775668
0.00725136
0.00725137
0.00725137
0.00725136
0.00775668
0.00775674
0.00775674
0.00775668
0.00725136
0.00725137
0.00725137
0.00725136
0.00775668
0.00775674
0.00775688
0.00775688
0.0082696
0.00827019
0.00878592
0.00878592
0.00827019
0.0082696
0.0082696
0.00827019
0.00878592
0.00878592
0.00827019
0.0082696
0.00826926
0.00826909
0.00775668
0.00775668
0.00725136
0.00725137
0.00775674
0.00775674
0.00725137
0.00725136
0.00725136
0.00775668
0.00826909
0.00826926
0.00878448
0.00878448
0.00878448
0.00826926
0.00826909
0.00775668
0.00725136
0.00725136
0.00725136
0.00725137
0.0072514
0.00725149
0.00775715
0.00775688
0.00775688
0.00775715
0.00725149
0.0072514
0.00725137
0.00775674
0.00775674
0.00775668
0.00826909
0.00826909
0.00775668
0.00725136
0.00725136
0.00725137
0.0072514
0.00725149
0.00725188
0.00725349
0.00725349
0.00725188
0.00775789
0.00775715
0.00775715
0.00827019
0.0082696
0.00878506
0.00878506
0.0082696
0.00827019
0.00827019
0.0082696
0.00878506
0.00878506
0.0082696
0.00827019
0.00775715
0.00775715
0.00775789
0.00776033
0.00776695
0.00778019
0.00726823
0.00725823
0.00725823
0.00726823
0.00778019
0.00776695
0.00776033
0.00725349
0.00725349
0.00725188
0.00725188
0.00775789
0.00775789
0.00776033
0.00776695
0.00778019
0.00726823
0.00725823
0.00725823
0.00726823
0.00778019
0.00776695
0.00776033
0.00725349
0.00725349
0.00725188
0.00725188
0.00775789
0.00775715
0.00775715
0.00827019
0.0082696
0.00878506
0.00878506
0.0082696
0.00827019
0.00827019
0.00827133
0.00827426
0.00828157
0.00829556
0.00829556
0.00880686
0.00879567
0.00828157
0.00776695
0.00776695
0.00778019
0.00726823
0.00725823
0.00725823
0.00726823
0.00778019
0.00778019
0.00829556
0.00880686
0.00879567
0.00828157
0.00828157
0.00829556
0.00880686
0.00879567
0.0087897
0.0087897
0.0087897
0.00827426
0.00827133
0.00878717
0.00878717
0.00827133
0.00827426
0.00827426
0.00827133
0.00878717
0.00878592
0.00878592
0.00878592
0.00878592
0.00878506
0.0082696
0.0082696
0.00827019
0.00775715
0.00775715
0.00775789
0.00776033
0.00725349
0.00725188
0.00725188
0.00725349
0.00776033
0.00775789
0.00775789
0.00776033
0.00776695
0.00725823
0.00726823
0.00726823
0.00778019
0.00776695
0.00725823
0.00725349
0.00725349
0.00725188
0.00725188
0.00775789
0.00776033
0.00776033
0.00776695
0.00778019
0.00780054
0.00831619
0.00831619
0.00780054
0.00728422
0.00728422
0.00677093
0.00677093
0.00626154
0.00626154
0.00626154
0.00575549
0.00575549
0.00525159
0.00525159
0.00525159
0.00575549
0.00575549
0.00525159
0.00525159
0.00575549
0.00626154
0.00626154
0.00677093
0.00677093
0.00728422
0.00780054
0.00831619
0.00831619
0.00780054
0.00728422
0.00677093
0.00626154
0.00626154
0.00575549
0.00575549
0.00525159
0.00525159
0.00525159
0.00575549
0.00575262
0.00575262
0.00575262
0.00575262
0.00575262
0.00575262
0.00575262
0.00575262
0.00625558
0.00625558
0.00625558
0.00625558
0.00625558
0.00625558
0.00625558
0.00676043
0.00675408
0.00625204
0.00625204
0.00675408
0.00676043
0.00676043
0.00675408
0.00625204
0.00625204
0.00675408
0.00676043
0.00676043
0.00675408
0.00625204
0.00625204
0.00675408
0.00676043
0.00676043
0.00675408
0.00625204
0.00625204
0.00625558
0.00676043
0.00675408
0.00675124
0.00675124
0.00675124
0.00675124
0.00675124
0.00675124
0.00675124
0.00675124
0.00675124
0.00675124
0.00625054
0.00625009
0.00675034
0.00675034
0.00625009
0.00625054
0.00575023
0.00525006
0.00525001
0.00575004
0.00575004
0.00575
0.00625001
0.00675015
0.00675013
0.00625
0.00625
0.00625001
0.00675015
0.00675013
0.00675012
0.00675012
0.00625
0.00625
0.00625
0.00575
0.00575
0.00575
0.00575
0.00575
0.00575
0.00575
0.00575
0.00575
0.00575
0.00575
0.00575
0.00625
0.00675012
0.00675012
0.00675012
0.00625
0.00625
0.00575
0.00575
0.00525
0.00525
0.00525
0.00525
0.00525
0.00575
0.00625
0.00625
0.00675012
0.00675012
0.00675012
0.00675012
0.00625
0.00625
0.00575
0.00525
0.00525
0.00525
0.00525
0.00575
0.00625
0.00625
0.00675012
0.00675012
0.00675012
0.00675012
0.00625
0.00625
0.00575
0.00525
0.00525
0.00525
0.00525
0.00575
0.00625
0.00625
0.00675012
0.00675012
0.00675012
0.00675012
0.00625
0.00625
0.00575
0.00525
0.00525
0.00525
0.00525
0.00575
0.00625
0.00625
0.00675012
0.00675012
0.00675012
0.00675012
0.00625
0.00625
0.00575
0.00525
0.00525
0.00525
0.00525
0.00575
0.00625
0.00625
0.00675012
0.00675012
0.00725137
0.00775674
0.00775674
0.00725137
0.0072514
0.0072514
0.0072514
0.0072514
0.0072514
0.0072514
0.0072514
0.0072514
0.00725149
0.00725149
0.00725149
0.00775715
0.00775715
0.00775789
0.00775789
0.00775789
0.00775789
0.00725188
0.00725349
0.00725349
0.00776033
0.00776695
0.00776695
0.00828157
0.00829556
0.00880686
0.00880686
0.00829556
0.00828157
0.00828157
0.00829556
0.00880686
0.00880686
0.00829556
0.00828157
0.00827426
0.0087897
0.0087897
0.00827426
0.00827133
0.00827133
0.00827426
0.0087897
0.0087897
0.00878717
0.00928984
0.00929116
0.00929116
0.00928984
0.00928984
0.00929116
0.00929116
0.00928984
0.00928984
0.00929116
0.00929116
0.00928984
0.00928984
0.00929116
0.00929116
0.00928984
0.00878717
0.00878717
0.00878717
0.00878717
0.00878717
0.00878717
0.00878717
0.00827133
0.00827133
0.00827426
0.00827426
0.0087897
0.00879567
0.00879567
0.00929427
0.00929427
0.00929427
0.00929427
0.00929427
0.00929427
0.00929427
0.00929427
0.00879567
0.00879567
0.00879567
0.00879567
0.00879567
0.00879567
0.0087897
0.00827426
0.00827133
0.00827133
0.00827426
0.0087897
0.0087897
0.00827426
0.00827133
0.00827133
0.00827426
0.0087897
0.0087897
0.00827426
0.00827133
0.00827019
0.0082696
0.0082696
0.00827019
0.00878592
0.00878592
0.00878592
0.00878506
0.00878448
0.00878419
0.00928705
0.0092874
0.0092874
0.00928705
0.00928705
0.0092874
0.0092874
0.00928705
0.00928705
0.0092874
0.0092874
0.00928705
0.00928705
0.0092874
0.0092874
0.00928705
0.00878419
0.00878419
0.00878419
0.00878419
0.00878419
0.00878419
0.00878419
0.00826909
0.00826909
0.00826926
0.00826926
0.00878448
0.00878506
0.00928807
0.00928807
0.00928893
0.00928893
0.00928893
0.00928807
0.00928807
0.00928893
0.00928984
0.00928984
0.00928984
0.00928984
0.00929116
0.00929116
0.00929427
0.00929427
0.00879567
0.0087897
0.0087897
0.00827426
0.00827133
0.00775789
0.00775789
0.00775789
0.00775789
0.00775789
0.00775789
0.00775789
0.00775789
0.00775715
0.00775715
0.00725149
0.00725149
0.00775715
0.00775715
0.00725149
0.00675015
0.00675015
0.00675015
0.00675015
0.00675015
0.00675015
0.00675015
0.00675015
0.00675013
0.00625
0.00625
0.00625001
0.00575
0.00575
0.00575
0.00525
0.00525
0.00525
0.00525
0.00575
0.00575
0.00525
0.00525
0.00575
0.00625001
0.00625001
0.00625
0.00675013
0.00675013
0.00625
0.00625001
0.00625001
0.00625
0.00675013
0.00675013
0.00625
0.00625001
0.00625001
0.00625
0.00675013
0.00675013
0.00625
0.00625001
0.00625001
0.00625
0.00675013
0.00675013
0.00625
0.00625001
0.00675015
0.00725149
0.00775715
0.00775688
0.00775688
0.00775715
0.00725149
0.00725149
0.00775715
0.00775688
0.00775688
0.00775715
0.00725149
0.00675015
0.00675015
0.00675015
0.00675013
0.00625
0.00625001
0.00575
0.00575
0.00575
0.00575
0.00575
0.00575
0.00575
0.00575
0.00575
0.00575
0.00525
0.00525
0.00525
0.00525
0.00575
0.00575
0.00525
0.00525
0.00525001
0.00525001
0.00525001
0.00525001
0.00525001
0.00525001
0.00525001
0.00525001
0.00525006
0.00525006
0.00575023
0.00575004
0.00575004
0.00625009
0.00675034
0.00675124
0.00625054
0.00625054
0.00625009
0.00675034
0.00675124
0.00675408
0.00675408
0.00625204
0.00625204
0.00625558
0.00575262
0.00575262
0.00525075
0.00525075
0.00525159
0.00525159
0.00525159
0.00525159
0.00474841
0.00474841
0.00474841
0.0047484
0.00474839
0.00424443
0.00424447
0.00373839
0.00373833
0.00374436
0.00323948
0.00324589
0.00324875
0.00324876
0.00324966
0.00374991
0.00374946
0.00374946
0.00374991
0.00424996
0.00474999
0.00474994
0.00424977
0.00424977
0.00424996
0.00474999
0.00474994
0.00474974
0.00474974
0.00424907
0.00424737
0.00474924
0.00474925
0.00424738
0.00424907
0.00374796
0.00374795
0.00324591
0.0032459
0.00323953
0.00374439
0.00374441
0.00323955
0.00323956
0.00324592
0.00324876
0.00324876
0.00324966
0.00324966
0.00374991
0.00374946
0.00374946
0.00374991
0.00374999
0.00324985
0.00324985
0.00374999
0.00375
0.00425
0.00425
0.00475
0.00475
0.00475
0.00475
0.00475
0.00425
0.00425
0.00425
0.00425
0.00425
0.00425
0.00475
0.00475
0.00475
0.00475
0.00474999
0.00474994
0.00474974
0.00474925
0.00424738
0.00424908
0.00424908
0.00424738
0.00474925
0.00474974
0.00474994
0.00424977
0.00424977
0.00424996
0.00424996
0.00474999
0.00474999
0.00474994
0.00474974
0.00474925
0.00424738
0.00424908
0.00424908
0.00424738
0.00474925
0.00474974
0.00474994
0.00424977
0.00424977
0.00424996
0.00424996
0.00474999
0.00475
0.00475
0.00475
0.00425
0.00425
0.00425
0.00425
0.00475
0.00475
0.00425
0.00425
0.00425
0.00425
0.00375
0.00375
0.00375
0.00375
0.00324988
0.00324988
0.00274864
0.00224332
0.00224332
0.00224326
0.00224326
0.00173074
0.00173074
0.00173074
0.00173074
0.00173074
0.0012155
0.00121579
0.0017309
0.0017309
0.0012158
0.00121551
0.00121493
0.00121407
0.00121408
0.00121494
0.0017304
0.0017304
0.0017304
0.00121494
0.00121408
0.00121408
0.00121494
0.0017304
0.0017304
0.00172981
0.00172867
0.00172574
0.00171843
0.00170444
0.00221981
0.00273177
0.00323957
0.00324592
0.00324592
0.00323957
0.00374442
0.00374796
0.00374946
0.00324876
0.00324876
0.00324966
0.00324966
0.00374991
0.00374991
0.00374946
0.00374796
0.00374442
0.00323957
0.00324592
0.00324592
0.00323957
0.00374442
0.00374796
0.00374946
0.00324876
0.00324876
0.00324966
0.00324966
0.00374991
0.00374999
0.00374999
0.00374999
0.00374999
0.00324985
0.00324987
0.00375
0.00375
0.00324987
0.00324985
0.00324985
0.00324987
0.00375
0.00425
0.00425
0.00425
0.00425
0.00475
0.00475
0.00475
0.00425
0.00425
0.00425
0.00425
0.00475
0.00475
0.00475
0.00475
0.00474999
0.00474994
0.00474974
0.00474925
0.00424738
0.00424908
0.00424908
0.00424738
0.00474925
0.00474974
0.00474994
0.00424977
0.00424977
0.00424996
0.00424996
0.00474999
0.00474999
0.00474994
0.00474974
0.00474925
0.00424738
0.00424908
0.00424908
0.00424738
0.00474925
0.00474974
0.00474994
0.00424977
0.00424977
0.00424996
0.00424996
0.00474999
0.00475
0.00475
0.00475
0.00425
0.00425
0.00425
0.00425
0.00475
0.00475
0.00425
0.00425
0.00425
0.00425
0.00375
0.00375
0.00375
0.00375
0.00375
0.00375
0.00375
0.00324988
0.00324988
0.00324988
0.00324988
0.00324988
0.00324988
0.00324988
0.00324988
0.00324987
0.00324985
0.00274851
0.00274851
0.00274851
0.00274851
0.00274812
0.00274651
0.00274177
0.00223305
0.00223305
0.00221981
0.00273177
0.00274177
0.00274651
0.00223967
0.00223967
0.00224211
0.00224211
0.00274812
0.00274812
0.00274651
0.00274177
0.00273177
0.00221981
0.00223305
0.00223305
0.00221981
0.00273177
0.00274177
0.00274651
0.00223967
0.00223967
0.00224211
0.00224211
0.00274812
0.00274812
0.00274651
0.00274177
0.00273177
0.00323957
0.00374442
0.00374796
0.00324592
0.00324592
0.00323957
0.00374442
0.00374796
0.00374946
0.00374946
0.00324876
0.00324966
0.00374991
0.00374991
0.00324966
0.00324876
0.00324876
0.00324592
0.00323957
0.00374442
0.00374796
0.00374796
0.00374442
0.00323957
0.00324592
0.00324876
0.00374946
0.00374946
0.00374991
0.00324966
0.00324966
0.00374991
0.00374999
0.00374999
0.00374999
0.00374999
0.00324985
0.00324987
0.00375
0.00375
0.00375
0.00375
0.00324988
0.00324988
0.00324988
0.00324988
0.00324987
0.00324985
0.00324985
0.00324987
0.00375
0.00375
0.00375
0.00375
0.00425
0.00425
0.00425
0.00425
0.00425
0.00475
0.00475
0.00475
0.00475
0.00425
0.00425
0.00425
0.00375
0.00324988
0.00324988
0.00324988
0.00324987
0.00324985
0.00274851
0.00274851
0.00274851
0.00274851
0.00224285
0.00224285
0.00224285
0.00224285
0.00224285
0.00224312
0.0027486
0.0027486
0.00224312
0.0017304
0.00172981
0.00172867
0.00172574
0.00171843
0.00170444
0.00119314
0.00119314
0.00120433
0.00120433
0.0012103
0.0012103
0.00121283
0.00121283
0.00121283
0.0012103
0.00120433
0.00119314
0.00170444
0.00171843
0.00171843
0.00170444
0.00119314
0.00120433
0.0012103
0.00172574
0.00172574
0.00172867
0.00172867
0.00121283
0.00121408
0.00121408
0.00121408
0.00121408
0.00121494
0.00121494
0.00121552
0.00121552
0.00121552
0.00121552
0.00121552
0.00121581
0.0017309
0.00173091
0.00121581
0.00121581
0.00173091
0.00173091
0.00173074
0.00224326
0.00274863
0.00274864
0.00224332
0.00224332
0.00224326
0.00274863
0.00274864
0.00274864
0.00274863
0.0027486
0.00224312
0.00224312
0.0027486
0.00274863
0.00224326
0.00224326
0.00224332
0.00224332
0.00274864
0.00274864
0.00274863
0.0027486
0.00224312
0.00224312
0.00224285
0.00224211
0.00224211
0.00223967
0.00223305
0.00221981
0.00221981
0.00273177
0.00274177
0.00223305
0.00171843
0.00171843
0.00170444
0.00119314
0.00120433
0.00120433
0.00119314
0.00170444
0.00170444
0.00168381
0.00219946
0.00219946
0.00168381
0.00117724
0.00117724
0.000690714
0.000690714
0.000699539
0.000699539
0.000699539
0.000699539
0.000699539
0.000705731
0.000705731
0.000705731
0.000705731
0.000705729
0.000705723
0.000708834
0.000710152
0.000710158
0.000708839
0.000708841
0.000710159
0.00071016
0.000708842
0.000708842
0.00071016
0.00071016
0.000708842
0.000708842
0.000705731
0.000705731
0.000708842
0.00071016
0.00071016
0.000711068
0.000711068
0.000711068
0.000711068
0.000711067
0.000711066
0.000711061
0.000711923
0.00071191
0.000711879
0.000712551
0.000712481
0.000712836
0.000712685
0.000712686
0.000712392
0.000711888
0.000711149
0.00071026
0.000709346
0.000708033
0.000704942
0.000698809
0.000698615
0.000704734
0.000704414
0.00069832
0.000698097
0.000704169
0.000707085
0.000707429
0.000707803
0.000709084
0.000708627
0.000708131
0.000707714
0.000706881
0.000704089
0.000698031
0.000697583
0.000703581
0.000701056
0.000695434
0.000695435
0.000697585
0.000703583
0.000706256
0.000706886
0.000704096
0.000698037
0.000698115
0.000704188
0.000707104
0.000708144
0.000708773
0.000709422
0.000709963
0.000710824
0.000710215
0.000709453
0.000710067
0.000710895
0.000711545
0.00071204
0.000711371
0.000710514
0.000709612
0.000709201
0.000708672
0.000707479
0.000704466
0.000698366
0.000698727
0.000704857
0.000707926
0.000708302
0.000705206
0.000699053
0.0011927
0.0011768
0.00117648
0.00117606
0.00168303
0.00219866
0.00271504
0.00271537
0.00273157
0.00274169
0.00274648
0.0027465
0.00223963
0.00223965
0.0022421
0.00274812
0.0027465
0.00274175
0.00274173
0.00223298
0.00221968
0.00273167
0.00273172
0.00221975
0.00223302
0.00171837
0.00172569
0.00172862
0.00121273
0.00121261
0.00121008
0.00121019
0.00120422
0.00120411
0.00119291
0.00170427
0.00170436
0.00119303
0.00119309
0.00120428
0.00121025
0.00121279
0.00172865
0.00172979
0.00173038
0.00173073
0.00173089
0.0017309
0.00224332
0.00224326
0.00224326
0.00224312
0.0027486
0.00274851
0.00224285
0.00224285
0.00224312
0.0027486
0.00274851
0.00274812
0.00274812
0.0022421
0.00223966
0.00274651
0.00274651
0.00223967
0.00224211
0.00172866
0.0017298
0.00173039
0.00173074
0.0012155
0.00121579
0.0012158
0.0017309
0.00224332
0.00274864
0.00274863
0.00224326
0.00224326
0.00224332
0.00274864
0.00274863
0.0027486
0.0027486
0.00224312
0.00224285
0.00274851
0.00274851
0.00224285
0.00224312
0.0017304
0.0017304
0.00173074
0.00121551
0.00121552
0.00121581
0.0017309
0.00173074
0.00173074
0.00173091
0.00224332
0.00274864
0.00324988
0.00375
0.00375
0.00324988
0.00324988
0.00324988
0.00375
0.00375
0.00375
0.00375
0.00425
0.00425
0.00425
0.00425
0.00475
0.00475
0.00475
0.00475
0.00425
0.00425
0.00475
0.00475
0.00475
0.00425
0.00425
0.00375
0.00375
0.00375
0.00324988
0.00324988
0.00324988
0.00324988
0.00375
0.00375
0.00425
0.00475
0.00475
0.00425
0.00425
0.00425
0.00475
0.00475
0.00475
0.00475
0.00475
0.00475
0.00425
0.00425
0.00475
0.00475
0.00474999
0.00474999
0.00474999
0.00474999
0.00424996
0.00424977
0.00474994
0.00474994
0.00424977
0.00424996
0.00374991
0.00324966
0.00324966
0.00324876
0.00324876
0.00374946
0.00374796
0.00374796
0.00424907
0.00474974
0.00474925
0.00424738
0.00424738
0.00424908
0.00474974
0.00474925
0.00474925
0.00474974
0.00474994
0.00424977
0.00424996
0.00424996
0.00424977
0.00474994
0.00474974
0.00424908
0.00424908
0.00424738
0.00424738
0.00474925
0.00474841
0.00474841
0.00474841
0.0042445
0.0042445
0.0042445
0.00424449
0.00373843
0.00322903
0.00322898
0.00322889
0.00271557
0.00219923
0.00219902
0.00168337
0.00168358
0.00117701
0.00117713
0.0016837
0.00219935
0.00271568
0.00271574
0.00273175
0.00274176
0.00223304
0.00221978
0.0022198
0.00223304
0.00274177
0.00273177
0.00273177
0.00274177
0.00274651
0.00274812
0.00224211
0.00223967
0.00223967
0.00224211
0.00274812
0.00274651
0.00274177
0.00324592
0.00324592
0.00323957
0.00374442
0.00374442
0.00373844
0.00322905
0.00271576
0.00219944
0.00219941
0.00168376
0.00170441
0.0017184
0.00172572
0.00172573
0.00121028
0.00121281
0.00121406
0.00121492
0.00121493
0.00121407
0.0017298
0.0017298
0.00121408
0.00121494
0.00121494
0.00121552
0.00121581
0.00121581
0.00173091
0.00224332
0.00274864
0.00274863
0.00274863
0.00224326
0.00224326
0.00173074
0.00121552
0.00121494
0.0017304
0.0017304
0.00224312
0.0027486
0.00324987
0.00324985
0.00374999
0.00374999
0.00324985
0.00324987
0.0027486
0.00224312
0.00224285
0.00224285
0.00274851
0.00274851
0.00274812
0.00274812
0.00324966
0.00374991
0.00374946
0.00324876
0.00324876
0.00324966
0.00374991
0.00374946
0.00374796
0.00374796
0.00324592
0.00323957
0.00323957
0.00374442
0.00374442
0.00374442
0.00323957
0.00324592
0.00274177
0.00274177
0.00274651
0.00223967
0.00224211
0.00224211
0.00223967
0.00274651
0.00274651
0.00274812
0.00274851
0.0027486
0.00274863
0.00274864
0.00224332
0.00224326
0.00224326
0.00224332
0.00274864
0.00274863
0.0027486
0.00324987
0.00324987
0.00375
0.00374999
0.00324985
0.00324985
0.00374999
0.00375
0.00425
0.00425
0.00475
0.00475
0.00425
0.00425
0.00425
0.00425
0.00475
0.00474999
0.00474999
0.00474999
0.00474999
0.00424996
0.00424977
0.00474994
0.00474994
0.00424977
0.00424996
0.00374991
0.00374991
0.00324966
0.00324876
0.00374946
0.00374946
0.00324876
0.00324966
0.00324966
0.00324985
0.00324987
0.00324988
0.00324988
0.00324988
0.00375
0.00375
0.00375
0.00375
0.00374999
0.00374999
0.00375
0.00324987
0.00324988
0.00274863
0.00274863
0.00274864
0.00224332
0.00224326
0.00224326
0.00224332
0.00274864
0.00274864
0.00324988
0.00375
0.00425
0.00475
0.00475
0.00425
0.00425
0.00425
0.00475
0.00475
0.00475
0.00475
0.00425
0.00425
0.00475
0.00475
0.00425
0.00425
0.00375
0.00375
0.00375
0.00324988
0.00324988
0.00324988
0.00375
0.00375
0.00375
0.00375
0.00425
0.00475
0.00475
0.00425
0.00425
0.00425
0.00475
0.00475
0.00475
0.00475
0.00425
0.00425
0.00475
0.00475
0.00425
0.00425
0.00375
0.00375
0.00324987
0.00324987
0.00324987
0.00324985
0.00324985
0.00274851
0.00274851
0.00274851
0.00224285
0.00224285
0.00224312
0.00224312
0.0017304
0.0017304
0.00173074
0.00173091
0.00121581
0.00121581
0.00121581
0.00173091
0.00173074
0.00173074
0.0017304
0.00172981
0.00172981
0.0017304
0.00121494
0.00121494
0.00121552
0.00121581
0.00173091
0.00173091
0.00173074
0.00121552
0.00121581
0.00121581
0.00121552
0.00121494
0.00121408
0.00121283
0.0012103
0.00172574
0.00172867
0.00172867
0.00172574
0.00223967
0.00274651
0.00274812
0.00274812
0.00274651
0.00274177
0.00273177
0.00221981
0.00223305
0.00223305
0.00221981
0.00273177
0.00274177
0.00274651
0.00223967
0.00223967
0.00224211
0.00224211
0.00274812
0.00274812
0.00274651
0.00274177
0.00273177
0.00271578
0.00322907
0.00373846
0.00424451
0.00474841
0.00474841
0.00424451
0.00373846
0.00322907
0.00322907
0.00373846
0.00424451
0.00474841
0.00474841
0.00424451
0.00373846
0.00322907
0.00271578
0.00271578
0.00271578
0.00219946
0.00219946
0.00168381
0.00117724
0.00117724
0.00168381
0.00168381
0.00219946
0.00219946
0.00168381
0.00117724
0.00117724
0.000690714
0.000690715
0.000690715
0.000690714
0.000699539
0.000699539
0.00119314
0.00120433
0.00171843
0.00171843
0.00170444
0.00119314
0.00120433
0.0012103
0.0012103
0.0012103
0.00121283
0.00121283
0.00172867
0.00172574
0.00172574
0.00172867
0.00121283
0.00121408
0.00121408
0.00121408
0.00172981
0.00172981
0.0017304
0.0017304
0.00121494
0.00121552
0.00173074
0.00173074
0.00224326
0.00224332
0.00224332
0.00224326
0.00274863
0.0027486
0.0027486
0.00224312
0.00224285
0.00224285
0.00224312
0.0027486
0.00274863
0.00274863
0.00224326
0.00224332
0.00274864
0.00274864
0.00274864
0.00224332
0.00224332
0.00224326
0.00274863
0.00274863
0.00224326
0.00173074
0.00173074
0.00173074
0.00173074
0.00173074
0.00173091
0.00121581
0.00121552
0.00121552
0.00121494
0.00121408
0.00121408
0.00121408
0.0017298
0.00172981
0.00172867
0.00172867
0.00172867
0.00172866
0.00121282
0.00121029
0.00172574
0.00172574
0.0012103
0.00121283
0.00121283
0.0012103
0.00172574
0.00172574
0.0012103
0.00121283
0.00071016
0.000710159
0.000710158
0.000710152
0.000710138
0.000710104
0.000710029
0.000709878
0.00071079
0.000711656
0.00071233
0.000712481
0.000712836
0.000712906
0.000712906
0.000712935
0.000712581
0.000712593
0.000712946
0.00071295
0.000712597
0.000711927
0.000711928
0.000711929
0.000712598
0.000712598
0.000712951
0.000712951
0.000712951
0.000712598
0.000711929
0.000711929
0.000712598
0.000712951
0.000712951
0.000712598
0.000711929
0.000711929
0.000711068
0.000711068
0.00071016
0.000708842
0.000705731
0.000705731
0.000708842
0.00071016
0.00071016
0.000708842
0.000705731
0.000705731
0.000708842
0.00071016
0.000711068
0.000711068
0.000711068
0.000711929
0.000711929
0.000712599
0.000712599
0.000712951
0.000712952
0.000712951
0.000712599
0.000712599
0.000711929
0.00121494
0.0017304
0.00172981
0.00172981
0.0017304
0.00121494
0.00121552
0.00121552
0.00173074
0.00173091
0.00173091
0.00173091
0.00173091
0.00173091
0.00173091
0.00121581
0.00121552
0.00121552
0.00121581
0.00121581
0.00121552
0.00121552
0.00121581
0.00121581
0.00121581
0.00121581
0.00173091
0.00173074
0.00224326
0.00224332
0.00274864
0.00324988
0.00375
0.00375
0.00375
0.00375
0.00374999
0.00374991
0.00374946
0.00374796
0.00374442
0.00424738
0.00474925
0.00474974
0.00424908
0.00424908
0.00424738
0.00474925
0.00474974
0.00474994
0.00474994
0.00424977
0.00424996
0.00474999
0.00474999
0.00424996
0.00424977
0.00374946
0.00374796
0.00374442
0.00323957
0.00323957
0.00324592
0.00324592
0.00324876
0.00324876
0.00324966
0.00324966
0.00374991
0.00374991
0.00374946
0.00374796
0.00374442
0.00424738
0.00474925
0.00474974
0.00424908
0.00424908
0.00424738
0.00474925
0.00474974
0.00474994
0.00474994
0.00424977
0.00424996
0.00474999
0.00474999
0.00424996
0.00424977
0.00374946
0.00374796
0.00374442
0.00323957
0.00323957
0.00324592
0.00324592
0.00324876
0.00324876
0.00324966
0.00324966
0.00374991
0.00374999
0.00374999
0.00374999
0.00425
0.00425
0.00475
0.00475
0.00425
0.00425
0.00475
0.00475
0.00475
0.00425
0.00425
0.00475
0.00475
0.00475
0.00425
0.00425
0.00375
0.00375
0.00375
0.00324987
0.00324987
0.00324985
0.00324985
0.00324985
0.00324987
0.00324987
0.00324985
0.00274851
0.00274851
0.00274851
0.00274851
0.00224285
0.00224211
0.00223967
0.00223305
0.00221981
0.00221981
0.00273177
0.00274177
0.00223305
0.00171843
0.00171843
0.00170444
0.00119314
0.00120433
0.00120433
0.00119314
0.00170444
0.00170444
0.00221981
0.00273177
0.00274177
0.00223305
0.00223305
0.00221981
0.00273177
0.00274177
0.00274651
0.00274651
0.00274651
0.00223967
0.00224211
0.00274812
0.00274812
0.00224211
0.00223967
0.00223967
0.00224211
0.00274812
0.00274812
0.00274651
0.00274177
0.00273177
0.00271578
0.00322907
0.00373846
0.00424451
0.00474841
0.00474841
0.00424451
0.00373846
0.00322907
0.00322907
0.00373846
0.00424451
0.00474841
0.00474841
0.00424451
0.00373846
0.00322907
0.00271578
0.00271578
0.00271578
0.00219946
0.00219946
0.00168381
0.00117724
0.00117724
0.00168381
0.00168381
0.00219946
0.00219946
0.00168381
0.00117724
0.00117724
0.000690715
0.000690715
0.000690714
0.000690714
0.000699539
0.000699539
0.000699539
0.000699539
0.000705731
0.000705731
0.000708842
0.000708842
0.0012103
0.00172574
0.00172867
0.00121283
0.00121283
0.0012103
0.00172574
0.00172867
0.00172867
0.00172574
0.00171843
0.00120433
0.00119314
0.00119314
0.00170444
0.00171843
0.00120433
0.0012103
0.0012103
0.00121283
0.00121283
0.00172867
0.00172574
0.00172574
0.00171843
0.00170444
0.00221981
0.00223305
0.00223305
0.00221981
0.00273177
0.00323957
0.00323957
0.00374442
0.00424738
0.00474925
0.00474974
0.00424908
0.00424908
0.00424738
0.00474925
0.00474974
0.00474994
0.00474994
0.00424977
0.00424996
0.00474999
0.00474999
0.00424996
0.00424977
0.00374946
0.00374946
0.00374796
0.00324592
0.00324592
0.00374796
0.00374442
0.00374442
0.00424738
0.00474925
0.00474974
0.00424908
0.00424908
0.00424738
0.00474925
0.00474974
0.00474994
0.00474994
0.00424977
0.00424996
0.00474999
0.00474999
0.00424996
0.00424977
0.00374946
0.00374946
0.00374796
0.00324592
0.00323957
0.00323957
0.00374442
0.00374796
0.00324592
0.00324876
0.00324876
0.00324876
0.00324876
0.00324966
0.00374991
0.00374991
0.00324966
0.00324966
0.00374991
0.00374991
0.00324966
0.00274812
0.00274812
0.00274812
0.00274651
0.00274177
0.00274177
0.00273177
0.00221981
0.00223305
0.00223305
0.00221981
0.00273177
0.00274177
0.00274651
0.00274651
0.00223967
0.00223967
0.00223967
0.00224211
0.00224211
0.00172867
0.00172867
0.00121283
0.0012103
0.00120433
0.00119314
0.00119314
0.00170444
0.00171843
0.00120433
0.0012103
0.00172574
0.00172574
0.00171843
0.00170444
0.00119314
0.00120433
0.00120433
0.00119314
0.00170444
0.00171843
0.00172574
0.00223967
0.00224211
0.00224211
0.00172867
0.00121283
0.00121283
0.00121408
0.00121408
0.00121408
0.00121408
0.00121408
0.00121408
0.00172981
0.0017304
0.00224312
0.0027486
0.0027486
0.00224312
0.00224285
0.00172981
0.0017304
0.00121494
0.00121494
0.00121552
0.00173074
0.00224326
0.00274863
0.00324988
0.00375
0.00425
0.00475
0.00475
0.00425
0.00425
0.00425
0.00375
0.00324988
0.00324988
0.00324988
0.00375
0.00375
0.00375
0.00375
0.00425
0.00475
0.00475
0.00425
0.00425
0.00425
0.00425
0.00425
0.00425
0.00475
0.00475
0.00425
0.00425
0.00475
0.00475
0.00475
0.00475
0.00425
0.00425
0.00425
0.00475
0.00475
0.00475
0.00475
0.00475
0.00475
0.00525
0.00575
0.00575
0.00525
0.00525
0.00525
0.00525001
0.00575004
0.00575004
0.00575004
0.00575004
0.00575004
0.00575004
0.00575023
0.00575023
0.00525006
0.00525006
0.00525026
0.00525026
0.00525026
0.00525026
0.00474974
0.00424908
0.00424738
0.00474925
0.00474925
0.00474974
0.00424908
0.00424738
0.00374442
0.00374442
0.00374796
0.00324592
0.00323957
0.00323957
0.00324592
0.00374796
0.00374796
0.00374946
0.00374991
0.00424996
0.00424977
0.00474994
0.00474994
0.00424977
0.00424996
0.00374991
0.00324966
0.00324876
0.00324876
0.00324592
0.00323957
0.00374442
0.00424738
0.00424908
0.00474974
0.00474925
0.00525075
0.00525075
0.00525159
0.00525159
0.00575549
0.00575549
0.00575549
0.00626154
0.00626154
0.00626154
0.00677093
0.00728422
0.00728422
0.00780054
0.00778019
0.00778019
0.00778019
0.00726823
0.00726823
0.00725823
0.00725823
0.00776695
0.00776033
0.00776033
0.00725349
0.00725188
0.00725188
0.00725349
0.00776033
0.00776033
0.00725349
0.00725188
0.00675034
0.00675034
0.00675034
0.00675034
0.00625009
0.00625054
0.00675124
0.00675124
0.00625054
0.00625009
0.00625009
0.00625054
0.00675124
0.00675124
0.00625054
0.00625009
0.00625009
0.00675034
0.00725188
0.00725349
0.00776033
0.00776033
0.00725349
0.00725188
0.00725188
0.00725349
0.00776033
0.00776033
0.00725349
0.00725188
0.00675034
0.00675034
0.00675034
0.00625009
0.00625054
0.00625054
0.00675124
0.00675124
0.00675408
0.00675408
0.00675408
0.00675408
0.00675408
0.00675408
0.00625204
0.00625204
0.00625558
0.00625558
0.00676043
0.00676043
0.00676043
0.00726823
0.00778019
0.00778019
0.00780054
0.00780054
0.00831619
0.00831619
0.00882276
0.00882276
0.00831619
0.00831619
0.00882276
0.00882276
0.00880686
0.00829556
0.00828157
0.00828157
0.00829556
0.00880686
0.00882276
0.00831619
0.00831619
0.00780054
0.00780054
0.00780054
0.00728422
0.00728422
0.00728422
0.00677093
0.00677093
0.00626154
0.00575549
0.00575549
0.00575262
0.00575092
0.00575092
0.00575092
0.00575262
0.00525075
0.00525075
0.00525026
0.00525006
0.00575023
0.00575023
0.00525006
0.00525026
0.00575092
0.00575092
0.00575262
0.00625558
0.00625558
0.00625204
0.00625204
0.00625558
0.00676043
0.00676043
0.00726823
0.00725823
0.00776695
0.00778019
0.00778019
0.00776695
0.00725823
0.00726823
0.00726823
0.00725823
0.00776695
0.00778019
0.00780054
0.00728422
0.00728422
0.00728422
0.00677093
0.00677093
0.00677093
0.00626154
0.00626154
0.00575549
0.00525159
0.00525159
0.00474841
0.00474841
0.00474841
0.00424451
0.00424451
0.00424451
0.00373846
0.00373845
0.00373845
0.00322906
0.00322906
0.00322906
0.00322907
0.00373846
0.00373846
0.00322907
0.00322907
0.00373846
0.00424451
0.00424451
0.00424451
0.00424738
0.00424908
0.00474974
0.00474925
0.00474925
0.00474974
0.00474994
0.00474999
0.00424996
0.00424977
0.00424977
0.00424996
0.00474999
0.00474994
0.00474974
0.00424908
0.00424908
0.00424738
0.00424738
0.00474925
0.00525075
0.00575262
0.00575262
0.00575092
0.00575023
0.00525006
0.00525006
0.00575023
0.00575092
0.00625204
0.00625558
0.00676043
0.00677093
0.00677093
0.00626154
0.00626154
0.00626154
0.00575549
0.00525159
0.00525159
0.00575549
0.00575549
0.00525159
0.00525075
0.00525026
0.00525026
0.00525075
0.00575262
0.00575549
0.00626154
0.00626154
0.00625558
0.00625204
0.00625204
0.00625558
0.00676043
0.00676043
0.00726823
0.00725823
0.00776695
0.00828157
0.00829556
0.00880686
0.00880686
0.00829556
0.00828157
0.00776695
0.00725823
0.00726823
0.00778019
0.00778019
0.00780054
0.00831619
0.00882276
0.00882276
0.00831619
0.00780054
0.00728422
0.00728422
0.00677093
0.00677093
0.00626154
0.00575549
0.00575549
0.00575262
0.00575092
0.00575023
0.00525006
0.00525006
0.00525001
0.00575004
0.00575023
0.00575092
0.00525026
0.00525026
0.00525075
0.00525075
0.00575262
0.00575262
0.00575092
0.00575023
0.00575004
0.00625009
0.00625054
0.00675124
0.00675124
0.00625054
0.00625009
0.00575004
0.00525001
0.00525001
0.00525
0.00525
0.00575
0.00575
0.00525
0.00525
0.00525
0.00525
0.00575
0.00575
0.00525
0.00525
0.00525
0.00525
0.00575
0.00625
0.00675013
0.00675013
0.00675012
0.00675012
0.00625
0.00625
0.00575
0.00575
0.00525
0.00525
0.00525
0.00525
0.00525
0.00525
0.00525
0.00575
0.00575
0.00575
0.00575
0.00575
0.00575
0.00575
0.00625
0.00625
0.00675012
0.00675012
0.00675012
0.00725136
0.00775668
0.00775674
0.00725137
0.00725137
0.00725136
0.00775668
0.00775674
0.00775688
0.00775688
0.0082696
0.00827019
0.00827019
0.0082696
0.0082696
0.00826926
0.00826909
0.00826909
0.00826926
0.00878448
0.00878448
0.00826926
0.00826909
0.00775668
0.00775668
0.00775674
0.00775688
0.00775688
0.0072514
0.00725149
0.00675015
0.00675015
0.00675034
0.00625009
0.00625054
0.00625054
0.00625009
0.00675034
0.00675034
0.00625009
0.00625054
0.00625054
0.00625009
0.00675034
0.00675034
0.00625009
0.00625054
0.00625054
0.00625009
0.00675034
0.00675015
0.00675015
0.00675015
0.00675015
0.00725149
0.0072514
0.00775688
0.00775688
0.0072514
0.00725149
0.00725149
0.0072514
0.00775688
0.00775688
0.0072514
0.00725149
0.00725149
0.0072514
0.00775688
0.00775688
0.0072514
0.00725149
0.00725149
0.00775715
0.00827019
0.0082696
0.00878506
0.00878506
0.00878448
0.00878448
0.00878448
0.00878448
0.00878448
0.00878448
0.00826926
0.00826909
0.00826909
0.00826926
0.00775674
0.00775674
0.00775674
0.00725137
0.00725136
0.00675012
0.00675012
0.00675012
0.00675013
0.00625
0.00625001
0.00625001
0.00625
0.00675013
0.00675012
0.00625
0.00625
0.00625
0.00625
0.00575
0.00575
0.00575
0.00575
0.00575
0.00575004
0.00575023
0.00575092
0.00525026
0.00525026
0.00575092
0.00575023
0.00525006
0.00525006
0.00525001
0.00525001
0.00575004
0.00575
0.00525
0.00525
0.00525
0.00525
0.00525
0.00525
0.00525
0.00525
0.00525
0.00525
0.00575
0.00575
0.00575
0.00575
0.00575
0.00575004
0.00575023
0.00575092
0.00525026
0.00525026
0.00525075
0.00525075
0.00525026
0.00575092
0.00575092
0.00575023
0.00525006
0.00525006
0.00525001
0.00525001
0.00575004
0.00575004
0.00575023
0.00525006
0.00525001
0.00525001
0.00525006
0.00525026
0.00525075
0.00525075
0.00525026
0.00575092
0.00575092
0.00575023
0.00575004
0.00575
0.00575
0.00575
0.00625001
0.00625001
0.00625
0.00675013
0.00675013
0.00625
0.00575
0.00525
0.00525
0.00525
0.00525
0.00525
0.00525
0.00575
0.00625
0.00625001
0.00625001
0.00625
0.00675013
0.00675013
0.00675012
0.00675012
0.00675012
0.00725137
0.00725136
0.00775668
0.00775668
0.00725136
0.00725137
0.00725137
0.00775674
0.00826926
0.00826909
0.00826909
0.00826926
0.00775674
0.00725137
0.00725136
0.00725136
0.00775668
0.00775668
0.00775668
0.00775674
0.00826926
0.00826909
0.00878419
0.00928705
0.00928705
0.00928705
0.00928705
0.0092874
0.0092874
0.00928807
0.00928893
0.00928984
0.00929116
0.00929427
0.00930046
0.00930046
0.00929427
0.00929116
0.00928984
0.00928984
0.00929116
0.00929427
0.00930046
0.00930046
0.00929427
0.00929116
0.00928984
0.00928893
0.00928893
0.00928893
0.00928807
0.0092874
0.00928705
0.00928705
0.00878419
0.00878419
0.00878419
0.00878419
0.00826909
0.00826926
0.00775674
0.00725137
0.00725137
0.00725136
0.00725136
0.00775668
0.00775668
0.00775674
0.00775688
0.0072514
0.0072514
0.00725149
0.00775715
0.00827019
0.0082696
0.00878506
0.00878448
0.00878448
0.00826926
0.00826909
0.00826909
0.00826926
0.00775674
0.00775688
0.00775688
0.00775715
0.00775789
0.00827133
0.00827426
0.00828157
0.00829556
0.00880686
0.00879567
0.00879567
0.00880686
0.00829556
0.00828157
0.00776695
0.00778019
0.00726823
0.00726823
0.00725823
0.00725823
0.00725349
0.00725349
0.00725188
0.00725188
0.00775789
0.00776033
0.00827426
0.0087897
0.0087897
0.00878717
0.00878717
0.00827133
0.00827133
0.00827426
0.00828157
0.00829556
0.00880686
0.00879567
0.00879567
0.00880686
0.00829556
0.00828157
0.00776695
0.00776695
0.00778019
0.00726823
0.00725823
0.00725823
0.00726823
0.00778019
0.00778019
0.00780054
0.00831619
0.00882276
0.00930929
0.00930929
0.00930929
0.00930929
0.00930929
0.00930929
0.00930929
0.00930929
0.00882276
0.00882276
0.00882276
0.00882276
0.00882276
0.00882276
0.00882276
0.00831619
0.00780054
0.00728422
0.00728422
0.00677093
0.00626154
0.00626154
0.00677093
0.00677093
0.00728422
0.00780054
0.00831619
0.00831619
0.00780054
0.00728422
0.00677093
0.00626154
0.00626154
0.00575549
0.00575549
0.00575549
0.00525159
0.00525159
0.00525159
0.00525159
0.00575549
0.00575549
0.00626154
0.00677093
0.00728422
0.00780054
0.00831619
0.00831619
0.00780054
0.00728422
0.00728422
0.00780054
0.00831619
0.00831619
0.00780054
0.00728422
0.00677093
0.00677093
0.00677093
0.00626154
0.00575549
0.00525159
0.00525159
0.00525075
0.00525075
0.00525075
0.00525075
0.00525075
0.00525075
0.00525075
0.00525075
0.00525075
0.00525075
0.00525075
0.00525075
0.00525026
0.00575092
0.00575023
0.00575023
0.00625054
0.00625009
0.00675034
0.00675034
0.00625009
0.00625054
0.00625054
0.00625204
0.00625558
0.00676043
0.00675408
0.00675408
0.00676043
0.00625558
0.00625204
0.00575092
0.00575092
0.00525026
0.00525026
0.00525006
0.00525006
0.00525006
0.00525006
0.00525001
0.00575004
0.00575004
0.00525001
0.00525001
0.00575004
0.00575023
0.00575023
0.00625054
0.00675124
0.00675124
0.00675034
0.00625009
0.00625009
0.00675034
0.00675015
0.00675015
0.00675015
0.00675015
0.00625001
0.00625
0.00675013
0.00675013
0.00625
0.00625001
0.00575
0.00575
0.00525
0.00525
0.00525
0.00575
0.00575
0.00575
0.00575
0.00625
0.00625
0.00625
0.00675012
0.00675012
0.00625
0.00575
0.00575
0.00525
0.00525
0.00475
0.00475
0.00475
0.00475
0.00475
0.00475
0.00475
0.00475
0.00475
0.00475
0.00475
0.00425
0.00425
0.00425
0.00425
0.00475
0.00475
0.00475
0.00475
0.00425
0.00425
0.00425
0.00425
0.00475
0.00475
0.00475
0.00425
0.00425
0.00425
0.00425
0.00425
0.00425
0.00375
0.00375
0.00375
0.00375
0.00324988
0.00324988
0.00324988
0.00324988
0.00274864
0.00274864
0.00274864
0.00274864
0.00224332
0.00224332
0.00224326
0.00274863
0.00274863
0.0027486
0.00224312
0.00224285
0.00224285
0.00224312
0.0027486
0.00274863
0.00224326
0.00224326
0.00224332
0.00224332
0.00173091
0.00173091
0.00173091
0.00173091
0.00121581
0.00121581
0.00121552
0.00173074
0.00173074
0.0017304
0.00172981
0.00172981
0.0017304
0.00121494
0.00121494
0.00121552
0.00121581
0.00121581
0.00121552
0.00173074
0.00173074
0.0017304
0.00172981
0.00224285
0.00274851
0.00324985
0.00374999
0.00375
0.00324987
0.00324987
0.00324985
0.00374999
0.00375
0.00375
0.00375
0.00324988
0.00324988
0.00324988
0.00324988
0.00324988
0.00324987
0.00324985
0.00374999
0.00375
0.00375
0.00374999
0.00324985
0.00324987
0.00324988
0.00375
0.00375
0.00375
0.00425
0.00425
0.00375
0.00324988
0.00324988
0.00274864
0.00274864
0.00274864
0.00274863
0.0027486
0.00224312
0.00224312
0.00224285
0.00274851
0.0027486
0.00274863
0.00224326
0.00224326
0.00224332
0.00224332
0.00173091
0.00173091
0.00121581
0.00121552
0.00121494
0.00121494
0.0017304
0.00172981
0.00172981
0.00224285
0.00274851
0.0027486
0.00224312
0.00224312
0.00224285
0.00274851
0.0027486
0.00274863
0.00274863
0.00224326
0.00224332
0.00224332
0.00224326
0.00173074
0.00173074
0.00173074
0.00121552
0.00121581
0.00121581
0.00121552
0.00121494
0.00121408
0.00121408
0.00121283
0.0012103
0.0012103
0.000708842
0.000708842
0.000708842
0.000708842
0.000708842
0.000705731
0.000705731
0.000705731
0.000699539
0.000699539
0.000705731
0.000705731
0.00069954
0.000699539
0.000690714
0.000690714
0.00117724
0.00168381
0.00219946
0.00271578
0.00322907
0.00373846
0.00424451
0.00474841
0.00474841
0.00424451
0.00373846
0.00322907
0.00322907
0.00373846
0.00424451
0.00474841
0.00474841
0.00424451
0.00373846
0.00322907
0.00271578
0.00271578
0.00271578
0.00219946
0.00168381
0.00117724
0.00117724
0.00168381
0.00219946
0.00219946
0.00168381
0.00117724
0.00117724
0.00168381
0.00219946
0.00271578
0.00322907
0.00373846
0.00424451
0.00474841
0.00474841
0.00424451
0.00373846
0.00322907
0.00322907
0.00373846
0.00424451
0.00474841
0.00474841
0.00424451
0.00373846
0.00322907
0.00271578
0.00271578
0.00271578
0.00219946
0.00168381
0.00117724
0.00117724
0.00168381
0.00219946
0.00219946
0.00168381
0.00117724
0.000690715
0.000690715
0.000690714
0.000690714
0.000690714
0.000690715
0.000690714
0.000699539
0.000699539
0.00119314
0.00170444
0.00221981
0.00273177
0.00323957
0.00374442
0.00424738
0.00474925
0.00474974
0.00424908
0.00424908
0.00424738
0.00474925
0.00474974
0.00474994
0.00474994
0.00424977
0.00424996
0.00474999
0.00474999
0.00424996
0.00424977
0.00374946
0.00374946
0.00374796
0.00324592
0.00324592
0.00323957
0.00374442
0.00374796
0.00374796
0.00374442
0.00424738
0.00474925
0.00474974
0.00424908
0.00424908
0.00424738
0.00474925
0.00474974
0.00474994
0.00474994
0.00424977
0.00424996
0.00474999
0.00474999
0.00424996
0.00424977
0.00374946
0.00374946
0.00324876
0.00324876
0.00324876
0.00324966
0.00374991
0.00374991
0.00324966
0.00324966
0.00374991
0.00374991
0.00324966
0.00324876
0.00324592
0.00324592
0.00323957
0.00323957
0.00374442
0.00374796
0.00374796
0.00374442
0.00424738
0.00474925
0.00474974
0.00424908
0.00424908
0.00424738
0.00474925
0.00474974
0.00474994
0.00474994
0.00424977
0.00424996
0.00474999
0.00474999
0.00424996
0.00424977
0.00374946
0.00374946
0.00324876
0.00324592
0.00323957
0.00323957
0.00374442
0.00374796
0.00324592
0.00324876
0.00324966
0.00324966
0.00374991
0.00374991
0.00374991
0.00374946
0.00374796
0.00374442
0.00424738
0.00474925
0.00474974
0.00424908
0.00424908
0.00424738
0.00474925
0.00474974
0.00474994
0.00474994
0.00424977
0.00424996
0.00474999
0.00474999
0.00424996
0.00424977
0.00374946
0.00374796
0.00374442
0.00323957
0.00323957
0.00324592
0.00324592
0.00324876
0.00324876
0.00324966
0.00324966
0.00374991
0.00374999
0.00374999
0.00374999
0.00374999
0.00374999
0.00374999
0.00374999
0.00374999
0.00425
0.00475
0.00475
0.00425
0.00425
0.00425
0.00475
0.00475
0.00475
0.00475
0.00425
0.00425
0.00425
0.00425
0.00375
0.00375
0.00375
0.00324987
0.00324985
0.00324985
0.00324987
0.00375
0.00375
0.00425
0.00425
0.00475
0.00475
0.00475
0.00475
0.00425
0.00425
0.00375
0.00324987
0.00324987
0.00324985
0.00324985
0.00274851
0.00274851
0.00274851
0.00274851
0.00274812
0.00274651
0.00274177
0.00223305
0.00223305
0.00221981
0.00273177
0.00274177
0.00274651
0.00223967
0.00223967
0.00224211
0.00224211
0.00274812
0.00274812
0.00274651
0.00274177
0.00273177
0.00221981
0.00223305
0.00223305
0.00221981
0.00273177
0.00274177
0.00274651
0.00223967
0.00223967
0.00224211
0.00224211
0.00274812
0.00274812
0.00274651
0.00274177
0.00273177
0.00221981
0.00223305
0.00223305
0.00221981
0.00273177
0.00274177
0.00274651
0.00223967
0.00223967
0.00224211
0.00224211
0.00274812
0.00274812
0.00274651
0.00274177
0.00273177
0.00221981
0.00223305
0.00223305
0.00221981
0.00273177
0.00274177
0.00274651
0.00223967
0.00223967
0.00224211
0.00224211
0.00274812
0.00274851
0.00274851
0.00274851
0.00274851
0.00324985
0.00324987
0.00375
0.00425
0.00425
0.00475
0.00475
0.00475
0.00475
0.00425
0.00425
0.00375
0.00324987
0.00324985
0.00324985
0.00324987
0.00375
0.00425
0.00425
0.00475
0.00475
0.00475
0.00475
0.00425
0.00425
0.00375
0.00324987
0.00324985
0.00324985
0.00324966
0.00324876
0.00324592
0.00323957
0.00322907
0.00373846
0.00424451
0.00474841
0.00474841
0.00424451
0.00373846
0.00322907
0.00322907
0.00373846
0.00424451
0.00474841
0.00474841
0.00424451
0.00373846
0.00322907
0.00271578
0.00271578
0.00271578
0.00271578
0.00219946
0.00219946
0.00168381
0.00168381
0.00117724
0.00117724
0.00117724
0.00168381
0.00219946
0.00219946
0.00168381
0.00117724
0.00117724
0.00168381
0.00219946
0.00271578
0.00322907
0.00373846
0.00424451
0.00474841
0.00474841
0.00424451
0.00373846
0.00322907
0.00322907
0.00373846
0.00424451
0.00474841
0.00474841
0.00424451
0.00373846
0.00322907
0.00271578
0.00271578
0.00271578
0.00219946
0.00168381
0.00117724
0.00117724
0.00168381
0.00219946
0.00219946
0.00168381
0.00117724
0.000690714
0.000690714
0.000690715
0.000690714
0.000690714
0.000690714
0.000690714
0.000690714
0.000699539
0.000699539
0.000699539
0.000699539
0.000699539
0.000699539
0.000699539
0.00119314
0.00119314
0.00170444
0.00171843
0.00171843
0.00120433
0.00120433
0.0012103
0.0012103
0.00172574
0.00172867
0.00172867
0.00172981
0.0017304
0.0017304
0.00121494
0.00121552
0.00121581
0.00173091
0.00173091
0.00173091
0.00173091
0.00173091
0.00173091
0.00173091
0.00173091
0.00173091
0.00173091
0.00173091
0.00173091
0.00224332
0.00274864
0.00324988
0.00324988
0.00324988
0.00324988
0.00375
0.00375
0.00375
0.00375
0.00324988
0.00324988
0.00324988
0.00324988
0.00375
0.00375
0.00375
0.00375
0.00425
0.00425
0.00475
0.00475
0.00425
0.00425
0.00425
0.00425
0.00475
0.00475
0.00425
0.00425
0.00375
0.00375
0.00375
0.00375
0.00324988
0.00324988
0.00324988
0.00324988
0.00375
0.00375
0.00375
0.00375
0.00425
0.00475
0.00475
0.00425
0.00425
0.00425
0.00475
0.00475
0.00475
0.00475
0.00425
0.00425
0.00475
0.00475
0.00425
0.00425
0.00375
0.00375
0.00324987
0.00324987
0.00324987
0.00324987
0.00324987
0.00324987
0.00324985
0.00324985
0.00324985
0.00374999
0.00374999
0.00374991
0.00324966
0.00324876
0.00374946
0.00374946
0.00374796
0.00324592
0.00323957
0.00374442
0.00374442
0.00374796
0.00324592
0.00323957
0.00323957
0.00324592
0.00324876
0.00324966
0.00374991
0.00374946
0.00374796
0.00374442
0.00374442
0.00374796
0.00374946
0.00374991
0.00374999
0.00374999
0.00374991
0.00424996
0.00424996
0.00474999
0.00474994
0.00424977
0.00424977
0.00474994
0.00474999
0.00474999
0.00424996
0.00424977
0.00474994
0.00474994
0.00474999
0.00424996
0.00424977
0.00374946
0.00374946
0.00374946
0.00324876
0.00324876
0.00324966
0.00324966
0.00274812
0.00274812
0.00274812
0.00274812
0.00274812
0.00274812
0.00274812
0.00224211
0.00224211
0.00223967
0.00223967
0.00274651
0.00274177
0.00274177
0.00223305
0.00223305
0.00223305
0.00223305
0.00223305
0.0022198
0.00221981
0.00273177
0.00273177
0.00221981
0.00221981
0.00273177
0.00271578
0.00271578
0.00271578
0.00271578
0.00219945
0.00219945
0.00168381
0.0016838
0.00168379
0.00170443
0.00171842
0.00120431
0.00119312
0.00119313
0.00120433
0.00171842
0.00170444
0.00170444
0.00171843
0.00120433
0.00119314
0.00119314
0.00120433
0.00171843
0.00170444
0.00170444
0.00171843
0.00120433
0.00119314
0.00069954
0.000699539
0.000699538
0.000699532
0.000699519
0.000699487
0.000699417
0.000699282
0.000705452
0.000708558
0.000708707
0.000705597
0.000705673
0.000708784
0.000708819
0.000705708
0.000705723
0.000708834
0.00070884
0.000705729
0.000705731
0.000708841
0.000708842
0.000705731
0.000705731
0.000708842
0.00071016
0.000711068
0.000711068
0.000711068
0.000711066
0.000711061
0.000711048
0.000711015
0.000710941
0.000711807
0.000711879
0.000712552
0.000712582
0.000712935
0.000712946
0.000712593
0.000712597
0.00071295
0.000712951
0.000712598
0.000712599
0.000712951
0.000712951
0.000712599
0.000712598
0.000712951
0.000712951
0.000712598
0.000712599
0.000712951
0.000712951
0.000712599
0.000712599
0.000712951
0.000712951
0.000712951
0.000712951
0.000712599
0.000711929
0.000711929
0.000711068
0.00071016
0.00071016
0.00071016
0.00071016
0.000711068
0.000711068
0.000711068
0.000711929
0.000712599
0.000712599
0.000712952
0.000712952
0.000712951
0.000712599
0.000711929
0.000711929
0.000712598
0.000712951
0.000712951
0.000712598
0.000711929
0.000711068
0.00071016
0.00071016
0.00071016
0.00071016
0.000708842
0.000705731
0.000705731
0.000705731
0.000708842
0.000708842
0.00071016
0.00121283
0.00121283
0.00172867
0.00172574
0.00172574
0.00171843
0.00170444
0.00170444
0.00119314
0.00120433
0.00120433
0.0012103
0.00121283
0.00172867
0.00172867
0.00172574
0.00171843
0.00171843
0.00170444
0.00119314
0.00120433
0.00120433
0.00119314
0.00170444
0.00171843
0.00172574
0.00172574
0.0012103
0.0012103
0.00121283
0.00121408
0.00121408
0.00121408
0.00121408
0.00172981
0.00224285
0.00224312
0.0027486
0.0027486
0.00224312
0.00224285
0.00172981
0.0017304
0.0017304
0.00121494
0.00121494
0.00121552
0.00121552
0.00173074
0.00224326
0.00274863
0.00324988
0.00324988
0.00375
0.00375
0.00324988
0.00324988
0.00324988
0.00375
0.00425
0.00475
0.00475
0.00425
0.00425
0.00425
0.00375
0.00324988
0.00324988
0.00324988
0.00375
0.00375
0.00375
0.00375
0.00425
0.00475
0.00525
0.00525
0.00525
0.00525
0.00525
0.00525
0.00525
0.00575
0.00575
0.00625
0.00625
0.00625
0.00675012
0.00675012
0.00675012
0.00675012
0.00675012
0.00675012
0.00675012
0.00675012
0.00675012
0.00625
0.00625
0.00625
0.00675012
0.00675012
0.00625
0.00575
0.00575
0.00575
0.00525
0.00525
0.00525
0.00525
0.00575
0.00625
0.00625001
0.00625001
0.00575
0.00575
0.00525
0.00525001
0.00525001
0.00525001
0.00525001
0.00575004
0.00625009
0.00675034
0.00725188
0.00725349
0.00776033
0.00776033
0.00725349
0.00725188
0.00725188
0.00725349
0.00776033
0.00776033
0.00725349
0.00725188
0.00675034
0.00675034
0.00675034
0.00625009
0.00625054
0.00625054
0.00675124
0.00675124
0.00675408
0.00675408
0.00675408
0.00675408
0.00725823
0.00776695
0.00828157
0.00829556
0.00880686
0.00880686
0.00829556
0.00828157
0.00776695
0.00725823
0.00726823
0.00726823
0.00778019
0.00778019
0.00778019
0.00776695
0.00828157
0.00829556
0.00880686
0.00880686
0.00829556
0.00828157
0.00776695
0.00725823
0.00725823
0.00726823
0.00726823
0.00778019
0.00778019
0.00776695
0.00828157
0.00829556
0.00880686
0.00880686
0.00829556
0.00828157
0.00776695
0.00725823
0.00725823
0.00726823
0.00726823
0.00778019
0.00780054
0.00780054
0.00780054
0.00780054
0.00780054
0.00780054
0.00831619
0.00882276
0.00882276
0.00831619
0.00831619
0.00882276
0.00882276
0.00831619
0.00831619
0.00882276
0.00882276
0.00831619
0.00831619
0.00829556
0.00828157
0.00827426
0.00827133
0.00878717
0.00878717
0.00878592
0.00878592
0.00878506
0.00878448
0.00878448
0.00826926
0.00826909
0.00775668
0.00775668
0.00725136
0.00725137
0.00775674
0.00775674
0.00725137
0.00725136
0.00725136
0.00775668
0.00826909
0.00826926
0.00878448
0.00878448
0.00826926
0.00826909
0.00775668
0.00725136
0.00725137
0.00725137
0.00775674
0.00775674
0.00775688
0.00775688
0.00775688
0.00775688
0.0072514
0.0072514
0.0072514
0.00725149
0.00775715
0.00775715
0.00725149
0.00725149
0.00775715
0.00827019
0.00827019
0.0082696
0.00878506
0.00878592
0.00878717
0.00878717
0.00827133
0.00827133
0.00827426
0.0087897
0.00879567
0.00828157
0.00829556
0.00880686
0.00880686
0.00882276
0.00882276
0.00831619
0.00780054
0.00780054
0.00778019
0.00776695
0.00776033
0.00775789
0.00725188
0.00725349
0.00725349
0.00725188
0.00775789
0.00776033
0.00776695
0.00725823
0.00725823
0.00726823
0.00726823
0.00778019
0.00778019
0.00776695
0.00776033
0.00775789
0.00725188
0.00725349
0.00725349
0.00725188
0.00725149
0.0072514
0.00675013
0.00675013
0.00675013
0.00675013
0.00625
0.00625001
0.00675015
0.00675015
0.00625001
0.00625
0.00575
0.00575
0.00525
0.00525
0.00575
0.00575
0.00525
0.00525
0.00525
0.00525
0.00575
0.00575
0.00625
0.00625
0.00675012
0.00675012
0.00625
0.00625
0.00575
0.00525
0.00525
0.00525
0.00575
0.00575
0.00525
0.00525
0.00525
0.00575
0.00625
0.00625001
0.00675015
0.00675015
0.00625001
0.00625
0.00575
0.00575
0.00575
0.00525
0.00525
0.00525001
0.00525001
0.00525001
0.00525001
0.00575004
0.00575004
0.00575004
0.00575004
0.00575023
0.00575023
0.00575023
0.00525006
0.00525006
0.00525026
0.00525075
0.00525075
0.00525026
0.00575092
0.00625204
0.00625204
0.00625558
0.00676043
0.00676043
0.00625558
0.00575262
0.00575262
0.00575092
0.00625204
0.00625558
0.00676043
0.00676043
0.00625558
0.00625204
0.00575092
0.00525026
0.00525026
0.00525006
0.00525006
0.00525006
0.00575023
0.00625054
0.00625009
0.00625009
0.00625054
0.00675124
0.00675124
0.00675408
0.00625204
0.00625558
0.00676043
0.00676043
0.00675408
0.00625204
0.00625558
0.00575262
0.00575262
0.00575262
0.00525075
0.00525075
0.00525159
0.00525159
0.00525159
0.00525159
0.00525159
0.00525159
0.00474841
0.00474841
0.00474841
0.00474841
0.00474841
0.00424451
0.00424451
0.00373846
0.00373846
0.00373846
0.00373846
0.00322907
0.00322907
0.00271578
0.00271578
0.00271578
0.00271578
0.00273177
0.00221981
0.00221981
0.00223305
0.00171843
0.00171843
0.00172574
0.00172867
0.00172981
0.00172981
0.00121408
0.00121494
0.00121494
0.0017304
0.00224312
0.0027486
0.0027486
0.00224312
0.00224285
0.00224285
0.00172981
0.00121408
0.00121408
0.00121494
0.0017304
0.00172981
0.00172867
0.00172867
0.00172867
0.00121283
0.00121283
0.0012103
0.0012103
0.00172574
0.00172574
0.00223967
0.00224211
0.00224211
0.00223967
0.00274651
0.00274651
0.00274177
0.00223305
0.00221981
0.00273177
0.00273177
0.00273177
0.00274177
0.00223305
0.00221981
0.00170444
0.00170444
0.00170444
0.00170444
0.00119314
0.00120433
0.00120433
0.00119314
0.00119314
0.00120433
0.0012103
0.00121283
0.00121283
0.0012103
0.00172574
0.00171843
0.00171843
0.00120433
0.00119314
0.00119314
0.00120433
0.0012103
0.00121283
0.00121408
0.00121494
0.0017304
0.00224312
0.0027486
0.00274851
0.00224285
0.00224285
0.00224312
0.0027486
0.00274851
0.00274851
0.0027486
0.00274863
0.00224326
0.00224326
0.00224332
0.00274864
0.00274863
0.0027486
0.00224312
0.00224312
0.00224285
0.00224285
0.00274851
0.00274851
0.0027486
0.00274863
0.00274864
0.00224332
0.00224326
0.00224326
0.00224332
0.00274864
0.00274863
0.0027486
0.00224312
0.00224312
0.00224285
0.00224285
0.00274851
0.00324985
0.00324985
0.00374999
0.00374999
0.00374999
0.00324985
0.00324985
0.00374999
0.00374991
0.00374991
0.00374991
0.00374991
0.00324966
0.00324876
0.00324876
0.00324966
0.00324966
0.00324876
0.00374946
0.00424977
0.00424996
0.00474999
0.00474994
0.00474994
0.00474999
0.00424996
0.00424977
0.00374946
0.00324876
0.00324966
0.00274812
0.00274812
0.00274812
0.00274812
0.00224211
0.00224211
0.00224211
0.00224211
0.00224211
0.00223967
0.00274651
0.00274651
0.00223967
0.00172574
0.00172574
0.00172867
0.00172981
0.00172981
0.0017304
0.00121494
0.00121408
0.00121408
0.00121494
0.00121552
0.00121581
0.00121581
0.00121552
0.00173074
0.00173074
0.0017304
0.00172981
0.00172981
0.0017304
0.00121494
0.00121408
0.00121283
0.00121283
0.00121283
0.00172867
0.00172867
0.00172574
0.00223967
0.00274651
0.00274651
0.00223967
0.00172574
0.00172867
0.00172867
0.00172981
0.0017304
0.00173074
0.00121552
0.00121581
0.00121581
0.00121552
0.00173074
0.0017304
0.00121494
0.00121494
0.00121408
0.00121408
0.00172981
0.00172981
0.0017304
0.00173074
0.00224326
0.00224332
0.00274864
0.00274863
0.00274863
0.00274864
0.00224332
0.00224326
0.00173074
0.00121552
0.00121552
0.00121581
0.00121581
0.00121581
0.00121552
0.00173074
0.00224326
0.00224332
0.00274864
0.00324988
0.00324988
0.00324988
0.00324988
0.00375
0.00375
0.00375
0.00375
0.00425
0.00475
0.00475
0.00425
0.00425
0.00425
0.00475
0.00475
0.00475
0.00475
0.00425
0.00425
0.00475
0.00475
0.00425
0.00425
0.00375
0.00375
0.00324987
0.00324987
0.00324985
0.00324985
0.00374999
0.00374999
0.00374999
0.00324985
0.00324985
0.00324987
0.00324988
0.00324988
0.00324988
0.00324988
0.00375
0.00375
0.00375
0.00375
0.00425
0.00475
0.00475
0.00425
0.00425
0.00425
0.00475
0.00475
0.00475
0.00475
0.00425
0.00425
0.00475
0.00475
0.00425
0.00425
0.00375
0.00375
0.00324987
0.00324988
0.00324988
0.00324988
0.00375
0.00375
0.00324988
0.00324987
0.00324985
0.00324985
0.00374999
0.00374999
0.00374991
0.00374991
0.00374991
0.00374991
0.00424996
0.00474999
0.00474994
0.00424977
0.00424977
0.00424996
0.00474999
0.00474994
0.00474974
0.00474974
0.00474974
0.00474974
0.00474974
0.00474974
0.00474974
0.00474974
0.00424908
0.00424738
0.00474925
0.00474925
0.00424738
0.00424908
0.00374796
0.00324592
0.00324592
0.00323957
0.00323957
0.00374442
0.00373846
0.00373846
0.00424451
0.00424451
0.00424451
0.00424738
0.00424908
0.00424908
0.00424738
0.00474925
0.00474925
0.00474841
0.00474841
0.00424451
0.00373846
0.00373846
0.00374442
0.00374796
0.00324592
0.00323957
0.00323957
0.00324592
0.00374796
0.00374442
0.00374442
0.00374796
0.00424908
0.00424738
0.00474925
0.00474925
0.00424738
0.00424908
0.00374796
0.00324592
0.00324592
0.00323957
0.00323957
0.00374442
0.00374442
0.00374796
0.00374946
0.00324876
0.00324966
0.00324966
0.00324876
0.00374946
0.00374796
0.00424908
0.00424908
0.00424738
0.00474925
0.00474925
0.00424738
0.00374442
0.00323957
0.00323957
0.00324592
0.00324592
0.00324592
0.00324876
0.00324966
0.00324966
0.00324876
0.00374946
0.00374946
0.00424977
0.00424996
0.00474999
0.00474994
0.00474994
0.00474999
0.00424996
0.00424977
0.00424908
0.00424908
0.00474974
0.00525026
0.00575092
0.00575092
0.00575023
0.00525006
0.00525026
0.00525075
0.00525075
0.00525159
0.00525159
0.00575549
0.00575549
0.00575549
0.00575549
0.00626154
0.00677093
0.00728422
0.00728422
0.00677093
0.00626154
0.00626154
0.00677093
0.00728422
0.00728422
0.00728422
0.00728422
0.00677093
0.00677093
0.00677093
0.00626154
0.00626154
0.00626154
0.00575549
0.00575549
0.00525159
0.00525159
0.00525075
0.00525026
0.00525006
0.00575023
0.00625054
0.00625009
0.00675034
0.00675124
0.00675124
0.00675034
0.00625009
0.00625054
0.00575023
0.00575004
0.00575004
0.00625009
0.00675034
0.00675124
0.00625054
0.00625054
0.00625009
0.00675034
0.00675124
0.00675408
0.00675408
0.00675408
0.00675408
0.00625204
0.00625558
0.00676043
0.00676043
0.00625558
0.00625204
0.00575092
0.00575092
0.00575262
0.00575262
0.00525075
0.00525026
0.00525006
0.00525006
0.00575023
0.00575023
0.00575004
0.00575004
0.00575
0.00575
0.00575
0.00575
0.00625
0.00625
0.00675012
0.00675012
0.00625
0.00625
0.00575
0.00525
0.00525
0.00525
0.00525
0.00575
0.00575
0.00625
0.00625
0.00675013
0.0072514
0.00725149
0.00775715
0.00775715
0.00775789
0.00827133
0.00827426
0.00827426
0.0087897
0.00929116
0.00929116
0.00929427
0.00929427
0.00879567
0.00828157
0.00829556
0.00880686
0.00880686
0.00879567
0.0087897
0.0087897
0.00878717
0.00878592
0.00878506
0.00928807
0.00928893
0.00928893
0.00928807
0.00928807
0.00928893
0.00928893
0.00928807
0.00878506
0.00878506
0.00878506
0.0082696
0.0082696
0.00827019
0.00827019
0.00878592
0.00878592
0.00827019
0.0082696
0.00826926
0.00826909
0.00826909
0.00826926
0.00878448
0.00878448
0.00878448
0.00878419
0.00928705
0.0092874
0.0092874
0.00928705
0.00928705
0.0092874
0.0092874
0.00928705
0.00928705
0.0092874
0.0092874
0.00928705
0.00928705
0.00928705
0.0092874
0.00928807
0.00928807
0.0092874
0.00928705
0.00878419
0.00878419
0.00878419
0.00878448
0.00878448
0.00878506
0.00878592
0.00827019
0.0082696
0.0082696
0.00827019
0.00878592
0.00878506
0.00878506
0.00878592
0.00878717
0.0087897
0.0087897
0.00827426
0.00827133
0.00878717
0.00878592
0.00827019
0.00827019
0.0082696
0.0082696
0.00878506
0.00878448
0.00878448
0.00826926
0.00826926
0.00826926
0.00826909
0.00826909
0.00775668
0.00775668
0.00775668
0.00725136
0.00725136
0.00725137
0.00725137
0.00675012
0.00675012
0.00675012
0.00675012
0.00625
0.00625
0.00625
0.00625
0.00625
0.00625
0.00675012
0.00725137
0.00725136
0.00775668
0.00775674
0.00775674
0.00775668
0.00725136
0.00725137
0.0072514
0.0072514
0.0072514
0.00725149
0.00775715
0.00775715
0.00775688
0.00775688
0.0082696
0.00827019
0.00878592
0.00878717
0.00878717
0.00878717
0.00928984
0.00928984
0.00929116
0.00929116
0.00929427
0.00929427
0.00879567
0.00828157
0.00828157
0.00829556
0.00778019
0.00776695
0.00776033
0.00776033
0.00775789
0.00827133
0.00827426
0.00827426
0.00827133
0.00775789
0.00725188
0.00725188
0.00725349
0.00725349
0.00776033
0.00776695
0.00776695
0.00725823
0.00725823
0.00725823
0.00726823
0.00726823
0.00676043
0.00676043
0.00625558
0.00625204
0.00625204
0.00625558
0.00575262
0.00575262
0.00575092
0.00525026
0.00525075
0.00525075
0.00525026
0.00525006
0.00525006
0.00525001
0.00525
0.00525
0.00525
0.00525
0.00575
0.00625001
0.00625001
0.00675015
0.00675015
0.00675013
0.00675013
0.00625
0.00625001
0.00675015
0.00725149
0.00725149
0.00775715
0.00775789
0.00775789
0.00827133
0.00827426
0.0087897
0.0087897
0.00879567
0.00828157
0.00829556
0.00829556
0.00880686
0.00880686
0.00880686
0.00879567
0.00929427
0.00929116
0.00928984
0.00928984
0.00929116
0.00929427
0.00879567
0.0087897
0.00827426
0.00827133
0.00827133
0.00827019
0.0082696
0.00826926
0.00826909
0.00826909
0.00878419
0.00878448
0.00826926
0.00775674
0.00775674
0.00775668
0.00725136
0.00725137
0.00725137
0.00725136
0.00775668
0.00775668
0.00826909
0.00878419
0.00878448
0.00826926
0.00826926
0.00826909
0.00878419
0.00878448
0.00878506
0.00878506
0.00878506
0.00878506
0.00928807
0.00928893
0.00928893
0.00928807
0.00928807
0.00928893
0.00928893
0.00928807
0.00928807
0.00928893
0.00928893
0.00928807
0.00928807
0.0092874
0.0092874
0.00928705
0.00878419
0.00878419
0.00878419
0.00878419
0.00826909
0.00826926
0.00878448
0.00878448
0.00826926
0.00826909
0.00775668
0.00775668
0.00775668
0.00725136
0.00725136
0.00725137
0.00775674
0.00775674
0.00725137
0.0072514
0.0072514
0.0072514
0.0072514
0.00775688
0.00775715
0.00725149
0.00725149
0.00775715
0.00775688
0.0082696
0.00827019
0.00878592
0.00878592
0.00878717
0.00928984
0.00929116
0.00929116
0.00928984
0.00928984
0.00929116
0.00929116
0.00928984
0.00928984
0.00929116
0.00929116
0.00928984
0.00928984
0.00928893
0.00928893
0.00928807
0.00878506
0.00878506
0.00878506
0.00878506
0.0082696
0.0082696
0.0082696
0.00827019
0.00878592
0.00878592
0.00827019
0.00775715
0.00775715
0.00775688
0.00775688
0.00775688
0.00775674
0.00725137
0.00725136
0.00725136
0.00725137
0.0072514
0.00725149
0.00725149
0.00775715
0.00775688
0.0072514
0.00725137
0.00775674
0.00775674
0.00775674
0.00775688
0.00775715
0.00775789
0.00776033
0.00725349
0.00725188
0.00725188
0.00725349
0.00776033
0.00775789
0.00775715
0.00725149
0.00725149
0.0072514
0.0072514
0.00775688
0.00775674
0.00826926
0.00826909
0.00826909
0.00775668
0.00725136
0.00725136
0.00675012
0.00675012
0.00675012
0.00675012
0.00675012
0.00675012
0.00675012
0.00675012
0.00675012
0.00625
0.00575
0.00575
0.00575
0.00525
0.00525
0.00525
0.00525
0.00575
0.00575
0.00575
0.00575
0.00575
0.00525
0.00525
0.00525
0.00525
0.00575
0.00625001
0.00625
0.00675013
0.00675013
0.00625
0.00625001
0.00575
0.00575004
0.00525001
0.00525
0.00525
0.00525
0.00575
0.00575
0.00575
0.00625
0.00625
0.00575
0.00525
0.00525
0.00525
0.00525
0.00525
0.00575
0.00625
0.00625
0.00625
0.00625
0.00575
0.00575
0.00575
0.00575
0.00575004
0.00575023
0.00575092
0.00625204
0.00625558
0.00676043
0.00675408
0.00675408
0.00676043
0.00625558
0.00625204
0.00575092
0.00525026
0.00525026
0.00525006
0.00525001
0.00525001
0.00525006
0.00575023
0.00625054
0.00625054
0.00675124
0.00675034
0.00625009
0.00625009
0.00675034
0.00675124
0.00675124
0.00675408
0.00676043
0.00625558
0.00625204
0.00625204
0.00625558
0.00676043
0.00675408
0.00675124
0.00625054
0.00625054
0.00625009
0.00675034
0.00675034
0.00625009
0.00575004
0.00575004
0.00575004
0.00575
0.00625001
0.00625001
0.00675015
0.00675013
0.00625
0.00625
0.00675013
0.00675015
0.00675015
0.00625001
0.00625
0.00675013
0.00675013
0.00675015
0.00625001
0.00625
0.00575
0.00575
0.00575
0.00525
0.00525
0.00525
0.00525
0.00525
0.00525001
0.00525006
0.00525026
0.00575092
0.00575092
0.00525026
0.00525006
0.00575023
0.00575023
0.00575023
0.00575092
0.00575262
0.00625558
0.00676043
0.00726823
0.00725823
0.00776695
0.00828157
0.00829556
0.00880686
0.00930046
0.00929427
0.00929427
0.00930046
0.00930046
0.00929427
0.00929427
0.00930046
0.00930046
0.00929427
0.00929427
0.00930046
0.00930046
0.00929427
0.00929427
0.00930046
0.00880686
0.00880686
0.00880686
0.00880686
0.00880686
0.00880686
0.00880686
0.00829556
0.00828157
0.00879567
0.00879567
0.0087897
0.00929116
0.00928984
0.00928984
0.00929116
0.00929116
0.00928984
0.00928984
0.00929116
0.00929116
0.00928984
0.00928984
0.00929116
0.00929116
0.00928984
0.00928984
0.00929116
0.0087897
0.0087897
0.0087897
0.0087897
0.0087897
0.0087897
0.0087897
0.00827426
0.00827426
0.00827133
0.00878717
0.00878717
0.00827133
0.00775789
0.00775789
0.00776033
0.00725349
0.00725188
0.00725188
0.00725349
0.00725823
0.00726823
0.00778019
0.00776695
0.00776033
0.00776033
0.00776695
0.00778019
0.00829556
0.00828157
0.00879567
0.00879567
0.00828157
0.00829556
0.00778019
0.00726823
0.00726823
0.00725823
0.00725823
0.00776695
0.00776033
0.00827426
0.00827426
0.00827133
0.00878717
0.00878717
0.00827133
0.00775789
0.00775789
0.00725188
0.00725349
0.00725349
0.00725188
0.00675034
0.00675034
0.00675034
0.00675034
0.00675124
0.00675408
0.00625204
0.00625204
0.00625558
0.00676043
0.00675408
0.00675124
0.00625054
0.00625054
0.00625009
0.00625009
0.00575004
0.00575004
0.00525001
0.00525001
0.00525
0.00575
0.00575
0.00575
0.00625001
0.00675015
0.00725149
0.00775715
0.00827019
0.00878592
0.00928893
0.00928807
0.00928807
0.00928893
0.00928893
0.00928807
0.00928807
0.00928893
0.00928893
0.00928807
0.00928807
0.00928893
0.00928893
0.00928807
0.00928807
0.00928893
0.00878592
0.00878592
0.00878592
0.00878592
0.00878592
0.00878592
0.00878592
0.00827019
0.0082696
0.0082696
0.00878506
0.00878506
0.00878448
0.00878448
0.0092874
0.00928705
0.00928705
0.0092874
0.0092874
0.00928705
0.00928705
0.0092874
0.0092874
0.00928705
0.00928705
0.0092874
0.0092874
0.00928705
0.00928705
0.0092874
0.00878448
0.00878448
0.00878448
0.00878448
0.00878448
0.00878448
0.00878506
0.0082696
0.00827019
0.00827019
0.0082696
0.00878506
0.00878506
0.0082696
0.00827019
0.00827133
0.00827426
0.00828157
0.00829556
0.00829556
0.00828157
0.00879567
0.00879567
0.00879567
0.00828157
0.00829556
0.00829556
0.00828157
0.00879567
0.00879567
0.00880686
0.00882276
0.00930929
0.00930929
0.00930929
0.00930929
0.00930929
0.00930929
0.00930929
0.00930929
0.00882276
0.00882276
0.00882276
0.00882276
0.00882276
0.00882276
0.00882276
0.00831619
0.00831619
0.00780054
0.00728422
0.00728422
0.00780054
0.00780054
0.00831619
0.00831619
0.00780054
0.00728422
0.00728422
0.00677093
0.00677093
0.00677093
0.00626154
0.00626154
0.00626154
0.00575549
0.00525159
0.00525159
0.00575549
0.00575262
0.00575262
0.00575262
0.00575262
0.00575262
0.00575262
0.00575262
0.00575092
0.00525026
0.00525026
0.00525006
0.00525006
0.00575023
0.00575023
0.00575092
0.00625204
0.00625558
0.00676043
0.00675408
0.00675408
0.00676043
0.00625558
0.00625204
0.00575092
0.00525026
0.00525026
0.00525006
0.00525001
0.00525001
0.00525
0.00525
0.00525
0.00525
0.00525
0.00525
0.00525
0.00525
0.00525
0.00525
0.00525
0.00575
0.00575
0.00575
0.00575
0.00625
0.00675012
0.00675012
0.00625
0.00625
0.00625
0.00625
0.00625
0.00625
0.00625
0.00625
0.00625
0.00675012
0.00675012
0.00675012
0.00675012
0.00675012
0.00625
0.00625
0.00575
0.00575
0.00525
0.00525
0.00525
0.00575
0.00575
0.00525
0.00525
0.00525
0.00525
0.00525
0.00525
0.00525
0.00575
0.00575
0.00525
0.00525
0.00575
0.00575
0.00625
0.00675013
0.00675015
0.00625001
0.00625009
0.00625009
0.00625009
0.00625009
0.00675034
0.00675124
0.00625054
0.00625054
0.00675124
0.00675034
0.00675034
0.00725188
0.00725349
0.00776033
0.00776033
0.00725349
0.00725188
0.00675034
0.00675124
0.00675124
0.00625054
0.00625054
0.00575023
0.00575023
0.00575023
0.00575023
0.00575092
0.00575092
0.00625204
0.00675408
0.00676043
0.00726823
0.00778019
0.00778019
0.00726823
0.00725823
0.00725823
0.00776695
0.00828157
0.00829556
0.00829556
0.00828157
0.00776695
0.00725823
0.00726823
0.00726823
0.00778019
0.00778019
0.00780054
0.00780054
0.00780054
0.00780054
0.00780054
0.00780054
0.00831619
0.00882276
0.00882276
0.00831619
0.00831619
0.00882276
0.00882276
0.00831619
0.00831619
0.00882276
0.00882276
0.00880686
0.00880686
0.00879567
0.0087897
0.00827426
0.00827426
0.00827133
0.00878717
0.0087897
0.00879567
0.00929427
0.00929427
0.00929427
0.00929427
0.00929427
0.00929427
0.00929427
0.00929116
0.00929116
0.00928984
0.00878717
0.00878717
0.00878717
0.00878717
0.00878717
0.00878717
0.00827133
0.00827426
0.0087897
0.0087897
0.00827426
0.00827133
0.00775789
0.00775789
0.00775789
0.00775789
0.00725188
0.00725349
0.00776033
0.00776033
0.00725349
0.00725188
0.00725188
0.00725149
0.00725149
0.00675015
0.00675015
0.00675015
0.00675015
0.00675013
0.00625
0.00625001
0.00625001
0.00625
0.00675013
0.00675013
0.00625
0.00625001
0.00625001
0.00625
0.00625
0.00675012
0.00675012
0.00675012
0.00675012
0.00625
0.00625
0.00625
0.00675012
0.00725136
0.00725137
0.00775674
0.00775688
0.0082696
0.00827019
0.00827019
0.00878592
0.00878592
0.00878592
0.00827019
0.0082696
0.00826926
0.00826909
0.00826909
0.00826926
0.00878448
0.00878448
0.00878448
0.00878419
0.00878419
0.00826909
0.00826926
0.00826926
0.00826909
0.00878419
0.00878419
0.00826909
0.00826926
0.00826926
0.00826909
0.00878419
0.00878419
0.00826909
0.00826926
0.00826926
0.0082696
0.00827019
0.00827133
0.00827426
0.00776033
0.00776033
0.00776695
0.00778019
0.00726823
0.00725823
0.00725823
0.00726823
0.00778019
0.00776695
0.00776695
0.00778019
0.00726823
0.00725823
0.00725823
0.00726823
0.00778019
0.00776695
0.00776033
0.00776033
0.00827426
0.00827133
0.00878717
0.00878717
0.00878717
0.00878717
0.00827133
0.00827426
0.00827426
0.00828157
0.00829556
0.00829556
0.00880686
0.00930046
0.00930046
0.00929427
0.00929427
0.00929116
0.00929116
0.00928984
0.00928984
0.00928984
0.00929116
0.00929427
0.00930046
0.00930046
0.00929427
0.00929116
0.00928984
0.00928893
0.00928893
0.00928893
0.00928893
0.00928807
0.00928807
0.0092874
0.0092874
0.00928705
0.00928705
0.00928705
0.0092874
0.00928807
0.00928807
0.0092874
0.00928705
0.00928705
0.0092874
0.00928807
0.00928893
0.00928984
0.00929116
0.00929427
0.00930046
0.00930046
0.00929427
0.00929116
0.00928984
0.00928984
0.00929116
0.00929427
0.00930046
0.00930046
0.00929427
0.00929116
0.00928984
0.00928893
0.00928893
0.00928893
0.00928807
0.0092874
0.00928705
0.00928705
0.0092874
0.00928807
0.00928807
0.0092874
0.00928705
0.00878419
0.00878419
0.00878419
0.00878419
0.00878419
0.00878419
0.00878419
0.00878419
0.00878419
0.00878419
0.00878419
0.00826909
0.00775668
0.00775668
0.00775668
0.00775668
0.00775668
0.00775668
0.00775668
0.00725136
0.00725137
0.00725137
0.00675012
0.00625
0.00625
0.00675012
0.00675012
0.00675012
0.00625
0.00625
0.00575
0.00575
0.00575
0.00575
0.00575
0.00575
0.00525
0.00525
0.00525
0.00525
0.00525
0.00475
0.00475
0.00475
0.00475
0.00475
0.00475
0.00475
0.00475
0.00475
0.00425
0.00425
0.00425
0.00475
0.00475
0.00425
0.00425
0.00425
0.00425
0.00475
0.00475
0.00475
0.00475
0.00474999
0.00474994
0.00474974
0.00474925
0.00424738
0.00424908
0.00424908
0.00424738
0.00474925
0.00474974
0.00474994
0.00424977
0.00424977
0.00424996
0.00424996
0.00474999
0.00474999
0.00474994
0.00474974
0.00474925
0.00424738
0.00424908
0.00424908
0.00424738
0.00474925
0.00474974
0.00474994
0.00424977
0.00424977
0.00424996
0.00424996
0.00474999
0.00475
0.00475
0.00475
0.00425
0.00425
0.00425
0.00425
0.00475
0.00475
0.00425
0.00425
0.00425
0.00425
0.00375
0.00375
0.00375
0.00375
0.00375
0.00375
0.00324988
0.00324988
0.00324988
0.00324988
0.00324988
0.00324988
0.00375
0.00375
0.00324988
0.00324988
0.00274864
0.00274864
0.00274864
0.00274864
0.00274864
0.00274864
0.00274864
0.00274864
0.00274864
0.00274864
0.00274864
0.00274864
0.00224332
0.00224326
0.00274863
0.00274863
0.0027486
0.0027486
0.0027486
0.00224312
0.00224285
0.00274851
0.00274851
0.00224285
0.00224312
0.0017304
0.00121494
0.00121494
0.00121408
0.00121408
0.00172981
0.00172867
0.00172867
0.00172867
0.00224211
0.00223967
0.00223967
0.00274651
0.00274651
0.00274177
0.00274177
0.00274177
0.00274177
0.00274177
0.00274177
0.00223305
0.00221981
0.00273177
0.00273177
0.00221981
0.00223305
0.00171843
0.00171843
0.00170444
0.00170444
0.00119314
0.00120433
0.0012103
0.0012103
0.0012103
0.00120433
0.00120433
0.00171843
0.00223305
0.00221981
0.00273177
0.00273177
0.00221981
0.00223305
0.00171843
0.00170444
0.00170444
0.00119314
0.00119314
0.00069954
0.00069954
0.00069954
0.00069954
0.00069954
0.00069954
0.00069954
0.00069954
0.000705731
0.000708842
0.00071016
0.000711068
0.000711929
0.000711929
0.000711929
0.000711929
0.000711927
0.000711923
0.000711911
0.000711929
0.000711068
0.000711068
0.000711929
0.000711929
0.000711068
0.000711068
0.000711929
0.000711929
0.000712598
0.000712599
0.000712951
0.000712951
0.000712599
0.000712599
0.000712951
0.000712951
0.000712599
0.000712598
0.000712951
0.000712951
0.000712598
0.000712599
0.000712951
0.000712951
0.000712599
0.000711929
0.000711068
0.000711068
0.000711929
0.000711929
0.000711068
0.000711068
0.000711929
0.000711929
0.000711068
0.00071016
0.00071016
0.000708842
0.000705731
0.000705731
0.000708842
0.00071016
0.000711068
0.000711068
0.000711929
0.00121494
0.0017304
0.00172981
0.00224285
0.00224312
0.0027486
0.0027486
0.00224312
0.00224285
0.00172981
0.0017304
0.00121494
0.00121552
0.00121552
0.00173074
0.00173074
0.00224326
0.00274863
0.00274863
0.00224326
0.00224332
0.00224332
0.00224332
0.00173091
0.00121581
0.00121581
0.00173091
0.00173091
0.00121581
0.00121581
0.00173091
0.00173074
0.00224326
0.00274863
0.00274863
0.0027486
0.00224312
0.00224285
0.00224285
0.00224312
0.0027486
0.00274863
0.00224326
0.00224326
0.00224332
0.00224332
0.00224332
0.00224332
0.00224332
0.00224332
0.00224332
0.00224332
0.00224326
0.00274863
0.00274863
0.00224326
0.00173074
0.00173074
0.00173074
0.00121552
0.00121581
0.00121581
0.00121552
0.00121552
0.00121581
0.00173091
0.00173091
0.00121581
0.00121552
0.00173074
0.00224326
0.00274863
0.00274864
0.00274864
0.00274863
0.00224326
0.00173074
0.00173091
0.00121581
0.00121552
0.00121494
0.00121494
0.00121494
0.00121494
0.00121494
0.00121494
0.0017304
0.00224312
0.00224285
0.00274851
0.00274851
0.0027486
0.00224312
0.00224285
0.00172981
0.00172981
0.00121408
0.00121408
0.00121408
0.00172981
0.0017304
0.0017304
0.00224312
0.0027486
0.00274851
0.00224285
0.00224285
0.00224312
0.0027486
0.00274851
0.00274812
0.00274812
0.00274812
0.00274812
0.00224211
0.00224211
0.00224211
0.00223967
0.00274651
0.00274651
0.00223967
0.00172574
0.00172574
0.00172574
0.00172574
0.0012103
0.00121283
0.00121283
0.0012103
0.00120433
0.00120433
0.00171843
0.00223305
0.00221981
0.00273177
0.00273177
0.00221981
0.00223305
0.00171843
0.00170444
0.00170444
0.00119314
0.00119314
0.00119314
0.00120433
0.0012103
0.00121283
0.00121283
0.0012103
0.00120433
0.00171843
0.00171843
0.00223305
0.00274177
0.00273177
0.00221981
0.00221981
0.00223305
0.00274177
0.00273177
0.00273177
0.00274177
0.00274651
0.00223967
0.00223967
0.00224211
0.00172867
0.00172867
0.00121283
0.0012103
0.00172574
0.00172574
0.0012103
0.00121283
0.00121283
0.00172867
0.00224211
0.00223967
0.00274651
0.00274651
0.00274177
0.00223305
0.00223305
0.00221981
0.00221981
0.00273177
0.00273177
0.00274177
0.00223305
0.00221981
0.00221981
0.00223305
0.00223967
0.00224211
0.00172867
0.00172981
0.0017304
0.0017304
0.00224312
0.0027486
0.00274851
0.00224285
0.00224285
0.00224312
0.0027486
0.00274851
0.00274851
0.0027486
0.00274863
0.00274864
0.00324988
0.00375
0.00425
0.00475
0.00475
0.00425
0.00425
0.00425
0.00475
0.00475
0.00475
0.00475
0.00425
0.00425
0.00475
0.00475
0.00425
0.00425
0.00375
0.00375
0.00375
0.00324988
0.00324988
0.00324988
0.00375
0.00375
0.00375
0.00375
0.00425
0.00475
0.00475
0.00425
0.00425
0.00425
0.00475
0.00475
0.00475
0.00475
0.00425
0.00425
0.00475
0.00475
0.00425
0.00425
0.00375
0.00375
0.00324987
0.00324987
0.00324987
0.00324985
0.00374999
0.00374999
0.00374991
0.00374991
0.00424996
0.00474999
0.00474994
0.00424977
0.00424977
0.00424996
0.00474999
0.00474994
0.00474974
0.00474974
0.00474974
0.00474925
0.00474925
0.00424738
0.00424738
0.00374442
0.00374442
0.00374796
0.00374796
0.00324592
0.00323957
0.00323957
0.00322907
0.00322907
0.00322907
0.00322907
0.00322907
0.00322907
0.00322907
0.00322907
0.00322907
0.00322907
0.00322907
0.00271578
0.00219946
0.00219946
0.00219946
0.00219946
0.00219946
0.00219946
0.00219945
0.00168381
0.00117724
0.00117724
0.00117723
0.00117722
0.00117719
0.00117724
0.00168381
0.00168381
0.00117724
0.00117724
0.00168381
0.00168381
0.00117724
0.00117724
0.00168381
0.00168381
0.00117724
0.00117724
0.00168381
0.00219946
0.00271578
0.00271578
0.00219946
0.00219946
0.00271578
0.00271578
0.00219946
0.00219946
0.00271578
0.00271578
0.00219946
0.00219946
0.00271578
0.00271578
0.00219946
0.00219946
0.00271578
0.00271578
0.00219946
0.00219946
0.00271578
0.00273177
0.00274177
0.00274651
0.00274651
0.00274812
0.00324966
0.00324876
0.00374946
0.00374946
0.00324876
0.00324966
0.00324966
0.00374991
0.00424996
0.00474999
0.00474994
0.00424977
0.00424977
0.00424996
0.00474999
0.00474994
0.00474974
0.00474974
0.00424908
0.00424908
0.00424908
0.00424738
0.00474925
0.00474925
0.00424738
0.00374442
0.00374442
0.00374796
0.00324592
0.00323957
0.00323957
0.00324592
0.00374796
0.00374796
0.00374946
0.00324876
0.00324876
0.00324966
0.00324985
0.00374999
0.00374991
0.00374946
0.00374796
0.00424908
0.00424738
0.00424738
0.00474925
0.00474925
0.00474925
0.00474974
0.00474994
0.00474999
0.00424996
0.00424977
0.00424977
0.00424996
0.00474999
0.00525001
0.00575004
0.00575004
0.00525001
0.00525006
0.00525006
0.00525026
0.00525026
0.00525075
0.00575262
0.00625558
0.00625558
0.00625204
0.00675408
0.00676043
0.00676043
0.00675408
0.00625204
0.00625558
0.00625558
0.00625204
0.00675408
0.00676043
0.00677093
0.00677093
0.00677093
0.00677093
0.00677093
0.00677093
0.00677093
0.00677093
0.00728422
0.00728422
0.00728422
0.00728422
0.00728422
0.00728422
0.00728422
0.00728422
0.00728422
0.00726823
0.00725823
0.00776695
0.00828157
0.00829556
0.00829556
0.00828157
0.00776695
0.00725823
0.00726823
0.00778019
0.00778019
0.00780054
0.00831619
0.00831619
0.00882276
0.00882276
0.00880686
0.00880686
0.00879567
0.00828157
0.00829556
0.00829556
0.00828157
0.00879567
0.00880686
0.00880686
0.00879567
0.0087897
0.00827426
0.00827133
0.00827133
0.00827426
0.0087897
0.00879567
0.00828157
0.00828157
0.00829556
0.00829556
0.00880686
0.00880686
0.00879567
0.0087897
0.00827426
0.00827133
0.00827133
0.00827019
0.0082696
0.00775688
0.00775688
0.00775674
0.00775668
0.00725136
0.00725137
0.00725137
0.00725136
0.00775668
0.00775674
0.00775674
0.00775668
0.00826909
0.00826926
0.00826926
0.00826909
0.00878419
0.00928705
0.00928705
0.0092874
0.0092874
0.00928807
0.00928807
0.00928893
0.00928893
0.00928893
0.00928807
0.0092874
0.00928705
0.00928705
0.0092874
0.00928807
0.00928893
0.00928984
0.00928984
0.00928984
0.00928984
0.00929116
0.00929116
0.00929427
0.00929427
0.00929427
0.00879567
0.0087897
0.00827426
0.00776033
0.00776033
0.00776033
0.00776033
0.00776033
0.00776033
0.00725349
0.00725349
0.00725188
0.00675034
0.00675034
0.00675034
0.00675034
0.00625009
0.00625054
0.00675124
0.00675124
0.00625054
0.00625009
0.00575004
0.00575004
0.00575004
0.00525001
0.00525006
0.00525026
0.00525026
0.00575092
0.00575092
0.00575262
0.00525075
0.00525075
0.00575262
0.00575262
0.00575092
0.00575092
0.00575023
0.00525006
0.00525001
0.00525
0.00575
0.00575
0.00575
0.00575
0.00525
0.00525
0.00525
0.00575
0.00575
0.00575
0.00575
0.00525
0.00525
0.00525
0.00575
0.00575
0.00575
0.00575004
0.00625009
0.00625054
0.00675124
0.00675124
0.00625054
0.00625009
0.00575004
0.00525001
0.00525001
0.00525001
0.00525006
0.00575023
0.00575092
0.00625204
0.00625204
0.00675408
0.00676043
0.00625558
0.00625558
0.00676043
0.00675408
0.00675408
0.00725823
0.00776695
0.00778019
0.00726823
0.00726823
0.00725823
0.00776695
0.00778019
0.00778019
0.00776695
0.00725823
0.00725349
0.00725188
0.00725149
0.0072514
0.0072514
0.00725149
0.00775715
0.00775715
0.00775789
0.00775789
0.00725188
0.00725349
0.00725823
0.00776695
0.00778019
0.00726823
0.00726823
0.00676043
0.00676043
0.00676043
0.00625558
0.00625204
0.00625204
0.00675408
0.00675408
0.00675124
0.00675034
0.00675015
0.00675013
0.00675013
0.00625
0.00625001
0.00625001
0.00625
0.00675013
0.00675012
0.00675012
0.00675012
0.00625
0.00625
0.00625
0.00625
0.00675012
0.00675012
0.00675013
0.00675013
0.0072514
0.00725149
0.00775715
0.00775715
0.00725149
0.0072514
0.0072514
0.00725137
0.00725136
0.00725136
0.00725137
0.0072514
0.00775688
0.00775688
0.00775715
0.00725149
0.0072514
0.00725137
0.00775674
0.00775674
0.00775674
0.00775688
0.00775715
0.00725149
0.0072514
0.0072514
0.00725149
0.00775715
0.00775688
0.00775674
0.00725137
0.00725137
0.00725136
0.00725136
0.00675012
0.00675012
0.00675012
0.00675013
0.00625
0.00625
0.00625001
0.00675015
0.00675013
0.00675012
0.00625
0.00625
0.00625
0.00625
0.00575
0.00575
0.00575
0.00575
0.00575
0.00575
0.00575
0.00575004
0.00625009
0.00625054
0.00675124
0.00675124
0.00625054
0.00625009
0.00575004
0.00575023
0.00525006
0.00525001
0.00525
0.00525
0.00525
0.00525
0.00525
0.00525
0.00525
0.00525
0.00525
0.00525
0.00575
0.00575
0.00575
0.00625
0.00625001
0.00675015
0.00675013
0.00675013
0.00675015
0.00625001
0.00625
0.00575
0.00575
0.00575
0.00575004
0.00575023
0.00575092
0.00625204
0.00625558
0.00676043
0.00675408
0.00675408
0.00676043
0.00625558
0.00625204
0.00575092
0.00525026
0.00525026
0.00525006
0.00525001
0.00525001
0.00525006
0.00575023
0.00625054
0.00625054
0.00675124
0.00725349
0.00725188
0.00775789
0.00775789
0.00725188
0.00725349
0.00725349
0.00725188
0.00775789
0.00775789
0.00725188
0.00725349
0.00675124
0.00675124
0.00675124
0.00675034
0.00675034
0.00625009
0.00625009
0.00575004
0.00575004
0.00575023
0.00575092
0.00625204
0.00625558
0.00676043
0.00675408
0.00675408
0.00676043
0.00625558
0.00625204
0.00575092
0.00525026
0.00525026
0.00525075
0.00525075
0.00474925
0.00474925
0.00474925
0.00474925
0.00474925
0.00474925
0.00474925
0.00474925
0.00474925
0.00474925
0.00424738
0.00424908
0.00474974
0.00474974
0.00424908
0.00424738
0.00374442
0.00374442
0.00374442
0.00374442
0.00374442
0.00374442
0.00374796
0.00374796
0.00324592
0.00323957
0.00323957
0.00324592
0.00374796
0.00374796
0.00324592
0.00323957
0.00273177
0.00273177
0.00273177
0.00273177
0.00221981
0.00223305
0.00274177
0.00274177
0.00223305
0.00221981
0.00170444
0.00170444
0.00170444
0.00170444
0.00119314
0.00120433
0.00171843
0.00171843
0.00120433
0.00119314
0.00119314
0.00120433
0.00171843
0.00171843
0.00120433
0.00119314
0.00119314
0.00170444
0.00221981
0.00223305
0.00274177
0.00274177
0.00223305
0.00221981
0.00170444
0.00119314
0.00120433
0.00120433
0.00171843
0.00171843
0.00172574
0.00172574
0.00172574
0.00172574
0.00172574
0.00172574
0.0012103
0.0012103
0.00121283
0.00121283
0.00172867
0.00172867
0.00172867
0.00121283
0.00121283
0.0012103
0.000708842
0.000708842
0.000708842
0.000708842
0.000705731
0.000705731
0.000705731
0.000705731
0.000705731
0.000705731
0.000699539
0.000699539
0.000705731
0.000705731
0.000699539
0.000699539
0.00119314
0.00170444
0.00221981
0.00273177
0.00323957
0.00324592
0.00374796
0.00374796
0.00324592
0.00323957
0.00323957
0.00374442
0.00424738
0.00424908
0.00474974
0.00474974
0.00424908
0.00424738
0.00374442
0.00323957
0.00324592
0.00324592
0.00374796
0.00374796
0.00374946
0.00374946
0.00374946
0.00374946
0.00374946
0.00374946
0.00374946
0.00374946
0.00374991
0.00374991
0.00324966
0.00324876
0.00324876
0.00324966
0.00374991
0.00374991
0.00324966
0.00324876
0.00274651
0.00274651
0.00274651
0.00274651
0.00223967
0.00224211
0.00274812
0.00274812
0.00224211
0.00223967
0.00223967
0.00224211
0.00274812
0.00274812
0.00224211
0.00223967
0.00223967
0.00223305
0.00274177
0.00274177
0.00273177
0.00221981
0.00223305
0.00171843
0.00171843
0.00120433
0.00120433
0.00119314
0.00170444
0.00170444
0.00221981
0.00273177
0.00274177
0.00223305
0.00223305
0.00221981
0.00273177
0.00274177
0.00274651
0.00274651
0.00274651
0.00274651
0.00324876
0.00324966
0.00374991
0.00424996
0.00424977
0.00474994
0.00474999
0.00474999
0.00474994
0.00424977
0.00424996
0.00374991
0.00324966
0.00324876
0.00324876
0.00324966
0.00374991
0.00424996
0.00424977
0.00474994
0.00474999
0.00474999
0.00474994
0.00424977
0.00424996
0.00374991
0.00324966
0.00324876
0.00324876
0.00324592
0.00323957
0.00322907
0.00373846
0.00424451
0.00474841
0.00474841
0.00424451
0.00373846
0.00322907
0.00322907
0.00373846
0.00424451
0.00474841
0.00474841
0.00424451
0.00373846
0.00322907
0.00271578
0.00271578
0.00271578
0.00271578
0.00219946
0.00219946
0.00168381
0.00168381
0.00117724
0.00117724
0.00117724
0.00168381
0.00219946
0.00219946
0.00168381
0.00117724
0.00117724
0.00168381
0.00219946
0.00271578
0.00322907
0.00373846
0.00424451
0.00474841
0.00474841
0.00424451
0.00373846
0.00322907
0.00322907
0.00373846
0.00424451
0.00474841
0.00474841
0.00424451
0.00373846
0.00322907
0.00271578
0.00271578
0.00271578
0.00219946
0.00168381
0.00117724
0.00117724
0.00168381
0.00219946
0.00219946
0.00168381
0.00117724
0.000690714
0.000690714
0.000690715
0.000690715
0.000690714
0.000690714
0.000690714
0.000690714
0.000699539
0.000699539
0.000699539
0.000699539
0.000705731
0.000705731
0.000708842
0.000708842
0.000708841
0.000708842
0.000708842
0.0012103
0.00121283
0.00172867
0.00172867
0.00172981
0.00172981
0.00172981
0.00172981
0.00121408
0.00121494
0.0017304
0.0017304
0.00121494
0.00121408
0.00121408
0.00121494
0.0017304
0.00224312
0.00224285
0.00224285
0.00224312
0.0027486
0.0027486
0.00274863
0.00224326
0.00224332
0.00224332
0.00173091
0.00173091
0.00173074
0.00121552
0.00121581
0.00121581
0.00121552
0.00173074
0.00173074
0.00121552
0.00121581
0.00173091
0.00173091
0.00173074
0.0017304
0.00121494
0.00121408
0.000711068
0.000711068
0.000711068
0.000711068
0.00071016
0.00071016
0.00071016
0.00071016
0.00071016
0.00071016
0.00121283
0.0012103
0.0012103
0.00121283
0.00172867
0.00172867
0.00172981
0.00172981
0.00224285
0.00274851
0.0027486
0.00324987
0.00375
0.00374999
0.00374999
0.00324985
0.00324987
0.00375
0.00375
0.00375
0.00324988
0.00324988
0.00324988
0.00324988
0.00324988
0.00324987
0.00324985
0.00374999
0.00425
0.00425
0.00475
0.00475
0.00425
0.00425
0.00374999
0.00324985
0.00324987
0.00375
0.00375
0.00375
0.00425
0.00475
0.00475
0.00425
0.00425
0.00425
0.00375
0.00324988
0.00324988
0.00324988
0.00375
0.00375
0.00375
0.00375
0.00375
0.00374999
0.00425
0.00475
0.00475
0.00425
0.00425
0.00425
0.00475
0.00475
0.00475
0.00475
0.00425
0.00425
0.00425
0.00425
0.00375
0.00375
0.00374999
0.00324985
0.00324985
0.00324987
0.00324987
0.00324988
0.00324988
0.00324988
0.00324988
0.00375
0.00375
0.00375
0.00375
0.00374999
0.00425
0.00475
0.00475
0.00425
0.00425
0.00425
0.00475
0.00475
0.00475
0.00475
0.00425
0.00425
0.00475
0.00475
0.00475
0.00475
0.00475
0.00475
0.00475
0.00475
0.00475
0.00475
0.00425
0.00425
0.00475
0.00475
0.00425
0.00425
0.00375
0.00375
0.00375
0.00324988
0.00324988
0.00324988
0.00324988
0.00375
0.00375
0.00324988
0.00324988
0.00324988
0.00324988
0.00375
0.00375
0.00375
0.00425
0.00475
0.00475
0.00425
0.00425
0.00425
0.00475
0.00475
0.00474999
0.00474999
0.00424996
0.00424977
0.00474994
0.00474994
0.00474974
0.00424908
0.00424908
0.00424738
0.00424738
0.00474925
0.00474925
0.00474974
0.00424908
0.00424738
0.00424738
0.00424908
0.00424977
0.00424996
0.00374991
0.00374991
0.00374991
0.00374991
0.00374999
0.00324985
0.00324985
0.00324987
0.00324987
0.00324985
0.00374999
0.00374999
0.00374999
0.00324985
0.00324987
0.0027486
0.0027486
0.0027486
0.0027486
0.0027486
0.00274863
0.00274864
0.00274864
0.00224332
0.00224326
0.00224326
0.00224326
0.00173074
0.00173091
0.00121581
0.00121552
0.00121552
0.00121581
0.00173091
0.00173074
0.0017304
0.0017304
0.0017304
0.00172981
0.00172981
0.00121408
0.00121408
0.00121283
0.0012103
0.0012103
0.00172574
0.00172574
0.00171843
0.00171843
0.00171843
0.00171843
0.00120433
0.00119314
0.00119314
0.00170444
0.00170444
0.00168381
0.00168381
0.00168381
0.00168381
0.00168381
0.00117724
0.00117724
0.00117724
0.00117724
0.00117724
0.00117724
0.00168381
0.00168381
0.00170444
0.00170444
0.00119314
0.00120433
0.00120433
0.00119314
0.00170444
0.00170444
0.00119314
0.00120433
0.000705731
0.000705731
0.000705731
0.000705731
0.000705731
0.000705731
0.000705731
0.000705731
0.000705731
0.000705731
0.000705732
0.000705731
0.000705731
0.000705731
0.000708842
0.00071016
0.00071016
0.000708842
0.000708842
0.00071016
0.00071016
0.000708842
0.000708842
0.00071016
0.000711068
0.000711068
0.000711929
0.000711929
0.000711068
0.000711068
0.000711929
0.000711929
0.000711068
0.000711068
0.000711929
0.000711929
0.000711068
0.000711068
0.000711929
0.000711929
0.000712599
0.000712952
0.000712951
0.000712599
0.000712599
0.000712951
0.000712951
0.000712598
0.000712599
0.000712951
0.000712951
0.000712599
0.000712599
0.000711929
0.000711929
0.000711929
0.000712598
0.000712598
0.000712951
0.000712951
0.000712951
0.000712951
0.000712951
0.000712951
0.000712951
0.000712599
0.000711929
0.000711068
0.000711068
0.00071016
0.00071016
0.00071016
0.00071016
0.00071016
0.00071016
0.00071016
0.00071016
0.000708842
0.000708842
0.000708842
0.000708842
0.000708842
0.000708842
0.000708842
0.000708842
0.000708842
0.00071016
0.00071016
0.000711068
0.000711929
0.000712599
0.000712599
0.000711929
0.000711068
0.00121408
0.00121408
0.00121494
0.00121494
0.00121408
0.00172981
0.00172981
0.00224285
0.00224312
0.00224312
0.00224285
0.00274851
0.00274812
0.00274812
0.00274812
0.00224211
0.00224211
0.00223967
0.00223967
0.00274651
0.00274177
0.00274177
0.00223305
0.00221981
0.00273177
0.00273177
0.00221981
0.00223305
0.00171843
0.00171843
0.00172574
0.00172867
0.00121283
0.0012103
0.0012103
0.00121283
0.00172867
0.00172574
0.00172574
0.00172867
0.00224211
0.00223967
0.00274651
0.00274651
0.00223967
0.00224211
0.00172867
0.00121283
0.00121283
0.0012103
0.0012103
0.00172574
0.00171843
0.00171843
0.00223305
0.00274177
0.00324592
0.00323957
0.00374442
0.00374442
0.00323957
0.00324592
0.00274177
0.00223305
0.00221981
0.00221981
0.00273177
0.00273177
0.00273177
0.00274177
0.00274651
0.00274812
0.00274851
0.00224285
0.00224312
0.00224312
0.00224326
0.00224332
0.00274864
0.00274863
0.00274863
0.00274863
0.00274864
0.00224332
0.00224326
0.00224326
0.00224332
0.00224332
0.00224326
0.00274863
0.00274863
0.00224326
0.00224312
0.00224312
0.00224285
0.00274851
0.0027486
0.00274863
0.00224326
0.00224332
0.00224332
0.00274864
0.00274864
0.00274864
0.00274863
0.0027486
0.00274851
0.00224285
0.00224312
0.00224312
0.00224285
0.00274851
0.0027486
0.00274863
0.00224326
0.00224326
0.00224332
0.00224332
0.00274864
0.00274864
0.00274863
0.0027486
0.00274851
0.00274812
0.00224211
0.00224211
0.00223967
0.00172574
0.00172574
0.0012103
0.0012103
0.00121283
0.00172867
0.00172981
0.00172981
0.00121408
0.00121408
0.00121408
0.00121494
0.0017304
0.0017304
0.00121494
0.00121552
0.00121552
0.00121552
0.00121581
0.000712952
0.000712951
0.000712951
0.000712951
0.000712951
0.00121581
0.00173091
0.00173074
0.00121552
0.00121552
0.00121581
0.00173091
0.00173074
0.0017304
0.0017304
0.00121494
0.00121408
0.00172981
0.00172981
0.00224285
0.00274851
0.00274851
0.00224285
0.00224312
0.00224312
0.00224285
0.00274851
0.00274812
0.00274812
0.00274812
0.00324966
0.00324966
0.00324876
0.00374946
0.00374946
0.00324876
0.00324592
0.00324592
0.00374796
0.00374442
0.00323957
0.00323957
0.00374442
0.00374796
0.00374796
0.00374946
0.00324876
0.00324966
0.00324966
0.00324876
0.00374946
0.00374796
0.00324592
0.00324592
0.00323957
0.00374442
0.00374442
0.00323957
0.00273177
0.00273177
0.00273177
0.00274177
0.00274651
0.00223967
0.00223967
0.00224211
0.00224211
0.00172867
0.00172867
0.00121283
0.0012103
0.00172574
0.00172574
0.0012103
0.00121283
0.00121408
0.00121494
0.00121494
0.00121552
0.00121581
0.00173091
0.00173074
0.00173074
0.00173091
0.00121581
0.00121552
0.00121494
0.0017304
0.0017304
0.00172981
0.00121408
0.00121408
0.00172981
0.00172867
0.00172867
0.00224211
0.00223967
0.00274651
0.00274651
0.00223967
0.00224211
0.00224211
0.00224285
0.00224312
0.00224326
0.00224332
0.00274864
0.00274864
0.00274863
0.00274863
0.00324988
0.00324988
0.00375
0.00425
0.00425
0.00475
0.00475
0.00425
0.00425
0.00375
0.00324988
0.00324988
0.00375
0.00375
0.00375
0.00425
0.00475
0.00475
0.00425
0.00425
0.00425
0.00475
0.00475
0.00475
0.00475
0.00475
0.00425
0.00425
0.00425
0.00425
0.00475
0.00475
0.00425
0.00425
0.00425
0.00425
0.00475
0.00525
0.00525
0.00525
0.00525
0.00525
0.00575
0.00575
0.00575
0.00575
0.00525
0.00525
0.00525
0.00575
0.00575
0.00575
0.00575
0.00525
0.00525
0.00525
0.00525
0.00525
0.00575
0.00575
0.00575
0.00575
0.00525
0.00525
0.00525
0.00575
0.00575
0.00625
0.00625001
0.00675015
0.00675015
0.00675034
0.00625009
0.00625009
0.00625054
0.00625054
0.00675124
0.00675408
0.00625204
0.00625204
0.00625558
0.00625558
0.00575262
0.00575262
0.00575262
0.00575262
0.00525075
0.00525075
0.00525159
0.00525159
0.00525159
0.00525159
0.00525159
0.00525159
0.00525159
0.00575549
0.00575549
0.00626154
0.00626154
0.00626154
0.00626154
0.00575549
0.00575549
0.00575549
0.00626154
0.00626154
0.00575549
0.00575549
0.00626154
0.00626154
0.00575549
0.00575549
0.00626154
0.00677093
0.00677093
0.00728422
0.00780054
0.00831619
0.00831619
0.00882276
0.00882276
0.00831619
0.00780054
0.00780054
0.00728422
0.00728422
0.00677093
0.00677093
0.00626154
0.00626154
0.00575549
0.00525159
0.00525159
0.00474841
0.00474841
0.00474841
0.00474841
0.00474841
0.00474841
0.00474841
0.00474841
0.00474841
0.00474841
0.00474841
0.00474841
0.00474841
0.00474841
0.00474841
0.00424451
0.00424451
0.00373846
0.00373846
0.00373846
0.00424451
0.00424451
0.00373846
0.00373846
0.00424451
0.00424451
0.00373846
0.00322907
0.00322907
0.00373846
0.00424451
0.00424451
0.00373846
0.00322907
0.00322907
0.00373846
0.00424451
0.00424451
0.00373846
0.00322907
0.00271578
0.00271578
0.00271578
0.00271578
0.00219946
0.00219946
0.00168381
0.00168381
0.00168381
0.00168381
0.00168381
0.00117724
0.00117724
0.00117724
0.00117724
0.00117724
0.00119314
0.00120433
0.00120433
0.00119314
0.00170444
0.00170444
0.00170444
0.00119314
0.00120433
0.00120433
0.00119314
0.00170444
0.00170444
0.00171843
0.00223305
0.00221981
0.00221981
0.00223305
0.00171843
0.00120433
0.00120433
0.00119314
0.00119314
0.00170444
0.00170444
0.00171843
0.00172574
0.0012103
0.00121283
0.00121283
0.0012103
0.00172574
0.00171843
0.00223305
0.00223305
0.00274177
0.00274177
0.00274177
0.00274651
0.00274812
0.00274851
0.0027486
0.00324987
0.00324985
0.00374999
0.00374999
0.00375
0.00324987
0.00324985
0.00324985
0.00324987
0.00324988
0.00324988
0.00375
0.00375
0.00375
0.00375
0.00324988
0.00324988
0.00324987
0.00375
0.00375
0.00374999
0.00374999
0.00324985
0.00274851
0.00274851
0.00274851
0.0027486
0.00274863
0.00274864
0.00224332
0.00224326
0.00173074
0.00173074
0.00173091
0.00173091
0.00173074
0.00173074
0.00173091
0.00121581
0.00121581
0.000712952
0.000712599
0.000712599
0.000712599
0.000711929
0.000711929
0.000711929
0.000711068
0.000711068
0.000711929
0.000712599
0.000712951
0.000712951
0.000712599
0.000711929
0.000711068
0.00071016
0.00071016
0.000711068
0.00121408
0.00121494
0.00121494
0.0017304
0.0017304
0.00173074
0.00173074
0.00121552
0.00121581
0.00173091
0.00173091
0.00121581
0.00121552
0.00121552
0.00121494
0.00121408
0.00121283
0.00172867
0.00172867
0.00121283
0.0012103
0.0012103
0.00120433
0.00119314
0.00119314
0.00170444
0.00171843
0.00171843
0.00172574
0.00223967
0.00224211
0.00274812
0.00274812
0.00274851
0.00224285
0.00224285
0.00224312
0.00224312
0.0027486
0.00274863
0.00224326
0.00224326
0.00224332
0.00224332
0.00274864
0.00274864
0.00274863
0.0027486
0.00274851
0.00324985
0.00324987
0.00324987
0.00324985
0.00374999
0.00375
0.00375
0.00425
0.00425
0.00475
0.00475
0.00475
0.00425
0.00425
0.00425
0.00425
0.00475
0.00475
0.00425
0.00375
0.00375
0.00375
0.00324988
0.00324988
0.00324988
0.00324988
0.00375
0.00375
0.00324988
0.00324988
0.00324988
0.00324988
0.00324988
0.00375
0.00375
0.00425
0.00425
0.00425
0.00475
0.00475
0.00475
0.00475
0.00475
0.00475
0.00425
0.00425
0.00475
0.00475
0.00425
0.00425
0.00375
0.00375
0.00324987
0.00324985
0.00374999
0.00374999
0.00324985
0.00324987
0.00324987
0.00324988
0.00375
0.00375
0.00324988
0.00324988
0.00274864
0.00274864
0.00274864
0.00274864
0.00274864
0.00274864
0.00224332
0.00224326
0.00274863
0.00274863
0.00224326
0.00224332
0.00173091
0.00173091
0.00173091
0.00121581
0.00121581
0.00121552
0.00121552
0.00121494
0.00121494
0.0017304
0.00172981
0.00121408
0.00121408
0.00172981
0.0017304
0.00224312
0.00224285
0.00224285
0.00224312
0.0027486
0.0027486
0.00224312
0.00224285
0.00172981
0.00172981
0.0017304
0.00173074
0.00121552
0.00121581
0.00121581
0.00121552
0.00173074
0.0017304
0.00121494
0.00121494
0.00121408
0.00121408
0.00121283
0.00121283
0.00121283
0.00121283
0.00172867
0.00172574
0.00223967
0.00223967
0.00224211
0.00274812
0.00324966
0.00324966
0.00374991
0.00424996
0.00474999
0.00474994
0.00474994
0.00474974
0.00474925
0.00474925
0.00474974
0.00525026
0.00525026
0.00525075
0.00525075
0.00525026
0.00525006
0.00575023
0.00575023
0.00525006
0.00525026
0.00575092
0.00575092
0.00575092
0.00575023
0.00575004
0.00525001
0.00525006
0.00525006
0.00525001
0.00575004
0.00575023
0.00575092
0.00525026
0.00525026
0.00525075
0.00525075
0.00525159
0.00525159
0.00575549
0.00575549
0.00626154
0.00626154
0.00677093
0.00728422
0.00780054
0.00831619
0.00882276
0.00882276
0.00831619
0.00780054
0.00728422
0.00728422
0.00726823
0.00725823
0.00725349
0.00725188
0.00775789
0.00775789
0.00725188
0.00725349
0.00725823
0.00776695
0.00776695
0.00828157
0.00829556
0.00829556
0.00828157
0.00828157
0.00827426
0.00827133
0.00827019
0.0082696
0.00878506
0.00878592
0.00878592
0.00878592
0.00878506
0.00878448
0.00878448
0.00878419
0.00826909
0.00826926
0.00826926
0.00826909
0.00878419
0.00878448
0.00878506
0.00878506
0.0082696
0.0082696
0.00827019
0.00775715
0.00775715
0.00775688
0.00775688
0.00775674
0.00775668
0.00725136
0.00725137
0.0072514
0.00725149
0.00725149
0.00675015
0.00675015
0.00625001
0.00625
0.00625
0.00625
0.00625
0.00675012
0.00675012
0.00675012
0.00675012
0.00625
0.00625
0.00575
0.00575
0.00575
0.00525
0.00525
0.00525
0.00525
0.00575
0.00575
0.00575
0.00625
0.00625
0.00675012
0.00675012
0.00675012
0.00675012
0.00625
0.00625
0.00575
0.00575
0.00525
0.00525
0.00525
0.00525
0.00525
0.00575
0.00625001
0.00625001
0.00675015
0.00725149
0.00775715
0.00775688
0.0072514
0.0072514
0.00725149
0.00775715
0.00775688
0.00775674
0.00775674
0.00725137
0.00725136
0.00725136
0.00725136
0.00725136
0.00775668
0.00775674
0.00725137
0.00725137
0.00775674
0.00775668
0.00775668
0.00826909
0.00878419
0.00928705
0.0092874
0.0092874
0.00928705
0.00928705
0.0092874
0.0092874
0.00928705
0.00878419
0.00878419
0.00878419
0.00826909
0.00826926
0.00826926
0.00878448
0.00878448
0.00878506
0.00878506
0.00928807
0.00928893
0.00928893
0.00928807
0.00928807
0.00928893
0.00928893
0.00928807
0.00878506
0.00878506
0.00878448
0.00826926
0.00826909
0.00826909
0.00826926
0.0082696
0.00827019
0.00827019
0.0082696
0.00878506
0.00878506
0.00878506
0.00878506
0.00878592
0.00878717
0.0087897
0.0087897
0.00879567
0.00828157
0.00776695
0.00776695
0.00778019
0.00726823
0.00725823
0.00725823
0.00726823
0.00778019
0.00778019
0.00829556
0.00880686
0.00879567
0.00828157
0.00828157
0.00829556
0.00880686
0.00879567
0.0087897
0.0087897
0.00827426
0.00827426
0.00827133
0.00827133
0.00775789
0.00776033
0.00725349
0.00725188
0.00725188
0.00725349
0.00776033
0.00775789
0.00775789
0.00776033
0.00776695
0.00725823
0.00726823
0.00726823
0.00778019
0.00776695
0.00725823
0.00725349
0.00725349
0.00725188
0.00725188
0.00775789
0.00776033
0.00827426
0.00827133
0.00827133
0.00878717
0.00878717
0.00878592
0.00827019
0.00827019
0.0082696
0.0082696
0.00878506
0.00878448
0.00878448
0.00826926
0.00826926
0.00826909
0.00775668
0.00775668
0.00775674
0.00775688
0.00775715
0.00725149
0.0072514
0.0072514
0.00725149
0.00775715
0.00775688
0.00775674
0.00725137
0.00725137
0.00725137
0.00725136
0.00725136
0.00725136
0.00675012
0.00675012
0.00675012
0.00675012
0.00675012
0.00675013
0.00625
0.00625
0.00675013
0.00675015
0.00675015
0.00675034
0.00625009
0.00625054
0.00625054
0.00625009
0.00675034
0.00675015
0.00625001
0.00625001
0.00625
0.00675013
0.00675013
0.00625
0.00575
0.00575
0.00575
0.00575
0.00575
0.00625
0.00625
0.00625
0.00625
0.00675012
0.00675012
0.00625
0.00625
0.00625
0.00625
0.00675012
0.00675012
0.00675013
0.00675015
0.00675034
0.00675124
0.00675408
0.00676043
0.00625558
0.00625204
0.00625204
0.00625558
0.00626154
0.00575549
0.00575549
0.00525159
0.00525159
0.00525159
0.00575549
0.00626154
0.00626154
0.00677093
0.00677093
0.00728422
0.00780054
0.00831619
0.00831619
0.00780054
0.00728422
0.00728422
0.00780054
0.00831619
0.00831619
0.00780054
0.00728422
0.00677093
0.00677093
0.00677093
0.00626154
0.00626154
0.00575549
0.00575549
0.00525159
0.00525159
0.00525159
0.00575549
0.00575549
0.00626154
0.00626154
0.00575549
0.00525159
0.00525159
0.00525075
0.00525075
0.00525075
0.00525075
0.00525075
0.00525075
0.00525075
0.00525075
0.00474925
0.00474925
0.00424738
0.00424738
0.00424738
0.00424738
0.00424738
0.00424738
0.00424738
0.00424908
0.00474974
0.00474974
0.00424908
0.00374796
0.00374796
0.00374442
0.00374442
0.00323957
0.00324592
0.00324876
0.00374946
0.00374946
0.00424977
0.00474994
0.00474999
0.00424996
0.00424996
0.00424977
0.00474994
0.00474999
0.00474999
0.00474994
0.00474974
0.00424908
0.00424908
0.00474974
0.00474994
0.00424977
0.00424977
0.00424996
0.00424996
0.00474999
0.00475
0.00475
0.00475
0.00475
0.00425
0.00425
0.00475
0.00475
0.00425
0.00425
0.00374999
0.00374999
0.00374991
0.00324966
0.00324966
0.00374991
0.00374991
0.00374946
0.00374796
0.00374442
0.00323957
0.00324592
0.00324592
0.00323957
0.00374442
0.00374796
0.00374946
0.00324876
0.00324876
0.00324966
0.00324966
0.00374991
0.00374999
0.00374999
0.00425
0.00425
0.00475
0.00475
0.00425
0.00425
0.00425
0.00424996
0.00424977
0.00424908
0.00474974
0.00474974
0.00424908
0.00374796
0.00374796
0.00374442
0.00323957
0.00324592
0.00324592
0.00323957
0.00374442
0.00374442
0.00323957
0.00324592
0.00374796
0.00424908
0.00474974
0.00474974
0.00424908
0.00424738
0.00374442
0.00323957
0.00324592
0.00374796
0.00374946
0.00374946
0.00374946
0.00374946
0.00324876
0.00324966
0.00374991
0.00374991
0.00424996
0.00424977
0.00474994
0.00474994
0.00474999
0.00474999
0.00474999
0.00474994
0.00525006
0.00525001
0.00525001
0.00525006
0.00575023
0.00575004
0.00575
0.00575
0.00525
0.00525
0.00525
0.00525
0.00525
0.00525
0.00525
0.00475
0.00475
0.00475
0.00475
0.00475
0.00425
0.00425
0.00425
0.00425
0.00475
0.00475
0.00425
0.00425
0.00425
0.00425
0.00475
0.00475
0.00475
0.00475
0.00475
0.00425
0.00425
0.00425
0.00375
0.00375
0.00375
0.00375
0.00375
0.00324987
0.00324985
0.00324985
0.00324987
0.00324988
0.00324988
0.00375
0.00375
0.00324988
0.00324988
0.00375
0.00375
0.00375
0.00324988
0.00324987
0.00324985
0.00324985
0.00324987
0.00324988
0.00375
0.00375
0.00375
0.00324988
0.00324988
0.00274864
0.00274864
0.00274864
0.00274864
0.00274864
0.00274863
0.0027486
0.00274851
0.00274812
0.00224211
0.00223967
0.00172574
0.0012103
0.00120433
0.000705731
0.000705731
0.000708842
0.000708842
0.00071016
0.00071016
0.000711068
0.000711929
0.000711929
0.000712599
0.000712951
0.000712951
0.000712599
0.000712599
0.000711929
0.000711068
0.00121408
0.00172981
0.00172981
0.0017304
0.0017304
0.00121494
0.00121552
0.00173074
0.00173074
0.00173091
0.00121581
0.00121581
0.00173091
0.00173091
0.00173074
0.0017304
0.00172981
0.00172867
0.00121283
0.00121283
0.00172867
0.00172981
0.00224285
0.00224285
0.00224312
0.00224312
0.0017304
0.00121494
0.00121494
0.00121408
0.00121408
0.000711068
0.000711068
0.00071016
0.00071016
0.000708842
0.000708842
0.000705731
0.00120433
0.00119314
0.00170444
0.00221981
0.00273177
0.00274177
0.00223305
0.00223305
0.00221981
0.00273177
0.00274177
0.00274651
0.00274651
0.00223967
0.00224211
0.00274812
0.00274812
0.00224211
0.00223967
0.00172574
0.00172574
0.00171843
0.00171843
0.00170444
0.00119314
0.00120433
0.0012103
0.0012103
0.00121283
0.00172867
0.00172867
0.00121283
0.00121283
0.0012103
0.00120433
0.00119314
0.00170444
0.00221981
0.00273177
0.00274177
0.00223305
0.00223305
0.00221981
0.00273177
0.00274177
0.00274651
0.00274651
0.00223967
0.00224211
0.00274812
0.00274812
0.00224211
0.00223967
0.00172574
0.00172574
0.00171843
0.00171843
0.00170444
0.00119314
0.00120433
0.0012103
0.00121283
0.00172867
0.00172867
0.00172981
0.00172981
0.00172981
0.00224285
0.00274851
0.0027486
0.00224312
0.00224312
0.00224285
0.00274851
0.0027486
0.00274863
0.00274863
0.00224326
0.00224326
0.00224326
0.00224332
0.00224332
0.00173091
0.00173074
0.00121552
0.00121552
0.00121581
0.00121581
0.000712951
0.000712951
0.000712952
0.000712951
0.000712951
0.000712951
0.000712951
0.000712951
0.000712951
0.000712951
0.000712951
0.000712599
0.000712598
0.000712598
0.000712599
0.000712599
0.000711929
0.000711068
0.000711068
0.000711929
0.000711929
0.000711068
0.000711068
0.000711929
0.000711929
0.000711068
0.000711068
0.000711929
0.000712599
0.000712599
0.000712599
0.000711929
0.000711929
0.000711068
0.000711068
0.000711068
0.000711929
0.000712598
0.000712598
0.000711929
0.000711068
0.00071016
0.00071016
0.00071016
0.00071016
0.00071016
0.00071016
0.00071016
0.00071016
0.00071016
0.00071016
0.00071016
0.000708842
0.000708842
0.000705731
0.000699539
0.000699539
0.000699539
0.000699539
0.000699539
0.000699539
0.00069954
0.000699539
0.000699539
0.00069954
0.000705731
0.000705731
0.000708842
0.000708842
0.000705731
0.00069954
0.00069954
0.000699539
0.000705731
0.000708842
0.000708842
0.000705731
0.000699539
0.000699539
0.000705731
0.000708842
0.000708842
0.000705731
0.00120433
0.00120433
0.00119314
0.00119314
0.00170444
0.00221981
0.00221981
0.00219946
0.00219946
0.00219946
0.00219946
0.00219946
0.00168381
0.00117724
0.00117724
0.00117724
0.00168381
0.00168381
0.00117724
0.00117724
0.00168381
0.00168381
0.00117724
0.00117724
0.00168381
0.00219946
0.00271578
0.00271578
0.00271578
0.00271578
0.00322907
0.00373846
0.00424451
0.00424451
0.00373846
0.00322907
0.00322907
0.00373846
0.00424451
0.00424451
0.00373846
0.00322907
0.00322907
0.00323957
0.00324592
0.00324876
0.00374946
0.00424977
0.00424977
0.00424996
0.00474999
0.00474994
0.00474974
0.00424908
0.00424908
0.00424738
0.00424738
0.00474925
0.00474925
0.00474974
0.00474994
0.00474999
0.00424996
0.00424977
0.00424977
0.00424996
0.00474999
0.00474994
0.00474974
0.00424908
0.00424908
0.00424738
0.00424738
0.00474925
0.00474925
0.00474974
0.00474994
0.00474999
0.00424996
0.00424977
0.00424977
0.00424996
0.00474999
0.00474994
0.00474974
0.00424908
0.00424908
0.00424738
0.00424738
0.00474925
0.00525075
0.00575262
0.00575262
0.00575549
0.00525159
0.00525159
0.00575549
0.00626154
0.00625558
0.00676043
0.00676043
0.00675408
0.00675124
0.00675034
0.00625009
0.00625054
0.00625054
0.00625009
0.00675034
0.00675124
0.00675408
0.00625204
0.00625204
0.00625558
0.00625558
0.00676043
0.00726823
0.00778019
0.00778019
0.00780054
0.00831619
0.00882276
0.00882276
0.00880686
0.00880686
0.00879567
0.0087897
0.00878717
0.00878717
0.00827133
0.00827426
0.0087897
0.00879567
0.00828157
0.00829556
0.00829556
0.00778019
0.00776695
0.00776033
0.00775789
0.00725188
0.00725349
0.00725349
0.00725188
0.00775789
0.00776033
0.00776695
0.00725823
0.00725823
0.00726823
0.00726823
0.00778019
0.00778019
0.00776695
0.00776033
0.00775789
0.00775715
0.00775688
0.0072514
0.00725149
0.00725149
0.0072514
0.00775688
0.0082696
0.00827019
0.00827019
0.00878592
0.00878592
0.00878717
0.00878717
0.00827133
0.00827426
0.0087897
0.00929116
0.00929116
0.00929427
0.00929427
0.00879567
0.00828157
0.00829556
0.00880686
0.00880686
0.00882276
0.00882276
0.00831619
0.00831619
0.00780054
0.00728422
0.00677093
0.00677093
0.00677093
0.00626154
0.00626154
0.00575549
0.00575549
0.00575262
0.00575092
0.00575023
0.00575004
0.00575
0.00575
0.00525
0.00525001
0.00525001
0.00525006
0.00525006
0.00575023
0.00575004
0.00575004
0.00575
0.00575
0.00525
0.00525
0.00525
0.00525
0.00575
0.00625
0.00675013
0.00675013
0.00675015
0.00625001
0.00625001
0.00625009
0.00675034
0.00675124
0.00625054
0.00625054
0.00625009
0.00675034
0.00675124
0.00675408
0.00675408
0.00625204
0.00625558
0.00676043
0.00676043
0.00625558
0.00625204
0.00575092
0.00575092
0.00575092
0.00525026
0.00525026
0.00525075
0.00525075
0.00575262
0.00575262
0.00525075
0.00525026
0.00525006
0.00525001
0.00525001
0.00575004
0.00575
0.00575
0.00575
0.00575
0.00625
0.00625
0.00675012
0.00675012
0.00675012
0.00675012
0.00625
0.00625
0.00575
0.00575
0.00525
0.00525
0.00525
0.00525
0.00525
0.00525
0.00525
0.00525
0.00575
0.00575
0.00625
0.00625
0.00675013
0.00675015
0.00625001
0.00625001
0.00675015
0.00675013
0.00675013
0.00675012
0.00675012
0.00725136
0.00725137
0.00775674
0.00775674
0.00775668
0.00725136
0.00725137
0.0072514
0.0072514
0.00775688
0.0082696
0.00827019
0.00878592
0.00878592
0.00827019
0.0082696
0.00775688
0.00775715
0.00775715
0.00775715
0.00775789
0.00827133
0.00827426
0.0087897
0.00879567
0.00828157
0.00829556
0.00880686
0.00880686
0.00879567
0.0087897
0.00878717
0.00928984
0.00929116
0.00929116
0.00928984
0.00928984
0.00929116
0.00929116
0.00928984
0.00878717
0.00878717
0.00878717
0.00827133
0.00827133
0.00827426
0.00827426
0.0087897
0.00879567
0.00929427
0.00929427
0.00929427
0.00929427
0.00879567
0.00879567
0.0087897
0.00827426
0.00827133
0.00827019
0.0082696
0.0082696
0.00826926
0.00826909
0.00775668
0.00775668
0.00725136
0.00725137
0.00775674
0.00775674
0.00725137
0.00725136
0.00675012
0.00675012
0.00675012
0.00625
0.00625
0.00625
0.00625
0.00675012
0.00675013
0.00625
0.00625
0.00625001
0.00675015
0.00725149
0.00725149
0.00725149
0.0072514
0.00775688
0.00775715
0.00775715
0.00775688
0.0072514
0.00725149
0.00675015
0.00675015
0.00675015
0.00625001
0.00575
0.00575
0.00575
0.00575
0.00575
0.00575
0.00575
0.00575
0.00575
0.00525
0.00525
0.00525
0.00475
0.00475
0.00425
0.00425
0.00425
0.00475
0.00475
0.00475
0.00475
0.00425
0.00424996
0.00424977
0.00424977
0.00474994
0.00474999
0.00424996
0.00374991
0.00374991
0.00324966
0.00324966
0.00324876
0.00324876
0.00324876
0.00324966
0.00274812
0.00274812
0.00274812
0.00274812
0.00274651
0.00274177
0.00273177
0.00221981
0.00223305
0.00223305
0.00221981
0.00273177
0.00274177
0.00274651
0.00223967
0.00223967
0.00224211
0.00224211
0.00172867
0.00172867
0.00172574
0.00171843
0.00170444
0.00119314
0.00120433
0.00120433
0.00119314
0.00170444
0.00171843
0.00172574
0.0012103
0.0012103
0.00121283
0.00121283
0.00121283
0.0012103
0.00120433
0.00119314
0.00170444
0.00221981
0.00273177
0.00274177
0.00223305
0.00223305
0.00221981
0.00273177
0.00274177
0.00274651
0.00274651
0.00223967
0.00224211
0.00224211
0.00223967
0.00172574
0.00172574
0.00171843
0.00171843
0.00170444
0.00119314
0.00120433
0.0012103
0.00121283
0.00172867
0.00172867
0.00172981
0.00172981
0.00172981
0.00172981
0.00224285
0.00224285
0.00274851
0.0027486
0.00224312
0.00224312
0.0027486
0.00274851
0.00274851
0.00324985
0.00374999
0.00374999
0.00324985
0.00324987
0.00324987
0.00324988
0.00375
0.00375
0.00324988
0.00324988
0.00324988
0.00375
0.00375
0.00375
0.00374999
0.00324985
0.00324987
0.00324987
0.00324985
0.00374999
0.00425
0.00475
0.00525
0.00525
0.00525
0.00575
0.00575
0.00575
0.00575
0.00575
0.00525
0.00525
0.00525
0.00525
0.00575
0.00575
0.00525
0.00525
0.00525
0.00525
0.00525
0.00525
0.00525
0.00525
0.00525
0.00525
0.00525
0.00525
0.00525
0.00525
0.00525001
0.00525006
0.00525026
0.00575092
0.00575262
0.00575262
0.00575092
0.00525026
0.00525006
0.00575023
0.00575023
0.00625054
0.00625009
0.00625009
0.00625054
0.00675124
0.00675408
0.00676043
0.00676043
0.00625558
0.00625204
0.00675408
0.00675408
0.00676043
0.00625558
0.00625204
0.00575092
0.00575092
0.00575262
0.00575262
0.00575262
0.00625558
0.00676043
0.00726823
0.00778019
0.00829556
0.00880686
0.00879567
0.00828157
0.00828157
0.00829556
0.00880686
0.00879567
0.0087897
0.0087897
0.00827426
0.00827133
0.00878717
0.00878717
0.00878592
0.00878592
0.00827019
0.0082696
0.00878506
0.00878506
0.0082696
0.00827019
0.00775715
0.00775715
0.00775715
0.00775715
0.00725149
0.0072514
0.00775688
0.00775688
0.0072514
0.00725149
0.00725149
0.0072514
0.00775688
0.00775688
0.0072514
0.00725149
0.00675015
0.00675015
0.00675015
0.00675034
0.00675034
0.00675124
0.00625054
0.00625009
0.00625009
0.00625054
0.00675124
0.00675034
0.00675034
0.00675124
0.00675408
0.00725823
0.00776695
0.00776695
0.00778019
0.00726823
0.00725823
0.00725349
0.00725349
0.00776033
0.00775789
0.00725188
0.00725188
0.00775789
0.00776033
0.00827426
0.00827133
0.00878717
0.00878717
0.0087897
0.00879567
0.00880686
0.00829556
0.00828157
0.00828157
0.00829556
0.00880686
0.00879567
0.0087897
0.00827426
0.00827426
0.00827133
0.00827133
0.00878717
0.00878592
0.00878592
0.00878592
0.00878592
0.00827019
0.0082696
0.00878506
0.00878506
0.0082696
0.00827019
0.00775715
0.00775715
0.00725149
0.0072514
0.00775688
0.00775688
0.0072514
0.00725149
0.00725149
0.00725188
0.00725349
0.00725823
0.00726823
0.00778019
0.00776695
0.00776695
0.00778019
0.00726823
0.00725823
0.00725349
0.00776033
0.00776033
0.00775789
0.00775789
0.00725188
0.00675034
0.00675034
0.00675034
0.00675124
0.00675408
0.00676043
0.00625558
0.00625204
0.00625204
0.00575092
0.00525026
0.00525026
0.00525026
0.00525006
0.00575023
0.00575004
0.00575004
0.00575004
0.00575
0.00625001
0.00625
0.00625
0.00625001
0.00575
0.00525
0.00525001
0.00525001
0.00525001
0.00525006
0.00575023
0.00575004
0.00575
0.00575
0.00625001
0.00625
0.00675013
0.00675013
0.00675012
0.00725137
0.00725137
0.00775674
0.00775668
0.00826909
0.00826909
0.00826926
0.00775674
0.00775668
0.00725136
0.00725136
0.00675012
0.00625
0.00625
0.00625
0.00625
0.00675012
0.00675012
0.00675012
0.00725137
0.00775674
0.00826926
0.00878448
0.00878448
0.00826926
0.00826909
0.00826909
0.00775668
0.00725136
0.00725136
0.00725137
0.00775674
0.00775668
0.00775668
0.00775674
0.00826926
0.00878448
0.00878448
0.00826926
0.00826909
0.00826909
0.00826909
0.00826909
0.00826909
0.00826909
0.00826909
0.00878419
0.00928705
0.0092874
0.0092874
0.00928705
0.00928705
0.0092874
0.0092874
0.00928705
0.00928705
0.0092874
0.0092874
0.00928705
0.00928705
0.0092874
0.0092874
0.00928705
0.00878419
0.00878419
0.00878419
0.00878419
0.00878419
0.00878419
0.00878419
0.00878448
0.00878448
0.00878448
0.00826926
0.00826926
0.00775674
0.00775674
0.00775668
0.00725136
0.00725137
0.00725137
0.00725136
0.00775668
0.00775668
0.00725136
0.00725137
0.00775674
0.00826926
0.00878448
0.00878448
0.00826926
0.00775674
0.00775668
0.00725136
0.00725137
0.0072514
0.0072514
0.0072514
0.0072514
0.00775688
0.0082696
0.00878506
0.00928807
0.00928893
0.00928893
0.00928807
0.00928807
0.00928893
0.00928893
0.00928807
0.00928807
0.00928893
0.00928893
0.00928807
0.00928807
0.00928893
0.00928893
0.00928807
0.00878506
0.00878506
0.00878506
0.00878506
0.00878506
0.00878506
0.00878506
0.0082696
0.00827019
0.00827019
0.00827019
0.00878592
0.00878592
0.00878592
0.00878592
0.00878592
0.00827019
0.0082696
0.0082696
0.00827019
0.00878592
0.00878717
0.00878717
0.00878717
0.00878717
0.00928984
0.00929116
0.00929116
0.00928984
0.00928984
0.00929116
0.00929116
0.00928984
0.00928984
0.00929116
0.00929116
0.00928984
0.00928984
0.00929116
0.00929116
0.00928984
0.00878717
0.00878717
0.00878717
0.00878717
0.00878592
0.00827019
0.0082696
0.00826926
0.00878448
0.00878448
0.00826926
0.00826909
0.00775668
0.00775668
0.00725136
0.00725136
0.00725137
0.00725137
0.00775674
0.00775668
0.00725136
0.00725136
0.00725137
0.0072514
0.00775688
0.00775715
0.00827019
0.0082696
0.00878506
0.00878506
0.0082696
0.00827019
0.00775715
0.00725149
0.0072514
0.00775688
0.00775674
0.00775674
0.00826926
0.00878448
0.00878448
0.00826926
0.00826909
0.00826909
0.00775668
0.00775668
0.00725136
0.00725137
0.00675012
0.00675012
0.00675012
0.00675012
0.00675012
0.00675013
0.00625
0.00625001
0.00625001
0.00625009
0.00625054
0.00625054
0.00625009
0.00575004
0.00575004
0.00575023
0.00525006
0.00525001
0.00525001
0.00525006
0.00525026
0.00575092
0.00575262
0.00575262
0.00625558
0.00676043
0.00675408
0.00625204
0.00625204
0.00625558
0.00676043
0.00675408
0.00675124
0.00675124
0.00625054
0.00625009
0.00625009
0.00625054
0.00575023
0.00575023
0.00575023
0.00575092
0.00525026
0.00525026
0.00525075
0.00575262
0.00575092
0.00575092
0.00575262
0.00575549
0.00626154
0.00677093
0.00728422
0.00780054
0.00831619
0.00882276
0.00930929
0.00930929
0.00930929
0.00930929
0.00930929
0.00930929
0.00930929
0.00930929
0.00882276
0.00882276
0.00882276
0.00882276
0.00882276
0.00882276
0.00882276
0.00831619
0.00780054
0.00728422
0.00728422
0.00780054
0.00831619
0.00831619
0.00780054
0.00728422
0.00677093
0.00677093
0.00677093
0.00626154
0.00575549
0.00525159
0.00525159
0.00525075
0.00525026
0.00525026
0.00525075
0.00575262
0.00625558
0.00625558
0.00676043
0.00726823
0.00778019
0.00829556
0.00880686
0.00930046
0.00929427
0.00929427
0.00930046
0.00930046
0.00929427
0.00929427
0.00930046
0.00930046
0.00929427
0.00929427
0.00930046
0.00930046
0.00929427
0.00929427
0.00930046
0.00880686
0.00880686
0.00880686
0.00880686
0.00880686
0.00880686
0.00880686
0.00829556
0.00828157
0.00828157
0.00879567
0.00879567
0.0087897
0.0087897
0.00929116
0.00928984
0.00928984
0.00929116
0.00929116
0.00928984
0.00928984
0.00929116
0.00929116
0.00928984
0.00928984
0.00929116
0.00929116
0.00928984
0.00928984
0.00929116
0.0087897
0.0087897
0.0087897
0.0087897
0.0087897
0.0087897
0.00879567
0.00828157
0.00829556
0.00829556
0.00828157
0.00879567
0.00879567
0.00828157
0.00829556
0.00831619
0.00831619
0.00780054
0.00780054
0.00728422
0.00728422
0.00728422
0.00780054
0.00831619
0.00831619
0.00780054
0.00728422
0.00677093
0.00677093
0.00677093
0.00677093
0.00626154
0.00626154
0.00626154
0.00575549
0.00525159
0.00525159
0.00575549
0.00575549
0.00525159
0.00525159
0.00575549
0.00626154
0.00626154
0.00626154
0.00575549
0.00575549
0.00525159
0.00525159
0.00525075
0.00525075
0.00525075
0.00525075
0.00525075
0.00525075
0.00575262
0.00625558
0.00676043
0.00676043
0.00726823
0.00778019
0.00776695
0.00776695
0.00725823
0.00725823
0.00725349
0.00725349
0.00776033
0.00827426
0.00827133
0.00878717
0.00878717
0.00827133
0.00827426
0.00776033
0.00775789
0.00775789
0.00725188
0.00725188
0.00725188
0.00725349
0.00725823
0.00726823
0.00778019
0.00776695
0.00776695
0.00778019
0.00726823
0.00725823
0.00725349
0.00776033
0.00776033
0.00827426
0.00827133
0.00878717
0.00878717
0.00827133
0.00827426
0.00827426
0.00827133
0.00878717
0.00878717
0.00827133
0.00827426
0.00828157
0.00829556
0.00778019
0.00778019
0.00726823
0.00725823
0.00776695
0.00776695
0.00725823
0.00726823
0.00726823
0.00778019
0.00829556
0.00828157
0.00879567
0.00879567
0.00879567
0.00828157
0.00829556
0.00778019
0.00726823
0.00725823
0.00725823
0.00776695
0.00776695
0.00776033
0.00776033
0.00776033
0.00776033
0.00725349
0.00725188
0.00725188
0.00775789
0.00775789
0.00775715
0.00775715
0.00775715
0.00827019
0.00878592
0.00928893
0.00928807
0.00928807
0.00928893
0.00928893
0.00928807
0.00928807
0.00928893
0.00928893
0.00928807
0.00928807
0.00928893
0.00928893
0.00928807
0.00928807
0.00928893
0.00878592
0.00878592
0.00878592
0.00878592
0.00878592
0.00878592
0.00878592
0.00827019
0.0082696
0.0082696
0.00878506
0.00878506
0.00878448
0.00878448
0.0092874
0.00928705
0.00928705
0.0092874
0.0092874
0.00928705
0.00928705
0.0092874
0.0092874
0.00928705
0.00928705
0.0092874
0.0092874
0.00928705
0.00928705
0.0092874
0.00878448
0.00878448
0.00878448
0.00878448
0.00878448
0.00878448
0.00878506
0.0082696
0.00827019
0.00827019
0.0082696
0.00878506
0.00878506
0.0082696
0.00827019
0.00827019
0.0082696
0.00878506
0.00878506
0.0082696
0.00827019
0.00827133
0.00827426
0.00827426
0.00827133
0.00878717
0.00878717
0.00878717
0.0087897
0.00879567
0.00880686
0.00882276
0.00930929
0.00930929
0.00930929
0.00930929
0.00930929
0.00930929
0.00930929
0.00930929
0.00882276
0.00882276
0.00882276
0.00882276
0.00882276
0.00882276
0.00882276
0.00831619
0.00831619
0.00780054
0.00728422
0.00728422
0.00780054
0.00780054
0.00831619
0.00831619
0.00780054
0.00728422
0.00728422
0.00677093
0.00677093
0.00677093
0.00626154
0.00626154
0.00575549
0.00575549
0.00525159
0.00525159
0.00525159
0.00575549
0.00626154
0.00626154
0.00677093
0.00677093
0.00728422
0.00780054
0.00831619
0.00831619
0.00780054
0.00728422
0.00728422
0.00780054
0.00831619
0.00831619
0.00780054
0.00728422
0.00677093
0.00677093
0.00677093
0.00626154
0.00626154
0.00575549
0.00575549
0.00525159
0.00525159
0.00525159
0.00575549
0.00575549
0.00626154
0.00626154
0.00575549
0.00525159
0.00525159
0.00525075
0.00525075
0.00525075
0.00525075
0.00525075
0.00525075
0.00525075
0.00575262
0.00575262
0.00575262
0.00575262
0.00575262
0.00575262
0.00625558
0.00676043
0.00675408
0.00675408
0.00675408
0.00675408
0.00625204
0.00625204
0.00575092
0.00575023
0.00575023
0.00625054
0.00675124
0.00675034
0.00625009
0.00625009
0.00625054
0.00675124
0.00675034
0.00675034
0.00675124
0.00625054
0.00625204
0.00625204
0.00575092
0.00575092
0.00525026
0.00525026
0.00525006
0.00525006
0.00525006
0.00525006
0.00525006
0.00525006
0.00525001
0.00575004
0.00575004
0.00525001
0.00525
0.00525
0.00525
0.00525
0.00525
0.00525
0.00525
0.00525
0.00575
0.00575
0.00575
0.00575
0.00575
0.00575
0.00525
0.00525
0.00525
0.00525
0.00575
0.00575
0.00575
0.00525
0.00525
0.00575
0.00625
0.00625
0.00625
0.00625
0.00675012
0.00675012
0.00625
0.00625
0.00625
0.00675013
0.00675015
0.00675015
0.00625001
0.00625
0.00675013
0.00675013
0.00675015
0.00625001
0.00625
0.00625
0.00625001
0.00675015
0.00675013
0.00675013
0.00675015
0.00725149
0.0072514
0.00775688
0.00775688
0.0072514
0.00725149
0.00725149
0.0072514
0.00775688
0.00775688
0.00775715
0.00725149
0.0072514
0.00725137
0.00725137
0.00725137
0.00725137
0.00775674
0.00826926
0.00826909
0.00878419
0.00878419
0.00826909
0.00826926
0.00775674
0.00775668
0.00775668
0.00725136
0.00725136
0.00725136
0.00775668
0.00775674
0.00826926
0.00826909
0.00878419
0.00878419
0.00826909
0.00826926
0.00775674
0.00775668
0.00725136
0.00675012
0.00675012
0.00675012
0.00675012
0.00675012
0.00675012
0.00675012
0.00625
0.00625
0.00575
0.00575
0.00575
0.00575
0.00575
0.00575
0.00525
0.00525
0.00525
0.00525
0.00525
0.00575
0.00575
0.00575
0.00575
0.00575
0.00575
0.00625
0.00625
0.00625
0.00675012
0.00675012
0.00625
0.00575
0.00575
0.00575
0.00625
0.00675013
0.00675013
0.00625
0.00625001
0.00625001
0.00575
0.00575
0.00575
0.00525
0.00525
0.00525
0.00525
0.00525
0.00525
0.00575
0.00575
0.00625
0.00625
0.00675012
0.00675012
0.00675012
0.00675012
0.00625
0.00625
0.00625
0.00625
0.00675013
0.00675015
0.00725149
0.00775715
0.00775715
0.00775688
0.00775688
0.00775715
0.00725149
0.00725149
0.00675015
0.00675013
0.00675013
0.00675012
0.00675012
0.00625
0.00625
0.00625
0.00625
0.00675012
0.00675012
0.00675013
0.00625
0.00625
0.00625001
0.00625001
0.00625001
0.00575
0.00575
0.00525
0.00525
0.00525
0.00525001
0.00525001
0.00525001
0.00525001
0.00525001
0.00525001
0.00575004
0.00625009
0.00675034
0.00725188
0.00725349
0.00725349
0.00725188
0.00675034
0.00625009
0.00625054
0.00625054
0.00675124
0.00675124
0.00675408
0.00675408
0.00725823
0.00726823
0.00726823
0.00725823
0.00776695
0.00776033
0.00776033
0.00775789
0.00725188
0.00725349
0.00725349
0.00725188
0.00775789
0.00776033
0.00776695
0.00776695
0.00828157
0.00829556
0.00829556
0.00828157
0.00828157
0.00829556
0.00880686
0.00880686
0.00882276
0.00882276
0.00882276
0.00882276
0.00831619
0.00831619
0.00780054
0.00780054
0.00728422
0.00728422
0.00728422
0.00780054
0.00780054
0.00778019
0.00778019
0.00726823
0.00725823
0.00725823
0.00726823
0.00778019
0.00778019
0.00776695
0.00776033
0.00775789
0.00725188
0.00725349
0.00725349
0.00725188
0.00775789
0.00827133
0.00827426
0.0087897
0.0087897
0.00827426
0.00827133
0.00827133
0.00827426
0.0087897
0.00879567
0.00879567
0.00929427
0.00929427
0.00929427
0.00929427
0.00929427
0.00929427
0.00929427
0.00929427
0.00879567
0.00879567
0.00879567
0.00879567
0.00879567
0.00879567
0.0087897
0.00827426
0.00827133
0.00827133
0.00827426
0.0087897
0.0087897
0.00827426
0.00827133
0.00827133
0.00827019
0.0082696
0.00775688
0.00775688
0.00775688
0.00775715
0.00725149
0.00675015
0.00675015
0.00675034
0.00675034
0.00675034
0.00675034
0.00675034
0.00675034
0.00675034
0.00625009
0.00625054
0.00675124
0.00675124
0.00625054
0.00625009
0.00575004
0.00575004
0.00575004
0.00575023
0.00575023
0.00575023
0.00575023
0.00525006
0.00525026
0.00525075
0.00575262
0.00575262
0.00575092
0.00625204
0.00625558
0.00676043
0.00676043
0.00625558
0.00625204
0.00575092
0.00525026
0.00525026
0.00525006
0.00525006
0.00525006
0.00575023
0.00575023
0.00525006
0.00525026
0.00525026
0.00575092
0.00625204
0.00675408
0.00676043
0.00625558
0.00625558
0.00625204
0.00675408
0.00676043
0.00676043
0.00675408
0.00675124
0.00625054
0.00625009
0.00625009
0.00625054
0.00675124
0.00675408
0.00725823
0.00725823
0.00726823
0.00726823
0.00778019
0.00776695
0.00776033
0.00776033
0.00775789
0.00725188
0.00725349
0.00725349
0.00725188
0.00775789
0.00776033
0.00776695
0.00776695
0.00828157
0.00828157
0.00829556
0.00880686
0.00882276
0.00882276
0.00831619
0.00831619
0.00831619
0.00831619
0.00780054
0.00728422
0.00728422
0.00677093
0.00677093
0.00677093
0.00677093
0.00626154
0.00626154
0.00575549
0.00575549
0.00525159
0.00525159
0.00525159
0.00474841
0.00474841
0.00474841
0.00474841
0.00474841
0.00474841
0.00424451
0.00424451
0.00373846
0.00374442
0.00374796
0.00374796
0.00374946
0.00374991
0.00374991
0.00324966
0.00324876
0.00324876
0.00324592
0.00323957
0.00374442
0.00374442
0.00374796
0.00374946
0.00374946
0.00374991
0.00324966
0.00324876
0.00324592
0.00324592
0.00323957
0.00323957
0.00374442
0.00374796
0.00374796
0.00374946
0.00374991
0.00324966
0.00324876
0.00324876
0.00324966
0.00374991
0.00374946
0.00374796
0.00324592
0.00324592
0.00323957
0.00374442
0.00374442
0.00323957
0.00323957
0.00324592
0.00324876
0.00324966
0.00324985
0.00374999
0.00375
0.00425
0.00425
0.00475
0.00475
0.00425
0.00425
0.00375
0.00324987
0.00324985
0.00374999
0.00374991
0.00374991
0.00424996
0.00474999
0.00474994
0.00424977
0.00424977
0.00424996
0.00474999
0.00474994
0.00474974
0.00474974
0.00424908
0.00424738
0.00474925
0.00474925
0.00424738
0.00424908
0.00374796
0.00374796
0.00374946
0.00374946
0.00324876
0.00324966
0.00274812
0.00274812
0.00274812
0.00274812
0.00274812
0.00274812
0.00224211
0.00223967
0.00274651
0.00274651
0.00274177
0.00223305
0.00223305
0.00221981
0.00273177
0.00273177
0.00221981
0.00170444
0.00170444
0.00171843
0.00120433
0.0012103
0.0012103
0.00172574
0.00172867
0.00172867
0.00172574
0.0012103
0.0012103
0.00172574
0.00172867
0.00224211
0.00223967
0.00274651
0.00274177
0.00274177
0.00223305
0.00221981
0.00273177
0.00273177
0.00221981
0.00223305
0.00171843
0.00171843
0.00171843
0.00120433
0.00119314
0.00119314
0.00069954
0.000699539
0.000705731
0.000708842
0.000708842
0.000705731
0.00069954
0.000699539
0.000705731
0.000708842
0.000708842
0.000705731
0.00120433
0.00120433
0.00119314
0.00170444
0.00170444
0.00119314
0.00119314
0.00120433
0.0012103
0.00121283
0.00121408
0.00121494
0.00121552
0.00121581
0.00173091
0.00224332
0.00224326
0.00274863
0.00274863
0.00224326
0.00224332
0.00173091
0.00121581
0.00121552
0.00173074
0.00173074
0.0017304
0.00224312
0.0027486
0.00274851
0.00224285
0.00224285
0.00224312
0.0027486
0.00274851
0.00274851
0.0027486
0.00274863
0.00224326
0.00224332
0.00224332
0.00224326
0.00274863
0.0027486
0.00224312
0.00224312
0.00224285
0.00224285
0.00274851
0.00274851
0.0027486
0.00274863
0.00274864
0.00324988
0.00375
0.00425
0.00475
0.00475
0.00425
0.00425
0.00425
0.00475
0.00475
0.00475
0.00475
0.00425
0.00425
0.00475
0.00475
0.00425
0.00425
0.00375
0.00375
0.00375
0.00324988
0.00324988
0.00324988
0.00375
0.00375
0.00375
0.00375
0.00425
0.00475
0.00475
0.00425
0.00425
0.00425
0.00475
0.00475
0.00475
0.00475
0.00425
0.00425
0.00475
0.00475
0.00425
0.00425
0.00375
0.00375
0.00324987
0.00324987
0.00324987
0.00324985
0.00374999
0.00374999
0.00324985
0.00324985
0.00374999
0.00374999
0.00324985
0.00324987
0.00324988
0.00324988
0.00324988
0.00324988
0.00375
0.00375
0.00375
0.00375
0.00425
0.00475
0.00475
0.00425
0.00425
0.00425
0.00425
0.00375
0.00375
0.00375
0.00425
0.00425
0.00425
0.00475
0.00475
0.00475
0.00475
0.00425
0.00425
0.00425
0.00375
0.00375
0.00375
0.00374999
0.00374991
0.00374946
0.00374796
0.00374442
0.00373846
0.00424451
0.00474841
0.00474841
0.00424451
0.00373846
0.00322907
0.00322907
0.00271578
0.00219946
0.00219946
0.00271578
0.00271578
0.00322907
0.00373846
0.00424451
0.00474841
0.00474841
0.00424451
0.00373846
0.00322907
0.00271578
0.00219946
0.00219946
0.00168381
0.00168381
0.00168381
0.00117724
0.00117724
0.00117724
0.00117724
0.00168381
0.00168381
0.00219946
0.00271578
0.00322907
0.00373846
0.00424451
0.00474841
0.00474841
0.00424451
0.00373846
0.00322907
0.00322907
0.00373846
0.00424451
0.00474841
0.00474841
0.00424451
0.00373846
0.00322907
0.00271578
0.00271578
0.00271578
0.00219946
0.00168381
0.00117724
0.00117724
0.000690714
0.000690714
0.000690714
0.000690715
0.000690715
0.000699539
0.000699539
0.000699539
0.00069954
0.000699539
0.000699539
0.000699539
0.000699539
0.000705731
0.000708842
0.00071016
0.00071016
0.000711068
0.00121408
0.00121494
0.0017304
0.0017304
0.00121494
0.00121408
0.00121408
0.00121494
0.0017304
0.0017304
0.00121494
0.00121408
0.00121408
0.00121494
0.0017304
0.00224312
0.00224285
0.00224285
0.00274851
0.0027486
0.0027486
0.00274863
0.00274863
0.00274863
0.00224326
0.00224326
0.00224332
0.00224332
0.00173091
0.00173074
0.00121552
0.00121581
0.00121581
0.00121552
0.00173074
0.00173091
0.00173091
0.00173074
0.00121552
0.00121581
0.00121581
0.00121552
0.00173074
0.00224326
0.00224332
0.00224332
0.00224332
0.00224332
0.00224332
0.00224326
0.00224326
0.00274863
0.00274864
0.00274864
0.00274863
0.00224326
0.00224326
0.00224332
0.00274864
0.00274863
0.0027486
0.0027486
0.0027486
0.00224312
0.00224312
0.00224285
0.00224285
0.00274851
0.00274851
0.00224285
0.00224312
0.00224312
0.00224285
0.00274851
0.00274812
0.00274812
0.00274812
0.00274812
0.00324966
0.00374991
0.00424996
0.00474999
0.00474994
0.00424977
0.00424977
0.00424996
0.00474999
0.00474994
0.00474974
0.00474974
0.00424908
0.00424738
0.00474925
0.00474925
0.00424738
0.00424908
0.00374796
0.00374796
0.00374946
0.00324876
0.00324876
0.00324966
0.00374991
0.00374946
0.00374946
0.00374991
0.00424996
0.00474999
0.00474994
0.00424977
0.00424977
0.00424996
0.00474999
0.00474994
0.00474974
0.00474974
0.00424908
0.00424738
0.00474925
0.00525075
0.00525075
0.00575262
0.00575262
0.00525075
0.00525075
0.00575262
0.00575092
0.00575092
0.00575023
0.00575004
0.00575004
0.00575023
0.00525006
0.00525006
0.00525026
0.00525075
0.00575262
0.00625558
0.00625204
0.00625204
0.00625558
0.00676043
0.00677093
0.00677093
0.00677093
0.00677093
0.00626154
0.00626154
0.00626154
0.00575549
0.00525159
0.00525159
0.00474841
0.00474841
0.00474841
0.00424451
0.00424451
0.00424451
0.00424451
0.00424451
0.00424451
0.00373846
0.00373846
0.00322907
0.00322907
0.00322907
0.00373846
0.00373846
0.00322907
0.00322907
0.00373846
0.00373846
0.00374442
0.00374442
0.00323957
0.00324592
0.00274177
0.00274177
0.00274177
0.00274177
0.00274651
0.00223967
0.00224211
0.00224211
0.00223967
0.00274651
0.00274651
0.00223967
0.00224211
0.00224211
0.00223967
0.00274651
0.00274651
0.00223967
0.00224211
0.00224211
0.00223967
0.00274651
0.00274177
0.00274177
0.00324592
0.00323957
0.00374442
0.00374442
0.00323957
0.00324592
0.00324592
0.00324876
0.00324966
0.00324966
0.00374991
0.00374946
0.00324876
0.00324592
0.00374796
0.00374796
0.00374442
0.00323957
0.00323957
0.00374442
0.00424738
0.00424908
0.00424908
0.00424977
0.00424996
0.00425
0.00425
0.00475
0.00475
0.00475
0.00475
0.00475
0.00475
0.00475
0.00425
0.00425
0.00475
0.00475
0.00475
0.00475
0.00475
0.00475
0.00475
0.00475
0.00474999
0.00474994
0.00474974
0.00474925
0.00424738
0.00424908
0.00424908
0.00424738
0.00474925
0.00474974
0.00474994
0.00424977
0.00424977
0.00424996
0.00424996
0.00474999
0.00474999
0.00474994
0.00474974
0.00474925
0.00424738
0.00424908
0.00424908
0.00424738
0.00474925
0.00474974
0.00474994
0.00424977
0.00424977
0.00424996
0.00424996
0.00474999
0.00475
0.00475
0.00475
0.00425
0.00425
0.00425
0.00425
0.00475
0.00475
0.00425
0.00425
0.00425
0.00425
0.00475
0.00475
0.00475
0.00475
0.00425
0.00425
0.00425
0.00425
0.00475
0.00475
0.00425
0.00425
0.00425
0.00425
0.00475
0.00475
0.00475
0.00475
0.00475
0.00474999
0.00474994
0.00474974
0.00474925
0.00424738
0.00424908
0.00424908
0.00424738
0.00474925
0.00474974
0.00474994
0.00424977
0.00424977
0.00424996
0.00424996
0.00474999
0.00474999
0.00474994
0.00474974
0.00474925
0.00424738
0.00424908
0.00424908
0.00424738
0.00474925
0.00474974
0.00474994
0.00424977
0.00424977
0.00424996
0.00424996
0.00474999
0.00475
0.00475
0.00475
0.00425
0.00425
0.00425
0.00425
0.00475
0.00475
0.00525
0.00525
0.00575
0.00575
0.00575
0.00575
0.00525
0.00525
0.00525
0.00575
0.00575
0.00525
0.00525
0.00525
0.00525
0.00575
0.00575
0.00525
0.00525
0.00575
0.00575
0.00575
0.00575
0.00625001
0.00625009
0.00625009
0.00625009
0.00625009
0.00625054
0.00675124
0.00675124
0.00625054
0.00575023
0.00575023
0.00575004
0.00525001
0.00525006
0.00525006
0.00525001
0.00575004
0.00575004
0.00525001
0.00525006
0.00575023
0.00625054
0.00675124
0.00725349
0.00725188
0.00775789
0.00776033
0.00776033
0.00775789
0.00725188
0.00725349
0.00725823
0.00725823
0.00725823
0.00725823
0.00726823
0.00778019
0.00829556
0.00880686
0.00880686
0.00829556
0.00828157
0.00828157
0.00829556
0.00880686
0.00880686
0.00829556
0.00828157
0.00776695
0.00776695
0.00778019
0.00778019
0.00726823
0.00726823
0.00726823
0.00778019
0.00778019
0.00776695
0.00776033
0.00775789
0.00775715
0.00725149
0.0072514
0.00725137
0.00775674
0.00775674
0.00725137
0.00725136
0.00725136
0.00775668
0.00826909
0.00826926
0.00878448
0.00878448
0.00826926
0.00826909
0.00775668
0.00725136
0.00725137
0.00725137
0.00775674
0.00775674
0.00775688
0.00775688
0.0082696
0.00827019
0.00878592
0.00878592
0.00878592
0.00827019
0.0082696
0.0082696
0.00826926
0.00826909
0.00878419
0.00928705
0.0092874
0.0092874
0.00928705
0.00928705
0.0092874
0.0092874
0.00928705
0.00928705
0.0092874
0.0092874
0.00928705
0.00928705
0.0092874
0.0092874
0.00928705
0.00878419
0.00878419
0.00878419
0.00878419
0.00878419
0.00878419
0.00878419
0.00826909
0.00826926
0.00878448
0.00878448
0.00878506
0.00928807
0.00928893
0.00928893
0.00928807
0.00928807
0.00928893
0.00928893
0.00928807
0.00928807
0.00928893
0.00928893
0.00928807
0.00928807
0.00928893
0.00928893
0.00928807
0.00878506
0.00878506
0.00878506
0.00878506
0.00878506
0.00878506
0.00878506
0.0082696
0.00827019
0.00827019
0.00878592
0.00878592
0.00878592
0.00827019
0.0082696
0.00826926
0.00826909
0.00826909
0.00826926
0.00878448
0.00878448
0.00878448
0.00826926
0.00826909
0.00826909
0.00826926
0.00826926
0.00826909
0.00878419
0.00878419
0.00878419
0.00826909
0.00826926
0.00826926
0.0082696
0.00827019
0.00775715
0.00775715
0.00775715
0.00775715
0.00775789
0.00775789
0.00725188
0.00725349
0.00725349
0.00725188
0.00775789
0.00775789
0.00725188
0.00725349
0.00675124
0.00675124
0.00675124
0.00675124
0.00675124
0.00625054
0.00625009
0.00625009
0.00575004
0.00575004
0.00575004
0.00525001
0.00525001
0.00525001
0.00525001
0.00575004
0.00575023
0.00575023
0.00575023
0.00575092
0.00625204
0.00625558
0.00676043
0.00675408
0.00675408
0.00676043
0.00625558
0.00625204
0.00575092
0.00525026
0.00525026
0.00525006
0.00525001
0.00575004
0.00625009
0.00625054
0.00625054
0.00625009
0.00675034
0.00675034
0.00675034
0.00675015
0.00675015
0.00675015
0.00625001
0.00625001
0.00625
0.00625
0.00675013
0.00675012
0.00675012
0.00625
0.00625
0.00625
0.00625
0.00625
0.00575
0.00575
0.00575
0.00575
0.00575
0.00575
0.00575
0.00525
0.00525
0.00525
0.00525
0.00525
0.00525
0.00575
0.00575
0.00575
0.00575
0.00525
0.00525
0.00525
0.00525
0.00575
0.00575
0.00575
0.00625
0.00625
0.00625
0.00575
0.00525
0.00525
0.00525
0.00525
0.00575
0.00575
0.00575
0.00575
0.00575
0.00625001
0.00625
0.00675013
0.00675013
0.00625
0.00625001
0.00575
0.00525
0.00525
0.00525
0.00525
0.00575
0.00575
0.00625
0.00625
0.00675012
0.00675012
0.00675012
0.00675013
0.00675015
0.00725149
0.0072514
0.00775688
0.00775688
0.0072514
0.00725149
0.00725149
0.0072514
0.00775688
0.00775688
0.0072514
0.00725149
0.00675015
0.00675015
0.00675015
0.00625001
0.00625001
0.00625
0.00625
0.00675013
0.00675012
0.00725137
0.00725137
0.00775674
0.00775668
0.00725136
0.00725136
0.00775668
0.00775674
0.00775674
0.00725137
0.00725136
0.00775668
0.00775668
0.00775674
0.00725137
0.00725136
0.00675012
0.00675012
0.00675012
0.00675012
0.00625
0.00625
0.00625
0.00625
0.00625
0.00625
0.00625
0.00625
0.00625
0.00625
0.00675012
0.00675012
0.00625
0.00625
0.00675012
0.00675012
0.00675012
0.00675012
0.00625
0.00625
0.00675012
0.00675012
0.00675012
0.00725136
0.00775668
0.00775674
0.00725137
0.00725137
0.00725136
0.00775668
0.00775674
0.00775688
0.00775688
0.0072514
0.0072514
0.0072514
0.0072514
0.00725149
0.00775715
0.00775715
0.00725149
0.00725149
0.00775715
0.00775789
0.00775789
0.00775789
0.00725188
0.00725188
0.00725349
0.00725349
0.00776033
0.00827426
0.0087897
0.0087897
0.00827426
0.00827133
0.00827133
0.00827426
0.0087897
0.0087897
0.00878717
0.00928984
0.00929116
0.00929116
0.00928984
0.00928984
0.00929116
0.00929116
0.00928984
0.00928984
0.00929116
0.00929116
0.00928984
0.00928984
0.00929116
0.00929116
0.00928984
0.00878717
0.00878717
0.00878717
0.00878717
0.00878717
0.00878717
0.00878717
0.00827133
0.00827133
0.00827426
0.00827426
0.0087897
0.00879567
0.00879567
0.00929427
0.00929427
0.00929427
0.00929427
0.00929427
0.00929427
0.00929427
0.00929427
0.00879567
0.00879567
0.00879567
0.00879567
0.00879567
0.00879567
0.0087897
0.00827426
0.00827133
0.00827133
0.00827019
0.0082696
0.00775688
0.00775688
0.00775674
0.00775668
0.00725136
0.00725137
0.00725137
0.00725136
0.00775668
0.00775674
0.00775674
0.00775668
0.00725136
0.00725137
0.00725137
0.00725136
0.00775668
0.00826909
0.00826926
0.00878448
0.00878448
0.00826926
0.00826909
0.00826909
0.00826909
0.00878419
0.00878419
0.00878448
0.00878506
0.00878506
0.00878592
0.00928893
0.00928984
0.00929116
0.00929427
0.00930046
0.00930046
0.00929427
0.00929116
0.00928984
0.00928984
0.00929116
0.00929427
0.00930046
0.00930046
0.00929427
0.00929116
0.00928984
0.00928893
0.00928893
0.00928893
0.00928807
0.00928807
0.0092874
0.00928705
0.00928705
0.0092874
0.0092874
0.00928807
0.00928807
0.0092874
0.00928705
0.00928705
0.00878419
0.00878419
0.00878448
0.00878506
0.00878592
0.00878717
0.0087897
0.00879567
0.00880686
0.00829556
0.00829556
0.00828157
0.00828157
0.00776695
0.00776695
0.00778019
0.00726823
0.00725823
0.00725823
0.00726823
0.00778019
0.00778019
0.00829556
0.00880686
0.00879567
0.00828157
0.00828157
0.00829556
0.00880686
0.00879567
0.0087897
0.0087897
0.00827426
0.00827426
0.00827426
0.00827133
0.00827133
0.00775789
0.00775789
0.00776033
0.00725349
0.00725188
0.00725188
0.00725349
0.00776033
0.00776033
0.00776695
0.00725823
0.00726823
0.00726823
0.00778019
0.00776695
0.00725823
0.00725349
0.00725349
0.00725188
0.00775789
0.00827133
0.00878717
0.00878717
0.00827133
0.00827426
0.00776033
0.00775789
0.00725188
0.00675034
0.00675034
0.00675034
0.00675034
0.00675034
0.00675034
0.00625009
0.00625054
0.00625204
0.00625558
0.00676043
0.00675408
0.00675408
0.00676043
0.00625558
0.00625204
0.00575092
0.00575092
0.00525026
0.00525026
0.00525006
0.00525006
0.00525006
0.00575023
0.00575004
0.00525001
0.00525001
0.00575004
0.00575023
0.00575023
0.00625054
0.00625009
0.00575004
0.00525001
0.00525
0.00525
0.00525
0.00525
0.00575
0.00575
0.00525
0.00525
0.00575
0.00575
0.00575
0.00625001
0.00625
0.00675013
0.00675013
0.00625
0.00625001
0.00575
0.00575
0.00575
0.00525
0.00525
0.00525
0.00525
0.00525
0.00525
0.00525
0.00525
0.00525
0.00525
0.00575
0.00575
0.00575
0.00625
0.00625
0.00625
0.00575
0.00575
0.00575
0.00625
0.00675012
0.00675012
0.00625
0.00625
0.00625
0.00575
0.00525
0.00525
0.00525
0.00475
0.00475
0.00475
0.00475
0.00475
0.00475
0.00475
0.00475
0.00425
0.00425
0.00425
0.00425
0.00375
0.00375
0.00375
0.00375
0.00375
0.00375
0.00324988
0.00324988
0.00324988
0.00324988
0.00324988
0.00375
0.00375
0.00324988
0.00324988
0.00324988
0.00324987
0.00324987
0.00324985
0.00324966
0.00324876
0.00324592
0.00323957
0.00323957
0.00374442
0.00374796
0.00324592
0.00324876
0.00374946
0.00374991
0.00324966
0.00324966
0.00324876
0.00324592
0.00323957
0.00374442
0.00374796
0.00374796
0.00374442
0.00323957
0.00324592
0.00324876
0.00374946
0.00374946
0.00374991
0.00374991
0.00324966
0.00274812
0.00274812
0.00274812
0.00274812
0.00274651
0.00274177
0.00273177
0.00221981
0.00223305
0.00223305
0.00221981
0.00273177
0.00274177
0.00274651
0.00223967
0.00223967
0.00224211
0.00224211
0.00172867
0.00172867
0.00172574
0.00171843
0.00170444
0.00119314
0.00120433
0.00120433
0.00119314
0.00170444
0.00171843
0.00172574
0.0012103
0.0012103
0.00121283
0.00121283
0.00121283
0.0012103
0.00120433
0.00119314
0.00170444
0.00221981
0.00273177
0.00274177
0.00223305
0.00223305
0.00221981
0.00273177
0.00274177
0.00274651
0.00274651
0.00223967
0.00224211
0.00224211
0.00223967
0.00172574
0.00172574
0.00171843
0.00171843
0.00170444
0.00119314
0.00120433
0.0012103
0.00121283
0.00172867
0.00172867
0.00172981
0.00172981
0.00172981
0.00172981
0.00224285
0.00224285
0.00274851
0.0027486
0.00224312
0.00224312
0.0017304
0.00121494
0.00121408
0.00121408
0.00121494
0.0017304
0.0017304
0.00224312
0.0027486
0.00274851
0.00274851
0.00224285
0.00224312
0.0027486
0.0027486
0.00274851
0.00324985
0.00374999
0.00375
0.00375
0.00374999
0.00324985
0.00324987
0.00324987
0.00324985
0.00374999
0.00375
0.00375
0.00374999
0.00374991
0.00374946
0.00374796
0.00374442
0.00323957
0.00324592
0.00324592
0.00323957
0.00374442
0.00374796
0.00374946
0.00324876
0.00324876
0.00324966
0.00324966
0.00374991
0.00374991
0.00374946
0.00374796
0.00374442
0.00323957
0.00324592
0.00324592
0.00323957
0.00374442
0.00374796
0.00374946
0.00324876
0.00324876
0.00324966
0.00324966
0.00374991
0.00374999
0.00374999
0.00374999
0.00324985
0.00324985
0.00324987
0.00324987
0.00375
0.00375
0.00425
0.00425
0.00425
0.00425
0.00475
0.00475
0.00475
0.00425
0.00425
0.00425
0.00425
0.00475
0.00475
0.00475
0.00475
0.00474999
0.00474994
0.00474974
0.00474925
0.00474841
0.00424451
0.00424451
0.00474841
0.00474841
0.00424451
0.00424451
0.00474841
0.00474841
0.00424451
0.00424451
0.00474841
0.00474841
0.00424451
0.00424451
0.00474841
0.00474925
0.00474925
0.00474925
0.00474925
0.00474925
0.00474925
0.00474925
0.00424738
0.00424738
0.00424908
0.00424908
0.00474974
0.00474994
0.00424977
0.00424977
0.00424996
0.00424996
0.00474999
0.00474999
0.00474994
0.00474974
0.00424908
0.00424738
0.00424738
0.00424908
0.00474974
0.00474994
0.00424977
0.00424977
0.00424996
0.00424996
0.00474999
0.00475
0.00475
0.00475
0.00425
0.00425
0.00425
0.00425
0.00475
0.00475
0.00425
0.00425
0.00425
0.00425
0.00375
0.00375
0.00375
0.00375
0.00375
0.00375
0.00375
0.00375
0.00375
0.00375
0.00375
0.00375
0.00375
0.00375
0.00324988
0.00324988
0.00324988
0.00324988
0.00375
0.00375
0.00375
0.00324987
0.00324985
0.00374999
0.00374999
0.00425
0.00425
0.00425
0.00475
0.00475
0.00425
0.00425
0.00425
0.00425
0.00425
0.00425
0.00475
0.00475
0.00425
0.00425
0.00425
0.00475
0.00475
0.00475
0.00475
0.00475
0.00475
0.00474999
0.00474999
0.00474999
0.00474999
0.00474994
0.00474994
0.00424977
0.00424996
0.00374991
0.00374991
0.00324966
0.00324876
0.00374946
0.00374946
0.00324876
0.00324966
0.00324985
0.00324987
0.00324987
0.00324988
0.00324988
0.00324988
0.00324988
0.00375
0.00375
0.00375
0.00374999
0.00324985
0.00324985
0.00324987
0.00375
0.00374999
0.00374991
0.00374991
0.00424996
0.00424977
0.00474994
0.00474994
0.00424977
0.00424996
0.00424996
0.00425
0.00425
0.00425
0.00425
0.00475
0.00475
0.00474999
0.00474994
0.00424977
0.00424977
0.00424996
0.00474999
0.00474994
0.00474974
0.00474974
0.00474974
0.00474974
0.00474974
0.00474974
0.00474925
0.00474925
0.00474841
0.00474841
0.00424451
0.00424451
0.00424451
0.00373846
0.00373846
0.00322907
0.00322907
0.00271578
0.00271578
0.00271578
0.00271578
0.00271578
0.00271578
0.00271578
0.00219946
0.00219946
0.00168381
0.00168381
0.00117724
0.00117724
0.00117724
0.00168381
0.00219946
0.00219946
0.00168381
0.00117724
0.00117724
0.00168381
0.00170444
0.00171843
0.00172574
0.00172867
0.00172981
0.00172981
0.0017304
0.00121494
0.00121408
0.00121408
0.00121494
0.00121552
0.00121581
0.00173091
0.00173074
0.00173074
0.00173091
0.00121581
0.00121552
0.00121494
0.0017304
0.0017304
0.00172981
0.00172981
0.00121408
0.00121283
0.00121283
0.00121283
0.00172867
0.00172574
0.0012103
0.00120433
0.00171843
0.00223305
0.00223305
0.00221981
0.00273177
0.00273177
0.00221981
0.00170444
0.00119314
0.00119314
0.00120433
0.0012103
0.00172574
0.00172867
0.00172867
0.00172574
0.0012103
0.00120433
0.00171843
0.00171843
0.00223305
0.00221981
0.00273177
0.00273177
0.00221981
0.00223305
0.00223305
0.00221981
0.00273177
0.00273177
0.00221981
0.00223305
0.00171843
0.00171843
0.00172574
0.00172867
0.00172981
0.0017304
0.00173074
0.00173091
0.00121581
0.00121552
0.00121552
0.00121581
0.00173091
0.00173074
0.0017304
0.00121494
0.00121494
0.00121408
0.00121408
0.00172981
0.00172981
0.0017304
0.00173074
0.00173091
0.00121581
0.00121552
0.00121552
0.00121581
0.00173091
0.00173091
0.00173091
0.00173074
0.00224326
0.00224332
0.00274864
0.00274864
0.00274863
0.00224326
0.00224332
0.00173091
0.00173074
0.00121552
0.00121552
0.00121581
0.00121581
0.00121581
0.00121552
0.00173074
0.00224326
0.00274863
0.00274864
0.00224332
0.00224332
0.00224326
0.00274863
0.00274864
0.00274864
0.00274863
0.00224326
0.00224332
0.00224332
0.00224326
0.00224312
0.00224285
0.00224285
0.00274851
0.0027486
0.00224312
0.00224312
0.00224285
0.00274851
0.0027486
0.00274863
0.00274863
0.00274863
0.00274864
0.00274864
0.00324988
0.00324988
0.00324988
0.00324988
0.00274864
0.00224332
0.00224332
0.00224326
0.00224326
0.00173074
0.00173074
0.00173074
0.00173074
0.00173074
0.00121552
0.00121494
0.00121408
0.000711068
0.000711068
0.000711068
0.000711068
0.000711068
0.000711068
0.000711068
0.000711929
0.000711929
0.000711929
0.000711929
0.000712599
0.000712599
0.000712599
0.000712951
0.000712951
0.000712599
0.000712599
0.000711929
0.000711929
0.000712598
0.000712951
0.000712951
0.000712951
0.000712951
0.000712951
0.000712951
0.000712951
0.000712598
0.000712599
0.000712599
0.000711929
0.000711068
0.000711068
0.000711929
0.000711929
0.000711068
0.000711068
0.000711929
0.000712598
0.000712598
0.000712599
0.000711929
0.000711929
0.000711068
0.000711068
0.000711068
0.000711929
0.000712598
0.000712598
0.000712951
0.000712951
0.000712951
0.000712599
0.000711929
0.000711929
0.000712599
0.000712951
0.000712951
0.000712599
0.000711929
0.000711929
0.000712599
0.000712951
0.00121581
0.00173091
0.00173091
0.00173091
0.00173091
0.00173091
0.00224332
0.00274864
0.00274863
0.00224326
0.00224326
0.00224332
0.00274864
0.00274863
0.0027486
0.0027486
0.00224312
0.00224285
0.00274851
0.00274851
0.00224285
0.00224312
0.0017304
0.0017304
0.0017304
0.00173074
0.00173074
0.00121552
0.00121581
0.00121581
0.00121552
0.00173074
0.00173074
0.00224326
0.00224332
0.00274864
0.00274863
0.00274863
0.00274864
0.00224332
0.00224326
0.00173074
0.00173091
0.00121581
0.00121581
0.00121552
0.00121552
0.00121494
0.00121494
0.00121494
0.00121494
0.00121494
0.00121494
0.00121408
0.00121408
0.00172981
0.00172867
0.00172867
0.00172867
0.00121283
0.00121283
0.0012103
0.0012103
0.00172574
0.00172574
0.00223967
0.00224211
0.00224211
0.00223967
0.00274651
0.00274651
0.00274177
0.00223305
0.00221981
0.00273177
0.00273177
0.00274177
0.00223305
0.00221981
0.00170444
0.00170444
0.00170444
0.00170444
0.00170444
0.00170444
0.00168381
0.00168381
0.00219946
0.00219946
0.00219946
0.00219946
0.00271578
0.00271578
0.00322907
0.00322907
0.00373846
0.00373846
0.00322907
0.00322907
0.00373846
0.00424451
0.00424451
0.00424738
0.00424738
0.00424908
0.00374796
0.00374796
0.00324592
0.00323957
0.00374442
0.00374442
0.00323957
0.00324592
0.00324592
0.00324876
0.00324966
0.00324966
0.00324876
0.00374946
0.00374946
0.00374796
0.00424908
0.00424738
0.00474925
0.00474925
0.00474841
0.00474841
0.00525159
0.00525159
0.00575549
0.00575549
0.00575549
0.00626154
0.00626154
0.00626154
0.00575549
0.00575549
0.00525159
0.00525159
0.00525159
0.00525075
0.00525026
0.00575092
0.00575262
0.00575262
0.00575092
0.00625204
0.00675408
0.00676043
0.00625558
0.00625558
0.00625204
0.00675408
0.00676043
0.00676043
0.00675408
0.00625204
0.00625558
0.00625558
0.00625204
0.00625054
0.00675124
0.00675034
0.00675034
0.00675015
0.00675013
0.00625
0.00625001
0.00625001
0.00625
0.00675013
0.00675015
0.00675015
0.00675013
0.00625
0.00625001
0.00625001
0.00625
0.00675013
0.00675015
0.00675034
0.00675034
0.00675034
0.00625009
0.00625009
0.00625054
0.00675124
0.00675124
0.00625054
0.00575023
0.00575023
0.00575023
0.00575004
0.00525001
0.00525
0.00525
0.00525
0.00525
0.00525
0.00525
0.00575
0.00575
0.00575
0.00575
0.00575
0.00575
0.00575
0.00525
0.00525
0.00525
0.00525
0.00575
0.00575
0.00575
0.00575
0.00525
0.00525
0.00525
0.00525
0.00575
0.00575
0.00525
0.00525
0.00525001
0.00525001
0.00575004
0.00575004
0.00575004
0.00625009
0.00625054
0.00675124
0.00725349
0.00725188
0.00725188
0.00725349
0.00776033
0.00776033
0.00776695
0.00776695
0.00828157
0.00828157
0.00829556
0.00880686
0.00880686
0.00829556
0.00778019
0.00726823
0.00726823
0.00725823
0.00725823
0.00725823
0.00726823
0.00778019
0.00829556
0.00828157
0.00828157
0.00829556
0.00880686
0.00880686
0.00882276
0.00882276
0.00882276
0.00882276
0.00882276
0.00882276
0.00882276
0.00831619
0.00831619
0.00780054
0.00780054
0.00780054
0.00728422
0.00728422
0.00728422
0.00728422
0.00780054
0.00780054
0.00831619
0.00831619
0.00831619
0.00780054
0.00780054
0.00728422
0.00728422
0.00677093
0.00677093
0.00626154
0.00626154
0.00575549
0.00575549
0.00525159
0.00525075
0.00525026
0.00525026
0.00575092
0.00575262
0.00525075
0.00525075
0.00525026
0.00575092
0.00575262
0.00575262
0.00575092
0.00525026
0.00525006
0.00525006
0.00525006
0.00525026
0.00525026
0.00575092
0.00625204
0.00675408
0.00675408
0.00676043
0.00676043
0.00625558
0.00625558
0.00625204
0.00675408
0.00676043
0.00676043
0.00675408
0.00625204
0.00625558
0.00625558
0.00625204
0.00625054
0.00625009
0.00575004
0.00575
0.00575
0.00575
0.00575
0.00575
0.00525
0.00525
0.00525
0.00525
0.00575
0.00575
0.00625
0.00625
0.00675012
0.00675012
0.00675012
0.00675012
0.00675012
0.00625
0.00625
0.00625
0.00675012
0.00675012
0.00675013
0.00675013
0.00675013
0.00675013
0.00625
0.00625001
0.00675015
0.00725149
0.00775715
0.00775715
0.00725149
0.0072514
0.0072514
0.00725149
0.00775715
0.00775715
0.00725149
0.0072514
0.0072514
0.00775688
0.0082696
0.00827019
0.00878592
0.00878592
0.00878592
0.00827019
0.0082696
0.00775688
0.00775674
0.00775674
0.00775668
0.00725136
0.00725137
0.00725137
0.00725136
0.00775668
0.00775674
0.00826926
0.00878448
0.00878448
0.00878419
0.00928705
0.0092874
0.0092874
0.00928705
0.00928705
0.0092874
0.0092874
0.00928705
0.00928705
0.00928705
0.0092874
0.00928807
0.00928893
0.00928984
0.00929116
0.00929427
0.00930046
0.00930046
0.00929427
0.00929116
0.00928984
0.00928984
0.00929116
0.00929427
0.00930046
0.00930046
0.00929427
0.00929116
0.00928984
0.00928893
0.00928893
0.00928893
0.00928807
0.0092874
0.00928705
0.00928705
0.0092874
0.00928807
0.00928807
0.0092874
0.00928705
0.00878419
0.00878419
0.00878419
0.00878419
0.00878419
0.00878448
0.00878448
0.00878506
0.00878592
0.00827019
0.00827019
0.00827019
0.0082696
0.0082696
0.00775688
0.00775688
0.00775715
0.00725149
0.0072514
0.0072514
0.00725149
0.00775715
0.00775715
0.00725149
0.0072514
0.00775688
0.0082696
0.0082696
0.00827019
0.00878592
0.00878506
0.00878506
0.00878592
0.00878717
0.0087897
0.00879567
0.00880686
0.00829556
0.00828157
0.00828157
0.00829556
0.00880686
0.00879567
0.0087897
0.00827426
0.00827426
0.00827133
0.00827133
0.00878717
0.00878717
0.0087897
0.00879567
0.00880686
0.00829556
0.00828157
0.00828157
0.00829556
0.00880686
0.00879567
0.0087897
0.00827426
0.00827426
0.00827133
0.00827133
0.00878717
0.00878592
0.00878592
0.00878592
0.00827019
0.00827019
0.0082696
0.0082696
0.00878506
0.00878448
0.00878448
0.00826926
0.00826926
0.00826926
0.00826926
0.00826926
0.00826909
0.00826909
0.00775668
0.00775668
0.00775674
0.00725137
0.00725136
0.00725136
0.00725137
0.00775674
0.00775674
0.00725137
0.00725136
0.00775668
0.00826909
0.00826909
0.00775668
0.00775674
0.00775688
0.00775715
0.00725149
0.0072514
0.00725137
0.00725136
0.00675012
0.00675012
0.00675012
0.00675012
0.00675012
0.00675013
0.00675015
0.00625001
0.00625009
0.00625054
0.00625204
0.00625558
0.00676043
0.00675408
0.00675408
0.00676043
0.00625558
0.00625204
0.00575092
0.00575092
0.00525026
0.00525026
0.00525006
0.00525006
0.00575023
0.00575004
0.00525001
0.00525001
0.00575004
0.00575023
0.00625054
0.00675124
0.00675124
0.00675124
0.00675408
0.00676043
0.00625558
0.00625204
0.00625204
0.00625558
0.00676043
0.00675408
0.00675124
0.00625054
0.00625054
0.00625009
0.00625009
0.00625001
0.00675015
0.00675013
0.00625
0.00625
0.00575
0.00575
0.00525
0.00525
0.00525
0.00525
0.00575
0.00575
0.00575
0.00575
0.00575
0.00575
0.00525
0.00525
0.00525
0.00525
0.00525
0.00575
0.00575
0.00625
0.00625
0.00625
0.00675012
0.00675012
0.00675013
0.00675015
0.00625001
0.00625
0.00625
0.00625001
0.00625009
0.00575004
0.00575004
0.00575023
0.00575092
0.00575262
0.00575262
0.00575262
0.00575092
0.00525026
0.00525026
0.00525006
0.00525001
0.00525001
0.00525006
0.00575023
0.00575023
0.00575092
0.00575262
0.00625558
0.00676043
0.00726823
0.00778019
0.00776695
0.00725823
0.00725823
0.00726823
0.00778019
0.00776695
0.00776033
0.00776033
0.00725349
0.00725188
0.00775789
0.00775789
0.00725188
0.00725349
0.00725349
0.00725823
0.00726823
0.00778019
0.00776695
0.00776695
0.00778019
0.00726823
0.00725823
0.00725349
0.00776033
0.00776033
0.00775789
0.00725188
0.00725188
0.00775789
0.00775715
0.00775715
0.00775715
0.00775715
0.00725149
0.0072514
0.00775688
0.00775688
0.0072514
0.00725149
0.00725149
0.0072514
0.00775688
0.0082696
0.00827019
0.00827019
0.0082696
0.00878506
0.00878506
0.00878448
0.00826926
0.00826926
0.00826909
0.00826909
0.00775668
0.00775674
0.00725137
0.00725136
0.00725136
0.00725137
0.00775674
0.00775668
0.00775668
0.00775674
0.00725137
0.00725136
0.00725136
0.00725137
0.0072514
0.00725149
0.00675015
0.00675015
0.00675015
0.00675015
0.00675015
0.00675013
0.00675012
0.00625
0.00625
0.00625
0.00625
0.00625
0.00625
0.00625
0.00625
0.00625
0.00625
0.00675012
0.00675012
0.00625
0.00625
0.00675012
0.00675012
0.00675012
0.00675012
0.00625
0.00625
0.00675012
0.00675012
0.00675012
0.00725136
0.00775668
0.00826909
0.00826926
0.00826926
0.00826909
0.00878419
0.00878448
0.00878506
0.00878506
0.00928807
0.00928893
0.00928893
0.00928807
0.00928807
0.00928893
0.00928893
0.00928807
0.00928807
0.0092874
0.0092874
0.00928705
0.00928705
0.0092874
0.0092874
0.00928705
0.00878419
0.00878419
0.00878419
0.00878419
0.00878419
0.00878419
0.00826909
0.00826926
0.00878448
0.00878448
0.00826926
0.00826909
0.00775668
0.00775668
0.00775668
0.00725136
0.00725137
0.00725137
0.00775674
0.00775674
0.00775688
0.00775688
0.00775688
0.00775688
0.0082696
0.00827019
0.00878592
0.00878592
0.00827019
0.0082696
0.0082696
0.00827019
0.00878592
0.00878592
0.00827019
0.0082696
0.0082696
0.00878506
0.00878592
0.00827019
0.00827019
0.0082696
0.00878506
0.00878592
0.00878717
0.00878717
0.00878717
0.00878717
0.00928984
0.00929116
0.00929116
0.00928984
0.00928984
0.00929116
0.00929116
0.00928984
0.00928984
0.00928893
0.00928893
0.00928807
0.00928807
0.00928893
0.00928893
0.00928807
0.00878506
0.00878506
0.00878506
0.00878506
0.00878448
0.00826926
0.00826909
0.00826909
0.00826926
0.00878448
0.00878448
0.00826926
0.00826909
0.00826909
0.00826909
0.00826926
0.00878448
0.00878448
0.00878506
0.00878592
0.00878717
0.0087897
0.00879567
0.00880686
0.00882276
0.00930929
0.00930929
0.00930929
0.00930929
0.0093093
0.00930932
0.00930938
0.00930949
0.00882299
0.00882287
0.00882281
0.00882278
0.00882277
0.00882276
0.00882276
0.00831619
0.00831619
0.00780054
0.00728422
0.00728422
0.00780055
0.00780055
0.00831619
0.0083162
0.00780055
0.00728422
0.00728422
0.00677094
0.00677093
0.00677093
0.00626154
0.00626154
0.00575549
0.00575549
0.00525159
0.00525159
0.00525159
0.00575549
0.00626155
0.00626155
0.00677094
0.00677095
0.00728424
0.00780056
0.00831621
0.00831624
0.00780059
0.00728426
0.00728432
0.00780065
0.0083163
0.00831642
0.00780077
0.00728443
0.00677111
0.00677102
0.00677097
0.00626157
0.00626156
0.0057555
0.0057555
0.00525159
0.00525159
0.00525159
0.00575551
0.00575553
0.00626161
0.00626167
0.00575557
0.00525161
0.0052516
0.00525076
0.00525076
0.00525075
0.00525075
0.00525075
0.00525075
0.00525075
0.00525075
0.00575262
0.00575262
0.00575262
0.00625558
0.00676043
0.00675408
0.00675408
0.00625204
0.00625204
0.00575092
0.00525026
0.00525026
0.00525006
0.00525001
0.00575004
0.00625009
0.00625054
0.00675124
0.00675034
0.00675034
0.00675124
0.00625054
0.00625009
0.00575004
0.00575023
0.00525006
0.00525001
0.00525001
0.00525006
0.00525026
0.00575092
0.00625204
0.00625558
0.00676043
0.00675408
0.00675408
0.00676043
0.00625558
0.00625204
0.00575092
0.00525026
0.00525006
0.00575023
0.00575023
0.00625054
0.00675124
0.00675034
0.00625009
0.00625009
0.00625054
0.00675124
0.00675034
0.00675034
0.00675124
0.00675408
0.00676043
0.00726823
0.00778019
0.00829556
0.00828157
0.00828157
0.00829556
0.00880686
0.00930046
0.00930046
0.00929427
0.00929427
0.00929116
0.00929116
0.00928984
0.00928984
0.00928984
0.00929116
0.00929427
0.00930046
0.00930047
0.00929428
0.00929117
0.00928985
0.00928894
0.00928893
0.00928893
0.00928893
0.00928807
0.00928807
0.0092874
0.0092874
0.00928705
0.00928705
0.00928705
0.0092874
0.00928807
0.00928808
0.00928741
0.00928705
0.00928707
0.00928742
0.00928809
0.00928895
0.00928986
0.00929118
0.00929429
0.00930048
0.00930051
0.00929433
0.00929122
0.0092899
0.00928997
0.00929129
0.0092944
0.00930058
0.00930072
0.00929455
0.00929144
0.00929012
0.00928921
0.00928906
0.00928898
0.00928812
0.00928745
0.00928709
0.00928716
0.00928752
0.00928819
0.00928834
0.00928767
0.00928731
0.0087844
0.00878428
0.00878423
0.00878421
0.0087842
0.00878419
0.00878419
0.00878419
0.00826909
0.00826926
0.0082696
0.00827019
0.00827133
0.00827426
0.00827426
0.0087897
0.00879567
0.00879567
0.00880686
0.00829556
0.00828157
0.00828158
0.00829556
0.00880687
0.00879567
0.00878971
0.0087897
0.00827426
0.00827133
0.00827133
0.00878717
0.00878717
0.00878718
0.00827134
0.00827426
0.00776033
0.00776033
0.00776033
0.00776033
0.00776695
0.00725823
0.00725823
0.00726823
0.00778019
0.00776695
0.00776695
0.00778019
0.00726823
0.00725823
0.00725823
0.00726823
0.0077802
0.00776695
0.00776696
0.0077802
0.00829557
0.00880688
0.00879569
0.00828158
0.0082816
0.00829559
0.00880691
0.00879572
0.00878975
0.00878972
0.00827427
0.00827134
0.00878719
0.00878721
0.00827135
0.00827428
0.00776034
0.00776033
0.00725349
0.00725349
0.00725349
0.00725349
0.00725349
0.00725188
0.00775789
0.00775789
0.00725188
0.00725188
0.00775789
0.00775789
0.00725188
0.00675034
0.00675034
0.00675034
0.00675124
0.00675408
0.00676043
0.00625558
0.00625558
0.00625204
0.00625204
0.00575092
0.00575092
0.00575262
0.00575262
0.00575262
0.00625558
0.00676043
0.00675408
0.00625204
0.00625204
0.00625558
0.00676043
0.00675408
0.00675124
0.00675124
0.00625054
0.00625054
0.00625054
0.00625009
0.00625009
0.00575004
0.00575004
0.00575004
0.00575004
0.00575
0.00575
0.00575
0.00575
0.00575
0.00525
0.00525
0.00575
0.00575
0.00525
0.00525
0.00525
0.00525
0.00575
0.00625
0.00625001
0.00625001
0.00625
0.00675013
0.00675013
0.00675012
0.00625
0.00625
0.00625
0.00575
0.00575
0.00575
0.00525
0.00525
0.00525
0.00525
0.00575
0.00575
0.00525
0.00525
0.00575
0.00575
0.00575
0.00575
0.00525
0.00525
0.00525
0.00525
0.00575
0.00625
0.00625001
0.00625001
0.00625
0.00675013
0.00675013
0.00675012
0.00675012
0.00625
0.00625
0.00675012
0.00675012
0.00675012
0.00675012
0.00675012
0.00675012
0.00675012
0.00675012
0.00625
0.00625
0.00575
0.00575
0.00575
0.00575
0.00575
0.00575
0.00575
0.00575
0.00575
0.00525
0.00525
0.00525
0.00525
0.00575
0.00575
0.00525
0.00525
0.00525
0.00525
0.00575
0.00575
0.00525
0.00525
0.00525
0.00525
0.00575
0.00575
0.00525
0.00525
0.00525
0.00525
0.00575
0.00575
0.00625
0.00625
0.00675012
0.00725137
0.00725136
0.00725136
0.00725137
0.00775674
0.00775674
0.00775688
0.0072514
0.0072514
0.0072514
0.0072514
0.0072514
0.0072514
0.00725149
0.00725149
0.00775715
0.00775715
0.00775715
0.00725149
0.00725149
0.00775715
0.00775789
0.00775789
0.00775789
0.00775789
0.00775789
0.00775789
0.00775789
0.00775789
0.00725188
0.00725349
0.00776033
0.00776033
0.00725349
0.00725188
0.00725188
0.00725349
0.00776033
0.00776033
0.00827426
0.0087897
0.0087897
0.00827426
0.00827133
0.00827133
0.00827426
0.0087897
0.0087897
0.00827426
0.00827133
0.00827133
0.00827426
0.0087897
0.0087897
0.00827426
0.00827133
0.00827133
0.00827426
0.0087897
0.00879567
0.00879567
0.00929427
0.00929427
0.00929427
0.00929427
0.00929427
0.00929116
0.00929116
0.00928984
0.00928984
0.00929116
0.00929116
0.00928984
0.00878717
0.00878717
0.00878717
0.00878717
0.00878592
0.00827019
0.0082696
0.0082696
0.00827019
0.00878592
0.00878592
0.00827019
0.0082696
0.0082696
0.00826926
0.00826909
0.00775668
0.00775668
0.00775668
0.00775668
0.00725136
0.00725137
0.00775674
0.00775674
0.00725137
0.00725136
0.00725136
0.00725137
0.00775674
0.00775674
0.00725137
0.00725136
0.00675012
0.00675012
0.00675012
0.00625
0.00625
0.00625
0.00625
0.00675012
0.00675013
0.00675013
0.00675013
0.00675013
0.00675013
0.00675013
0.00675013
0.00675013
0.00625
0.00625
0.00625
0.00625
0.00625001
0.00675015
0.00675015
0.00625001
0.00625001
0.00675015
0.00675034
0.00675034
0.00675034
0.00675034
0.00625009
0.00625054
0.00675124
0.00675124
0.00675408
0.00725823
0.00776695
0.00778019
0.00726823
0.00676043
0.00677093
0.00677093
0.00677093
0.00677093
0.00677093
0.00677093
0.00626154
0.00626154
0.00575549
0.00575549
0.00525159
0.00525159
0.00474841
0.00474841
0.00474841
0.00474841
0.00424451
0.00424451
0.00373846
0.00373846
0.00322907
0.00322907
0.00322907
0.00323957
0.00374442
0.00374442
0.00374796
0.00424908
0.00424738
0.00474925
0.00474925
0.00424738
0.00424908
0.00424908
0.00424738
0.00474925
0.00474925
0.00474974
0.00474994
0.00474999
0.00475
0.00475
0.00475
0.00475
0.00425
0.00425
0.00425
0.00425
0.00475
0.00475
0.00475
0.00425
0.00425
0.00425
0.00425
0.00475
0.00474999
0.00424996
0.00424996
0.00424977
0.00424977
0.00474994
0.00474974
0.00424908
0.00424908
0.00424738
0.00424738
0.00474925
0.00525075
0.00525075
0.00575262
0.00575262
0.00575092
0.00575092
0.00575023
0.00525006
0.00525001
0.00525001
0.00525
0.00525
0.00525
0.00525
0.00575
0.00575
0.00575
0.00575004
0.00525001
0.00525006
0.00525006
0.00575023
0.00575092
0.00525026
0.00525026
0.00525075
0.00525075
0.00525159
0.00525159
0.00525159
0.00474841
0.00474841
0.00424451
0.00424451
0.00424451
0.00424451
0.00373846
0.00373846
0.00322907
0.00323957
0.00324592
0.00274177
0.00274177
0.00274177
0.00274177
0.00274651
0.00274812
0.00224211
0.00223967
0.00223967
0.00224211
0.00274812
0.00274651
0.00274651
0.00274812
0.00274851
0.0027486
0.00224312
0.00224285
0.00224285
0.00224312
0.0027486
0.00274851
0.00274812
0.00224211
0.00224211
0.00223967
0.00223967
0.00274651
0.00274651
0.00274812
0.00274851
0.0027486
0.00274863
0.00274864
0.00324988
0.00324988
0.00375
0.00375
0.00324988
0.00324988
0.00324988
0.00375
0.00375
0.00324988
0.00324988
0.00324988
0.00375
0.00375
0.00375
0.00375
0.00375
0.00375
0.00324987
0.00324985
0.00374999
0.00374999
0.00324985
0.00324987
0.00324987
0.00324985
0.00374999
0.00374999
0.00324985
0.00324987
0.0027486
0.0027486
0.0027486
0.00274863
0.00274864
0.00224332
0.00224332
0.00224326
0.00224326
0.00173074
0.00173074
0.00173091
0.00173091
0.00121581
0.00121552
0.00121494
0.00121408
0.00121408
0.00121494
0.0017304
0.0017304
0.0017304
0.00121494
0.00121408
0.00121408
0.00172981
0.0017304
0.00121494
0.00121552
0.00121552
0.00121552
0.00121581
0.00173091
0.00173091
0.00121581
0.00121581
0.00173091
0.00173091
0.00173074
0.0017304
0.00172981
0.00172867
0.00172574
0.00171843
0.00170444
0.00221981
0.00273177
0.00274177
0.00223305
0.00223305
0.00221981
0.00273177
0.00274177
0.00274651
0.00274651
0.00223967
0.00224211
0.00274812
0.00274812
0.00224211
0.00223967
0.00172574
0.00171843
0.00170444
0.00119314
0.00119314
0.00120433
0.00120433
0.0012103
0.0012103
0.00121283
0.00121283
0.00172867
0.00172867
0.00172574
0.00171843
0.00170444
0.00168381
0.00219946
0.00219946
0.00168381
0.00117724
0.00117724
0.000690714
0.000690714
0.000699539
0.000699539
0.000699539
0.000699539
0.00069954
0.000705731
0.000705731
0.000705731
0.000705731
0.000705731
0.000705731
0.000705731
0.000705731
0.000708842
0.00071016
0.00071016
0.000708842
0.000708842
0.00071016
0.00071016
0.000708842
0.000708842
0.00071016
0.00071016
0.000708842
0.000708842
0.00071016
0.00071016
0.000708842
0.000708842
0.000705731
0.000705731
0.000708842
0.00071016
0.00071016
0.000711068
0.000711068
0.000711068
0.000711929
0.000711929
0.000712599
0.000712599
0.000712952
0.000712951
0.000712951
0.000712598
0.000711929
0.000711929
0.000711068
0.000711068
0.00071016
0.000708842
0.000705731
0.000705731
0.000708842
0.00071016
0.00071016
0.000708842
0.000705731
0.000699539
0.00119314
0.00120433
0.00120433
0.00119314
0.00170444
0.00221981
0.00221981
0.00273177
0.00274177
0.00223305
0.00223305
0.00274177
0.00273177
0.00273177
0.00271578
0.00322907
0.00373846
0.00373846
0.00322907
0.00322907
0.00373846
0.00373846
0.00322907
0.00271578
0.00271578
0.00271578
0.00219946
0.00219946
0.00168381
0.00117724
0.00117724
0.00168381
0.00168381
0.00219946
0.00219946
0.00168381
0.00117724
0.00117724
0.000690714
0.000690714
0.000690715
0.000690714
0.000699539
0.000705731
0.000708842
0.0012103
0.0012103
0.00121283
0.00121283
0.00172867
0.00172574
0.00171843
0.00171843
0.00170444
0.00221981
0.00223305
0.00274177
0.00324592
0.00323957
0.00374442
0.00374796
0.00374796
0.00374442
0.00323957
0.00324592
0.00324876
0.00324876
0.00374946
0.00374991
0.00324966
0.00324966
0.00374991
0.00374946
0.00374946
0.00374796
0.00374442
0.00323957
0.00324592
0.00324592
0.00323957
0.00374442
0.00374796
0.00374946
0.00324876
0.00324876
0.00324966
0.00374991
0.00374991
0.00324966
0.00274812
0.00274812
0.00274812
0.00274812
0.00274812
0.00274812
0.00274651
0.00223967
0.00224211
0.00224211
0.00223967
0.00274651
0.00274651
0.00223967
0.00224211
0.00224211
0.00223967
0.00223305
0.00221981
0.00273177
0.00274177
0.00274651
0.00274651
0.00274177
0.00273177
0.00221981
0.00223305
0.00223305
0.00221981
0.00273177
0.00274177
0.00274651
0.00223967
0.00223967
0.00224211
0.00224211
0.00172867
0.00172867
0.00172867
0.00172867
0.00172574
0.0012103
0.00120433
0.00119314
0.00119314
0.00170444
0.00171843
0.00120433
0.0012103
0.00172574
0.00172574
0.00171843
0.00170444
0.00119314
0.00120433
0.00120433
0.00119314
0.00170444
0.00171843
0.00172574
0.0012103
0.0012103
0.00121283
0.00121283
0.00121283
0.00121408
0.00121408
0.00121408
0.00121408
0.00121408
0.00121494
0.00121494
0.0017304
0.00172981
0.00224285
0.00224285
0.00274851
0.0027486
0.00224312
0.00224312
0.0027486
0.00274851
0.00274851
0.00324985
0.00324987
0.00324987
0.00324985
0.00274851
0.00224285
0.00224285
0.00224312
0.0027486
0.0027486
0.00224312
0.0017304
0.0017304
0.00172981
0.00172981
0.00172981
0.00224285
0.00274851
0.00324985
0.00374999
0.00375
0.00375
0.00375
0.00375
0.00324988
0.00324988
0.00324988
0.00324988
0.00324988
0.00324988
0.00324988
0.00324988
0.00274863
0.00274863
0.00274863
0.00274863
0.00224326
0.00224332
0.00274864
0.00274864
0.00224332
0.00224326
0.00173074
0.00121552
0.00121552
0.00121581
0.00121581
0.00173091
0.00173091
0.00173074
0.00224326
0.00224332
0.00274864
0.00274864
0.00224332
0.00224326
0.00173074
0.00121552
0.00121552
0.00121494
0.00121494
0.000711929
0.000711929
0.000711929
0.000711929
0.000712598
0.000712598
0.000712951
0.000712951
0.000712951
0.000712599
0.000712599
0.000712951
0.00121581
0.00121581
0.00173091
0.00173091
0.00173074
0.0017304
0.00224312
0.0027486
0.00324987
0.00324987
0.00324985
0.00374999
0.00375
0.00375
0.00375
0.00324988
0.00324988
0.00324988
0.00324988
0.00324988
0.00324987
0.00324985
0.00374999
0.00425
0.00425
0.00475
0.00475
0.00425
0.00425
0.00374999
0.00324985
0.00324987
0.00375
0.00375
0.00375
0.00425
0.00475
0.00475
0.00425
0.00425
0.00425
0.00375
0.00324988
0.00324988
0.00324988
0.00375
0.00375
0.00375
0.00375
0.00375
0.00374999
0.00374991
0.00374946
0.00374796
0.00374442
0.00373846
0.00322907
0.00322907
0.00373846
0.00373846
0.00322907
0.00322907
0.00373846
0.00374442
0.00374442
0.00374442
0.00424738
0.00424738
0.00424908
0.00474974
0.00474974
0.00424908
0.00374796
0.00324592
0.00324592
0.00323957
0.00323957
0.00323957
0.00324592
0.00374796
0.00424908
0.00424738
0.00424738
0.00424908
0.00474974
0.00474974
0.00474994
0.00474994
0.00474994
0.00424977
0.00424996
0.00474999
0.00474999
0.00424996
0.00424977
0.00374946
0.00324876
0.00324876
0.00324966
0.00324966
0.00374991
0.00374991
0.00374946
0.00424977
0.00424996
0.00474999
0.00474999
0.00474994
0.00424977
0.00424996
0.00374991
0.00374946
0.00374796
0.00324592
0.00323957
0.00273177
0.00273177
0.00273177
0.00273177
0.00271578
0.00219946
0.00219946
0.00271578
0.00271578
0.00219946
0.00219946
0.00271578
0.00271578
0.00322907
0.00373846
0.00424451
0.00474841
0.00474841
0.00424451
0.00373846
0.00322907
0.00322907
0.00373846
0.00424451
0.00474841
0.00474841
0.00424451
0.00373846
0.00322907
0.00271578
0.00271578
0.00271578
0.00219946
0.00219946
0.00168381
0.00168381
0.00168381
0.00168381
0.00168381
0.00117724
0.00117724
0.00117724
0.00117724
0.000690714
0.000690714
0.000690714
0.000690715
0.000690714
0.000699539
0.000699539
0.000699539
0.00069954
0.000705731
0.000705731
0.000708842
0.000708842
0.00071016
0.00071016
0.000711068
0.000711068
0.000711068
0.000711068
0.000711929
0.00121494
0.00121494
0.00121408
0.00172981
0.00224285
0.00274851
0.0027486
0.00224312
0.0017304
0.00173074
0.00224326
0.00224326
0.00274863
0.00274864
0.00224332
0.00224332
0.00274864
0.00274863
0.00274863
0.0027486
0.00274851
0.00224285
0.00224312
0.00224312
0.00224285
0.00274851
0.0027486
0.00274863
0.00224326
0.00224326
0.00224332
0.00274864
0.00274864
0.00224332
0.00173091
0.00173091
0.00173091
0.00121581
0.00121581
0.00121552
0.00121552
0.00121552
0.00121494
0.00121408
0.00172981
0.0017304
0.0017304
0.00172981
0.00121408
0.00121283
0.00121283
0.0012103
0.00120433
0.00119314
0.00170444
0.00221981
0.00223305
0.00274177
0.00274177
0.00223305
0.00221981
0.00170444
0.00119314
0.00120433
0.00171843
0.00171843
0.00172574
0.00223967
0.00274651
0.00274812
0.00224211
0.00224211
0.00223967
0.00274651
0.00274812
0.00274812
0.00274651
0.00274177
0.00223305
0.00221981
0.00221981
0.00223305
0.00274177
0.00274651
0.00324876
0.00324876
0.00324966
0.00324966
0.00274812
0.00224211
0.00224211
0.00223967
0.00223967
0.00172574
0.00172574
0.00172574
0.0012103
0.00121283
0.00172867
0.00172867
0.00172981
0.00224285
0.00274851
0.00324985
0.00324987
0.00324987
0.00324985
0.00374999
0.00425
0.00425
0.00475
0.00475
0.00425
0.00425
0.00475
0.00475
0.00475
0.00425
0.00425
0.00475
0.00475
0.00475
0.00425
0.00425
0.00375
0.00375
0.00375
0.00375
0.00425
0.00425
0.00475
0.00475
0.00475
0.00425
0.00425
0.00425
0.00425
0.00425
0.00425
0.00425
0.00425
0.00425
0.00425
0.00425
0.00475
0.00475
0.00425
0.00425
0.00475
0.00475
0.00475
0.00475
0.00425
0.00425
0.00475
0.00475
0.00475
0.00475
0.00425
0.00425
0.00475
0.00475
0.00475
0.00475
0.00425
0.00425
0.00475
0.00475
0.00475
0.00475
0.00425
0.00425
0.00425
0.00475
0.00475
0.00475
0.00475
0.00475
0.00475
0.00475
0.00475
0.00475
0.00475
0.00475
0.00475
0.00425
0.00425
0.00475
0.00475
0.00425
0.00425
0.00375
0.00375
0.00375
0.00375
0.00324988
0.00324988
0.00324988
0.00324988
0.00375
0.00375
0.00375
0.00375
0.00324988
0.00324988
0.00324988
0.00324988
0.00375
0.00375
0.00375
0.00375
0.00425
0.00425
0.00475
0.00475
0.00425
0.00425
0.00425
0.00425
0.00475
0.00475
0.00525
0.00525
0.00525
0.00575
0.00575
0.00575
0.00575
0.00525
0.00525
0.00525001
0.00525001
0.00525001
0.00575004
0.00625009
0.00625054
0.00675124
0.00675408
0.00675408
0.00725823
0.00776695
0.00828157
0.00829556
0.00880686
0.00880686
0.00829556
0.00828157
0.00776695
0.00725823
0.00726823
0.00726823
0.00778019
0.00778019
0.00778019
0.00776695
0.00828157
0.00829556
0.00880686
0.00880686
0.00829556
0.00828157
0.00776695
0.00725823
0.00725823
0.00726823
0.00726823
0.00778019
0.00778019
0.00776695
0.00776033
0.00725349
0.00725349
0.00725188
0.00725188
0.00725188
0.00725349
0.00776033
0.00776695
0.00828157
0.00828157
0.00829556
0.00880686
0.00880686
0.00829556
0.00778019
0.00726823
0.00726823
0.00725823
0.00725823
0.00725823
0.00725349
0.00725188
0.00725188
0.00725349
0.00776033
0.00776033
0.00776695
0.00828157
0.00829556
0.00880686
0.00880686
0.00829556
0.00828157
0.00776695
0.00725823
0.00726823
0.00726823
0.00778019
0.00778019
0.00780054
0.00780054
0.00780054
0.00780054
0.00780054
0.00780054
0.00780054
0.00780054
0.00780054
0.00780054
0.00780054
0.00780054
0.00831619
0.00831619
0.00831619
0.00831619
0.00882276
0.00882276
0.00831619
0.00831619
0.00882276
0.00882276
0.00831619
0.00831619
0.00882276
0.00882276
0.00831619
0.00831619
0.00882276
0.00882276
0.00831619
0.00831619
0.00882276
0.00882276
0.00880686
0.00829556
0.00828157
0.00828157
0.00829556
0.00880686
0.00880686
0.00879567
0.0087897
0.00827426
0.00827133
0.00827133
0.00827426
0.0087897
0.00879567
0.00828157
0.00828157
0.00829556
0.00829556
0.00880686
0.00880686
0.00879567
0.0087897
0.00827426
0.00827133
0.00827133
0.00827426
0.0087897
0.00879567
0.00929427
0.00929427
0.00929427
0.00879567
0.00879567
0.0087897
0.00827426
0.00827133
0.00827133
0.00827019
0.00878592
0.00878592
0.00878506
0.00878448
0.00878448
0.00878419
0.00928705
0.0092874
0.0092874
0.00928705
0.00928705
0.0092874
0.00928741
0.00928705
0.00928707
0.00928742
0.00928745
0.00928709
0.00928716
0.00928752
0.00928767
0.00928731
0.0087844
0.00878428
0.00878423
0.00878421
0.0087842
0.00878419
0.00878419
0.00826909
0.00826909
0.00826926
0.00826926
0.00878448
0.00878506
0.00928807
0.00928807
0.00928893
0.00928893
0.00928893
0.00928807
0.00928808
0.00928894
0.00928985
0.00928984
0.00928984
0.00928984
0.00929116
0.00929116
0.00929427
0.00929427
0.00879567
0.0087897
0.0087897
0.00827426
0.00776033
0.00776033
0.00776033
0.00776033
0.00776033
0.00776033
0.00776033
0.00776033
0.00775789
0.00775715
0.00725149
0.00725149
0.00775715
0.00775715
0.00725149
0.00725149
0.0072514
0.00775688
0.00775715
0.00775789
0.00775789
0.00775789
0.00725188
0.00725188
0.00725349
0.00725349
0.00725823
0.00725823
0.00776695
0.00778019
0.00726823
0.00726823
0.00778019
0.00776695
0.00776695
0.00725823
0.00725349
0.00725188
0.00725188
0.00725349
0.00725823
0.00776695
0.00778019
0.00778019
0.00726823
0.00726823
0.00676043
0.00676043
0.00676043
0.00676043
0.00676043
0.00676043
0.00676043
0.00676043
0.00676043
0.00676043
0.00676043
0.00676043
0.00625558
0.00625204
0.00625204
0.00625558
0.00575262
0.00575262
0.00575262
0.00575262
0.00575549
0.00575549
0.00575549
0.00626154
0.00626154
0.00626154
0.00626154
0.00575549
0.00525159
0.00525159
0.00474841
0.00474841
0.00474841
0.00474925
0.00474974
0.00474994
0.00474999
0.00424996
0.00424977
0.00424977
0.00424996
0.00474999
0.00474994
0.00474974
0.00424908
0.00424908
0.00424738
0.00424738
0.00474925
0.00474925
0.00474974
0.00474994
0.00474999
0.00424996
0.00424977
0.00424977
0.00424996
0.00474999
0.00474994
0.00474974
0.00424908
0.00424908
0.00424738
0.00424738
0.00474925
0.00525075
0.00525075
0.00525026
0.00575092
0.00575023
0.00575023
0.00525006
0.00525026
0.00575092
0.00575092
0.00575023
0.00575004
0.00625009
0.00625054
0.00675124
0.00675124
0.00625054
0.00625009
0.00575004
0.00575023
0.00525006
0.00525006
0.00525026
0.00525075
0.00525075
0.00525159
0.00525159
0.00575549
0.00626154
0.00677093
0.00728422
0.00728422
0.00728422
0.00728422
0.00728422
0.00728422
0.00728422
0.00728422
0.00728422
0.00677093
0.00677093
0.00677093
0.00626154
0.00575549
0.00575549
0.00575262
0.00625558
0.00625204
0.00675408
0.00675408
0.00625204
0.00625558
0.00575262
0.00575092
0.00525026
0.00525075
0.00525075
0.00525026
0.00525006
0.00525001
0.00525
0.00525
0.00575
0.00575
0.00625001
0.00675015
0.00675015
0.00625001
0.00625
0.00575
0.00525
0.00525
0.00575
0.00575
0.00575
0.00625
0.00625001
0.00675015
0.00675015
0.00625001
0.00625
0.00575
0.00525
0.00525
0.00525
0.00525
0.00575
0.00575004
0.00575004
0.00575004
0.00575004
0.00625009
0.00675034
0.00675124
0.00625054
0.00625054
0.00625009
0.00675034
0.00675124
0.00675408
0.00675408
0.00625204
0.00625558
0.00625558
0.00625204
0.00575092
0.00575092
0.00575023
0.00575023
0.00525006
0.00525001
0.00525001
0.00525006
0.00575023
0.00625054
0.00625009
0.00675034
0.00675124
0.00675124
0.00675034
0.00625009
0.00625054
0.00575023
0.00525006
0.00525001
0.00525001
0.00525
0.00525
0.00575
0.00625
0.00625001
0.00675015
0.00675015
0.00625001
0.00625
0.00575
0.00525
0.00525
0.00575
0.00575
0.00575004
0.00625009
0.00675034
0.00675124
0.00625054
0.00625054
0.00625009
0.00675034
0.00675124
0.00675408
0.00675408
0.00675408
0.00675408
0.00625204
0.00625558
0.00625558
0.00625204
0.00575092
0.00575092
0.00525026
0.00525026
0.00525075
0.00575262
0.00575262
0.00575549
0.00575549
0.00626154
0.00626154
0.00626154
0.00677093
0.00728422
0.00728422
0.00728422
0.00728422
0.00677093
0.00677093
0.00677093
0.00626154
0.00575549
0.00525159
0.00525159
0.00525159
0.00525159
0.00474841
0.00474841
0.00474841
0.00474841
0.00424451
0.00424451
0.00424451
0.00424451
0.00424451
0.00373846
0.00373846
0.00373846
0.00373846
0.00374442
0.00374796
0.00374946
0.00374991
0.00324966
0.00324876
0.00324876
0.00324966
0.00374991
0.00374946
0.00374796
0.00324592
0.00324592
0.00323957
0.00323957
0.00374442
0.00374442
0.00374796
0.00374946
0.00374991
0.00324966
0.00324876
0.00324876
0.00324966
0.00374991
0.00374946
0.00374796
0.00324592
0.00324592
0.00323957
0.00323957
0.00374442
0.00374442
0.00374796
0.00374946
0.00374991
0.00374999
0.00324985
0.00324987
0.00324987
0.00324985
0.00374999
0.00374999
0.00324985
0.00324987
0.00324987
0.00324985
0.00374999
0.00374991
0.00374991
0.00374991
0.00324966
0.00324966
0.00324876
0.00324876
0.00374946
0.00374796
0.00324592
0.00324592
0.00323957
0.00323957
0.00374442
0.00374442
0.00374796
0.00374946
0.00324876
0.00324966
0.00324966
0.00324876
0.00374946
0.00374796
0.00324592
0.00324592
0.00323957
0.00323957
0.00374442
0.00373846
0.00373846
0.00373846
0.00373846
0.00322907
0.00322907
0.00322907
0.00322907
0.00322907
0.00271578
0.00271578
0.00271578
0.00271578
0.00271578
0.00271578
0.00271578
0.00271578
0.00219946
0.00219946
0.00168381
0.00168381
0.00117724
0.00117724
0.00117724
0.00119314
0.000699539
0.000699539
0.000699539
0.000699539
0.000699539
0.000705731
0.000708842
0.00071016
0.00071016
0.000708842
0.000705731
0.000705731
0.000708842
0.00071016
0.00071016
0.000708842
0.000705731
0.000705731
0.000708842
0.00071016
0.00071016
0.000708842
0.000705731
0.00120433
0.00120433
0.00119314
0.00119314
0.00119314
0.00120433
0.0012103
0.00121283
0.00121283
0.0012103
0.00172574
0.00171843
0.00171843
0.00120433
0.00119314
0.00119314
0.00120433
0.0012103
0.00121283
0.00121408
0.00172981
0.00172981
0.00121408
0.00121408
0.00172981
0.0017304
0.0017304
0.00172981
0.00121408
0.00121283
0.00121283
0.00121283
0.00172867
0.00172867
0.00172574
0.00172574
0.0012103
0.00120433
0.00171843
0.00171843
0.00223305
0.00221981
0.00273177
0.00273177
0.00221981
0.00223305
0.00223305
0.00221981
0.00273177
0.00273177
0.00221981
0.00223305
0.00171843
0.00171843
0.00172574
0.00172867
0.00172867
0.00172574
0.0012103
0.0012103
0.00120433
0.00119314
0.00119314
0.00170444
0.00170444
0.00168381
0.00168381
0.00168381
0.00168381
0.00117724
0.00117724
0.00117724
0.00117724
0.00117724
0.00117724
0.00168381
0.00219946
0.00219946
0.00219946
0.00219946
0.00219946
0.00219946
0.00168381
0.00168381
0.00170444
0.00170444
0.00119314
0.00120433
0.000705731
0.000705731
0.000705732
0.000705731
0.000705731
0.000705731
0.000708842
0.00071016
0.00071016
0.000711068
0.000711929
0.000711929
0.000712598
0.000712599
0.000712951
0.000712951
0.000712599
0.000712599
0.000712951
0.000712952
0.00121581
0.00121552
0.00121552
0.00121581
0.00173091
0.00173091
0.00224332
0.00274864
0.00274863
0.00224326
0.00224326
0.00224332
0.00274864
0.00274863
0.00274863
0.00274864
0.00224332
0.00224326
0.00224326
0.00224332
0.00274864
0.00274863
0.0027486
0.0027486
0.00224312
0.00224312
0.00224312
0.00224312
0.00224312
0.00224285
0.00224285
0.00274851
0.00274851
0.00224285
0.00224285
0.00274851
0.00274812
0.00274812
0.00274812
0.00224211
0.00224211
0.00223967
0.00223967
0.00274651
0.00274177
0.00274177
0.00223305
0.00221981
0.00273177
0.00273177
0.00221981
0.00223305
0.00171843
0.00171843
0.00172574
0.00172867
0.00172981
0.0017304
0.00121494
0.00121408
0.00121408
0.00121494
0.0017304
0.00172981
0.00172981
0.0017304
0.00173074
0.00121552
0.00121581
0.00121581
0.00173091
0.00173074
0.00121552
0.00121494
0.00121494
0.00121408
0.00121408
0.00172981
0.0017304
0.0017304
0.00173074
0.00173091
0.00121581
0.00121552
0.00121552
0.00121581
0.00173091
0.00173074
0.0017304
0.00224312
0.00224285
0.00224285
0.00274851
0.00274851
0.00274851
0.0027486
0.00274863
0.00274864
0.00224332
0.00224326
0.00224326
0.00224332
0.00274864
0.00274863
0.0027486
0.00224312
0.00224312
0.00224285
0.00224285
0.00274851
0.00274812
0.00274812
0.00274812
0.00274812
0.00224211
0.00224211
0.00224211
0.00223967
0.00274651
0.00274651
0.00223967
0.00172574
0.00172574
0.00172574
0.00172867
0.00121283
0.00121283
0.0012103
0.0012103
0.00120433
0.00120433
0.00119314
0.00170444
0.00170444
0.00119314
0.00119314
0.00120433
0.0012103
0.00121283
0.00172867
0.00172867
0.00121283
0.0012103
0.00120433
0.00171843
0.00171843
0.00223305
0.00274177
0.00273177
0.00221981
0.00221981
0.00223305
0.00274177
0.00273177
0.00273177
0.00274177
0.00274651
0.00223967
0.00223967
0.00224211
0.00172867
0.00172867
0.00172981
0.00121408
0.00121494
0.00121494
0.00121408
0.00172981
0.00172981
0.0017304
0.00173074
0.00173091
0.00121581
0.00121552
0.00121552
0.00121581
0.00173091
0.00173074
0.0017304
0.00121494
0.00121494
0.00121408
0.00121408
0.00172981
0.00172867
0.00172867
0.00224211
0.00223967
0.00274651
0.00274651
0.00274177
0.00223305
0.00223305
0.00221981
0.00221981
0.00273177
0.00273177
0.00274177
0.00223305
0.00221981
0.00221981
0.00223305
0.00223967
0.00224211
0.00224211
0.00224285
0.00224312
0.00224326
0.00224332
0.00274864
0.00324988
0.00375
0.00375
0.00324988
0.00324988
0.00324988
0.00375
0.00375
0.00375
0.00375
0.00324987
0.00324985
0.00374999
0.00374999
0.00425
0.00425
0.00425
0.00425
0.00475
0.00475
0.00425
0.00425
0.00375
0.00375
0.00375
0.00375
0.00324988
0.00324988
0.00324988
0.00324988
0.00375
0.00375
0.00375
0.00375
0.00324988
0.00324988
0.00324988
0.00324988
0.00324988
0.00375
0.00375
0.00375
0.00425
0.00475
0.00475
0.00425
0.00425
0.00425
0.00475
0.00475
0.00475
0.00475
0.00475
0.00475
0.00474999
0.00474994
0.00474974
0.00474925
0.00424738
0.00424908
0.00424908
0.00424738
0.00474925
0.00474974
0.00474994
0.00424977
0.00424977
0.00424996
0.00424996
0.00474999
0.00474999
0.00474994
0.00474974
0.00474925
0.00424738
0.00424908
0.00424908
0.00424738
0.00474925
0.00474974
0.00474994
0.00424977
0.00424977
0.00424996
0.00424996
0.00474999
0.00475
0.00475
0.00475
0.00425
0.00425
0.00425
0.00425
0.00475
0.00475
0.00425
0.00425
0.00425
0.00425
0.00475
0.00475
0.00475
0.00475
0.00425
0.00425
0.00425
0.00425
0.00475
0.00475
0.00425
0.00425
0.00425
0.00425
0.00475
0.00475
0.00475
0.00475
0.00475
0.00474999
0.00474994
0.00474974
0.00474925
0.00474841
0.00424451
0.00424451
0.00474841
0.00474841
0.00424451
0.00424451
0.00474841
0.00474925
0.00474925
0.00474925
0.00424738
0.00424738
0.00424908
0.00424908
0.00474974
0.00474994
0.00424977
0.00424977
0.00424996
0.00424996
0.00474999
0.00474999
0.00474994
0.00474974
0.00424908
0.00424738
0.00424738
0.00424908
0.00474974
0.00474994
0.00424977
0.00424977
0.00424996
0.00424996
0.00474999
0.00525001
0.00525
0.00575
0.00575
0.00525
0.00525
0.00525
0.00525
0.00525
0.00525
0.00575
0.00575
0.00625
0.00625
0.00675012
0.00675012
0.00675012
0.00625
0.00625
0.00575
0.00575
0.00575
0.00575
0.00575
0.00625001
0.00675015
0.00725149
0.00775715
0.00775688
0.00775688
0.00775674
0.00775668
0.00775668
0.00775674
0.00725137
0.0072514
0.0072514
0.00725149
0.00775715
0.0082702
0.00878592
0.00878506
0.0082696
0.00775688
0.00775674
0.00826926
0.00878448
0.00878448
0.00878506
0.00878592
0.0082702
0.0082696
0.0082696
0.0082702
0.00878593
0.00878507
0.00878449
0.00826926
0.00826926
0.0082691
0.00826909
0.00775668
0.00725136
0.00725136
0.00675012
0.00675012
0.00675013
0.00625
0.00625
0.00625001
0.00675015
0.00675013
0.00675012
0.00725137
0.00725137
0.0072514
0.00725149
0.00775715
0.00775688
0.00775688
0.00775715
0.00725149
0.0072514
0.00725137
0.00775674
0.00775674
0.00775668
0.00725136
0.00725136
0.00775668
0.0082691
0.0082691
0.00826926
0.00826961
0.0082702
0.00878594
0.00878508
0.0087851
0.00878596
0.00827021
0.00826962
0.00775688
0.00775688
0.00775715
0.00775789
0.00725188
0.00725188
0.00725349
0.00725824
0.00725823
0.00726823
0.00726825
0.00778022
0.00776696
0.00776698
0.00778025
0.00829564
0.00880697
0.00879578
0.00828163
0.0082817
0.00829573
0.00880709
0.00879589
0.00878992
0.00878981
0.00827431
0.00827138
0.00878727
0.00878739
0.00827143
0.00827437
0.00776037
0.00776035
0.0072535
0.00725825
0.00726828
0.00726833
0.00778032
0.00776702
0.00725827
0.0072535
0.00725188
0.00725188
0.0077579
0.0077579
0.00775715
0.00725149
0.00725149
0.0072514
0.0072514
0.00725137
0.00725137
0.00775674
0.00775668
0.00725136
0.00725136
0.00775668
0.00775674
0.00826927
0.00878452
0.0087845
0.00878457
0.00878516
0.00878602
0.00827024
0.00826965
0.0082697
0.00827029
0.00878614
0.00878527
0.00878469
0.00826935
0.0082693
0.00826914
0.00826911
0.00826911
0.0082691
0.0082691
0.0082691
0.00826926
0.00878448
0.00878449
0.00826926
0.00775674
0.00775674
0.00775674
0.00775674
0.00775668
0.00725136
0.00725137
0.00725137
0.00725136
0.00775668
0.00775668
0.00725136
0.00725137
0.00725137
0.00725136
0.00775668
0.00775668
0.00725136
0.00725137
0.00775674
0.00826926
0.0087845
0.00878452
0.00826927
0.00775674
0.00775668
0.00725136
0.00725137
0.0072514
0.0072514
0.0072514
0.0072514
0.0072514
0.0072514
0.0072514
0.0072514
0.0072514
0.0072514
0.00775688
0.00775715
0.00725149
0.00725149
0.00775715
0.00775688
0.00775688
0.00775715
0.00725149
0.00725149
0.00775715
0.00775688
0.00775688
0.0082696
0.00827019
0.0082702
0.0082696
0.00775688
0.00775715
0.00775715
0.00725149
0.00725149
0.00725149
0.00775715
0.00775688
0.0082696
0.00878506
0.00878592
0.00878592
0.00878717
0.00878717
0.00827133
0.00827426
0.00827426
0.00827133
0.00775789
0.00775789
0.00775789
0.00775789
0.00775789
0.00775789
0.00725188
0.00725349
0.00725349
0.00725188
0.00725188
0.00725349
0.00725349
0.00725188
0.00675034
0.00675034
0.00675034
0.00675034
0.00675034
0.00675034
0.00675015
0.00625001
0.00625
0.00625
0.00625001
0.00675015
0.00675015
0.00675013
0.00675012
0.00625
0.00625
0.00675012
0.00675013
0.00625
0.00625
0.00625001
0.00625001
0.00675015
0.00675015
0.00675013
0.00675012
0.00625
0.00625
0.00625
0.00625
0.00675012
0.00675013
0.00625
0.00625
0.00625001
0.00625001
0.00675015
0.00675015
0.00675013
0.00675012
0.00675012
0.00625
0.00625
0.00625
0.00625
0.00625
0.00675012
0.00675012
0.00675012
0.00675013
0.00675015
0.00625001
0.00625009
0.00625009
0.00625054
0.00575023
0.00575023
0.00575023
0.00575023
0.00525006
0.00525026
0.00525026
0.00525006
0.00525001
0.00525001
0.00525
0.00525
0.00525
0.00525
0.00575
0.00575
0.00575
0.00525
0.00525
0.00525
0.00525
0.00475
0.00475
0.00475
0.00475
0.00475
0.00475
0.00425
0.00425
0.00425
0.00425
0.00375
0.00375
0.00375
0.00375
0.00375
0.00375
0.00374999
0.00374999
0.00374999
0.00324985
0.00324987
0.00324987
0.00324985
0.00274851
0.00274851
0.00274851
0.00224285
0.00224312
0.00224312
0.0027486
0.0027486
0.00274863
0.00274863
0.00224326
0.00224332
0.00274864
0.00274864
0.00224332
0.00224326
0.00173074
0.00173074
0.00173074
0.00173074
0.00121552
0.00121494
0.00121494
0.00121408
0.00121408
0.00172981
0.0017304
0.0017304
0.00121494
0.00121552
0.00121552
0.00121581
0.00121581
0.00121581
0.000712951
0.000712951
0.000712951
0.000712951
0.000712599
0.000712598
0.000712598
0.000711929
0.000711068
0.00071016
0.00071016
0.000708842
0.000705731
0.000705731
0.000708842
0.00071016
0.000711068
0.000711068
0.000711929
0.000711929
0.000712599
0.000712598
0.000712951
0.000712952
0.000712599
0.000711929
0.000711068
0.00071016
0.000708842
0.000705731
0.000699539
0.000699539
0.000705731
0.000708842
0.00071016
0.00071016
0.000708842
0.000705731
0.000699539
0.00119314
0.00170444
0.00171843
0.00120433
0.00120433
0.00119314
0.00170444
0.00171843
0.00171843
0.00170444
0.00221981
0.00273177
0.00323957
0.00374442
0.00374796
0.00324592
0.00324592
0.00323957
0.00374442
0.00374796
0.00374946
0.00374946
0.00324876
0.00324966
0.00374991
0.00374991
0.00324966
0.00324876
0.00324876
0.00324592
0.00323957
0.00374442
0.00374796
0.00374796
0.00374442
0.00323957
0.00324592
0.00324876
0.00374946
0.00374946
0.00374991
0.00324966
0.00324966
0.00374991
0.00374999
0.00374999
0.00374999
0.00324985
0.00324985
0.00324987
0.00324987
0.00324988
0.00324988
0.00324988
0.00324988
0.00324988
0.00324988
0.00375
0.00375
0.00375
0.00375
0.00324988
0.00324988
0.00375
0.00375
0.00375
0.00324988
0.00324987
0.00324985
0.00324985
0.00324987
0.00324988
0.00375
0.00375
0.00375
0.00324988
0.00324988
0.00274864
0.00274864
0.00274864
0.00274864
0.00274864
0.00274864
0.00274863
0.0027486
0.00224312
0.00224285
0.00224285
0.00224312
0.0027486
0.00274863
0.00224326
0.00224326
0.00224332
0.00224332
0.00173091
0.00173091
0.00173091
0.00173091
0.00173091
0.00173091
0.00173091
0.00173091
0.00173091
0.00121581
0.00121552
0.00173074
0.00173074
0.00224326
0.00224332
0.00274864
0.00274863
0.00274863
0.0027486
0.00274851
0.00274851
0.0027486
0.00324987
0.00324985
0.00324985
0.00324987
0.00324987
0.00324985
0.00374999
0.00374999
0.00374991
0.00374991
0.00374991
0.00424996
0.00474999
0.00474994
0.00424977
0.00424977
0.00424996
0.00474999
0.00474994
0.00474974
0.00474974
0.00424908
0.00424738
0.00474925
0.00474925
0.00424738
0.00424908
0.00374796
0.00374796
0.00374946
0.00324876
0.00324966
0.00324966
0.00324876
0.00374946
0.00374946
0.00424977
0.00424996
0.00474999
0.00474994
0.00474994
0.00474999
0.00424996
0.00424977
0.00374946
0.00374991
0.00324966
0.00324966
0.00324876
0.00324876
0.00324592
0.00324592
0.00324592
0.00324592
0.00323957
0.00374442
0.00374442
0.00323957
0.00323957
0.00374442
0.00374796
0.00424908
0.00474974
0.00474925
0.00424738
0.00424738
0.00424908
0.00474974
0.00474925
0.00474925
0.00474974
0.00474994
0.00474999
0.00475
0.00425
0.00425
0.00425
0.00425
0.00475
0.00475
0.00475
0.00475
0.00475
0.00425
0.00425
0.00425
0.00425
0.00475
0.00475
0.00475
0.00425
0.00425
0.00425
0.00425
0.00475
0.00474999
0.00474999
0.00474999
0.00424996
0.00424996
0.00424977
0.00424977
0.00474994
0.00474974
0.00424908
0.00424908
0.00424738
0.00424738
0.00474925
0.00474925
0.00474974
0.00474994
0.00424977
0.00424996
0.00424996
0.00424977
0.00474994
0.00474974
0.00525026
0.00525075
0.00525075
0.00575262
0.00575262
0.00575549
0.00575549
0.00626154
0.00626154
0.00626154
0.00625558
0.00625204
0.00625204
0.00625558
0.00575262
0.00575262
0.00575092
0.00575023
0.00525006
0.00525006
0.00525001
0.00575004
0.00575023
0.00575092
0.00525026
0.00525026
0.00525075
0.00525075
0.00525075
0.00525026
0.00525006
0.00525001
0.00525
0.00525
0.00525
0.00525
0.00525
0.00575
0.00575
0.00575
0.00575
0.00575
0.00575
0.00575
0.00525
0.00525
0.00525
0.00525
0.00575
0.00575
0.00575
0.00575
0.00525
0.00525
0.00525
0.00525
0.00575
0.00575
0.00525
0.00525
0.00525001
0.00575004
0.00575004
0.00625009
0.00625054
0.00675124
0.00675124
0.00625054
0.00625009
0.00625009
0.00625054
0.00675124
0.00675124
0.00625054
0.00625009
0.00575004
0.00575004
0.00525001
0.00525006
0.00525006
0.00575023
0.00575023
0.00575092
0.00625204
0.00675408
0.00675408
0.00625204
0.00625558
0.00625558
0.00575262
0.00575262
0.00575092
0.00525026
0.00525075
0.00525075
0.00525026
0.00575092
0.00575023
0.00575023
0.00525006
0.00525001
0.00525
0.00575
0.00575
0.00575
0.00575
0.00575
0.00525
0.00525
0.00525
0.00525
0.00575
0.00575
0.00575
0.00525
0.00525
0.00525
0.00575
0.00575
0.00525
0.00525001
0.00525001
0.00575004
0.00625009
0.00625054
0.00675124
0.00675124
0.00625054
0.00625009
0.00575004
0.00575023
0.00575023
0.00525006
0.00525006
0.00525026
0.00525026
0.00525026
0.00575092
0.00625204
0.00625204
0.00675408
0.00725823
0.00776695
0.00828157
0.00829556
0.00829556
0.00828157
0.00776695
0.00725823
0.00726823
0.00726823
0.00778019
0.00778019
0.00778019
0.00776695
0.00828157
0.00829556
0.00880686
0.00880686
0.00882276
0.00882276
0.00882276
0.00882276
0.00882276
0.00831619
0.00831619
0.00780054
0.00728422
0.00728422
0.00780054
0.00780054
0.00831619
0.00831619
0.00780054
0.00728422
0.00728422
0.00677093
0.00677093
0.00677093
0.00626154
0.00575549
0.00575549
0.00525159
0.00525159
0.00525159
0.00474841
0.00474841
0.00474841
0.00474841
0.00424451
0.00424451
0.00424451
0.00424451
0.00373846
0.00322907
0.00322907
0.00322907
0.00322907
0.00271578
0.00271578
0.00271578
0.00271578
0.00271578
0.00219946
0.00219946
0.00168381
0.00117724
0.00117724
0.00117724
0.00117724
0.00168381
0.00168381
0.00170444
0.00170444
0.00119314
0.00119314
0.00120433
0.0012103
0.00121283
0.00121283
0.0012103
0.00172574
0.00172574
0.00171843
0.00170444
0.00170444
0.00171843
0.00120433
0.00119314
0.00119314
0.00120433
0.0012103
0.00121283
0.00121283
0.0012103
0.00172574
0.00172574
0.00171843
0.00170444
0.00170444
0.00171843
0.00120433
0.00119314
0.000699539
0.000699539
0.000699539
0.000699539
0.000699539
0.00069954
0.00069954
0.00069954
0.00069954
0.00069954
0.00069954
0.00069954
0.00069954
0.00069954
0.00069954
0.00069954
0.000705731
0.000708842
0.000708842
0.000708842
0.000708842
0.000708842
0.000708842
0.00071016
0.000711068
0.000711068
0.000711929
0.000711929
0.000711068
0.000711068
0.000711929
0.000711929
0.000712599
0.000712599
0.000712952
0.000712951
0.000712599
0.000712598
0.000712951
0.000712951
0.000712599
0.000712599
0.000712951
0.000712952
0.000712599
0.000712599
0.000712951
0.000712951
0.000712599
0.000712598
0.000712951
0.00121581
0.00121552
0.00121494
0.00121494
0.0017304
0.00172981
0.00121408
0.00121408
0.00172981
0.0017304
0.00224312
0.00224285
0.00224285
0.00224312
0.00224326
0.00224332
0.00274864
0.00274863
0.00274863
0.00274864
0.00224332
0.00224326
0.00173074
0.00173074
0.00121552
0.00121581
0.00121581
0.00121552
0.00121494
0.00121494
0.0017304
0.00172981
0.00121408
0.00121408
0.00172981
0.0017304
0.00224312
0.0027486
0.0027486
0.00274851
0.00274851
0.00224285
0.00224211
0.00224211
0.00224211
0.00274812
0.00274812
0.00274651
0.00274651
0.00274177
0.00273177
0.00271578
0.00271578
0.00219946
0.00219946
0.00219946
0.00219946
0.00219946
0.00168381
0.00117724
0.00117724
0.00117724
0.00168381
0.00168381
0.00117724
0.00117724
0.00168381
0.00168381
0.00219946
0.00219946
0.00221981
0.00223305
0.00223967
0.00223967
0.00274651
0.00274177
0.00274177
0.00273177
0.00273177
0.00221981
0.00223305
0.00171843
0.00171843
0.00172574
0.00172867
0.00121283
0.0012103
0.0012103
0.00121283
0.00172867
0.00172574
0.00172574
0.00172867
0.00121283
0.0012103
0.0012103
0.00121283
0.00172867
0.00172574
0.00223967
0.00223967
0.00274651
0.00274812
0.00274812
0.00274651
0.00274177
0.00274177
0.00223305
0.00221981
0.00273177
0.00273177
0.00323957
0.00374442
0.00374796
0.00374796
0.00374946
0.00374991
0.00374999
0.00375
0.00324987
0.00324988
0.00324988
0.00324988
0.00375
0.00375
0.00375
0.00324987
0.00324985
0.00324985
0.00274851
0.0027486
0.00274863
0.00274864
0.00224332
0.00224326
0.00224326
0.00224332
0.00274864
0.00274863
0.0027486
0.00224312
0.00224312
0.00224285
0.00224285
0.00274851
0.00274851
0.0027486
0.00274863
0.00274864
0.00324988
0.00375
0.00375
0.00324988
0.00324988
0.00324988
0.00375
0.00375
0.00375
0.00375
0.00324987
0.00324985
0.00374999
0.00374999
0.00374991
0.00324966
0.00324966
0.00324876
0.00324876
0.00374946
0.00374796
0.00324592
0.00324592
0.00323957
0.00374442
0.00374442
0.00323957
0.00323957
0.00324592
0.00324876
0.00324966
0.00374991
0.00374946
0.00374946
0.00374991
0.00374999
0.00324985
0.00324987
0.0027486
0.00274863
0.00274864
0.00224332
0.00224332
0.00224326
0.00224326
0.00173074
0.00173074
0.00173074
0.00173074
0.00121552
0.00121581
0.00121581
0.00121581
0.00121581
0.00121552
0.00121494
0.00121408
0.00121283
0.0012103
0.0012103
0.00121283
0.00172867
0.00172867
0.00172981
0.0017304
0.0017304
0.00172981
0.00121408
0.00121494
0.00121552
0.00173074
0.00173074
0.00173074
0.0017304
0.00172981
0.00172867
0.00172574
0.00223967
0.00223305
0.00274177
0.00274177
0.00273177
0.00221981
0.00223305
0.00171843
0.00170444
0.00168381
0.00117724
0.00117724
0.000690715
0.000690714
0.000690714
0.00117724
0.00168381
0.00219946
0.00219946
0.00168381
0.00117724
0.00117724
0.00168381
0.00219946
0.00271578
0.00322907
0.00373846
0.00373846
0.00322907
0.00322907
0.00373846
0.00373846
0.00322907
0.00271578
0.00271578
0.00271578
0.00219946
0.00168381
0.00117724
0.00117724
0.00168381
0.00219946
0.00219946
0.00168381
0.00117724
0.000690715
0.000690715
0.000690715
0.000690715
0.000690715
0.00069954
0.000699539
0.000699539
0.000699539
0.000699539
0.000705731
0.000708842
0.00071016
0.000711068
0.000711068
0.000711068
0.000711929
0.000712599
0.000712952
0.000712951
0.000712599
0.000711929
0.000711929
0.000712599
0.000712951
0.00121581
0.00121581
0.00121552
0.00121494
0.00121408
0.00121283
0.0012103
0.00120433
0.00119314
0.00119314
0.00120433
0.0012103
0.00172574
0.00223967
0.00274651
0.00274651
0.00274812
0.00224211
0.00224211
0.00274812
0.00274812
0.00274651
0.00274177
0.00273177
0.00221981
0.00223305
0.00223305
0.00221981
0.00273177
0.00274177
0.00274651
0.00223967
0.00223967
0.00224211
0.00224211
0.00274812
0.00274851
0.00274851
0.00274851
0.00274851
0.00224285
0.00224312
0.0027486
0.0027486
0.00224312
0.00224285
0.00172981
0.00172867
0.00121283
0.00121283
0.0012103
0.00120433
0.00119314
0.00170444
0.00171843
0.00171843
0.00170444
0.00119314
0.00120433
0.0012103
0.00172574
0.00172574
0.00172867
0.00172867
0.00121283
0.00121408
0.00121408
0.00121408
0.00121494
0.0017304
0.00173074
0.00224326
0.00224326
0.00274863
0.00274863
0.00274863
0.0027486
0.00224312
0.00224285
0.00224285
0.00224312
0.0027486
0.00274863
0.00224326
0.00224326
0.00224332
0.00224332
0.00224332
0.00173091
0.00173091
0.00121581
0.00121552
0.00121552
0.00121494
0.0017304
0.00172981
0.00172981
0.0017304
0.00121494
0.00121552
0.00173074
0.00173074
0.00173091
0.00121581
0.00121581
0.00173091
0.00224332
0.00224332
0.00224326
0.00224312
0.00224285
0.00224211
0.00223967
0.00223305
0.00221981
0.00273177
0.00323957
0.00374442
0.00374796
0.00324592
0.00324592
0.00323957
0.00374442
0.00374796
0.00374946
0.00374946
0.00324876
0.00324966
0.00374991
0.00374991
0.00324966
0.00324876
0.00324876
0.00324592
0.00323957
0.00374442
0.00374796
0.00374796
0.00374442
0.00323957
0.00324592
0.00324876
0.00374946
0.00374946
0.00374991
0.00324966
0.00324966
0.00374991
0.00374999
0.00374999
0.00374999
0.00374999
0.00324985
0.00324987
0.00324987
0.00324985
0.00324985
0.00324987
0.00375
0.00425
0.00425
0.00475
0.00475
0.00475
0.00475
0.00425
0.00425
0.00375
0.00324987
0.00324985
0.00274851
0.00274851
0.00274851
0.00274851
0.00274812
0.00274651
0.00274177
0.00274177
0.00273177
0.00221981
0.00223305
0.00171843
0.00171843
0.00170444
0.00119314
0.00120433
0.00120433
0.00119314
0.00170444
0.00170444
0.00221981
0.00273177
0.00274177
0.00223305
0.00223305
0.00221981
0.00273177
0.00274177
0.00274651
0.00274651
0.00274651
0.00223967
0.00224211
0.00274812
0.00274812
0.00224211
0.00223967
0.00223967
0.00224211
0.00274812
0.00274812
0.00274651
0.00274177
0.00273177
0.00271578
0.00322907
0.00373846
0.00424451
0.00474841
0.00474841
0.00424451
0.00373846
0.00322907
0.00322906
0.00373845
0.00424451
0.00474841
0.00474841
0.0042445
0.00373845
0.00322906
0.00271578
0.00271578
0.00271578
0.00219945
0.00219946
0.00168381
0.00117724
0.00117724
0.00168381
0.00168381
0.00219945
0.00219945
0.0016838
0.00117723
0.00117724
0.000690713
0.000690714
0.000690715
0.000699539
0.00069954
0.00069954
0.00069954
0.00069954
0.000705732
0.000705731
0.000705731
0.000705731
0.000705731
0.000708842
0.00071016
0.00071016
0.000708842
0.000708842
0.00071016
0.00071016
0.000708842
0.000708842
0.0012103
0.00172574
0.00172867
0.00121283
0.00121283
0.0012103
0.00172574
0.00172867
0.00172867
0.00172574
0.00171843
0.00120433
0.00119314
0.00119314
0.00170444
0.00171843
0.00120433
0.0012103
0.0012103
0.00121283
0.00121283
0.00172867
0.00172574
0.00172574
0.00171843
0.00170444
0.00221981
0.00223305
0.00223305
0.00221981
0.00273177
0.00323957
0.00323957
0.00374442
0.00424738
0.00474925
0.00474974
0.00424908
0.00424908
0.00424738
0.00474925
0.00474974
0.00474994
0.00474994
0.00424977
0.00424996
0.00474999
0.00474999
0.00424996
0.00424977
0.00374946
0.00374946
0.00374796
0.00324592
0.00324592
0.00374796
0.00374442
0.00374442
0.00424738
0.00474925
0.00474974
0.00525026
0.00575092
0.00575093
0.00575262
0.00575262
0.00625558
0.00676044
0.00675408
0.00625204
0.00625205
0.00625559
0.00676045
0.00675409
0.00675124
0.00675124
0.00625054
0.00625009
0.00675034
0.00675034
0.00625009
0.00625054
0.00575023
0.00575023
0.00575093
0.00525026
0.00525026
0.00525006
0.00525006
0.00525001
0.00575004
0.00575004
0.00525001
0.00525
0.00525
0.00575
0.00575
0.00625
0.00625
0.00625001
0.00675015
0.00675013
0.00675012
0.00625
0.00625
0.00625
0.00625
0.00675012
0.00675012
0.00675012
0.00675013
0.00675015
0.00625001
0.00625
0.00625
0.00625001
0.00675015
0.00675013
0.00675012
0.00625
0.00625
0.00625
0.00625
0.00675012
0.00675012
0.00675012
0.00675013
0.00675015
0.00675034
0.00675124
0.0067541
0.00676047
0.00625561
0.00625205
0.00625206
0.00625564
0.00676052
0.00675411
0.00675125
0.00625054
0.00625054
0.00625009
0.00625009
0.00675034
0.00675015
0.00725149
0.00725149
0.00775716
0.00775689
0.00725141
0.00725141
0.0077569
0.00775718
0.00775792
0.00775795
0.00776041
0.00776708
0.00778044
0.00780098
0.00831663
0.0088232
0.00930968
0.00930996
0.00931028
0.00931053
0.00931063
0.00931093
0.00931226
0.00931489
0.00883372
0.00882889
0.00882613
0.00882498
0.00882441
0.00882394
0.00882352
0.00831697
0.00780134
0.00728496
0.00728463
0.00677128
0.00626179
0.00626199
0.00677156
0.00677198
0.00728547
0.00780188
0.00831748
0.00831817
0.00780264
0.00728618
0.00677255
0.0062627
0.00626229
0.00575593
0.00575576
0.00575564
0.00525164
0.00525167
0.00525173
0.00525181
0.00575617
0.00575647
0.00626322
0.0067733
0.00728714
0.00780372
0.00831914
0.0083209
0.00780555
0.00728866
0.00729158
0.00780917
0.00832456
0.00833092
0.00781567
0.00729701
0.00678033
0.00677645
0.00677441
0.00626394
0.00575687
0.00525203
0.0052519
0.0052509
0.00525085
0.00525082
0.00525079
0.00525078
0.00525076
0.00575265
0.00575264
0.00575263
0.00575093
0.00525026
0.00525006
0.00525006
0.00525001
0.00575004
0.00575004
0.00525001
0.00525001
0.00525006
0.00525026
0.00575093
0.00575094
0.00525026
0.00525006
0.00575024
0.00575023
0.00575004
0.00575004
0.00525001
0.00525
0.00525
0.00525
0.00525
0.00575
0.00575
0.00575
0.00525
0.00525
0.00525
0.00575
0.00575
0.00575
0.00575
0.00575
0.00525
0.00525
0.00575
0.00625
0.00625
0.00625
0.00675012
0.00675012
0.00675013
0.00625
0.00625
0.00625001
0.00625001
0.00675015
0.00675015
0.00675013
0.00675012
0.00675012
0.00625
0.00625
0.00625
0.00625
0.00675012
0.00675012
0.00675013
0.00625
0.00625
0.00625001
0.00625001
0.00675015
0.00725149
0.00775715
0.00775688
0.0082696
0.00878507
0.00878593
0.0082702
0.0082702
0.00827133
0.00878717
0.0087897
0.0087897
0.00879567
0.00828157
0.00828157
0.00828157
0.00829556
0.00880686
0.00882276
0.00882276
0.00831619
0.00831619
0.00831619
0.00780054
0.00728422
0.00728422
0.00780054
0.00780054
0.00728422
0.00726823
0.00725823
0.00725823
0.00776695
0.00778019
0.00726823
0.00676043
0.00676043
0.00676043
0.00676043
0.00625558
0.00625558
0.00575262
0.00575262
0.00575549
0.00575549
0.00575549
0.00626154
0.00626154
0.00677093
0.00677093
0.00626154
0.00626154
0.00677093
0.00677093
0.00626154
0.00625558
0.00625204
0.00675408
0.00675408
0.00675408
0.00625204
0.00625558
0.00575262
0.00575262
0.00575092
0.00575092
0.00575092
0.00575023
0.00575004
0.00575
0.00575
0.00525
0.00525
0.00525
0.00525
0.00525
0.00525
0.00525
0.00525
0.00525
0.00525
0.00575
0.00575
0.00575
0.00575
0.00575
0.00525
0.00525
0.00575
0.00575
0.00575
0.00625001
0.00625
0.00625
0.00625001
0.00575
0.00575
0.00575
0.00525
0.00525
0.00525
0.00525
0.00525
0.00525
0.00525
0.00525
0.00575
0.00575
0.00575
0.00625
0.00625
0.00625
0.00625
0.00675012
0.00675013
0.00675013
0.00675015
0.00675034
0.00675125
0.00675414
0.00676059
0.00726843
0.00725831
0.00725838
0.0072686
0.00778066
0.00829616
0.00829589
0.0088073
0.00930095
0.00929479
0.00929514
0.00930127
0.00930163
0.00929553
0.00929581
0.00930189
0.00930196
0.0092959
0.00929642
0.00930242
0.00930457
0.00929894
0.00930457
0.00930911
0.00882317
0.00881509
0.00881071
0.00880909
0.00880849
0.00880803
0.00880762
0.0087964
0.0087961
0.00828182
0.00828203
0.00776721
0.00776049
0.00827465
0.00827447
0.00879012
0.0092917
0.00929039
0.0092908
0.00929207
0.00929252
0.00929133
0.00929186
0.0092929
0.00929311
0.00929229
0.00929312
0.00929374
0.00929642
0.00929591
0.00930197
0.00930242
0.00881071
0.00879968
0.00879402
0.00879202
0.00879132
0.00879084
0.00879043
0.00878792
0.00878759
0.00827154
0.00827172
0.00775802
0.00725191
0.00725189
0.00725352
0.00725355
0.0072536
0.00725851
0.00726888
0.00778101
0.00829656
0.00828235
0.00879679
0.00879723
0.00828281
0.00829714
0.00778154
0.0072693
0.00725872
0.00776776
0.00776741
0.00776063
0.00827493
0.00827201
0.00878839
0.00878898
0.00827248
0.00827537
0.00776089
0.00725372
0.00725203
0.00725194
0.00775815
0.00775839
0.00775766
0.00775741
0.00775728
0.00775721
0.0082704
0.00878635
0.00928949
0.00928863
0.0092891
0.00928993
0.00929055
0.00928978
0.00929058
0.00929123
0.00929187
0.00929137
0.00929257
0.00929291
0.00929583
0.00929559
0.00930168
0.0093019
0.0088085
0.00879724
0.00879133
0.00878899
0.00878795
0.00878723
0.0087867
0.00827059
0.00827001
0.00826981
0.00878549
0.00878587
0.00878531
0.00878492
0.00928796
0.00928761
0.00928811
0.00928846
0.00928918
0.00928885
0.00928974
0.00929004
0.00929092
0.00929065
0.00929197
0.0092922
0.00929527
0.00929506
0.00930119
0.00930138
0.00880772
0.0087965
0.00879053
0.00878801
0.00878678
0.00878593
0.00878646
0.00827035
0.00827091
0.00827143
0.00827092
0.00878726
0.00878842
0.00827202
0.00827248
0.00827345
0.00827628
0.00828373
0.00829811
0.00830045
0.00828634
0.00879968
0.00879784
0.00880496
0.00829317
0.0083061
0.00831644
0.0083061
0.00881509
0.00882889
0.00883372
0.00883995
0.00931815
0.00931489
0.00931226
0.00931093
0.00931063
0.00931054
0.00931031
0.00931004
0.00930987
0.00882342
0.00880753
0.00879631
0.00879033
0.0087878
0.00878654
0.00878566
0.00878503
0.00878463
0.0082693
0.00826919
0.00775671
0.00775669
0.00775675
0.00725137
0.00725136
0.00725136
0.00725138
0.00775677
0.0077568
0.00775694
0.00725141
0.0072515
0.00725152
0.00725143
0.00775701
0.00775687
0.00826967
0.00826946
0.00826951
0.00775682
0.00775674
0.00725137
0.00725138
0.0072514
0.00725139
0.00725142
0.00725143
0.00725146
0.00725155
0.00725163
0.00725155
0.00775741
0.00775714
0.00775701
0.00827003
0.00826988
0.00827049
0.00827062
0.00775729
0.00725152
0.0072515
0.00775724
0.00775696
0.00775696
0.00775682
0.00775674
0.00775671
0.00775669
0.00826914
0.0082693
0.00878457
0.00878469
0.00826935
0.00826919
0.0082693
0.00878463
0.00928761
0.00928796
0.00928846
0.00928811
0.00928885
0.00928918
0.00929004
0.00928974
0.00929065
0.00929092
0.0092922
0.00929197
0.00929506
0.00929527
0.00930139
0.00930119
0.00880753
0.00879631
0.00879033
0.0087878
0.00878654
0.00878566
0.00878503
0.00826951
0.00826967
0.00826946
0.00878492
0.00878531
0.00878587
0.00878549
0.00878527
0.00878516
0.0087851
0.00878508
0.00928809
0.00928895
0.00928898
0.00928812
0.00928819
0.00928906
0.00928921
0.00928834
0.00928863
0.00928949
0.00928993
0.0092891
0.00928978
0.00929055
0.00929123
0.00929058
0.00929137
0.00929187
0.00929291
0.00929257
0.00929559
0.00929583
0.0093019
0.00930168
0.00880808
0.00879684
0.00879088
0.00878842
0.00878726
0.00878646
0.00878593
0.00827003
0.00826988
0.00827049
0.00827062
0.00878678
0.00878801
0.00827176
0.00827163
0.00827163
0.00827176
0.0082747
0.00827495
0.00827537
0.00827628
0.00827902
0.00776412
0.00776161
0.00776857
0.00778249
0.00727002
0.00725926
0.00726102
0.00727171
0.00778474
0.00777101
0.00777747
0.00779012
0.00727581
0.00726584
0.00727581
0.00728403
0.00780036
0.00779012
0.00778474
0.00777101
0.00828635
0.00828373
0.00879785
0.00879203
0.00878985
0.0088091
0.00829811
0.00830045
0.0083209
0.00832456
0.00833092
0.00833986
0.00782544
0.00730552
0.00678651
0.00627146
0.00626765
0.00626522
0.00575755
0.00525225
0.00525264
0.00575883
0.00575591
0.00575418
0.00575341
0.00575309
0.00575293
0.00575282
0.00575274
0.00575268
0.00625569
0.00625208
0.00625211
0.00625578
0.00676073
0.00675418
0.00675127
0.00625055
0.00625055
0.00625009
0.00625009
0.00675034
0.00675035
0.00675129
0.00675426
0.00676093
0.00625592
0.00625215
0.00625223
0.00625612
0.00676123
0.00675439
0.00675134
0.00625059
0.00625057
0.0062501
0.00625011
0.00675038
0.00675018
0.00675016
0.00675015
0.00625001
0.00625001
0.00625
0.00625
0.00675013
0.00675013
0.00675013
0.00625
0.00625
0.00675012
0.00675012
0.00675012
0.00675012
0.00675012
0.00675012
0.00625
0.00625
0.00675012
0.00675012
0.00625
0.00625
0.00575
0.00575
0.00575
0.00575
0.00575
0.00575
0.00575
0.00575
0.00575
0.00575
0.00575
0.00525
0.00525
0.00525
0.00525
0.00575
0.00575
0.00525
0.00525
0.00525
0.00525
0.00575
0.00575004
0.00575004
0.00575004
0.00625009
0.00625009
0.00675034
0.00725188
0.00725349
0.00776033
0.00776033
0.00725349
0.00725188
0.00725188
0.00775789
0.00776033
0.00827426
0.00827426
0.00827134
0.00878718
0.00878971
0.00929117
0.00929116
0.00929427
0.00929428
0.00929429
0.00929118
0.00928986
0.0092899
0.00929122
0.00929433
0.0092944
0.00929129
0.00928997
0.00929012
0.00929144
0.00929455
0.00879589
0.00879578
0.00879572
0.00879569
0.00879567
0.00879567
0.00828157
0.00829556
0.00829556
0.00829556
0.00880686
0.00880686
0.00880686
0.00880687
0.00829556
0.00828158
0.00776695
0.00776695
0.00776695
0.00776695
0.00725823
0.00726823
0.00778019
0.00778019
0.00726823
0.00725823
0.00725823
0.00725349
0.00725349
0.00725188
0.00775789
0.00776033
0.00776033
0.00775789
0.00775715
0.00775688
0.00826961
0.0082702
0.00878594
0.00878596
0.00827021
0.00826962
0.00775688
0.00775715
0.00725149
0.00725149
0.00675015
0.00675013
0.00625
0.00625001
0.00625001
0.00625
0.00675013
0.00675015
0.00675015
0.00675013
0.00675012
0.00725137
0.00725136
0.00725136
0.00725138
0.00775677
0.00775675
0.00775689
0.00826965
0.00827024
0.00878602
0.00878614
0.00827029
0.0082697
0.0077569
0.00725141
0.00725141
0.00725149
0.00775716
0.00775718
0.00725149
0.00675015
0.00675013
0.00675012
0.00625
0.00625
0.00625
0.00625
0.00575
0.00575
0.00575
0.00525
0.00525
0.00575
0.00575
0.00575
0.00575
0.00575
0.00575004
0.00575024
0.00575094
0.00525027
0.00525027
0.00575096
0.00575024
0.00525007
0.00525006
0.00525001
0.00525001
0.00575004
0.00575004
0.00575025
0.00575099
0.00525028
0.00525029
0.00575103
0.00575026
0.00525007
0.00525007
0.00525001
0.00525001
0.00575004
0.00575001
0.00575
0.00575
0.00525
0.00525
0.00525
0.00525
0.00575
0.00575
0.00625
0.00625
0.00675013
0.00675013
0.00675013
0.00675013
0.00625
0.00625001
0.00625002
0.00625001
0.00675016
0.00675015
0.00625001
0.00625
0.00625
0.00625001
0.00675015
0.00675034
0.00675034
0.00675035
0.00675038
0.00675058
0.00675158
0.00675471
0.00676172
0.00625643
0.00625241
0.00625298
0.00625706
0.00676281
0.00675577
0.0067526
0.00725592
0.00725416
0.00725244
0.0077591
0.00776161
0.00725416
0.00725927
0.00726102
0.00727171
0.00727003
0.00778249
0.00776857
0.00776777
0.00776089
0.00775839
0.00725203
0.00725194
0.00775815
0.00776063
0.0072536
0.00725372
0.00725872
0.00725851
0.00776743
0.00828237
0.00828282
0.00829715
0.00829659
0.00880807
0.00879684
0.00879088
0.00882398
0.00882443
0.00882498
0.00882613
0.00831914
0.00780372
0.00780555
0.00780917
0.00781567
0.00729701
0.00729158
0.00728867
0.00728715
0.00677331
0.00676173
0.00675471
0.00675158
0.00625071
0.0062502
0.00625071
0.00625124
0.00575056
0.00575031
0.00575112
0.00525032
0.0052504
0.005251
0.00525123
0.00525064
0.00575221
0.00575139
0.00625468
0.0062586
0.00676548
0.00675882
0.00676548
0.00677109
0.00626198
0.0062586
0.00575418
0.00525123
0.00525176
0.00525264
0.00525323
0.00576079
0.00575883
0.00626765
0.00678033
0.00677645
0.00626522
0.00575755
0.00525225
0.00525203
0.005251
0.0052504
0.00525016
0.00525009
0.00525002
0.00575009
0.00575031
0.00525009
0.00525032
0.00575112
0.00575139
0.00625298
0.00675577
0.00676281
0.00625706
0.00625643
0.00625241
0.00625223
0.00625059
0.00625011
0.0062501
0.00625057
0.00675129
0.00675134
0.00675439
0.00675427
0.00625216
0.00625593
0.00625613
0.00676124
0.00726931
0.00778155
0.00778103
0.0072689
0.00726865
0.0072584
0.00725355
0.00725191
0.00775803
0.00775798
0.0072519
0.00725353
0.00776045
0.0077605
0.00776723
0.00828208
0.00828194
0.00827457
0.00827457
0.0082747
0.00879053
0.0087965
0.00828208
0.00828194
0.00829605
0.00829605
0.00829623
0.00778072
0.00778057
0.00776715
0.00725835
0.00726854
0.00676068
0.00675417
0.00675126
0.00675127
0.00625056
0.00625009
0.00625009
0.00625055
0.00575024
0.00575004
0.00575
0.00575
0.00575
0.00575
0.00525
0.00525
0.00525
0.00525
0.00525
0.00525
0.00525
0.00525
0.00525
0.00525
0.00575
0.00575
0.00575
0.00575
0.00525
0.00525
0.00525001
0.00525001
0.00525001
0.00525001
0.00575004
0.00575004
0.00575025
0.00575026
0.00525007
0.00525007
0.00525007
0.00575024
0.00575004
0.00575097
0.00575099
0.00575103
0.00525029
0.00525028
0.00525082
0.00525085
0.00525091
0.00575309
0.00575341
0.00575687
0.00626394
0.00677441
0.00626322
0.00575647
0.00525191
0.00525181
0.00575618
0.00575293
0.00575282
0.00575275
0.00625581
0.00625212
0.0067542
0.00676077
0.00676095
0.00677202
0.00677257
0.0072862
0.00780266
0.00831819
0.00831753
0.00780193
0.00728552
0.00728506
0.00780145
0.00831708
0.00882362
0.00831685
0.00780121
0.00728484
0.00677146
0.00677164
0.00626205
0.00626232
0.00626271
0.00575595
0.00525174
0.00525169
0.0052508
0.00525027
0.00525027
0.00525007
0.00474993
0.00474999
0.00475
0.00475
0.00475
0.00475
0.00475
0.00475
0.00475
0.00475
0.00475
0.00475
0.00475
0.00475
0.00475
0.00475
0.00475
0.00425
0.00425
0.00425
0.00425
0.00425
0.00375
0.00375
0.00375
0.00324988
0.00324988
0.00324988
0.00324988
0.00375
0.00375
0.00324988
0.00324988
0.00375
0.00425
0.00425
0.00425
0.00375
0.00324988
0.00324988
0.00375
0.00375
0.00375
0.00375
0.00374999
0.00374991
0.00324966
0.00324876
0.00324876
0.00324966
0.00374991
0.00374991
0.00374946
0.00374796
0.00424908
0.00424907
0.00424738
0.00474925
0.00474974
0.00474994
0.00474994
0.00424977
0.00424996
0.00474999
0.00474999
0.00424996
0.00424977
0.00374946
0.00374796
0.00374442
0.00323957
0.00323957
0.00324592
0.00324592
0.00324876
0.00324876
0.00324966
0.00324966
0.00374991
0.00374999
0.00374999
0.00374999
0.00425
0.00425
0.00475
0.00475
0.00425
0.00425
0.00475
0.00475
0.00475
0.00425
0.00425
0.00475
0.00475
0.00475
0.00425
0.00425
0.00375
0.00375
0.00375
0.00324987
0.00324987
0.00324985
0.00324985
0.00324985
0.00324987
0.00324987
0.00324985
0.00274851
0.00274851
0.00274851
0.00274851
0.00224285
0.00224285
0.00224285
0.00224285
0.00224312
0.0027486
0.0027486
0.00274863
0.00274864
0.00274864
0.00274863
0.00224326
0.00224332
0.00173091
0.00173091
0.00173074
0.0017304
0.00172981
0.00121408
0.00121494
0.00121494
0.00121408
0.00172981
0.0017304
0.00173074
0.00121552
0.00121552
0.00121581
0.00121581
0.00121581
0.00121552
0.00121494
0.00121408
0.00172981
0.0017304
0.00224312
0.0027486
0.0027486
0.00224312
0.0017304
0.00172981
0.00121408
0.00121494
0.00121552
0.00173074
0.00173074
0.00224326
0.00274863
0.00274864
0.00224332
0.00224332
0.00224326
0.00274863
0.00274864
0.00274864
0.00274863
0.0027486
0.00224312
0.00224312
0.00224285
0.00224211
0.00224211
0.00223967
0.00223967
0.00274651
0.00274177
0.00274177
0.00273177
0.00221981
0.00223305
0.00223305
0.0022198
0.00273177
0.00274177
0.00274651
0.00274651
0.00223967
0.00224211
0.00274812
0.00274812
0.00274812
0.00224211
0.00223967
0.00172574
0.00172574
0.00172574
0.00171843
0.00170444
0.00119314
0.00119314
0.00120433
0.00120433
0.0012103
0.0012103
0.00121283
0.00172867
0.00172867
0.00121283
0.00121283
0.0012103
0.00120433
0.00119314
0.00170444
0.00171843
0.00171842
0.00170444
0.00119313
0.00120433
0.00121029
0.00121282
0.00172866
0.00172867
0.0017298
0.0017298
0.00172981
0.00121408
0.00121494
0.0017304
0.0017304
0.00121494
0.00121408
0.00121408
0.00121494
0.0017304
0.00224312
0.00224285
0.00224285
0.00224312
0.0027486
0.0027486
0.0027486
0.00274863
0.00324988
0.00324988
0.00324988
0.00324988
0.00375
0.00375
0.00425
0.00425
0.00425
0.00425
0.00425
0.00425
0.00475
0.00475
0.00475
0.00425
0.00425
0.00375
0.00375
0.00375
0.00324988
0.00324988
0.00324988
0.00324988
0.00375
0.00375
0.00375
0.00374999
0.00374991
0.00374946
0.00374796
0.00374442
0.00373844
0.0042445
0.00474841
0.00474841
0.00424449
0.00373843
0.00322903
0.00322905
0.00271576
0.00219944
0.00219941
0.00271574
0.00271568
0.00322898
0.00373839
0.00424447
0.0047484
0.00474839
0.00424443
0.00373833
0.00322889
0.00271557
0.00219923
0.00219935
0.0016837
0.00168376
0.00168379
0.00117722
0.00117719
0.00117713
0.00117701
0.00168358
0.00170427
0.00170436
0.00170441
0.00170443
0.0022198
0.00273177
0.00323956
0.00324592
0.00324591
0.00323955
0.00374441
0.00424737
0.00424738
0.00474925
0.00474974
0.00424907
0.00424907
0.00474974
0.00474924
0.00474924
0.00424736
0.00424907
0.00474974
0.00474974
0.00474924
0.00424735
0.00424906
0.00374794
0.00374795
0.00374795
0.00374946
0.00424977
0.00424977
0.00474994
0.00474999
0.00424996
0.00424996
0.00474999
0.00474994
0.00474994
0.00424977
0.00424996
0.00474999
0.00474999
0.00474994
0.00424976
0.00424996
0.00374991
0.00374991
0.00374991
0.00324966
0.00324966
0.00324876
0.00324876
0.00324876
0.0032459
0.00323953
0.00374439
0.00374436
0.00323948
0.00324589
0.00324875
0.00374946
0.00374946
0.00374945
0.00374792
0.00374431
0.00373821
0.00424436
0.00474836
0.00474833
0.00424424
0.00373801
0.00322844
0.00322872
0.00271537
0.00219902
0.00219866
0.00271504
0.00271453
0.00322802
0.00373771
0.00424407
0.00474827
0.00474819
0.00424383
0.0037373
0.00322745
0.00271382
0.00219736
0.00219812
0.00168252
0.00168303
0.00168337
0.0011768
0.00117648
0.00117606
0.00117559
0.00168183
0.00168086
0.00219628
0.00271286
0.0032267
0.00373678
0.00424354
0.0047481
0.00474797
0.00424314
0.00373606
0.00322559
0.00322355
0.00373478
0.00424245
0.00474776
0.00474737
0.00424117
0.00373236
0.00321967
0.00270299
0.00270842
0.00271134
0.00219445
0.0016791
0.00117387
0.00117502
0.000689375
0.00068947
0.000689725
0.000690041
0.000690323
0.000690513
0.000690623
0.000690677
0.0006907
0.00069071
0.000699532
0.000699538
0.000699539
0.000705731
0.000705731
0.000705731
0.000705731
0.000705731
0.000708842
0.00071016
0.00071016
0.000711068
0.000711068
0.000711068
0.000711068
0.000711068
0.000711929
0.000711929
0.000712599
0.000712599
0.000712951
0.000712951
0.000712951
0.000712599
0.000711929
0.000711929
0.000712599
0.000712951
0.000712951
0.000712599
0.000711929
0.000711929
0.000711068
0.000711068
0.00071016
0.000708842
0.000708842
0.00071016
0.000711068
0.000711929
0.000711929
0.000712599
0.000712599
0.000712952
0.000712952
0.000712952
0.000712599
0.000712599
0.000711929
0.000711068
0.00071016
0.000708842
0.000708841
0.000710159
0.000710158
0.000708839
0.000705729
0.000705723
0.000708834
0.000710152
0.000711061
0.000711066
0.000711067
0.000711928
0.000712598
0.00121552
0.00121552
0.00173074
0.00224326
0.00224332
0.00224332
0.00224326
0.00173074
0.00173091
0.00173091
0.00173091
0.00173091
0.00173091
0.00173091
0.00173091
0.00173091
0.00173091
0.00173091
0.00173091
0.00173091
0.00173091
0.00173091
0.00121581
0.00121552
0.00121552
0.00121494
0.00121494
0.0017304
0.00172981
0.00121408
0.00121408
0.00172981
0.0017304
0.0017304
0.00224312
0.00224285
0.00224285
0.00224312
0.0017304
0.00121494
0.00121494
0.00121408
0.00172981
0.00172981
0.00121408
0.00121283
0.00121283
0.00121283
0.00121283
0.00172867
0.00224211
0.00274812
0.00274651
0.00223967
0.00223967
0.00224211
0.00274812
0.00274651
0.00274177
0.00274177
0.00223305
0.00223305
0.00221981
0.00170444
0.00170444
0.00170444
0.00170444
0.00119314
0.00120433
0.00120433
0.00119314
0.00119314
0.00120433
0.00171843
0.00171843
0.00120433
0.00119314
0.00119314
0.00120433
0.0012103
0.00172574
0.00172574
0.00172867
0.00172867
0.00224211
0.00274812
0.00274651
0.00223967
0.00223967
0.00224211
0.00274812
0.00274851
0.00274851
0.0027486
0.00274863
0.00274864
0.00324988
0.00375
0.00425
0.00475
0.00475
0.00425
0.00425
0.00425
0.00475
0.00475
0.00475
0.00475
0.00425
0.00425
0.00475
0.00475
0.00425
0.00425
0.00375
0.00375
0.00375
0.00324988
0.00324988
0.00324988
0.00375
0.00375
0.00375
0.00375
0.00425
0.00475
0.00475
0.00425
0.00425
0.00425
0.00475
0.00475
0.00475
0.00475
0.00425
0.00425
0.00475
0.00475
0.00425
0.00425
0.00375
0.00375
0.00324987
0.00324987
0.00324987
0.00324985
0.00374999
0.00374999
0.00324985
0.00324985
0.00374999
0.00374999
0.00324985
0.00324987
0.00324988
0.00324988
0.00324988
0.00324988
0.00375
0.00375
0.00375
0.00375
0.00425
0.00475
0.00475
0.00425
0.00425
0.00425
0.00475
0.00475
0.00475
0.00475
0.00425
0.00425
0.00475
0.00475
0.00425
0.00425
0.00375
0.00375
0.00324987
0.00324988
0.00324988
0.00324988
0.00375
0.00375
0.00324988
0.00324987
0.00324985
0.00324985
0.00374999
0.00374999
0.00374999
0.00375
0.00375
0.00375
0.00425
0.00475
0.00475
0.00425
0.00425
0.00425
0.00475
0.00475
0.00475
0.00475
0.00425
0.00425
0.00475
0.00475
0.00425
0.00425
0.00375
0.00375
0.00375
0.00324988
0.00324988
0.00324988
0.00324988
0.00324987
0.00324987
0.00324985
0.00324985
0.00374999
0.00374991
0.00374991
0.00374991
0.00374991
0.00374991
0.00374991
0.00374991
0.00374991
0.00424996
0.00474999
0.00474994
0.00424977
0.00424977
0.00424996
0.00474999
0.00474994
0.00474974
0.00474974
0.00424908
0.00424908
0.00424908
0.00424738
0.00424738
0.00474925
0.00474841
0.00424451
0.00424451
0.00424451
0.00424451
0.00373846
0.00373846
0.00373846
0.00373846
0.00322907
0.00322907
0.00322907
0.00271578
0.00271578
0.00271578
0.00271578
0.00219946
0.00168381
0.00168381
0.00117724
0.00117724
0.00117724
0.00117724
0.00168381
0.00219946
0.00219946
0.00168381
0.00117724
0.00117724
0.00168381
0.00170444
0.00171843
0.00171843
0.00223305
0.00221981
0.00221981
0.00273177
0.00273177
0.00273177
0.00274177
0.00223305
0.00221981
0.00221981
0.00223305
0.00274177
0.00274651
0.00324876
0.00324966
0.00324966
0.00324876
0.00374946
0.00374946
0.00324876
0.00324966
0.00324966
0.00324876
0.00374946
0.00424977
0.00424996
0.00474999
0.00474994
0.00474994
0.00474999
0.00424996
0.00424977
0.00374946
0.00324876
0.00324966
0.00274812
0.00274812
0.00274812
0.00274812
0.00224211
0.00224285
0.00224312
0.00224326
0.00224332
0.00224332
0.00274864
0.00274863
0.00224326
0.00173074
0.00173074
0.00121552
0.00121552
0.00121581
0.000712951
0.000712951
0.000712952
0.000712951
0.000712951
0.000712951
0.000712598
0.000712599
0.000711929
0.000711929
0.000711929
0.000711929
0.000711929
0.000711929
0.000711929
0.000711929
0.000711929
0.000711929
0.000711929
0.000711068
0.000711068
0.00071016
0.00071016
0.00071016
0.00071016
0.00071016
0.000708842
0.000705731
0.000705731
0.000708842
0.00071016
0.000711068
0.000711068
0.00071016
0.000708842
0.000705731
0.000705731
0.000708842
0.00071016
0.000711068
0.000711068
0.000711068
0.000711068
0.00071016
0.00071016
0.00071016
0.000708842
0.000705731
0.000705731
0.000708842
0.000708842
0.000705731
0.000705731
0.000708842
0.00071016
0.000711068
0.000711068
0.000711068
0.000711068
0.00071016
0.00071016
0.00071016
0.000708842
0.000705731
0.000699539
0.000699539
0.000699539
0.000705731
0.000708842
0.000708842
0.000705731
0.00069954
0.000699539
0.000705731
0.000708842
0.00071016
0.000711068
0.000711929
0.000712599
0.000712599
0.000711929
0.000711068
0.000711068
0.000711929
0.000712599
0.000712598
0.000711929
0.000711068
0.00071016
0.00071016
0.00071016
0.000708842
0.0012103
0.00120433
0.00119314
0.00170444
0.00170444
0.00171843
0.00172574
0.0012103
0.0012103
0.00172574
0.00172867
0.00172867
0.00172981
0.0017304
0.00121494
0.00121408
0.00121408
0.00121494
0.00121552
0.00121581
0.00121581
0.000712951
0.000712598
0.000712599
0.000712951
0.000712951
0.00121581
0.00121552
0.00173074
0.00224326
0.00224332
0.00274864
0.00274863
0.00274863
0.00274864
0.00224332
0.00224326
0.00173074
0.00121552
0.00121581
0.00121581
0.00121552
0.00173074
0.00224326
0.00224332
0.00274864
0.00274863
0.00274863
0.00274864
0.00224332
0.00224326
0.00173074
0.00121552
0.00121581
0.00121581
0.00121552
0.00173074
0.00224326
0.00224332
0.00274864
0.00274863
0.00274863
0.00274864
0.00224332
0.00224326
0.00173074
0.00173091
0.00121581
0.00121581
0.00121581
0.00121581
0.00121581
0.00121552
0.00173074
0.00224326
0.00274863
0.00274864
0.00274864
0.00274864
0.00274864
0.00324988
0.00375
0.00425
0.00475
0.00475
0.00425
0.00425
0.00425
0.00475
0.00475
0.00475
0.00475
0.00425
0.00425
0.00475
0.00475
0.00425
0.00425
0.00375
0.00375
0.00375
0.00324988
0.00324988
0.00324988
0.00375
0.00375
0.00375
0.00375
0.00425
0.00475
0.00475
0.00425
0.00425
0.00425
0.00475
0.00475
0.00475
0.00475
0.00425
0.00425
0.00475
0.00475
0.00425
0.00425
0.00375
0.00375
0.00324987
0.00324987
0.00324987
0.00324985
0.00374999
0.00374999
0.00324985
0.00324985
0.00374999
0.00374999
0.00324985
0.00324987
0.00324988
0.00324988
0.00324988
0.00324988
0.00375
0.00375
0.00375
0.00375
0.00375
0.00425
0.00425
0.00425
0.00425
0.00475
0.00475
0.00475
0.00475
0.00425
0.00425
0.00375
0.00374999
0.00324985
0.00324985
0.00324987
0.00324987
0.00324988
0.00324988
0.00324988
0.00324988
0.00375
0.00375
0.00425
0.00475
0.00475
0.00475
0.00475
0.00475
0.00425
0.00425
0.00425
0.00425
0.00475
0.00475
0.00475
0.00425
0.00425
0.00425
0.00425
0.00425
0.00425
0.00475
0.00525
0.00525
0.00575
0.00575
0.00525
0.00525
0.00525
0.00525
0.00575
0.00575
0.00525
0.00525
0.00525
0.00575
0.00625
0.00675012
0.00725137
0.00725138
0.0077568
0.00775687
0.0072514
0.00725139
0.00725142
0.00725143
0.00775701
0.00775729
0.00775724
0.0072515
0.00725152
0.00725155
0.00725146
0.00725143
0.00725141
0.00775694
0.00826981
0.0082704
0.00878635
0.0087867
0.00827059
0.00827001
0.00775701
0.00775728
0.00775721
0.0072515
0.00725152
0.00725155
0.00775741
0.00775714
0.00827035
0.00827091
0.00878723
0.00878795
0.00827143
0.00827092
0.00775741
0.00775766
0.00725163
0.00675018
0.00675016
0.00675015
0.00675015
0.00675013
0.00675013
0.00625
0.00625
0.00625
0.00675013
0.00675013
0.00675013
0.00625
0.00625
0.00625
0.00625
0.00625001
0.00625001
0.00575
0.00575
0.00575
0.00575
0.00575
0.00525
0.00525
0.00525
0.00525
0.00575
0.00575
0.00525
0.00525
0.00525
0.00525
0.00575
0.00575
0.00575
0.00525
0.00525
0.00525
0.00575
0.00575
0.00575
0.00525
0.00525
0.00525
0.00575
0.00625001
0.00625001
0.00575
0.00525
0.00525
0.00525
0.00525
0.00525
0.00575
0.00625
0.00675013
0.00675013
0.00625
0.00625001
0.00625001
0.00675015
0.00675015
0.00675016
0.00675013
0.00625
0.00625001
0.00625002
0.00625001
0.00575
0.00575
0.00575
0.00575
0.00575
0.00525
0.00525
0.00525
0.00525
0.00575001
0.00575
0.00575004
0.00575004
0.00575004
0.00575004
0.00575004
0.00575004
0.00575004
0.00625009
0.00625009
0.00625009
0.00675034
0.00675034
0.00675124
0.00675124
0.00625054
0.00625054
0.00575023
0.00525006
0.00525006
0.00525001
0.00525001
0.00525001
0.00525006
0.00575023
0.00625054
0.00675124
0.00675124
0.00675034
0.00675034
0.00725188
0.00725349
0.00725349
0.00725188
0.0077579
0.00827135
0.00827134
0.00878719
0.00878972
0.00827427
0.00827428
0.00878975
0.00878721
0.00878727
0.00827138
0.00827431
0.00878981
0.00878992
0.00878739
0.00827143
0.00827437
0.00776037
0.00776035
0.00776034
0.00776696
0.00776696
0.00828158
0.00829557
0.00880688
0.00880691
0.00829559
0.0082816
0.00828163
0.00829564
0.00880697
0.00880709
0.00829573
0.0082817
0.00776702
0.00776698
0.00725825
0.00725824
0.00725823
0.00725823
0.00726823
0.00726823
0.00778019
0.0077802
0.0077802
0.00726823
0.00726825
0.00778022
0.00778025
0.00726828
0.00726833
0.00725827
0.0072535
0.0072535
0.00725188
0.0077579
0.00775792
0.00725188
0.00675034
0.00675034
0.00675034
0.00625009
0.00625054
0.00625054
0.00625054
0.00575023
0.00525006
0.00525001
0.00525001
0.00525006
0.00575023
0.00575023
0.00525006
0.00525001
0.00525001
0.00525006
0.00575023
0.00625054
0.00625009
0.00625009
0.00625054
0.00675125
0.00675124
0.00675124
0.00675124
0.00675408
0.00675408
0.00675408
0.00675408
0.00675408
0.00625204
0.00625558
0.00676043
0.00676043
0.00625558
0.00625204
0.00575092
0.00525026
0.00525026
0.00525075
0.00525075
0.00525075
0.00525075
0.00525159
0.00525159
0.00525159
0.00525159
0.00525159
0.00474841
0.00474841
0.00474925
0.00424738
0.00424738
0.00424908
0.00374796
0.00374796
0.00374796
0.00374796
0.00374442
0.00374442
0.00323957
0.00324592
0.00324592
0.00323957
0.00374442
0.00374442
0.00323957
0.00324592
0.00324592
0.00374796
0.00424908
0.00474974
0.00474925
0.00474925
0.00424738
0.00424738
0.00424908
0.00474974
0.00474925
0.00474925
0.00474974
0.00474994
0.00474999
0.00424996
0.00424977
0.00424977
0.00424996
0.00474999
0.00474994
0.00474974
0.00424908
0.00424908
0.00424738
0.00424738
0.00474925
0.00474925
0.00474974
0.00474994
0.00474999
0.00424996
0.00424977
0.00424977
0.00424996
0.00474999
0.00474994
0.00474974
0.00424908
0.00424908
0.00424738
0.00424738
0.00474925
0.00474841
0.00474841
0.00474841
0.00474841
0.00474841
0.00474841
0.00424451
0.00424451
0.00424451
0.00373846
0.00373846
0.00373846
0.00373846
0.00322907
0.00322907
0.00271578
0.00219946
0.00219946
0.00271578
0.00271578
0.00322907
0.00322907
0.00271578
0.00273177
0.00273177
0.00274177
0.00274651
0.00223967
0.00223967
0.00224211
0.00224285
0.00224312
0.0027486
0.00274851
0.00274851
0.0027486
0.00224312
0.00224285
0.00224285
0.00224312
0.0027486
0.00274851
0.00274851
0.0027486
0.00224312
0.00224285
0.00224285
0.00224312
0.0027486
0.00274851
0.00274851
0.0027486
0.00224312
0.00224285
0.00224285
0.00224312
0.0027486
0.00274851
0.00274812
0.00274812
0.00274812
0.00274812
0.00324966
0.00324876
0.00374946
0.00374946
0.00324876
0.00324966
0.00324966
0.00324876
0.00374946
0.00374946
0.00324876
0.00324966
0.00324966
0.00374991
0.00424996
0.00474999
0.00474994
0.00424977
0.00424977
0.00424996
0.00474999
0.00474994
0.00474974
0.00474974
0.00424908
0.00424738
0.00474925
0.00474925
0.00525075
0.00575262
0.00575262
0.00575549
0.00575549
0.00575549
0.00575549
0.00525159
0.00525159
0.00525159
0.00525159
0.00575549
0.00626154
0.00626154
0.00626154
0.00677093
0.00728422
0.00780054
0.00831619
0.00831619
0.00882276
0.00882276
0.00831619
0.00780055
0.00780054
0.00728422
0.00728422
0.00728422
0.00780055
0.00831619
0.00882276
0.00882277
0.0083162
0.00780055
0.00728422
0.00677094
0.00677094
0.00677094
0.00677093
0.00676043
0.00625558
0.00625204
0.00625204
0.00625558
0.00676043
0.00676044
0.00625558
0.00625204
0.00625205
0.00675409
0.00676045
0.00625559
0.00575263
0.00575262
0.00575262
0.00575262
0.00575092
0.00525026
0.00525075
0.00525075
0.00525026
0.00575093
0.00575093
0.00525026
0.00525076
0.00525076
0.00525026
0.00575093
0.00575093
0.00625205
0.0067541
0.00676047
0.00625561
0.00625564
0.00625206
0.00675411
0.00676052
0.00677111
0.00677102
0.00677097
0.00677095
0.00728424
0.00780056
0.00831621
0.00882278
0.00882281
0.00831624
0.00780059
0.00728426
0.00728432
0.00780065
0.0083163
0.00882287
0.00882299
0.00831642
0.00780077
0.00778032
0.00778044
0.00776708
0.00776041
0.00775795
0.00827154
0.00878759
0.00929039
0.0092917
0.00929207
0.0092908
0.00929133
0.00929252
0.0092929
0.00929186
0.00929229
0.00929311
0.00929374
0.00929312
0.00929591
0.00929642
0.00930242
0.00930197
0.0088091
0.00879785
0.00879203
0.00878985
0.00878898
0.00878839
0.00878792
0.00827172
0.00827465
0.00827447
0.00879012
0.00879043
0.0087964
0.0087961
0.00929479
0.00929514
0.00929553
0.00929581
0.0092959
0.00929642
0.00929894
0.00930457
0.00881509
0.00880496
0.00879968
0.00879784
0.00879723
0.00879679
0.00879084
0.00827493
0.00827201
0.00827248
0.00827537
0.00879132
0.00879202
0.00827628
0.00827345
0.00827248
0.00827202
0.00827495
0.00827537
0.00879133
0.00878899
0.00879724
0.00828282
0.00828237
0.00829659
0.00829623
0.00880772
0.00882362
0.00882342
0.00930987
0.00931004
0.00931031
0.00931054
0.00931063
0.00931093
0.00931226
0.00882889
0.00882613
0.00881071
0.00879968
0.00879402
0.00827902
0.00827628
0.00776161
0.0077591
0.00775839
0.00775815
0.00775802
0.00725191
0.00725189
0.00725352
0.00725355
0.00776049
0.00776721
0.00828203
0.00828182
0.00829589
0.0088073
0.00880762
0.00829616
0.00778066
0.0072686
0.00726843
0.00725831
0.00725838
0.00725851
0.0072536
0.00725194
0.00725203
0.00725372
0.00776089
0.00776063
0.00776741
0.00828235
0.00829656
0.00880803
0.00880849
0.00829714
0.00828281
0.00776776
0.00725872
0.0072693
0.00726888
0.00778101
0.00778154
0.00778249
0.00776857
0.00776161
0.00725416
0.00725244
0.00725203
0.00725194
0.00725191
0.0072519
0.00775798
0.00775803
0.0077605
0.00776045
0.00725353
0.00725355
0.0072536
0.00776063
0.00775815
0.00775839
0.00776089
0.00725372
0.00725872
0.00725851
0.0072584
0.00725835
0.00776715
0.00776723
0.00778072
0.00778057
0.00726854
0.00726865
0.0072689
0.00778103
0.00776743
0.00776777
0.00778155
0.00829715
0.0088085
0.00882443
0.00882398
0.00831753
0.00831708
0.00831685
0.00780121
0.00728484
0.00728506
0.00780145
0.00780193
0.00728552
0.0072862
0.00726931
0.00676124
0.00675439
0.00675134
0.00675038
0.00675035
0.00675034
0.00675034
0.00625009
0.00625009
0.00625056
0.00625055
0.00675126
0.00675127
0.00675129
0.00625057
0.0062501
0.00625011
0.00625059
0.00575026
0.00575004
0.00575004
0.00575004
0.00575004
0.00525001
0.00525001
0.00525007
0.00525007
0.00575024
0.00575024
0.00575025
0.00525007
0.00525001
0.00525001
0.00525007
0.00525029
0.00525028
0.00525027
0.00525027
0.00575096
0.00575096
0.0062521
0.00625575
0.00575272
0.00525079
0.00525166
0.00575571
0.00575579
0.00626192
0.00626192
0.00625575
0.0062521
0.00675417
0.0067542
0.00625212
0.00625581
0.00676077
0.00676068
0.00677146
0.00677164
0.00626205
0.00575579
0.00575275
0.00575097
0.00575099
0.00625216
0.00675427
0.00676095
0.00625593
0.00625613
0.00625223
0.00575103
0.00575293
0.00575282
0.00525082
0.0052508
0.00525079
0.00575272
0.00575571
0.00525166
0.00525169
0.00525174
0.00575595
0.00626232
0.00677202
0.00677257
0.00626271
0.00575617
0.00525181
0.00525085
0.0052509
0.00525032
0.00525009
0.00525002
0.00525001
0.00525001
0.00525001
0.00525001
0.00525001
0.00525006
0.00575024
0.00575094
0.00525026
0.00525026
0.00525076
0.00575264
0.00575265
0.00525077
0.00525161
0.0052516
0.00525159
0.00525159
0.00525159
0.00525159
0.0057555
0.00626155
0.00626155
0.0057555
0.0057555
0.00626156
0.00626157
0.00575551
0.00575553
0.00626161
0.00626167
0.00575557
0.00575564
0.00575269
0.00575095
0.00575024
0.00625055
0.00625009
0.00675034
0.00675125
0.00675127
0.00675034
0.00625009
0.00625055
0.00575024
0.00525007
0.00525006
0.00525027
0.00525078
0.00525079
0.00525027
0.00575096
0.00625211
0.00625208
0.00675414
0.00676059
0.00625569
0.00625578
0.00676073
0.00675418
0.00675426
0.00675129
0.00675035
0.0062501
0.00625057
0.00625059
0.00625011
0.00675038
0.00675134
0.00675439
0.00625223
0.00625215
0.00625592
0.00676093
0.00676123
0.00625612
0.00575293
0.00575282
0.00575274
0.00575576
0.00626199
0.00626179
0.00677128
0.00728463
0.00728443
0.00780098
0.00831663
0.0088232
0.00882352
0.00831697
0.00780134
0.00728496
0.00728547
0.00780188
0.00831748
0.00882394
0.00882441
0.00831817
0.00780264
0.00728618
0.00677255
0.00677198
0.00677156
0.00626229
0.0062627
0.00575617
0.00575593
0.00525173
0.00525168
0.00525164
0.00474836
0.00474839
0.0047484
0.00474841
0.00474841
0.00474841
0.00474841
0.00474841
0.00474841
0.00424451
0.00424451
0.00424451
0.00424451
0.00424451
0.00424451
0.00373846
0.00373846
0.00373846
0.00322907
0.00322907
0.00271578
0.00219946
0.00219946
0.00219946
0.00168381
0.00168381
0.00117724
0.00117724
0.00119314
0.00120433
0.00120433
0.00171843
0.00170444
0.00119314
0.000699539
0.000699539
0.000699539
0.000705731
0.000705731
0.000708842
0.000708842
0.000705731
0.000705731
0.000708842
0.00071016
0.000711068
0.000711929
0.000711929
0.000711068
0.000711068
0.000711929
0.000712598
0.000712598
0.000712951
0.000712951
0.000712598
0.000712599
0.000712951
0.000712952
0.000712599
0.000712599
0.000712951
0.000712951
0.000712951
0.000712951
0.00071295
0.000712597
0.000711927
0.000711923
0.00121493
0.00121407
0.0017298
0.0017304
0.00173074
0.00224326
0.00274863
0.00274864
0.00224332
0.00224332
0.0017309
0.0017309
0.0012158
0.00121551
0.0012155
0.00121492
0.00121406
0.00121281
0.00121028
0.00120431
0.00119312
0.00119309
0.00120428
0.0017184
0.00171842
0.00223304
0.00274177
0.00274176
0.00273175
0.00221978
0.00223304
0.00223966
0.00223967
0.00274651
0.00274812
0.00224211
0.0022421
0.00274812
0.00274651
0.0027465
0.00274175
0.00273172
0.00221975
0.00223302
0.00223298
0.00221968
0.00273167
0.00274173
0.0027465
0.00223963
0.00223965
0.0022421
0.00274812
0.00324966
0.00324966
0.00274812
0.00224208
0.00172857
0.00172862
0.00172865
0.00172866
0.00172573
0.00172572
0.00121025
0.00121279
0.00121273
0.00121019
0.00120422
0.00119303
0.00119291
0.00120411
0.0017183
0.00171837
0.00172569
0.00172563
0.00121008
0.00121261
0.00121386
0.00121398
0.00121404
0.00172979
0.0017298
0.00224285
0.00274851
0.0027486
0.00224312
0.00224312
0.00224285
0.00274851
0.0027486
0.00274863
0.00274863
0.00224326
0.00224332
0.00274864
0.00274864
0.00224332
0.00224326
0.00173073
0.00173074
0.00173039
0.00173038
0.0012149
0.00121548
0.00121577
0.00121579
0.0017309
0.00173089
0.00173086
0.0017307
0.00173035
0.00172976
0.00224284
0.00274851
0.00324985
0.00374999
0.00375
0.00324987
0.00324987
0.00324985
0.00374999
0.00375
0.00375
0.00375
0.00324988
0.00324988
0.00375
0.00375
0.00425
0.00425
0.00425
0.00425
0.00425
0.00424996
0.00424976
0.00424906
0.00424732
0.00474922
0.00474973
0.00474973
0.00474921
0.00424726
0.00424904
0.00374789
0.00374422
0.00323927
0.00323941
0.00324586
0.00324582
0.00324873
0.00324875
0.00324966
0.00374991
0.00374991
0.00374945
0.00424976
0.00474993
0.00474994
0.00474999
0.00474999
0.00424996
0.00424996
0.00424975
0.00424901
0.00424718
0.00474918
0.00474972
0.00474971
0.00474915
0.00424707
0.00424897
0.00374777
0.00374785
0.00374408
0.00323907
0.00324574
0.00324561
0.00323877
0.00374388
0.00374357
0.00424691
0.0047491
0.00474968
0.00424888
0.00424861
0.00424659
0.004749
0.0047496
0.00474984
0.00474991
0.00474993
0.00474993
0.00474999
0.00474999
0.00424996
0.00424974
0.00374941
0.00374943
0.00324871
0.00324965
0.00324966
0.00274809
0.00274811
0.00274648
0.00274169
0.00273157
0.00221956
0.00223292
0.00223279
0.00221934
0.0027314
0.00274162
0.00274645
0.00223951
0.00223959
0.00224205
0.00224198
0.00172828
0.00172846
0.00172553
0.00171818
0.00170411
0.0011927
0.0012039
0.0012036
0.00119238
0.00170384
0.00171797
0.00172535
0.00120957
0.00120988
0.00121241
0.00121208
0.00121161
0.00120916
0.00120321
0.00119197
0.00170344
0.00221899
0.00273112
0.00274149
0.00223259
0.00223224
0.00221846
0.0027307
0.00274128
0.00274628
0.0027464
0.00223937
0.00224185
0.00274806
0.00274797
0.00324962
0.00324866
0.00324842
0.00324529
0.00323828
0.00323719
0.00374295
0.00374702
0.00374759
0.00374929
0.00424969
0.00424991
0.00474998
0.00474991
0.00424969
0.00424944
0.00374876
0.0032474
0.00324423
0.00324118
0.00323452
0.0037414
0.00424582
0.00474877
0.00474936
0.00424779
0.00424582
0.00424409
0.00474825
0.00474877
0.004749
0.0047496
0.00424861
0.00424888
0.00474968
0.0047491
0.00424691
0.00424659
0.00374294
0.00374702
0.00374532
0.0037414
0.00373803
0.00322891
0.00323452
0.00323719
0.00324423
0.00324529
0.00324842
0.00324942
0.0037498
0.00374989
0.0037499
0.00374999
0.00374999
0.00374999
0.00324985
0.00324987
0.00375
0.00375
0.00425
0.00425
0.00475
0.00475
0.00475
0.00475
0.00475
0.00475
0.00425
0.00425
0.00375
0.00375
0.00375
0.00324987
0.00324988
0.00324988
0.00274864
0.00274864
0.00274863
0.00274859
0.00224311
0.0022431
0.00224282
0.00274851
0.00274859
0.00274862
0.00224323
0.00224325
0.00224331
0.00224329
0.00173081
0.00173065
0.0017303
0.00172971
0.0017296
0.00224279
0.0027485
0.00274859
0.00224306
0.00224299
0.00224272
0.00274848
0.00324985
0.00324987
0.00324987
0.00375
0.00375
0.00375
0.00425
0.00425
0.00475
0.00475
0.00475
0.00475
0.00424999
0.00425
0.00374999
0.00374998
0.00324982
0.00324984
0.00324987
0.00324984
0.00324985
0.00324987
0.00324987
0.00324987
0.00324988
0.00274863
0.00274862
0.0022432
0.00224326
0.00224318
0.00224313
0.0027486
0.00274857
0.00274854
0.00274845
0.00224259
0.00224286
0.00224259
0.00224234
0.00224161
0.00223911
0.00172463
0.00172507
0.00171765
0.00171719
0.00170286
0.00119151
0.00120277
0.00120868
0.00121102
0.00172752
0.00172799
0.00172909
0.00172941
0.0012133
0.00121365
0.00121451
0.00121473
0.00121484
0.00121543
0.00121572
0.0012156
0.00121531
0.00071233
0.000712481
0.000712552
0.000712581
0.000712593
0.000712946
0.000712935
0.000712906
0.000712836
0.000712686
0.000712392
0.00071204
0.000711371
0.000711656
0.000711807
0.000711879
0.000711911
0.000711048
0.000710138
0.000708819
0.000705708
0.000699519
0.000699487
0.000705673
0.000708784
0.000710104
0.000710029
0.000708707
0.000705597
0.000699417
0.000699282
0.000705452
0.000708558
0.000709878
0.00071079
0.000710942
0.000711015
0.000710514
0.000709612
0.000708303
0.000705207
0.000699053
0.000698727
0.000704857
0.000707927
0.000709201
0.000708672
0.000707479
0.000704466
0.000698366
0.000698115
0.000704188
0.000707104
0.000708144
0.000708774
0.000709453
0.000710067
0.000710895
0.00121413
0.00172999
0.00173019
0.00173054
0.00121508
0.00121537
0.0017307
0.00173049
0.00173033
0.00121469
0.00121497
0.00121434
0.00121407
0.00121354
0.00121277
0.00121205
0.00172857
0.00172908
0.00172965
0.00172997
0.00224299
0.00274857
0.00274858
0.00274861
0.00274861
0.00274863
0.00274864
0.00274864
0.00274864
0.00274864
0.00274864
0.00274864
0.00224332
0.00224332
0.00224332
0.00224326
0.00274863
0.00274863
0.00224326
0.00173074
0.00173074
0.00173091
0.00121581
0.00121552
0.00121552
0.00121494
0.00121494
0.00121494
0.00121494
0.00121494
0.00121494
0.0017304
0.0017304
0.00172981
0.00172981
0.00121408
0.00121408
0.00172981
0.0017304
0.0017304
0.00172981
0.00121408
0.00121408
0.00172981
0.0017304
0.0017304
0.00172981
0.00121408
0.00121408
0.00172981
0.0017304
0.0017304
0.00224312
0.0027486
0.00274851
0.00224285
0.00224285
0.00224312
0.0027486
0.00274851
0.00274851
0.0027486
0.00274863
0.00224326
0.00224326
0.00224332
0.0017309
0.0017309
0.00173091
0.00121581
0.00121552
0.00121494
0.00121494
0.00121408
0.00172981
0.0017298
0.0017304
0.0017304
0.00173074
0.00121552
0.00121581
0.0012158
0.00121551
0.00173074
0.0017304
0.00224312
0.00224312
0.00224285
0.00224285
0.00274851
0.0027486
0.00274863
0.00274863
0.00324988
0.00324988
0.00324988
0.00375
0.00375
0.00425
0.00425
0.00475
0.00475
0.00475
0.00475
0.00425
0.00425
0.00475
0.00475
0.00475
0.00425
0.00425
0.00375
0.00375
0.00375
0.00324988
0.00324988
0.00324988
0.00324987
0.00324987
0.00375
0.00425
0.00475
0.00475
0.00425
0.00425
0.00425
0.00475
0.00475
0.00475
0.00475
0.00425
0.00425
0.00425
0.00425
0.00475
0.00475
0.00474999
0.00474999
0.00474999
0.00474999
0.00474999
0.00474999
0.00424996
0.00424977
0.00474994
0.00474994
0.00424977
0.00424996
0.00374991
0.00374991
0.00374991
0.00324966
0.00324876
0.00324876
0.00374946
0.00374946
0.00374796
0.00374796
0.00374796
0.00374796
0.00374796
0.00374796
0.00374796
0.00324592
0.00323957
0.00323957
0.00374442
0.00374442
0.00374442
0.00323957
0.00324592
0.00324592
0.00323957
0.00374442
0.00374442
0.00323957
0.00324592
0.00324592
0.00323957
0.00374442
0.00373846
0.00373846
0.00373846
0.00373846
0.00322907
0.00322907
0.00322907
0.00271578
0.00271578
0.00273177
0.00274177
0.00274651
0.00274651
0.00223967
0.00224211
0.00224211
0.00223967
0.00274651
0.00274177
0.00274177
0.00223305
0.00223305
0.00223305
0.00221981
0.00221981
0.00170444
0.00170444
0.00171843
0.00172574
0.0012103
0.00121283
0.00121283
0.00172867
0.00172574
0.0012103
0.00120433
0.00120433
0.00119314
0.00119314
0.00119314
0.00120433
0.0012103
0.00121283
0.00172867
0.00172574
0.00172574
0.00172867
0.00121283
0.0012103
0.00120433
0.00171843
0.00171843
0.00171843
0.00170444
0.00221981
0.00273177
0.00273177
0.00221981
0.00223305
0.00223305
0.00223967
0.00224211
0.00224211
0.00223967
0.00274651
0.00274651
0.00274177
0.00273177
0.00221981
0.00221981
0.00223305
0.00274177
0.00273177
0.00273177
0.00274177
0.00274651
0.00223967
0.00224211
0.00224211
0.00223967
0.00274651
0.00274177
0.00223305
0.00223305
0.00221981
0.00221981
0.00273177
0.00271578
0.00271578
0.00271578
0.00271578
0.00271578
0.00219946
0.00219946
0.00219946
0.00168381
0.00168381
0.00168381
0.00117724
0.00117724
0.00117724
0.00117724
0.00168381
0.00168381
0.00170444
0.00119314
0.00119314
0.00120433
0.0012103
0.00121283
0.00172867
0.00172574
0.00172574
0.00172867
0.00121283
0.0012103
0.00120433
0.00171843
0.00171843
0.00170444
0.00170444
0.00119314
0.00119314
0.00120433
0.0012103
0.00121283
0.00172867
0.00172574
0.00172574
0.00172867
0.00121283
0.0012103
0.00120433
0.00171843
0.00171843
0.00170444
0.00170444
0.00119314
0.00069954
0.00069954
0.00069954
0.00069954
0.00069954
0.000699539
0.000699539
0.000699539
0.000705731
0.000708842
0.00071016
0.00071016
0.000708842
0.000708842
0.00071016
0.000711068
0.000711929
0.000711929
0.000711068
0.000711068
0.000711929
0.000711929
0.000711068
0.000711068
0.000711929
0.000711929
0.000712598
0.000712598
0.000712951
0.00071295
0.000712597
0.000712593
0.000712946
0.000712935
0.00121579
0.0017309
0.00224332
0.00224326
0.00224326
0.00224332
0.00173089
0.00121577
0.00121548
0.0012155
0.00173074
0.00173073
0.00173038
0.00173039
0.00224312
0.0027486
0.00274851
0.00324985
0.00374999
0.00374999
0.00375
0.00375
0.00324987
0.00324985
0.00324985
0.00274851
0.0027486
0.00274863
0.00274863
0.00224325
0.00224331
0.00224329
0.00224323
0.00274862
0.00324988
0.00324988
0.00375
0.00375
0.00425
0.00475
0.00475
0.00425
0.00425
0.00425
0.00475
0.00475
0.00475
0.00475
0.00425
0.00425
0.00475
0.00475
0.00425
0.00425
0.00375
0.00375
0.00375
0.00324987
0.00324985
0.00374999
0.00374999
0.00374991
0.00374991
0.00374991
0.00424996
0.00424977
0.00474994
0.00474994
0.00424977
0.00424996
0.00424996
0.00424977
0.00474994
0.00474994
0.00424976
0.00424996
0.00374991
0.00324966
0.00324966
0.00324966
0.00324966
0.00324966
0.00324966
0.00324876
0.00374946
0.00374946
0.00324876
0.00324592
0.00324592
0.00324592
0.00324592
0.00323957
0.00374442
0.00374442
0.00424738
0.00424908
0.00424908
0.00474974
0.00474925
0.00424738
0.00424738
0.00424908
0.00474974
0.00474925
0.00474925
0.00474974
0.00424907
0.00424738
0.00424737
0.00424907
0.00474974
0.00474924
0.00474924
0.00474974
0.00424907
0.00424736
0.00424735
0.00424906
0.00474974
0.00474924
0.00474923
0.00474973
0.00474994
0.00474999
0.00424996
0.00424976
0.00424976
0.00424996
0.00474999
0.00474993
0.00474973
0.00424904
0.00424906
0.00424732
0.00424726
0.00474921
0.00474918
0.00474972
0.00474993
0.00474999
0.00475
0.00475
0.00475
0.00475
0.00425
0.00425
0.00425
0.00475
0.00475
0.00425
0.00425
0.00374999
0.00375
0.00375
0.00375
0.00324987
0.00324988
0.00324987
0.00375
0.00375
0.00324987
0.00324987
0.00324987
0.00324985
0.00374999
0.00374999
0.00324985
0.00324984
0.00324987
0.00324987
0.00324987
0.00324985
0.00324985
0.0027485
0.00274848
0.00274845
0.00274837
0.00274797
0.00274756
0.00274584
0.00274074
0.00272998
0.00221751
0.00223143
0.00222899
0.00221526
0.00272829
0.00273898
0.00274408
0.00223588
0.00223839
0.0022409
0.00223839
0.00274584
0.00274073
0.00273898
0.00273416
0.00272419
0.00220988
0.00219083
0.00218433
0.00166908
0.00167544
0.00117111
0.00116628
0.00117683
0.00118491
0.00118929
0.00119091
0.00170189
0.00171627
0.00120216
0.00120032
0.00171366
0.00169955
0.0016939
0.00170683
0.00222253
0.00220988
0.00219964
0.00271597
0.00272419
0.00272829
0.00221526
0.00222899
0.00223143
0.00221751
0.00272997
0.00323827
0.00374357
0.00374759
0.00374929
0.00374941
0.00374989
0.00424996
0.00474999
0.00474999
0.00424996
0.00424975
0.00424974
0.00474993
0.00474993
0.00474993
0.00474999
0.00424996
0.00424996
0.00424976
0.00424976
0.00374944
0.00374991
0.00374999
0.0037499
0.00324965
0.00324962
0.00324866
0.00324871
0.00374943
0.00374784
0.00374777
0.00424897
0.00474971
0.00474972
0.00424901
0.00424718
0.00424707
0.00474915
0.00474918
0.0047492
0.00474973
0.00424903
0.00424904
0.00474973
0.00474921
0.00424728
0.00424725
0.00374419
0.00374788
0.0032458
0.00324873
0.00324966
0.00324966
0.00374991
0.00374945
0.00324874
0.00324583
0.0037479
0.00374425
0.00323932
0.00323923
0.00323905
0.00324573
0.00324561
0.00323876
0.00374387
0.00374407
0.00373768
0.00373729
0.00373678
0.00373606
0.00373478
0.00373236
0.00372855
0.00423922
0.00474678
0.00474737
0.00424117
0.00424245
0.00474776
0.00474797
0.00424314
0.00424353
0.0047481
0.00474819
0.00424383
0.00424405
0.00474826
0.00474831
0.00424421
0.00424428
0.00474834
0.00474834
0.00474921
0.00474973
0.00474993
0.00474999
0.00475
0.00425
0.00425
0.00425
0.00375
0.00374999
0.00374999
0.00374991
0.00424996
0.00424996
0.00474999
0.00475
0.00475
0.00425
0.00425
0.00425
0.00424999
0.00475
0.00474999
0.00424996
0.00424996
0.00424975
0.00424974
0.00474993
0.00525007
0.00525007
0.00575025
0.00575026
0.00575004
0.00575009
0.0062502
0.00675058
0.00675158
0.00625071
0.00625124
0.00625071
0.00675158
0.00725416
0.00725592
0.00776412
0.00777101
0.00828634
0.00828373
0.00829811
0.00880909
0.00881071
0.00830045
0.00778474
0.00727171
0.00727002
0.00725926
0.00726102
0.00726584
0.00726102
0.00725927
0.00776857
0.00828373
0.00828635
0.00830045
0.00829811
0.00778249
0.00727003
0.00727171
0.00778474
0.00777101
0.00777747
0.00829317
0.0083061
0.00881509
0.00882317
0.00831644
0.0083061
0.00779012
0.00727581
0.00728403
0.00727581
0.00779012
0.00780036
0.00781567
0.00780917
0.00780555
0.00780372
0.00831914
0.00882498
0.00882613
0.0083209
0.00832456
0.00882889
0.00883372
0.00833092
0.00833986
0.00833092
0.00832456
0.0083209
0.00831914
0.00831819
0.00780266
0.00780372
0.00728714
0.00728867
0.00780555
0.00780917
0.00729158
0.00729701
0.00781567
0.00782544
0.00730552
0.00729701
0.00729158
0.00728866
0.00728714
0.0067733
0.00676172
0.00675471
0.00625241
0.00625643
0.00625706
0.00625298
0.00675577
0.0067526
0.00675577
0.00675471
0.00625241
0.00625298
0.00625706
0.00625643
0.00676173
0.00676281
0.00676548
0.00675882
0.00625468
0.0062586
0.00676548
0.00676281
0.00677441
0.00626394
0.00626322
0.00575647
0.00575309
0.00575112
0.00575103
0.00575099
0.00525028
0.00525082
0.00525085
0.00525029
0.00525032
0.00525009
0.00575031
0.00575056
0.00575031
0.00575112
0.00575139
0.0052504
0.00525016
0.0052504
0.00575139
0.00575341
0.005251
0.0052509
0.0052519
0.00525181
0.00474819
0.00474827
0.00474833
0.00424424
0.00424436
0.00424443
0.00424447
0.00424449
0.0042445
0.0042445
0.00424451
0.00424451
0.00373846
0.00373846
0.00322907
0.00322907
0.00322907
0.00322907
0.00322907
0.00323957
0.00323957
0.00374442
0.00374796
0.00374796
0.00374442
0.00323957
0.00273177
0.00273177
0.00273177
0.00273177
0.00274177
0.00274651
0.00274812
0.00224211
0.00223967
0.00223967
0.00224211
0.00274812
0.00274651
0.00274177
0.00223305
0.00223305
0.00221981
0.00221981
0.00170444
0.00170444
0.00171843
0.00172574
0.00172867
0.00121283
0.0012103
0.0012103
0.00121283
0.00121408
0.00121408
0.00121494
0.00121493
0.00121407
0.0017298
0.0017298
0.00172867
0.00172867
0.00172574
0.00171843
0.00120433
0.00120433
0.00119314
0.00119314
0.00119314
0.00120433
0.0012103
0.00121283
0.00121282
0.00172866
0.00224211
0.00224211
0.00274812
0.00274651
0.00223967
0.00223967
0.00274651
0.00274812
0.00274812
0.00224211
0.00224285
0.00224285
0.00224312
0.00224311
0.00274859
0.00274851
0.00224284
0.00224282
0.0022431
0.00274859
0.00274851
0.00274812
0.00274812
0.00274812
0.0022421
0.00223966
0.00223967
0.00274651
0.00324876
0.00374946
0.00374946
0.00324876
0.00324591
0.00324592
0.00374796
0.00374442
0.00323956
0.00323955
0.00374441
0.00374795
0.00374795
0.00374946
0.00324876
0.00324875
0.00374946
0.00374794
0.00324589
0.0032459
0.00323953
0.00374439
0.00374436
0.00323948
0.00273167
0.00273172
0.00273175
0.00273177
0.00274177
0.00274177
0.00274177
0.00223305
0.00221981
0.0022198
0.00223305
0.00171842
0.00171843
0.00172574
0.00172574
0.00121029
0.00120433
0.00119313
0.00170444
0.00170444
0.00168381
0.00168381
0.00168381
0.00168381
0.00168381
0.00168381
0.00168381
0.00219946
0.00219946
0.00219946
0.00219946
0.00219946
0.00271578
0.00271578
0.00219945
0.00219945
0.00271578
0.00322906
0.00373846
0.00373845
0.00322906
0.00271578
0.00219945
0.0016838
0.00117723
0.00117724
0.00117724
0.00117724
0.00117724
0.00117724
0.00117724
0.00117724
0.00117724
0.00117722
0.00119312
0.00120431
0.00121028
0.00121281
0.00121406
0.00121492
0.0012149
0.00121404
0.00172979
0.0017298
0.00172866
0.00172573
0.00172572
0.00172865
0.00121279
0.00121025
0.00120428
0.0017184
0.00171842
0.00223304
0.0022198
0.00221978
0.00223304
0.00274176
0.00274651
0.0027465
0.00223965
0.0022421
0.00224208
0.00223963
0.0027465
0.00274173
0.00274175
0.00223302
0.00221975
0.00221968
0.00223298
0.0017183
0.00171837
0.00172569
0.00172862
0.00172976
0.00173035
0.0017307
0.00173086
0.00121572
0.00121543
0.00121531
0.0012156
0.00173081
0.00173065
0.0017303
0.00121473
0.00121484
0.00121398
0.00121386
0.00172971
0.00172857
0.00121261
0.00121273
0.00121019
0.00121008
0.00172563
0.00172553
0.00172846
0.0017296
0.00173019
0.00173054
0.0017307
0.00224326
0.0022432
0.00274862
0.0027486
0.00224313
0.00224318
0.00173049
0.00121497
0.00121537
0.00121508
0.00121469
0.00173033
0.00172999
0.00224299
0.00224306
0.00274859
0.0027485
0.00224279
0.00224272
0.00274848
0.00274857
0.00274854
0.00274857
0.00274858
0.00224304
0.00224304
0.00224276
0.00224271
0.00172938
0.00121322
0.00121274
0.00121158
0.00121101
0.00121015
0.00120798
0.00172372
0.00172655
0.00172372
0.00172098
0.00120598
0.00120797
0.00120215
0.00120032
0.00119504
0.00118491
0.0016939
0.00168356
0.00166908
0.00166013
0.00217456
0.00269448
0.0032135
0.00321967
0.00322355
0.00322559
0.00322669
0.00271285
0.00271133
0.00270842
0.00270299
0.00218433
0.00219083
0.00167544
0.00117111
0.00116628
0.00116005
0.000685108
0.000690888
0.000695434
0.000697585
0.000698037
0.000704096
0.000703583
0.000706256
0.000706886
0.000707714
0.000706881
0.000704089
0.000703581
0.000701056
0.000695434
0.000697583
0.00118929
0.00169955
0.00171365
0.00171627
0.00170189
0.0011909
0.0011915
0.00120276
0.00120867
0.00172463
0.00172752
0.00224161
0.00224185
0.00274806
0.0027464
0.00274628
0.00223911
0.00223937
0.00172505
0.00172798
0.00172824
0.00224197
0.00274809
0.0027481
0.00224202
0.00223955
0.0022395
0.00274645
0.00274647
0.00274165
0.0027416
0.00274149
0.00274128
0.00223223
0.00223257
0.00221897
0.00221845
0.00273069
0.0027311
0.00273134
0.00221928
0.00223277
0.00223285
0.00221943
0.00273146
0.00271516
0.00271493
0.00271448
0.0027138
0.00322743
0.00322798
0.00322836
0.00373795
0.00373808
0.00322854
0.00322854
0.00323932
0.00324583
0.00324874
0.00324966
0.00324966
0.00324985
0.00324984
0.00374999
0.00375
0.00374999
0.00374998
0.00324982
0.00274837
0.00274845
0.00224259
0.00224286
0.00224299
0.00224271
0.00224276
0.0027485
0.00274848
0.00274845
0.00224259
0.00224234
0.00172857
0.00172909
0.00172941
0.0012133
0.00121365
0.00121451
0.00121413
0.00121354
0.00121407
0.00121434
0.00173012
0.00173012
0.00172951
0.00121346
0.0012122
0.00121199
0.00120947
0.00120912
0.00120316
0.00171763
0.00171718
0.00170285
0.00170341
0.00119193
0.00119228
0.0012035
0.00171792
0.0017253
0.00172543
0.00172837
0.00172837
0.00172951
0.00121346
0.00121322
0.00172938
0.00172997
0.00172965
0.00172908
0.00121274
0.00121205
0.00121277
0.00121161
0.00121208
0.00121241
0.00120988
0.00120957
0.00172535
0.00172828
0.00224198
0.00224205
0.00274811
0.00324966
0.00374991
0.00374945
0.00324875
0.00324873
0.00324966
0.00374991
0.00374945
0.00374789
0.00374792
0.00324586
0.00323941
0.00374431
0.00374422
0.00323927
0.00324582
0.00324574
0.00324871
0.00324965
0.0037499
0.00374943
0.00374941
0.00374989
0.00324962
0.00324866
0.00324561
0.00374777
0.00374785
0.00424901
0.00424719
0.00424707
0.00424897
0.00474971
0.00474915
0.0047491
0.00474968
0.00474991
0.00474998
0.00474999
0.00474999
0.00424996
0.00424996
0.00424974
0.00424975
0.00424976
0.00424976
0.00374945
0.00374944
0.00374991
0.0037499
0.00324965
0.00324962
0.00374989
0.00374941
0.00374943
0.00324871
0.00324873
0.0032458
0.00374788
0.0037479
0.00424904
0.00424903
0.00474973
0.00474993
0.00474993
0.00474993
0.00474971
0.00474972
0.00424901
0.00424897
0.00424707
0.00424718
0.00424725
0.00424728
0.00374425
0.00374419
0.00323923
0.00323905
0.00324573
0.00374784
0.00374777
0.00324561
0.00324866
0.00274628
0.00274797
0.00274806
0.00274809
0.0027481
0.00224202
0.00224197
0.0022395
0.00223955
0.00274647
0.00274645
0.0027464
0.00223937
0.00224185
0.00224161
0.00223911
0.00172463
0.00172752
0.00172798
0.00172824
0.00121199
0.0012122
0.00120967
0.00120967
0.00120369
0.00171806
0.00170395
0.00170377
0.00168292
0.00168247
0.00168181
0.00168086
0.0016791
0.00219445
0.00219628
0.00219734
0.00219807
0.00219855
0.00219879
0.00168315
0.00117658
0.00119247
0.000698809
0.000704942
0.000708033
0.000709346
0.00071026
0.000711149
0.000711888
0.000711545
0.000710824
0.000710215
0.000709422
0.000709963
0.000709084
0.000708627
0.000708131
0.000707085
0.000707429
0.000707803
0.000704734
0.000704414
0.000704169
0.000698097
0.000698031
0.000689371
0.000689069
0.000687736
0.00117387
0.00117502
0.00117557
0.00117602
0.00117638
0.000689956
0.000698615
0.00069832
0.000689691
0.000689457
0.000690132
0.000690131
0.000698809
0.000704942
0.000708033
0.000709346
0.00071026
0.000711149
0.000711888
0.000712392
0.000712685
0.000712836
0.000712906
0.000712551
0.000712581
0.00071191
0.000711923
0.000711927
0.000711928
0.000711067
0.000711068
0.00071016
0.00071016
0.00071016
0.00071016
0.00071016
0.000708842
0.000708842
0.000705731
0.000705731
0.000705731
0.000705731
0.000705731
0.000708842
0.000708842
0.000705731
0.000705731
0.000708842
0.000708841
0.000710159
0.000710157
0.000711066
0.000711061
0.000710152
0.000708834
0.000708839
0.000705729
0.000705731
0.000699539
0.000699539
0.000699538
0.000699533
0.000705723
0.000705709
0.000708819
0.000710138
0.000711048
0.000711015
0.000711879
0.000711807
0.000712481
0.00071233
0.000711656
0.00071079
0.000710941
0.000710029
0.000710104
0.000708784
0.000705673
0.000699487
0.000699519
0.00119309
0.00170441
0.00170443
0.00168379
0.00219944
0.00271576
0.00322905
0.00373845
0.00373843
0.00322903
0.00322898
0.0037384
0.00373833
0.00322889
0.00271557
0.00271568
0.00271574
0.00219941
0.00168376
0.00117719
0.00117713
0.00119303
0.00120422
0.00120411
0.00119291
0.00170427
0.00170436
0.0016837
0.00219935
0.00219923
0.00168358
0.00117701
0.0011768
0.0011927
0.0012039
0.00171818
0.00223292
0.00223959
0.00274648
0.00274645
0.00274809
0.00274806
0.00224185
0.00223937
0.00223951
0.00223279
0.00274162
0.00274169
0.00273157
0.00221956
0.00221934
0.0027314
0.00273112
0.00274149
0.0027464
0.00274628
0.00274797
0.00224161
0.00223911
0.00172463
0.00172507
0.00172799
0.00172752
0.00121102
0.00120868
0.00120916
0.00120321
0.0012036
0.00171797
0.00170384
0.00170411
0.00168337
0.00219902
0.00271537
0.00322872
0.00373821
0.00373801
0.00322844
0.00322802
0.00323907
0.00374408
0.00374388
0.00323877
0.0027307
0.00274128
0.00223224
0.00223259
0.00221899
0.00221846
0.00170286
0.00170344
0.00171765
0.00171719
0.00120277
0.00119151
0.00119197
0.00119238
0.000698727
0.000699053
0.000699282
0.000699417
0.000705597
0.000708707
0.000708558
0.000709878
0.000709612
0.000710514
0.000711371
0.00071204
0.000711545
0.000710895
0.000710067
0.000709453
0.000710215
0.000710824
0.000709963
0.000709422
0.000708773
0.000708144
0.000708672
0.000709201
0.000707927
0.000708302
0.000705206
0.000705452
0.000704857
0.000704466
0.000707479
0.000707104
0.000704188
0.000698115
0.000698366
0.000698037
0.000704096
0.000706886
0.000707714
0.000708131
0.000708627
0.000709084
0.000707803
0.00120947
0.0017253
0.00172543
0.00171806
0.00223285
0.00274165
0.0027416
0.00223277
0.00221928
0.00221943
0.00273146
0.00273134
0.0027311
0.00274149
0.00223257
0.00223223
0.00274128
0.00273069
0.00323876
0.00374387
0.00374407
0.00373768
0.00373795
0.00373808
0.00424428
0.00424421
0.00474831
0.0047492
0.00474918
0.00474915
0.0047491
0.00474968
0.00474991
0.00424969
0.00424991
0.00424969
0.00424944
0.00474984
0.0047496
0.00424861
0.00424888
0.00424691
0.00424659
0.004749
0.00474877
0.00474936
0.0047496
0.00424861
0.00424888
0.00424691
0.00424659
0.004749
0.005251
0.00575341
0.00575309
0.00575647
0.00626322
0.00677331
0.00677441
0.00626394
0.00575687
0.00525203
0.00525191
0.0047481
0.00474819
0.00474826
0.00424405
0.00424383
0.00373729
0.00322743
0.00322798
0.00322836
0.00271494
0.00271516
0.00219879
0.00219855
0.00168292
0.00170377
0.00171792
0.0012035
0.00120369
0.00119247
0.00170395
0.00168315
0.00117658
0.00117638
0.00119228
0.00119193
0.00120316
0.00120912
0.00121158
0.00121101
0.00120867
0.00120276
0.00171718
0.00171763
0.00172505
0.00170341
0.00221897
0.00221845
0.00170285
0.0011915
0.0011909
0.00120215
0.00120797
0.00121015
0.00172655
0.0022409
0.00274756
0.00324942
0.0037498
0.00374929
0.00324842
0.0032474
0.00324842
0.00374929
0.00374876
0.00374702
0.00374759
0.00324529
0.00323828
0.00374357
0.00374294
0.00323719
0.00324423
0.00324118
0.00324423
0.00324529
0.00374759
0.00374702
0.00374294
0.00374357
0.00323827
0.00323719
0.00323452
0.0037414
0.00374532
0.00424779
0.00424582
0.00424409
0.00424582
0.00474877
0.00525123
0.00525064
0.00575221
0.00575418
0.00525123
0.00525176
0.00575591
0.00575418
0.0062586
0.00626198
0.00677109
0.00678033
0.00677645
0.00626522
0.00626765
0.00575883
0.00575755
0.00575687
0.00525203
0.00525225
0.00525264
0.00525323
0.00525264
0.00525225
0.00575755
0.00626522
0.00677645
0.00678033
0.00626765
0.00575883
0.00576079
0.00627146
0.00678651
0.00474776
0.00474797
0.00424314
0.00424353
0.00373678
0.00322669
0.00322559
0.00373606
0.00373478
0.00424245
0.00424117
0.00474737
0.00474825
0.00474736
0.00474776
0.00474797
0.0047481
0.00424354
0.00424383
0.00424407
0.00373771
0.0037373
0.00322745
0.00271382
0.00271453
0.00271504
0.00219866
0.00168303
0.00117648
0.00117606
0.00168252
0.00219812
0.00219736
0.00168183
0.00117559
0.00117502
0.00119091
0.00120216
0.00120798
0.00172372
0.00223839
0.00274584
0.00274408
0.00274584
0.00223839
0.00223588
0.00172098
0.00172372
0.00171627
0.00223143
0.00274073
0.00273898
0.00222899
0.00221526
0.00221751
0.00272997
0.00272829
0.00272419
0.00273416
0.00273898
0.00274074
0.00223143
0.00221751
0.00272998
0.00272829
0.00221526
0.00222899
0.00171366
0.00171627
0.00170189
0.00169955
0.00118929
0.00120032
0.00120598
0.00120032
0.00171365
0.00169955
0.00170189
0.00168086
0.00168181
0.00168247
0.00219807
0.00271448
0.0027138
0.00219734
0.00219628
0.00271286
0.00271134
0.00219445
0.0016791
0.00117387
0.00118929
0.00118491
0.00119504
0.00170683
0.00222253
0.00220988
0.00272419
0.00323452
0.0037414
0.00373802
0.00322891
0.00271597
0.00219964
0.00220988
0.0016939
0.00168356
0.0016939
0.00118491
0.00117683
0.000690889
0.000695434
0.000697585
0.000703583
0.000706256
0.000706881
0.000707085
0.000707429
0.000704414
0.000704734
0.000698615
0.00069832
0.000698097
0.000704169
0.000704089
0.000703581
0.000697583
0.000698031
0.000689371
0.000689457
0.000689691
0.000689956
0.00117602
0.00117557
0.00117502
0.000689069
0.000687737
0.000695434
0.000701056
0.00117111
0.00167544
0.00219083
0.00270842
0.00322355
0.00321967
0.00373236
0.00372854
0.00373235
0.00373478
0.00373606
0.00373678
0.0032267
0.00322559
0.00322355
0.00321967
0.00270299
0.00270842
0.00271134
0.00271286
0.00219628
0.00219445
0.0016791
0.00168086
0.00117387
0.00117111
0.00167544
0.00219083
0.00218433
0.00166908
0.00116628
0.00116005
0.00116628
0.00166908
0.00218433
0.00270299
0.00269448
0.00321349
0.00217456
0.00166014
0.00424314
0.00424245
0.00424117
0.00423921
0.00474678
0.00068907
0.000687737
0.00882498
0.00883372
0.00883995
)
;

boundaryField
{
    outlet
    {
        type            calculated;
        value           nonuniform List<scalar> 
400
(
0.000673633
0.00114434
0.00163903
0.00215341
0.00267735
0.0032025
0.00372247
0.00423655
0.00474605
0.000672202
0.000669781
0.000669455
0.000668947
0.00066923
0.000669271
0.000669405
0.00066946
0.00114247
0.0016375
0.00114029
0.00163581
0.00215246
0.00267729
0.00215175
0.00267753
0.00113945
0.0016354
0.00113951
0.00163593
0.00215202
0.00267837
0.00215305
0.00267968
0.00320244
0.00372252
0.00320317
0.00372327
0.00423647
0.00474602
0.00423699
0.00474619
0.00320425
0.00372424
0.00320554
0.00372526
0.00423762
0.00474641
0.00423825
0.00474662
0.00113986
0.00163677
0.00114021
0.00163751
0.00215431
0.00268111
0.00215541
0.00268233
0.00114045
0.00163804
0.00114059
0.0016383
0.00215618
0.00268319
0.00215657
0.00268362
0.00320683
0.00372623
0.00320793
0.00372704
0.00423883
0.00474681
0.00423931
0.00474696
0.00320869
0.0037276
0.00320908
0.00372788
0.00423963
0.00474707
0.0042398
0.00474712
0.00525395
0.00576345
0.00627753
0.0067975
0.00732265
0.00784659
0.00836097
0.00885566
0.00932637
0.00525399
0.00576353
0.00525382
0.00576302
0.00627749
0.00679756
0.00627673
0.00679683
0.0052536
0.00576239
0.00525339
0.00576175
0.00627577
0.00679575
0.00627475
0.00679446
0.00732271
0.00784754
0.00732248
0.00784825
0.0083625
0.00885753
0.00836419
0.00885971
0.00732163
0.00784798
0.00732032
0.00784695
0.0083646
0.00886055
0.00836407
0.00886049
0.00525319
0.00576117
0.00525304
0.00576069
0.00627377
0.00679317
0.00627296
0.00679207
0.00525293
0.00576037
0.00525288
0.0057602
0.0062724
0.00679131
0.00627212
0.00679092
0.00731889
0.00784569
0.00731767
0.00784459
0.00836323
0.00886014
0.00836249
0.00885979
0.00731681
0.00784382
0.00731638
0.00784343
0.00836196
0.00885955
0.0083617
0.00885941
0.0093278
0.00933022
0.00933054
0.00933105
0.00933077
0.00933073
0.00933059
0.00933054
0.000669459
0.000669405
0.000669271
0.00066923
0.000668947
0.000669456
0.000669783
0.000672204
0.00114059
0.0016383
0.00114045
0.00163804
0.00215657
0.00268362
0.00215618
0.00268319
0.00114021
0.00163751
0.00113986
0.00163677
0.00215541
0.00268234
0.00215431
0.00268111
0.00320908
0.00372788
0.00320869
0.0037276
0.0042398
0.00474712
0.00423963
0.00474707
0.00320793
0.00372704
0.00320684
0.00372623
0.00423931
0.00474696
0.00423883
0.00474681
0.00113951
0.00163593
0.00113945
0.0016354
0.00215305
0.00267968
0.00215202
0.00267837
0.00114029
0.00163581
0.00114248
0.0016375
0.00215175
0.00267753
0.00215246
0.00267729
0.00320554
0.00372526
0.00320425
0.00372424
0.00423825
0.00474662
0.00423762
0.0047464
0.00320317
0.00372327
0.00320244
0.00372252
0.00423699
0.00474619
0.00423647
0.00474602
0.000673635
0.00114435
0.00163903
0.00215342
0.00267735
0.0032025
0.00372248
0.00423655
0.00474605
0.00525288
0.0057602
0.00525293
0.00576037
0.00627212
0.00679092
0.0062724
0.00679131
0.00525304
0.00576069
0.00525319
0.00576117
0.00627296
0.00679207
0.00627377
0.00679317
0.00731638
0.00784343
0.00731681
0.00784382
0.0083617
0.00885941
0.00836196
0.00885955
0.00731766
0.00784459
0.00731889
0.00784569
0.00836249
0.00885979
0.00836323
0.00886014
0.00525338
0.00576175
0.0052536
0.00576238
0.00627474
0.00679446
0.00627577
0.00679575
0.00525381
0.00576301
0.00525399
0.00576353
0.00627673
0.00679683
0.00627748
0.00679756
0.00732032
0.00784695
0.00732163
0.00784798
0.00836407
0.00886049
0.0083646
0.00886055
0.00732247
0.00784825
0.00732271
0.00784754
0.00836419
0.00885971
0.0083625
0.00885752
0.00933054
0.0093306
0.00933073
0.00933077
0.00933105
0.00933054
0.00933022
0.0093278
0.00525395
0.00576345
0.00627752
0.0067975
0.00732265
0.00784658
0.00836097
0.00885565
0.00932636
0.000219334
0.000221266
0.000220518
0.000220137
0.000220455
0.000220453
0.000220453
0.00576167
0.00525337
0.00627579
0.00679532
0.00732326
0.00784699
0.00836434
0.0088595
0.00932792
0.00977929
0.00977682
0.00978108
0.00977873
0.00978067
0.00977948
0.00977986
0.00977954
0.00977955
0.00977955
0.000220455
0.000220137
0.000220518
0.000219334
0.000221267
0.000218918
0.000223179
0.000220714
0.000672078
0.00114051
0.00163566
0.00215301
0.00267674
0.00320469
0.00372422
0.00423833
0.00474663
0.00525337
0.00977955
0.00977986
0.00977948
0.00978067
0.00977873
0.00978108
0.00977682
0.00977929
0.00576167
0.00627578
0.00679531
0.00732326
0.00784699
0.00836434
0.00885949
0.00932792
0.000672077
0.000220713
0.0011405
0.000223178
0.00163566
0.00215301
0.00267674
0.00320468
0.00372422
0.00423833
0.00474663
0.000218917
0.00978017
0.000219826
0.00978017
0.000219826
)
;
    }
    inlet
    {
        type            calculated;
        value           nonuniform List<scalar> 
400
(
0.00067363
0.00114434
0.00163903
0.00215341
0.00267735
0.0032025
0.00372248
0.00423656
0.00474606
0.000672199
0.000669779
0.000669455
0.000668947
0.000669231
0.000669272
0.000669406
0.00066946
0.00114247
0.0016375
0.00114029
0.00163581
0.00215246
0.00267729
0.00215175
0.00267753
0.00113945
0.0016354
0.00113951
0.00163594
0.00215202
0.00267837
0.00215305
0.00267968
0.00320244
0.00372252
0.00320317
0.00372327
0.00423648
0.00474602
0.00423699
0.00474619
0.00320425
0.00372424
0.00320554
0.00372526
0.00423762
0.00474641
0.00423825
0.00474662
0.00113986
0.00163677
0.00114021
0.00163751
0.00215431
0.00268111
0.00215541
0.00268233
0.00114046
0.00163804
0.00114059
0.0016383
0.00215618
0.00268319
0.00215657
0.00268362
0.00320683
0.00372623
0.00320793
0.00372704
0.00423883
0.00474681
0.00423931
0.00474696
0.00320869
0.0037276
0.00320908
0.00372787
0.00423963
0.00474706
0.00423979
0.00474712
0.00525396
0.00576345
0.00627753
0.0067975
0.00732265
0.00784659
0.00836097
0.00885566
0.00932637
0.00525399
0.00576353
0.00525382
0.00576302
0.00627748
0.00679756
0.00627673
0.00679683
0.0052536
0.00576239
0.00525339
0.00576175
0.00627577
0.00679575
0.00627474
0.00679446
0.00732271
0.00784754
0.00732247
0.00784825
0.0083625
0.00885753
0.00836419
0.00885971
0.00732163
0.00784798
0.00732032
0.00784695
0.0083646
0.00886055
0.00836407
0.00886049
0.00525319
0.00576117
0.00525304
0.00576069
0.00627377
0.00679317
0.00627296
0.00679207
0.00525293
0.00576037
0.00525288
0.0057602
0.0062724
0.00679131
0.00627212
0.00679092
0.00731889
0.00784569
0.00731766
0.00784459
0.00836323
0.00886014
0.00836249
0.00885979
0.00731681
0.00784382
0.00731638
0.00784343
0.00836196
0.00885955
0.0083617
0.00885941
0.0093278
0.00933022
0.00933055
0.00933105
0.00933077
0.00933073
0.0093306
0.00933054
0.000669459
0.000669406
0.000669272
0.000669231
0.000668947
0.000669455
0.000669779
0.000672199
0.00114059
0.0016383
0.00114046
0.00163804
0.00215657
0.00268362
0.00215618
0.00268319
0.00114021
0.00163751
0.00113986
0.00163677
0.00215541
0.00268233
0.00215431
0.00268111
0.00320908
0.00372787
0.00320869
0.0037276
0.00423979
0.00474712
0.00423963
0.00474707
0.00320793
0.00372704
0.00320683
0.00372623
0.00423931
0.00474696
0.00423883
0.00474681
0.00113951
0.00163593
0.00113945
0.0016354
0.00215305
0.00267968
0.00215202
0.00267837
0.00114029
0.00163581
0.00114247
0.0016375
0.00215175
0.00267753
0.00215245
0.00267729
0.00320554
0.00372526
0.00320425
0.00372424
0.00423825
0.00474662
0.00423762
0.00474641
0.00320317
0.00372327
0.00320244
0.00372252
0.00423699
0.00474619
0.00423648
0.00474602
0.00067363
0.00114434
0.00163903
0.00215341
0.00267735
0.0032025
0.00372248
0.00423656
0.00474606
0.00525288
0.0057602
0.00525293
0.00576037
0.00627212
0.00679092
0.0062724
0.00679131
0.00525304
0.00576069
0.00525319
0.00576117
0.00627296
0.00679207
0.00627377
0.00679317
0.00731638
0.00784343
0.00731681
0.00784382
0.0083617
0.00885941
0.00836196
0.00885955
0.00731766
0.00784459
0.00731889
0.00784569
0.00836249
0.00885979
0.00836323
0.00886014
0.00525339
0.00576175
0.0052536
0.00576239
0.00627474
0.00679446
0.00627577
0.00679575
0.00525382
0.00576302
0.00525399
0.00576353
0.00627673
0.00679683
0.00627748
0.00679756
0.00732032
0.00784695
0.00732163
0.00784798
0.00836407
0.00886049
0.0083646
0.00886055
0.00732247
0.00784825
0.00732271
0.00784754
0.00836419
0.00885971
0.0083625
0.00885753
0.00933054
0.00933059
0.00933073
0.00933077
0.00933105
0.00933055
0.00933022
0.0093278
0.00525396
0.00576345
0.00627753
0.0067975
0.00732265
0.00784659
0.00836097
0.00885566
0.00932637
0.000672076
0.000220712
0.0011405
0.000223177
0.00163566
0.00215301
0.00267674
0.00320469
0.00372422
0.00423833
0.00474663
0.00525337
0.000218917
0.000221266
0.000219334
0.000220518
0.000220137
0.000220455
0.000220454
0.000220453
0.00576167
0.00627578
0.00679531
0.00732326
0.00784699
0.00836434
0.0088595
0.00932792
0.00977929
0.00977682
0.00978108
0.00977873
0.00978067
0.00977948
0.00977986
0.00977955
0.00977955
0.00977955
0.000220455
0.000220137
0.000220518
0.000219334
0.000221266
0.000218917
0.000223177
0.000220712
0.000672076
0.0011405
0.00163566
0.00215301
0.00267674
0.00320469
0.00372422
0.00423833
0.00474663
0.00525337
0.00977954
0.00977986
0.00977948
0.00978067
0.00977873
0.00978108
0.00977682
0.00977929
0.00576167
0.00627578
0.00679531
0.00732326
0.00784699
0.00836434
0.0088595
0.00932792
0.000219826
0.00978017
0.000219826
0.00978017
)
;
    }
    wall
    {
        type            calculated;
        value           nonuniform List<scalar> 
8000
(
0
0
0
0
0
0
0
0
0
0
0
0
0
0
0
0
0
0
0
0
0
0
0
0
0
0
0
0
0
0
0
0
0
0
0
0
0
0
0
0
0
0
0
0
0
0
0
0
0
0
0
0
0
0
0
0
0
0
0
0
0
0
0
0
0
0
0
0
0
0
0
0
0
0
0
0
0
0
0
0
0
0
0
0
0
0
0
0
0
0
0
0
0
0
0
0
0
0
0
0
0
0
0
0
0
0
0
0
0
0
0
0
0
0
0
0
0
0
0
0
0
0
0
0
0
0
0
0
0
0
0
0
0
0
0
0
0
0
0
0
0
0
0
0
0
0
0
0
0
0
0
0
0
0
0
0
0
0
0
0
0
0
0
0
0
0
0
0
0
0
0
0
0
0
0
0
0
0
0
0
0
0
0
0
0
0
0
0
0
0
0
0
0
0
0
0
0
0
0
0
0
0
0
0
0
0
0
0
0
0
0
0
0
0
0
0
0
0
0
0
0
0
0
0
0
0
0
0
0
0
0
0
0
0
0
0
0
0
0
0
0
0
0
0
0
0
0
0
0
0
0
0
0
0
0
0
0
0
0
0
0
0
0
0
0
0
0
0
0
0
0
0
0
0
0
0
0
0
0
0
0
0
0
0
0
0
0
0
0
0
0
0
0
0
0
0
0
0
0
0
0
0
0
0
0
0
0
0
0
0
0
0
0
0
0
0
0
0
0
0
0
0
0
0
0
0
0
0
0
0
0
0
0
0
0
0
0
0
0
0
0
0
0
0
0
0
0
0
0
0
0
0
0
0
0
0
0
0
0
0
0
0
0
0
0
0
0
0
0
0
0
0
0
0
0
0
0
0
0
0
0
0
0
0
0
0
0
0
0
0
0
0
0
0
0
0
0
0
0
0
0
0
0
0
0
0
0
0
0
0
0
0
0
0
0
0
0
0
0
0
0
0
0
0
0
0
0
0
0
0
0
0
0
0
0
0
0
0
0
0
0
0
0
0
0
0
0
0
0
0
0
0
0
0
0
0
0
0
0
0
0
0
0
0
0
0
0
0
0
0
0
0
0
0
0
0
0
0
0
0
0
0
0
0
0
0
0
0
0
0
0
0
0
0
0
0
0
0
0
0
0
0
0
0
0
0
0
0
0
0
0
0
0
0
0
0
0
0
0
0
0
0
0
0
0
0
0
0
0
0
0
0
0
0
0
0
0
0
0
0
0
0
0
0
0
0
0
0
0
0
0
0
0
0
0
0
0
0
0
0
0
0
0
0
0
0
0
0
0
0
0
0
0
0
0
0
0
0
0
0
0
0
0
0
0
0
0
0
0
0
0
0
0
0
0
0
0
0
0
0
0
0
0
0
0
0
0
0
0
0
0
0
0
0
0
0
0
0
0
0
0
0
0
0
0
0
0
0
0
0
0
0
0
0
0
0
0
0
0
0
0
0
0
0
0
0
0
0
0
0
0
0
0
0
0
0
0
0
0
0
0
0
0
0
0
0
0
0
0
0
0
0
0
0
0
0
0
0
0
0
0
0
0
0
0
0
0
0
0
0
0
0
0
0
0
0
0
0
0
0
0
0
0
0
0
0
0
0
0
0
0
0
0
0
0
0
0
0
0
0
0
0
0
0
0
0
0
0
0
0
0
0
0
0
0
0
0
0
0
0
0
0
0
0
0
0
0
0
0
0
0
0
0
0
0
0
0
0
0
0
0
0
0
0
0
0
0
0
0
0
0
0
0
0
0
0
0
0
0
0
0
0
0
0
0
0
0
0
0
0
0
0
0
0
0
0
0
0
0
0
0
0
0
0
0
0
0
0
0
0
0
0
0
0
0
0
0
0
0
0
0
0
0
0
0
0
0
0
0
0
0
0
0
0
0
0
0
0
0
0
0
0
0
0
0
0
0
0
0
0
0
0
0
0
0
0
0
0
0
0
0
0
0
0
0
0
0
0
0
0
0
0
0
0
0
0
0
0
0
0
0
0
0
0
0
0
0
0
0
0
0
0
0
0
0
0
0
0
0
0
0
0
0
0
0
0
0
0
0
0
0
0
0
0
0
0
0
0
0
0
0
0
0
0
0
0
0
0
0
0
0
0
0
0
0
0
0
0
0
0
0
0
0
0
0
0
0
0
0
0
0
0
0
0
0
0
0
0
0
0
0
0
0
0
0
0
0
0
0
0
0
0
0
0
0
0
0
0
0
0
0
0
0
0
0
0
0
0
0
0
0
0
0
0
0
0
0
0
0
0
0
0
0
0
0
0
0
0
0
0
0
0
0
0
0
0
0
0
0
0
0
0
0
0
0
0
0
0
0
0
0
0
0
0
0
0
0
0
0
0
0
0
0
0
0
0
0
0
0
0
0
0
0
0
0
0
0
0
0
0
0
0
0
0
0
0
0
0
0
0
0
0
0
0
0
0
0
0
0
0
0
0
0
0
0
0
0
0
0
0
0
0
0
0
0
0
0
0
0
0
0
0
0
0
0
0
0
0
0
0
0
0
0
0
0
0
0
0
0
0
0
0
0
0
0
0
0
0
0
0
0
0
0
0
0
0
0
0
0
0
0
0
0
0
0
0
0
0
0
0
0
0
0
0
0
0
0
0
0
0
0
0
0
0
0
0
0
0
0
0
0
0
0
0
0
0
0
0
0
0
0
0
0
0
0
0
0
0
0
0
0
0
0
0
0
0
0
0
0
0
0
0
0
0
0
0
0
0
0
0
0
0
0
0
0
0
0
0
0
0
0
0
0
0
0
0
0
0
0
0
0
0
0
0
0
0
0
0
0
0
0
0
0
0
0
0
0
0
0
0
0
0
0
0
0
0
0
0
0
0
0
0
0
0
0
0
0
0
0
0
0
0
0
0
0
0
0
0
0
0
0
0
0
0
0
0
0
0
0
0
0
0
0
0
0
0
0
0
0
0
0
0
0
0
0
0
0
0
0
0
0
0
0
0
0
0
0
0
0
0
0
0
0
0
0
0
0
0
0
0
0
0
0
0
0
0
0
0
0
0
0
0
0
0
0
0
0
0
0
0
0
0
0
0
0
0
0
0
0
0
0
0
0
0
0
0
0
0
0
0
0
0
0
0
0
0
0
0
0
0
0
0
0
0
0
0
0
0
0
0
0
0
0
0
0
0
0
0
0
0
0
0
0
0
0
0
0
0
0
0
0
0
0
0
0
0
0
0
0
0
0
0
0
0
0
0
0
0
0
0
0
0
0
0
0
0
0
0
0
0
0
0
0
0
0
0
0
0
0
0
0
0
0
0
0
0
0
0
0
0
0
0
0
0
0
0
0
0
0
0
0
0
0
0
0
0
0
0
0
0
0
0
0
0
0
0
0
0
0
0
0
0
0
0
0
0
0
0
0
0
0
0
0
0
0
0
0
0
0
0
0
0
0
0
0
0
0
0
0
0
0
0
0
0
0
0
0
0
0
0
0
0
0
0
0
0
0
0
0
0
0
0
0
0
0
0
0
0
0
0
0
0
0
0
0
0
0
0
0
0
0
0
0
0
0
0
0
0
0
0
0
0
0
0
0
0
0
0
0
0
0
0
0
0
0
0
0
0
0
0
0
0
0
0
0
0
0
0
0
0
0
0
0
0
0
0
0
0
0
0
0
0
0
0
0
0
0
0
0
0
0
0
0
0
0
0
0
0
0
0
0
0
0
0
0
0
0
0
0
0
0
0
0
0
0
0
0
0
0
0
0
0
0
0
0
0
0
0
0
0
0
0
0
0
0
0
0
0
0
0
0
0
0
0
0
0
0
0
0
0
0
0
0
0
0
0
0
0
0
0
0
0
0
0
0
0
0
0
0
0
0
0
0
0
0
0
0
0
0
0
0
0
0
0
0
0
0
0
0
0
0
0
0
0
0
0
0
0
0
0
0
0
0
0
0
0
0
0
0
0
0
0
0
0
0
0
0
0
0
0
0
0
0
0
0
0
0
0
0
0
0
0
0
0
0
0
0
0
0
0
0
0
0
0
0
0
0
0
0
0
0
0
0
0
0
0
0
0
0
0
0
0
0
0
0
0
0
0
0
0
0
0
0
0
0
0
0
0
0
0
0
0
0
0
0
0
0
0
0
0
0
0
0
0
0
0
0
0
0
0
0
0
0
0
0
0
0
0
0
0
0
0
0
0
0
0
0
0
0
0
0
0
0
0
0
0
0
0
0
0
0
0
0
0
0
0
0
0
0
0
0
0
0
0
0
0
0
0
0
0
0
0
0
0
0
0
0
0
0
0
0
0
0
0
0
0
0
0
0
0
0
0
0
0
0
0
0
0
0
0
0
0
0
0
0
0
0
0
0
0
0
0
0
0
0
0
0
0
0
0
0
0
0
0
0
0
0
0
0
0
0
0
0
0
0
0
0
0
0
0
0
0
0
0
0
0
0
0
0
0
0
0
0
0
0
0
0
0
0
0
0
0
0
0
0
0
0
0
0
0
0
0
0
0
0
0
0
0
0
0
0
0
0
0
0
0
0
0
0
0
0.01
0.01
0.01
0.01
0.01
0.01
0.01
0.01
0.01
0.01
0.01
0.01
0.01
0.01
0.01
0.01
0.01
0.01
0.01
0.01
0.01
0.01
0.01
0.01
0.01
0.01
0.01
0.01
0.01
0.01
0.01
0.01
0.01
0.01
0.01
0.01
0.01
0.01
0.01
0.01
0.01
0.01
0.01
0.01
0.01
0.01
0.01
0.01
0.01
0.01
0.01
0.01
0.01
0.01
0.01
0.01
0.01
0.01
0.01
0.01
0.01
0.01
0.01
0.01
0.01
0.01
0.01
0.01
0.01
0.01
0.01
0.01
0.01
0.01
0.01
0.01
0.01
0.01
0.01
0.01
0.01
0.01
0.01
0.01
0.01
0.01
0.01
0.01
0.01
0.01
0.01
0.01
0.01
0.01
0.01
0.01
0.01
0.01
0.01
0.01
0.01
0.01
0.01
0.01
0.01
0.01
0.01
0.01
0.01
0.01
0.01
0.01
0.01
0.01
0.01
0.01
0.01
0.01
0.01
0.01
0.01
0.01
0.01
0.01
0.01
0.01
0.01
0.01
0.01
0.01
0.01
0.01
0.01
0.01
0.01
0.01
0.01
0.01
0.01
0.01
0.01
0.01
0.01
0.01
0.01
0.01
0.01
0.01
0.01
0.01
0.01
0.01
0.01
0.01
0.01
0.01
0.01
0.01
0.01
0.01
0.01
0.01
0.01
0.01
0.01
0.01
0.01
0.01
0.01
0.01
0.01
0.01
0.01
0.01
0.01
0.01
0.01
0.01
0.01
0.01
0.01
0.01
0.01
0.01
0.01
0.01
0.01
0.01
0.01
0.01
0.01
0.01
0.01
0.01
0.01
0.01
0.01
0.01
0.01
0.01
0.01
0.01
0.01
0.01
0.01
0.01
0.01
0.01
0.01
0.01
0.01
0.01
0.01
0.01
0.01
0.01
0.01
0.01
0.01
0.01
0.01
0.01
0.01
0.01
0.01
0.01
0.01
0.01
0.01
0.01
0.01
0.01
0.01
0.01
0.01
0.01
0.01
0.01
0.01
0.01
0.01
0.01
0.01
0.01
0.01
0.01
0.01
0.01
0.01
0.01
0.01
0.01
0.01
0.01
0.01
0.01
0.01
0.01
0.01
0.01
0.01
0.01
0.01
0.01
0.01
0.01
0.01
0.01
0.01
0.01
0.01
0.01
0.01
0.01
0.01
0.01
0.01
0.01
0.01
0.01
0.01
0.01
0.01
0.01
0.01
0.01
0.01
0.01
0.01
0.01
0.01
0.01
0.01
0.01
0.01
0.01
0.01
0.01
0.01
0.01
0.01
0.01
0.01
0.01
0.01
0.01
0.01
0.01
0.01
0.01
0.01
0.01
0.01
0.01
0.01
0.01
0.01
0.01
0.01
0.01
0.01
0.01
0.01
0.01
0.01
0.01
0.01
0.01
0.01
0.01
0.01
0.01
0.01
0.01
0.01
0.01
0.01
0.01
0.01
0.01
0.01
0.01
0.01
0.01
0.01
0.01
0.01
0.01
0.01
0.01
0.01
0.01
0.01
0.01
0.01
0.01
0.01
0.01
0.01
0.01
0.01
0.01
0.01
0.01
0.01
0.01
0.01
0.01
0.01
0.01
0.01
0.01
0.01
0.01
0.01
0.01
0.01
0.01
0.01
0.01
0.01
0.01
0.01
0.01
0.01
0.01
0.01
0.01
0.01
0.01
0.01
0.01
0.01
0.01
0.01
0.01
0.01
0.01
0.01
0.01
0.01
0.01
0.01
0.01
0.01
0.01
0.01
0.01
0.01
0.01
0.01
0.01
0.01
0.01
0.01
0.01
0.01
0.01
0.01
0.01
0.01
0.01
0.01
0.01
0.01
0.01
0.01
0.01
0.01
0.01
0.01
0.01
0.01
0.01
0.01
0.01
0.01
0.01
0.01
0.01
0.01
0.01
0.01
0.01
0.01
0.01
0.01
0.01
0.01
0.01
0.01
0.01
0.01
0.01
0.01
0.01
0.01
0.01
0.01
0.01
0.01
0.01
0.01
0.01
0.01
0.01
0.01
0.01
0.01
0.01
0.01
0.01
0.01
0.01
0.01
0.01
0.01
0.01
0.01
0.01
0.01
0.01
0.01
0.01
0.01
0.01
0.01
0.01
0.01
0.01
0.01
0.01
0.01
0.01
0.01
0.01
0.01
0.01
0.01
0.01
0.01
0.01
0.01
0.01
0.01
0.01
0.01
0.01
0.01
0.01
0.01
0.01
0.01
0.01
0.01
0.01
0.01
0.01
0.01
0.01
0.01
0.01
0.01
0.01
0.01
0.01
0.01
0.01
0.01
0.01
0.01
0.01
0.01
0.01
0.01
0.01
0.01
0.01
0.01
0.01
0.01
0.01
0.01
0.01
0.01
0.01
0.01
0.01
0.01
0.01
0.01
0.01
0.01
0.01
0.01
0.01
0.01
0.01
0.01
0.01
0.01
0.01
0.01
0.01
0.01
0.01
0.01
0.01
0.01
0.01
0.01
0.01
0.01
0.01
0.01
0.01
0.01
0.01
0.01
0.01
0.01
0.01
0.01
0.01
0.01
0.01
0.01
0.01
0.01
0.01
0.01
0.01
0.01
0.01
0.01
0.01
0.01
0.01
0.01
0.01
0.01
0.01
0.01
0.01
0.01
0.01
0.01
0.01
0.01
0.01
0.01
0.01
0.01
0.01
0.01
0.01
0.01
0.01
0.01
0.01
0.01
0.01
0.01
0.01
0.01
0.01
0.01
0.01
0.01
0.01
0.01
0.01
0.01
0.01
0.01
0.01
0.01
0.01
0.01
0.01
0.01
0.01
0.01
0.01
0.01
0.01
0.01
0.01
0.01
0.01
0.01
0.01
0.01
0.01
0.01
0.01
0.01
0.01
0.01
0.01
0.01
0.01
0.01
0.01
0.01
0.01
0.01
0.01
0.01
0.01
0.01
0.01
0.01
0.01
0.01
0.01
0.01
0.01
0.01
0.01
0.01
0.01
0.01
0.01
0.01
0.01
0.01
0.01
0.01
0.01
0.01
0.01
0.01
0.01
0.01
0.01
0.01
0.01
0.01
0.01
0.01
0.01
0.01
0.01
0.01
0.01
0.01
0.01
0.01
0.01
0.01
0.01
0.01
0.01
0.01
0.01
0.01
0.01
0.01
0.01
0.01
0.01
0.01
0.01
0.01
0.01
0.01
0.01
0.01
0.01
0.01
0.01
0.01
0.01
0.01
0.01
0.01
0.01
0.01
0.01
0.01
0.01
0.01
0.01
0.01
0.01
0.01
0.01
0.01
0.01
0.01
0.01
0.01
0.01
0.01
0.01
0.01
0.01
0.01
0.01
0.01
0.01
0.01
0.01
0.01
0.01
0.01
0.01
0.01
0.01
0.01
0.01
0.01
0.01
0.01
0.01
0.01
0.01
0.01
0.01
0.01
0.01
0.01
0.01
0.01
0.01
0.01
0.01
0.01
0.01
0.01
0.01
0.01
0.01
0.01
0.01
0.01
0.01
0.01
0.01
0.01
0.01
0.01
0.01
0.01
0.01
0.01
0.01
0.01
0.01
0.01
0.01
0.01
0.01
0.01
0.01
0.01
0.01
0.01
0.01
0.01
0.01
0.01
0.01
0.01
0.01
0.01
0.01
0.01
0.01
0.01
0.01
0.01
0.01
0.01
0.01
0.01
0.01
0.01
0.01
0.01
0.01
0.01
0.01
0.01
0.01
0.01
0.01
0.01
0.01
0.01
0.01
0.01
0.01
0.01
0.01
0.01
0.01
0.01
0.01
0.01
0.01
0.01
0.01
0.01
0.01
0.01
0.01
0.01
0.01
0.01
0.01
0.01
0.01
0.01
0.01
0.01
0.01
0.01
0.01
0.01
0.01
0.01
0.01
0.01
0.01
0.01
0.01
0.01
0.01
0.01
0.01
0.01
0.01
0.01
0.01
0.01
0.01
0.01
0.01
0.01
0.01
0.01
0.01
0.01
0.01
0.01
0.01
0.01
0.01
0.01
0.01
0.01
0.01
0.01
0.01
0.01
0.01
0.01
0.01
0.01
0.01
0.01
0.01
0.01
0.01
0.01
0.01
0.01
0.01
0.01
0.01
0.01
0.01
0.01
0.01
0.01
0.01
0.01
0.01
0.01
0.01
0.01
0.01
0.01
0.01
0.01
0.01
0.01
0.01
0.01
0.01
0.01
0.01
0.01
0.01
0.01
0.01
0.01
0.01
0.01
0.01
0.01
0.01
0.01
0.01
0.01
0.01
0.01
0.01
0.01
0.01
0.01
0.01
0.01
0.01
0.01
0.01
0.01
0.01
0.01
0.01
0.01
0.01
0.01
0.01
0.01
0.01
0.01
0.01
0.01
0.01
0.01
0.01
0.01
0.01
0.01
0.01
0.01
0.01
0.01
0.01
0.01
0.01
0.01
0.01
0.01
0.01
0.01
0.01
0.01
0.01
0.01
0.01
0.01
0.01
0.01
0.01
0.01
0.01
0.01
0.01
0.01
0.01
0.01
0.01
0.01
0.01
0.01
0.01
0.01
0.01
0.01
0.01
0.01
0.01
0.01
0.01
0.01
0.01
0.01
0.01
0.01
0.01
0.01
0.01
0.01
0.01
0.01
0.01
0.01
0.01
0.01
0.01
0.01
0.01
0.01
0.01
0.01
0.01
0.01
0.01
0.01
0.01
0.01
0.01
0.01
0.01
0.01
0.01
0.01
0.01
0.01
0.01
0.01
0.01
0.01
0.01
0.01
0.01
0.01
0.01
0.01
0.01
0.01
0.01
0.01
0.01
0.01
0.01
0.01
0.01
0.01
0.01
0.01
0.01
0.01
0.01
0.01
0.01
0.01
0.01
0.01
0.01
0.01
0.01
0.01
0.01
0.01
0.01
0.01
0.01
0.01
0.01
0.01
0.01
0.01
0.01
0.01
0.01
0.01
0.01
0.01
0.01
0.01
0.01
0.01
0.01
0.01
0.01
0.01
0.01
0.01
0.01
0.01
0.01
0.01
0.01
0.01
0.01
0.01
0.01
0.01
0.01
0.01
0.01
0.01
0.01
0.01
0.01
0.01
0.01
0.01
0.01
0.01
0.01
0.01
0.01
0.01
0.01
0.01
0.01
0.01
0.01
0.01
0.01
0.01
0.01
0.01
0.01
0.01
0.01
0.01
0.01
0.01
0.01
0.01
0.01
0.01
0.01
0.01
0.01
0.01
0.01
0.01
0.01
0.01
0.01
0.01
0.01
0.01
0.01
0.01
0.01
0.01
0.01
0.01
0.01
0.01
0.01
0.01
0.01
0.01
0.01
0.01
0.01
0.01
0.01
0.01
0.01
0.01
0.01
0.01
0.01
0.01
0.01
0.01
0.01
0.01
0.01
0.01
0.01
0.01
0.01
0.01
0.01
0.01
0.01
0.01
0.01
0.01
0.01
0.01
0.01
0.01
0.01
0.01
0.01
0.01
0.01
0.01
0.01
0.01
0.01
0.01
0.01
0.01
0.01
0.01
0.01
0.01
0.01
0.01
0.01
0.01
0.01
0.01
0.01
0.01
0.01
0.01
0.01
0.01
0.01
0.01
0.01
0.01
0.01
0.01
0.01
0.01
0.01
0.01
0.01
0.01
0.01
0.01
0.01
0.01
0.01
0.01
0.01
0.01
0.01
0.01
0.01
0.01
0.01
0.01
0.01
0.01
0.01
0.01
0.01
0.01
0.01
0.01
0.01
0.01
0.01
0.01
0.01
0.01
0.01
0.01
0.01
0.01
0.01
0.01
0.01
0.01
0.01
0.01
0.01
0.01
0.01
0.01
0.01
0.01
0.01
0.01
0.01
0.01
0.01
0.01
0.01
0.01
0.01
0.01
0.01
0.01
0.01
0.01
0.01
0.01
0.01
0.01
0.01
0.01
0.01
0.01
0.01
0.01
0.01
0.01
0.01
0.01
0.01
0.01
0.01
0.01
0.01
0.01
0.01
0.01
0.01
0.01
0.01
0.01
0.01
0.01
0.01
0.01
0.01
0.01
0.01
0.01
0.01
0.01
0.01
0.01
0.01
0.01
0.01
0.01
0.01
0.01
0.01
0.01
0.01
0.01
0.01
0.01
0.01
0.01
0.01
0.01
0.01
0.01
0.01
0.01
0.01
0.01
0.01
0.01
0.01
0.01
0.01
0.01
0.01
0.01
0.01
0.01
0.01
0.01
0.01
0.01
0.01
0.01
0.01
0.01
0.01
0.01
0.01
0.01
0.01
0.01
0.01
0.01
0.01
0.01
0.01
0.01
0.01
0.01
0.01
0.01
0.01
0.01
0.01
0.01
0.01
0.01
0.01
0.01
0.01
0.01
0.01
0.01
0.01
0.01
0.01
0.01
0.01
0.01
0.01
0.01
0.01
0.01
0.01
0.01
0.01
0.01
0.01
0.01
0.01
0.01
0.01
0.01
0.01
0.01
0.01
0.01
0.01
0.01
0.01
0.01
0.01
0.01
0.01
0.01
0.01
0.01
0.01
0.01
0.01
0.01
0.01
0.01
0.01
0.01
0.01
0.01
0.01
0.01
0.01
0.01
0.01
0.01
0.01
0.01
0.01
0.01
0.01
0.01
0.01
0.01
0.01
0.01
0.01
0.01
0.01
0.01
0.01
0.01
0.01
0.01
0.01
0.01
0.01
0.01
0.01
0.01
0.01
0.01
0.01
0.01
0.01
0.01
0.01
0.01
0.01
0.01
0.01
0.01
0.01
0.01
0.01
0.01
0.01
0.01
0.01
0.01
0.01
0.01
0.01
0.01
0.01
0.01
0.01
0.01
0.01
0.01
0.01
0.01
0.01
0.01
0.01
0.01
0.01
0.01
0.01
0.01
0.01
0.01
0.01
0.01
0.01
0.01
0.01
0.01
0.01
0.01
0.01
0.01
0.01
0.01
0.01
0.01
0.01
0.01
0.01
0.01
0.01
0.01
0.01
0.01
0.01
0.01
0.01
0.01
0.01
0.01
0.01
0.01
0.01
0.01
0.01
0.01
0.01
0.01
0.01
0.01
0.01
0.01
0.01
0.01
0.01
0.01
0.01
0.01
0.01
0.01
0.01
0.01
0.01
0.01
0.01
0.01
0.01
0.01
0.01
0.01
0.01
0.01
0.01
0.01
0.01
0.01
0.01
0.01
0.01
0.01
0.01
0.01
0.01
0.01
0.01
0.01
0.01
0.01
0.01
0.01
0.01
0.01
0.01
0.01
0.01
0.01
0.01
0.01
0.01
0.01
0.01
0.01
0.01
0.01
0.01
0.01
0.01
0.01
0.01
0.01
0.01
0.01
0.01
0.01
0.01
0.01
0.01
0.01
0.01
0.01
0.01
0.01
0.01
0.01
0.01
0.01
0.01
0.01
0.01
0.01
0.01
0.01
0.01
0.01
0.01
0.01
0.01
0.01
0.01
0.01
0.01
0.01
0.01
0.01
0.01
0.01
0.01
0.01
0.01
0.01
0.01
0.01
0.01
0.01
0.01
0.01
0.01
0.01
0.01
0.01
0.01
0.01
0.01
0.01
0.01
0.01
0.01
0.01
0.01
0.01
0.01
0.01
0.01
0.01
0.01
0.01
0.01
0.01
0.01
0.01
0.01
0.01
0.01
0.01
0.01
0.01
0.01
0.01
0.01
0.01
0.01
0.01
0.01
0.01
0.01
0.01
0.01
0.01
0.01
0.01
0.01
0.01
0.01
0.01
0.01
0.01
0.01
0.01
0.01
0.01
0.01
0.01
0.01
0.01
0.01
0.01
0.01
0.01
0.01
0.01
0.01
0.01
0.01
0.01
0.01
0.01
0.01
0.01
0.01
0.01
0.01
0.01
0.01
0.01
0.01
0.01
0.01
0.01
0.01
0.01
0.01
0.01
0.01
0.01
0.01
0.01
0.01
0.01
0.01
0.01
0.01
0.01
0.01
0.01
0.01
0.01
0.01
0.01
0.01
0.01
0.01
0.01
0.01
0.01
0.01
0.01
0.01
0.01
0.01
0.01
0.01
0.01
0.01
0.01
0.01
0.01
0.01
0.01
0.01
0.01
0.01
0.01
0.01
0.01
0.01
0.01
0.01
0.01
0.01
0.01
0.01
0.01
0.01
0.01
0.01
0.01
0.01
0.01
0.01
0.01
0.01
0.01
0.01
0.01
0.01
0.01
0.01
0.01
0.01
0.01
0.01
0.01
0.01
0.01
0.01
0.01
0.01
0.01
0.01
0.01
0.01
0.01
0.01
0.01
0.01
0.01
0.01
0.01
0.01
0.01
0.01
0.01
0.01
0.01
0.01
0.01
0.01
0.01
0.01
0.01
0.01
0.01
0.01
0.01
0.01
0.01
0.01
0.01
0.01
0.01
0.01
0.01
0.01
0.01
0.01
0.01
0.01
0.01
0.01
0.01
0.01
0.01
0.01
0.01
0.01
0.01
0.01
0.01
0.01
0.01
0.01
0.01
0.01
0.01
0.01
0.01
0.01
0.01
0.01
0.01
0.01
0.01
0.01
0.01
0.01
0.01
0.01
0.01
0.01
0.01
0.01
0.01
0.01
0.01
0.01
0.01
0.01
0.01
0.01
0.01
0.01
0.01
0.01
0.01
0.01
0.01
0.01
0.01
0.01
0.01
0.01
0.01
0.01
0.01
0.01
0.01
0.01
0.01
0.01
0.01
0.01
0.01
0.01
0.01
0.01
0.01
0.01
0.01
0.01
0.01
0.01
0.01
0.01
0.01
0.01
0.01
0.01
0.01
0.01
0.01
0.01
0.01
0.01
0.01
0.01
0.01
0.01
0.01
0.01
0.01
0.01
0.01
0.01
0.01
0.01
0.01
0.01
0.000673633
0.00114435
0.00163903
0.00215341
0.00267735
0.0032025
0.00372247
0.00423655
0.00474605
0.000672202
0.000669781
0.000669455
0.000668947
0.000669231
0.000669274
0.000669418
0.000669495
0.00114247
0.0016375
0.00114029
0.00163581
0.00215246
0.00267729
0.00215175
0.00267753
0.00113945
0.0016354
0.00113952
0.00163594
0.00215202
0.00267838
0.00215306
0.00267969
0.00320244
0.00372251
0.00320317
0.00372327
0.00423647
0.00474602
0.00423698
0.00474619
0.00320425
0.00372424
0.00320555
0.00372526
0.00423762
0.00474641
0.00423825
0.00474662
0.00113987
0.00163679
0.00114024
0.00163757
0.00215433
0.00268113
0.00215548
0.0026824
0.00114053
0.00163816
0.00114074
0.00163857
0.00215634
0.00268335
0.00215692
0.00268398
0.00320686
0.00372624
0.00320799
0.00372707
0.00423884
0.00474681
0.00423933
0.00474697
0.00320883
0.00372769
0.00320937
0.00372808
0.00423968
0.00474708
0.00423991
0.00474716
0.000669551
0.000669574
0.000669583
0.000669585
0.000669586
0.000669586
0.000669585
0.000669586
0.00114088
0.00163883
0.00114097
0.00163897
0.00215726
0.00268434
0.00215745
0.00268453
0.00114101
0.00163904
0.00114103
0.00163907
0.00215754
0.00268463
0.00215758
0.00268467
0.00320969
0.00372831
0.00320985
0.00372842
0.00424004
0.0047472
0.00424011
0.00474722
0.00320993
0.00372847
0.00320996
0.0037285
0.00424014
0.00474723
0.00424015
0.00474723
0.00114104
0.00163909
0.00114104
0.00163909
0.0021576
0.00268468
0.0021576
0.00268469
0.00114104
0.0016391
0.00114104
0.0016391
0.00215761
0.00268469
0.00215761
0.00268469
0.00320997
0.00372851
0.00320998
0.00372851
0.00424015
0.00474724
0.00424016
0.00474724
0.00320998
0.00372851
0.00320998
0.00372851
0.00424016
0.00474724
0.00424016
0.00474724
0.000669587
0.000669586
0.000669585
0.000669587
0.000669586
0.000669585
0.000669586
0.000669588
0.00114104
0.0016391
0.00114104
0.0016391
0.00215761
0.00268469
0.00215761
0.00268469
0.00114104
0.0016391
0.00114104
0.0016391
0.00215761
0.00268469
0.00215761
0.00268469
0.00320998
0.00372851
0.00320998
0.00372851
0.00424016
0.00474724
0.00424016
0.00474724
0.00320998
0.00372851
0.00320998
0.00372851
0.00424016
0.00474724
0.00424016
0.00474724
0.00114104
0.0016391
0.00114104
0.0016391
0.00215761
0.00268469
0.00215761
0.00268469
0.00114104
0.0016391
0.00114104
0.0016391
0.00215761
0.00268469
0.00215761
0.00268469
0.00320998
0.00372851
0.00320998
0.00372851
0.00424016
0.00474724
0.00424016
0.00474724
0.00320998
0.00372851
0.00320998
0.00372851
0.00424016
0.00474724
0.00424016
0.00474724
0.000669586
0.000669585
0.000669586
0.000669586
0.000669588
0.000669585
0.000669586
0.000669587
0.00114104
0.0016391
0.00114104
0.0016391
0.00215761
0.00268469
0.00215761
0.00268469
0.00114104
0.0016391
0.00114104
0.0016391
0.00215761
0.00268469
0.00215761
0.00268469
0.00320998
0.00372851
0.00320998
0.00372851
0.00424016
0.00474724
0.00424016
0.00474724
0.00320998
0.00372851
0.00320998
0.00372851
0.00424016
0.00474724
0.00424016
0.00474724
0.00114104
0.0016391
0.00114104
0.0016391
0.00215761
0.00268469
0.00215761
0.00268469
0.00114104
0.0016391
0.00114104
0.0016391
0.00215761
0.00268469
0.00215761
0.00268469
0.00320998
0.00372851
0.00320998
0.00372851
0.00424016
0.00474724
0.00424016
0.00474724
0.00320998
0.00372851
0.00320998
0.00372851
0.00424016
0.00474724
0.00424016
0.00474724
0.000669586
0.000669585
0.000669587
0.000669586
0.000669585
0.000669586
0.000669587
0.000669586
0.00114104
0.0016391
0.00114104
0.0016391
0.00215761
0.00268469
0.00215761
0.00268469
0.00114104
0.0016391
0.00114104
0.0016391
0.00215761
0.00268469
0.00215761
0.00268469
0.00320998
0.00372851
0.00320998
0.00372851
0.00424016
0.00474723
0.00424015
0.00474723
0.00320998
0.00372851
0.00320998
0.00372851
0.00424015
0.00474723
0.00424015
0.00474723
0.00114104
0.0016391
0.00114104
0.0016391
0.00215761
0.00268469
0.00215761
0.00268469
0.00114104
0.0016391
0.00114104
0.0016391
0.00215761
0.00268469
0.00215761
0.00268469
0.00320998
0.00372851
0.00320998
0.00372851
0.00424015
0.00474723
0.00424015
0.00474723
0.00320998
0.00372851
0.00320998
0.00372851
0.00424015
0.00474723
0.00424015
0.00474723
0.000669585
0.000669586
0.000669588
0.000669586
0.000669585
0.000669586
0.000669587
0.000669586
0.00114104
0.0016391
0.00114104
0.0016391
0.00215761
0.00268469
0.00215761
0.00268469
0.00114104
0.0016391
0.00114104
0.0016391
0.00215761
0.00268469
0.00215761
0.00268469
0.00320998
0.00372851
0.00320998
0.00372851
0.00424016
0.00474723
0.00424016
0.00474723
0.00320998
0.00372851
0.00320998
0.00372851
0.00424016
0.00474723
0.00424016
0.00474724
0.00114104
0.0016391
0.00114104
0.0016391
0.00215761
0.00268469
0.00215761
0.00268469
0.00114104
0.0016391
0.00114104
0.0016391
0.00215761
0.00268469
0.00215761
0.00268469
0.00320998
0.00372851
0.00320998
0.00372851
0.00424016
0.00474724
0.00424016
0.00474724
0.00320998
0.00372851
0.00320998
0.00372851
0.00424016
0.00474723
0.00424016
0.00474723
0.00525396
0.00576345
0.00627753
0.0067975
0.00732265
0.00784659
0.00836097
0.00885566
0.00932637
0.00525399
0.00576353
0.00525381
0.00576302
0.00627749
0.00679756
0.00627673
0.00679683
0.0052536
0.00576238
0.00525338
0.00576175
0.00627576
0.00679575
0.00627474
0.00679445
0.00732271
0.00784754
0.00732247
0.00784825
0.0083625
0.00885753
0.00836419
0.00885971
0.00732162
0.00784798
0.00732031
0.00784694
0.0083646
0.00886055
0.00836406
0.00886048
0.00525319
0.00576116
0.00525303
0.00576067
0.00627376
0.00679315
0.00627293
0.00679202
0.00525292
0.00576032
0.00525285
0.00576009
0.00627231
0.00679118
0.00627192
0.00679063
0.00731887
0.00784567
0.0073176
0.00784452
0.00836321
0.00886013
0.00836243
0.00885976
0.00731665
0.00784366
0.00731602
0.00784308
0.00836184
0.00885947
0.00836143
0.00885926
0.0093278
0.00933022
0.00933054
0.00933105
0.00933077
0.00933073
0.00933058
0.0093305
0.00525281
0.00575996
0.00525278
0.0057599
0.0062717
0.00679031
0.00627158
0.00679015
0.00525278
0.00575987
0.00525277
0.00575985
0.00627153
0.00679007
0.0062715
0.00679004
0.00731566
0.00784274
0.00731547
0.00784255
0.00836117
0.00885912
0.00836103
0.00885903
0.00731537
0.00784246
0.00731533
0.00784242
0.00836096
0.00885899
0.00836093
0.00885897
0.00525277
0.00575985
0.00525277
0.00575985
0.00627149
0.00679003
0.00627149
0.00679002
0.00525277
0.00575985
0.00525277
0.00575985
0.00627149
0.00679002
0.00627149
0.00679002
0.00731532
0.0078424
0.00731531
0.0078424
0.00836091
0.00885896
0.00836091
0.00885896
0.00731531
0.00784239
0.00731531
0.00784239
0.0083609
0.00885896
0.0083609
0.00885896
0.00933045
0.00933043
0.00933042
0.00933041
0.00933041
0.00933041
0.00933042
0.00933041
0.00525277
0.00575985
0.00525277
0.00575985
0.00627149
0.00679002
0.00627149
0.00679002
0.00525277
0.00575985
0.00525277
0.00575985
0.00627149
0.00679002
0.00627149
0.00679002
0.00731531
0.00784239
0.00731531
0.00784239
0.0083609
0.00885896
0.0083609
0.00885896
0.00731531
0.00784239
0.00731531
0.00784239
0.0083609
0.00885896
0.0083609
0.00885896
0.00525277
0.00575985
0.00525277
0.00575985
0.00627149
0.00679002
0.00627149
0.00679002
0.00525277
0.00575985
0.00525277
0.00575985
0.00627149
0.00679002
0.00627149
0.00679002
0.00731531
0.00784239
0.00731531
0.00784239
0.0083609
0.00885896
0.0083609
0.00885896
0.00731531
0.00784239
0.00731531
0.00784239
0.0083609
0.00885896
0.0083609
0.00885896
0.00933041
0.00933042
0.00933041
0.00933041
0.00933041
0.00933042
0.00933041
0.00933041
0.00525277
0.00575985
0.00525277
0.00575985
0.00627149
0.00679002
0.00627149
0.00679002
0.00525277
0.00575985
0.00525277
0.00575985
0.00627149
0.00679002
0.00627149
0.00679002
0.00731531
0.00784239
0.00731531
0.00784239
0.0083609
0.00885896
0.0083609
0.00885896
0.00731531
0.00784239
0.00731531
0.00784239
0.0083609
0.00885896
0.0083609
0.00885896
0.00525277
0.00575985
0.00525277
0.00575985
0.00627149
0.00679002
0.00627149
0.00679002
0.00525277
0.00575985
0.00525277
0.00575984
0.00627149
0.00679002
0.00627149
0.00679002
0.00731531
0.00784239
0.00731531
0.00784239
0.0083609
0.00885896
0.0083609
0.00885896
0.00731531
0.00784239
0.00731531
0.00784239
0.0083609
0.00885896
0.0083609
0.00885896
0.00933042
0.00933041
0.00933041
0.00933041
0.00933042
0.00933041
0.00933041
0.00933041
0.00525277
0.00575984
0.00525277
0.00575984
0.00627149
0.00679002
0.00627149
0.00679002
0.00525276
0.00575984
0.00525276
0.00575984
0.00627149
0.00679002
0.00627149
0.00679002
0.00731531
0.00784239
0.00731531
0.00784239
0.0083609
0.00885896
0.0083609
0.00885896
0.00731531
0.00784239
0.00731531
0.00784239
0.0083609
0.00885896
0.0083609
0.00885896
0.00525276
0.00575984
0.00525276
0.00575984
0.00627149
0.00679002
0.00627149
0.00679002
0.00525276
0.00575984
0.00525276
0.00575984
0.00627149
0.00679002
0.00627149
0.00679002
0.00731531
0.00784239
0.00731531
0.00784239
0.0083609
0.00885896
0.0083609
0.00885896
0.00731531
0.00784239
0.00731531
0.00784239
0.0083609
0.00885896
0.0083609
0.00885896
0.00933042
0.00933041
0.00933041
0.00933041
0.00933041
0.00933042
0.00933041
0.00933041
0.00525276
0.00575984
0.00525277
0.00575984
0.00627149
0.00679002
0.00627149
0.00679002
0.00525277
0.00575984
0.00525277
0.00575985
0.00627149
0.00679002
0.00627149
0.00679002
0.00731531
0.00784239
0.00731531
0.00784239
0.0083609
0.00885896
0.0083609
0.00885896
0.00731531
0.00784239
0.00731531
0.00784239
0.0083609
0.00885896
0.0083609
0.00885896
0.00525277
0.00575985
0.00525277
0.00575985
0.00627149
0.00679002
0.00627149
0.00679002
0.00525277
0.00575984
0.00525276
0.00575984
0.00627149
0.00679002
0.00627149
0.00679002
0.00731531
0.00784239
0.00731531
0.00784239
0.0083609
0.00885896
0.0083609
0.00885896
0.00731531
0.00784239
0.00731531
0.00784239
0.0083609
0.00885896
0.0083609
0.00885896
0.00933041
0.00933042
0.00933041
0.00933041
0.00933041
0.00933041
0.00933042
0.00933041
0.000669585
0.000669586
0.000669587
0.000669586
0.000669585
0.000669586
0.000669588
0.000669585
0.00114104
0.0016391
0.00114104
0.0016391
0.00215761
0.00268469
0.00215761
0.00268469
0.00114104
0.0016391
0.00114104
0.0016391
0.00215761
0.00268469
0.00215761
0.00268469
0.00320998
0.00372851
0.00320998
0.00372851
0.00424015
0.00474723
0.00424015
0.00474723
0.00320998
0.00372851
0.00320998
0.00372851
0.00424015
0.00474723
0.00424015
0.00474723
0.00114104
0.0016391
0.00114104
0.0016391
0.00215761
0.00268469
0.00215761
0.00268469
0.00114104
0.0016391
0.00114104
0.0016391
0.00215761
0.00268469
0.00215761
0.00268469
0.00320998
0.00372851
0.00320998
0.00372851
0.00424015
0.00474723
0.00424015
0.00474723
0.00320998
0.00372851
0.00320998
0.00372851
0.00424015
0.00474723
0.00424015
0.00474723
0.000669586
0.000669586
0.000669588
0.000669586
0.000669585
0.000669586
0.000669587
0.000669586
0.00114104
0.0016391
0.00114104
0.0016391
0.00215761
0.00268469
0.00215761
0.00268469
0.00114104
0.0016391
0.00114104
0.0016391
0.00215761
0.00268469
0.00215761
0.00268469
0.00320998
0.00372851
0.00320998
0.00372851
0.00424016
0.00474723
0.00424016
0.00474723
0.00320998
0.00372851
0.00320998
0.00372851
0.00424016
0.00474724
0.00424016
0.00474724
0.00114104
0.0016391
0.00114104
0.0016391
0.00215761
0.00268469
0.00215761
0.00268469
0.00114104
0.0016391
0.00114104
0.0016391
0.00215761
0.00268469
0.00215761
0.00268469
0.00320998
0.00372851
0.00320998
0.00372851
0.00424016
0.00474724
0.00424016
0.00474724
0.00320998
0.00372851
0.00320998
0.00372851
0.00424016
0.00474724
0.00424016
0.00474724
0.000669585
0.000669586
0.000669587
0.000669585
0.000669587
0.000669586
0.000669586
0.000669585
0.00114104
0.0016391
0.00114104
0.0016391
0.00215761
0.00268469
0.00215761
0.00268469
0.00114104
0.0016391
0.00114104
0.0016391
0.00215761
0.00268469
0.00215761
0.00268469
0.00320998
0.00372851
0.00320998
0.00372851
0.00424016
0.00474724
0.00424016
0.00474724
0.00320998
0.00372851
0.00320998
0.00372851
0.00424016
0.00474724
0.00424016
0.00474724
0.00114104
0.0016391
0.00114104
0.0016391
0.00215761
0.00268469
0.00215761
0.00268469
0.00114104
0.0016391
0.00114104
0.0016391
0.00215761
0.00268469
0.00215761
0.00268469
0.00320998
0.00372851
0.00320998
0.00372851
0.00424016
0.00474724
0.00424016
0.00474724
0.00320998
0.00372851
0.00320998
0.00372851
0.00424016
0.00474724
0.00424016
0.00474723
0.000669586
0.000669588
0.000669586
0.000669585
0.000669586
0.000669588
0.000669586
0.000669586
0.00114104
0.0016391
0.00114104
0.0016391
0.00215761
0.00268469
0.00215761
0.00268469
0.00114104
0.0016391
0.00114104
0.0016391
0.00215761
0.00268469
0.00215761
0.00268469
0.00320998
0.00372851
0.00320998
0.00372851
0.00424016
0.00474723
0.00424016
0.00474723
0.00320998
0.00372851
0.00320998
0.00372851
0.00424016
0.00474723
0.00424016
0.00474723
0.00114104
0.0016391
0.00114104
0.0016391
0.00215761
0.00268469
0.00215761
0.00268469
0.00114104
0.0016391
0.00114104
0.0016391
0.00215761
0.00268469
0.00215761
0.00268469
0.00320998
0.00372851
0.00320998
0.00372851
0.00424016
0.00474724
0.00424016
0.00474724
0.00320998
0.00372851
0.00320998
0.00372851
0.00424016
0.00474724
0.00424016
0.00474723
0.000669586
0.000669585
0.000669586
0.000669586
0.000669585
0.000669583
0.000669574
0.000669551
0.00114104
0.0016391
0.00114104
0.0016391
0.00215761
0.00268469
0.00215761
0.00268469
0.00114104
0.00163909
0.00114104
0.00163909
0.0021576
0.00268469
0.0021576
0.00268468
0.00320998
0.00372851
0.00320998
0.00372851
0.00424015
0.00474723
0.00424015
0.00474723
0.00320998
0.00372851
0.00320997
0.00372851
0.00424015
0.00474723
0.00424015
0.00474723
0.00114103
0.00163907
0.00114101
0.00163904
0.00215758
0.00268467
0.00215754
0.00268463
0.00114097
0.00163897
0.00114088
0.00163883
0.00215745
0.00268453
0.00215726
0.00268434
0.00320996
0.0037285
0.00320993
0.00372847
0.00424015
0.00474723
0.00424013
0.00474723
0.00320985
0.00372842
0.00320969
0.0037283
0.0042401
0.00474722
0.00424004
0.0047472
0.000669495
0.000669418
0.000669274
0.000669231
0.000668947
0.000669456
0.000669783
0.000672204
0.00114074
0.00163857
0.00114053
0.00163816
0.00215692
0.00268398
0.00215634
0.00268335
0.00114024
0.00163757
0.00113987
0.00163679
0.00215548
0.0026824
0.00215433
0.00268113
0.00320937
0.00372808
0.00320882
0.00372769
0.00423991
0.00474715
0.00423968
0.00474708
0.00320799
0.00372707
0.00320686
0.00372624
0.00423933
0.00474697
0.00423884
0.00474681
0.00113952
0.00163594
0.00113945
0.00163541
0.00215306
0.00267969
0.00215203
0.00267838
0.00114029
0.00163581
0.00114248
0.0016375
0.00215175
0.00267753
0.00215246
0.00267729
0.00320555
0.00372526
0.00320426
0.00372424
0.00423825
0.00474662
0.00423762
0.0047464
0.00320317
0.00372327
0.00320244
0.00372252
0.00423699
0.00474619
0.00423647
0.00474601
0.000673635
0.00114435
0.00163903
0.00215342
0.00267735
0.0032025
0.00372248
0.00423655
0.00474605
0.00525276
0.00575984
0.00525276
0.00575984
0.00627149
0.00679002
0.00627149
0.00679002
0.00525276
0.00575984
0.00525276
0.00575984
0.00627149
0.00679002
0.00627149
0.00679002
0.00731531
0.00784239
0.00731531
0.00784239
0.0083609
0.00885896
0.0083609
0.00885896
0.00731531
0.00784239
0.00731531
0.00784239
0.0083609
0.00885896
0.0083609
0.00885896
0.00525276
0.00575984
0.00525276
0.00575984
0.00627149
0.00679002
0.00627149
0.00679002
0.00525276
0.00575984
0.00525276
0.00575984
0.00627149
0.00679002
0.00627149
0.00679002
0.00731531
0.00784239
0.00731531
0.00784239
0.0083609
0.00885896
0.0083609
0.00885896
0.00731531
0.00784239
0.00731531
0.00784239
0.0083609
0.00885896
0.0083609
0.00885896
0.00933041
0.00933041
0.00933041
0.00933041
0.00933041
0.00933041
0.00933041
0.00933041
0.00525276
0.00575984
0.00525277
0.00575984
0.00627149
0.00679002
0.00627149
0.00679002
0.00525277
0.00575985
0.00525277
0.00575985
0.00627149
0.00679002
0.00627149
0.00679002
0.00731531
0.00784239
0.00731531
0.00784239
0.0083609
0.00885896
0.0083609
0.00885896
0.00731531
0.00784239
0.00731531
0.00784239
0.0083609
0.00885896
0.0083609
0.00885896
0.00525277
0.00575985
0.00525277
0.00575985
0.00627149
0.00679002
0.00627149
0.00679002
0.00525277
0.00575985
0.00525277
0.00575985
0.00627149
0.00679002
0.00627149
0.00679002
0.00731531
0.00784239
0.00731531
0.00784239
0.0083609
0.00885896
0.0083609
0.00885896
0.00731531
0.00784239
0.00731531
0.00784239
0.0083609
0.00885896
0.0083609
0.00885896
0.00933042
0.00933041
0.00933041
0.00933041
0.00933042
0.00933041
0.00933041
0.00933041
0.00525277
0.00575985
0.00525277
0.00575985
0.00627149
0.00679002
0.00627149
0.00679002
0.00525277
0.00575985
0.00525277
0.00575985
0.00627149
0.00679002
0.00627149
0.00679002
0.00731531
0.00784239
0.00731531
0.00784239
0.0083609
0.00885896
0.0083609
0.00885896
0.00731531
0.00784239
0.00731531
0.00784239
0.0083609
0.00885896
0.0083609
0.00885896
0.00525277
0.00575985
0.00525277
0.00575985
0.00627149
0.00679002
0.00627149
0.00679002
0.00525277
0.00575984
0.00525277
0.00575984
0.00627149
0.00679002
0.00627149
0.00679002
0.00731531
0.00784239
0.00731531
0.00784239
0.0083609
0.00885896
0.0083609
0.00885896
0.00731531
0.00784239
0.00731531
0.00784239
0.0083609
0.00885896
0.0083609
0.00885896
0.00933042
0.00933041
0.00933041
0.00933041
0.00933041
0.00933041
0.00933041
0.00933041
0.00525277
0.00575984
0.00525277
0.00575984
0.00627149
0.00679002
0.00627149
0.00679002
0.00525277
0.00575984
0.00525277
0.00575985
0.00627149
0.00679002
0.00627149
0.00679002
0.00731531
0.00784239
0.00731531
0.00784239
0.0083609
0.00885896
0.0083609
0.00885896
0.00731531
0.00784239
0.00731531
0.00784239
0.0083609
0.00885896
0.0083609
0.00885896
0.00525277
0.00575985
0.00525277
0.00575985
0.00627149
0.00679002
0.00627149
0.00679002
0.00525277
0.00575985
0.00525277
0.00575984
0.00627149
0.00679002
0.00627149
0.00679002
0.00731531
0.00784239
0.00731531
0.00784239
0.0083609
0.00885896
0.0083609
0.00885896
0.00731531
0.00784239
0.00731531
0.00784239
0.0083609
0.00885896
0.0083609
0.00885896
0.00933041
0.00933041
0.00933041
0.00933041
0.00933041
0.00933041
0.00933041
0.00933041
0.00525276
0.00575984
0.00525276
0.00575984
0.00627149
0.00679002
0.00627149
0.00679002
0.00525276
0.00575984
0.00525276
0.00575985
0.00627149
0.00679002
0.00627149
0.00679003
0.00731531
0.00784239
0.00731531
0.00784239
0.0083609
0.00885896
0.0083609
0.00885896
0.00731531
0.0078424
0.00731532
0.0078424
0.00836091
0.00885896
0.00836091
0.00885896
0.00525277
0.00575985
0.00525277
0.00575986
0.0062715
0.00679004
0.00627153
0.00679007
0.00525278
0.00575989
0.0052528
0.00575996
0.00627158
0.00679015
0.00627169
0.00679031
0.00731533
0.00784242
0.00731537
0.00784246
0.00836093
0.00885897
0.00836096
0.00885899
0.00731547
0.00784255
0.00731566
0.00784274
0.00836103
0.00885903
0.00836117
0.00885912
0.00933041
0.00933042
0.00933041
0.00933041
0.00933041
0.00933042
0.00933043
0.00933045
0.00525284
0.00576009
0.00525292
0.00576032
0.00627192
0.00679063
0.00627231
0.00679118
0.00525303
0.00576067
0.00525319
0.00576116
0.00627293
0.00679202
0.00627376
0.00679315
0.00731602
0.00784308
0.00731665
0.00784366
0.00836143
0.00885926
0.00836184
0.00885947
0.0073176
0.00784452
0.00731887
0.00784567
0.00836243
0.00885976
0.00836321
0.00886013
0.00525338
0.00576175
0.0052536
0.00576238
0.00627474
0.00679445
0.00627576
0.00679575
0.00525381
0.00576301
0.00525398
0.00576352
0.00627673
0.00679683
0.00627748
0.00679756
0.00732031
0.00784694
0.00732162
0.00784798
0.00836406
0.00886048
0.00836459
0.00886055
0.00732247
0.00784825
0.00732271
0.00784754
0.00836419
0.00885971
0.0083625
0.00885752
0.0093305
0.00933058
0.00933073
0.00933077
0.00933105
0.00933054
0.00933022
0.0093278
0.00525395
0.00576345
0.00627752
0.0067975
0.00732265
0.00784658
0.00836097
0.00885565
0.00932636
0.000672077
0.000220713
0.0011405
0.000223178
0.00163566
0.00215301
0.00267674
0.00320468
0.00372422
0.00423833
0.00474663
0.00525337
0.00576167
0.00525337
0.00627578
0.00679531
0.00732326
0.00784699
0.00836434
0.00885949
0.00932792
0.00977929
0.00977966
0.00977966
0.00977966
0.00977966
0.00977966
0.00977966
0.00977966
0.00977966
0.00977966
0.00977966
0.00977966
0.00977966
0.00977966
0.00977966
0.00977966
0.00977966
0.00977966
0.00977966
0.00977966
0.00977966
0.00977966
0.00977966
0.00977966
0.00977966
0.00977966
0.000220339
0.000220339
0.000220339
0.00977966
0.00977966
0.00977966
0.00977966
0.00977966
0.00977966
0.00977966
0.00977966
0.00977966
0.00977966
0.000218917
0.000221266
0.000219332
0.000220339
0.000220339
0.000220339
0.000220339
0.000220339
0.000220339
0.000220339
0.000220339
0.000220339
0.000220339
0.000220338
0.000220339
0.000220339
0.000220338
0.000220339
0.000220339
0.000220341
0.000220346
0.000220357
0.000220373
0.000220511
0.000220119
0.000220421
0.000220387
0.000220406
0.00576167
0.00627578
0.00679532
0.00732326
0.00784699
0.00836434
0.0088595
0.00932792
0.000220339
0.000220339
0.000220406
0.000220387
0.00977929
0.00977682
0.00978108
0.00977966
0.00977966
0.00977966
0.00977966
0.00977966
0.00977966
0.00977966
0.00977966
0.00977966
0.00977966
0.00977966
0.00977966
0.00977966
0.00977965
0.00977873
0.00978067
0.00977949
0.00977988
0.00977958
0.00977966
0.00977966
0.000220421
0.000220119
0.00977966
0.00977966
0.00977966
0.00977966
0.00977964
0.00977963
0.00977959
0.00977961
0.000220373
0.000220357
0.000220346
0.000220341
0.000220339
0.000220339
0.000220339
0.000220338
0.00977961
0.00977959
0.000220339
0.000220339
0.000220339
0.000220339
0.000220511
0.000219332
0.000221266
0.000218918
0.000223179
0.000220714
0.000220339
0.000220338
0.000220339
0.000220339
0.000220339
0.000220339
0.000220339
0.000220338
0.000220339
0.000220339
0.000220339
0.000220339
0.00977963
0.00977964
0.00977965
0.00977966
0.00977966
0.00977966
0.00977966
0.00977966
0.00977966
0.00977958
0.00977988
0.00977949
0.00978067
0.00977873
0.00978108
0.000220339
0.00977966
0.00977966
0.00977966
0.00977966
0.00977966
0.00977966
0.00977966
0.00977966
0.00977966
0.00977966
0.00977966
0.00977682
0.000220339
0.000220339
0.000220338
0.000220339
0.000220339
0.000220339
0.000220339
0.000220338
0.000220339
0.000672078
0.00114051
0.00977966
0.000220339
0.000220339
0.000220339
0.000220339
0.000220339
0.000220339
0.000220338
0.000220339
0.000220339
0.000220339
0.000220339
0.000220339
0.000220339
0.000220339
0.00163566
0.00215301
0.00267674
0.00320469
0.00372422
0.00423833
0.000220339
0.000220339
0.000220339
0.000220339
0.000220339
0.00474663
0.000219826
0.00978017
0.00978017
0.000219826
0.00525277
0.00575984
0.00525277
0.00575984
0.00627149
0.00679002
0.00627149
0.00679002
0.00525277
0.00575984
0.00525277
0.00575984
0.00627149
0.00679002
0.00627149
0.00679002
0.00731531
0.00784239
0.00731531
0.00784239
0.0083609
0.00885896
0.0083609
0.00885896
0.00731531
0.00784239
0.00731531
0.00784239
0.0083609
0.00885896
0.0083609
0.00885896
0.00525277
0.00575984
0.00525277
0.00575984
0.00627149
0.00679002
0.00627149
0.00679002
0.00525276
0.00575984
0.00525276
0.00575984
0.00627149
0.00679002
0.00627149
0.00679002
0.00731531
0.00784239
0.00731531
0.00784239
0.0083609
0.00885896
0.0083609
0.00885896
0.00731531
0.00784239
0.00731531
0.00784239
0.0083609
0.00885896
0.0083609
0.00885896
0.00933041
0.00933041
0.00933042
0.00933041
0.00933041
0.00933041
0.00933041
0.00933042
0.00067363
0.00114434
0.00163903
0.00215341
0.00267735
0.0032025
0.00372248
0.00423656
0.00474606
0.000672199
0.000669779
0.000669455
0.000668947
0.000669232
0.000669275
0.000669418
0.000669495
0.00114247
0.0016375
0.00114029
0.00163581
0.00215246
0.00267729
0.00215175
0.00267753
0.00113945
0.0016354
0.00113952
0.00163594
0.00215202
0.00267838
0.00215306
0.00267969
0.00320244
0.00372252
0.00320317
0.00372327
0.00423648
0.00474602
0.00423699
0.00474619
0.00320426
0.00372424
0.00320555
0.00372526
0.00423762
0.00474641
0.00423825
0.00474662
0.00113987
0.00163679
0.00114024
0.00163757
0.00215433
0.00268113
0.00215548
0.0026824
0.00114053
0.00163816
0.00114074
0.00163857
0.00215634
0.00268335
0.00215692
0.00268398
0.00320685
0.00372624
0.00320798
0.00372707
0.00423884
0.00474681
0.00423933
0.00474697
0.00320882
0.00372769
0.00320937
0.00372808
0.00423968
0.00474708
0.00423991
0.00474716
0.000669551
0.000669574
0.000669583
0.000669585
0.000669586
0.000669585
0.000669586
0.000669586
0.00114088
0.00163883
0.00114097
0.00163897
0.00215726
0.00268434
0.00215745
0.00268453
0.00114101
0.00163904
0.00114103
0.00163907
0.00215754
0.00268463
0.00215758
0.00268467
0.00320969
0.00372831
0.00320985
0.00372842
0.00424004
0.0047472
0.00424011
0.00474722
0.00320993
0.00372847
0.00320996
0.0037285
0.00424014
0.00474723
0.00424015
0.00474723
0.00114104
0.00163909
0.00114104
0.0016391
0.0021576
0.00268468
0.0021576
0.00268469
0.00114104
0.0016391
0.00114104
0.0016391
0.00215761
0.00268469
0.00215761
0.00268469
0.00320997
0.00372851
0.00320998
0.00372851
0.00424015
0.00474723
0.00424016
0.00474724
0.00320998
0.00372851
0.00320998
0.00372851
0.00424016
0.00474724
0.00424016
0.00474724
0.000669586
0.000669586
0.000669586
0.000669586
0.000669586
0.000669586
0.000669586
0.000669586
0.00114104
0.0016391
0.00114104
0.0016391
0.00215761
0.00268469
0.00215761
0.00268469
0.00114104
0.0016391
0.00114104
0.0016391
0.00215761
0.00268469
0.00215761
0.00268469
0.00320998
0.00372851
0.00320998
0.00372851
0.00424016
0.00474724
0.00424016
0.00474723
0.00320998
0.00372851
0.00320998
0.00372851
0.00424016
0.00474723
0.00424016
0.00474723
0.00114104
0.0016391
0.00114104
0.0016391
0.00215761
0.00268469
0.00215761
0.00268469
0.00114104
0.0016391
0.00114104
0.0016391
0.00215761
0.00268469
0.00215761
0.00268469
0.00320998
0.00372851
0.00320998
0.00372851
0.00424016
0.00474724
0.00424016
0.00474724
0.00320998
0.00372851
0.00320998
0.00372851
0.00424016
0.00474724
0.00424016
0.00474724
0.000669586
0.000669586
0.000669586
0.000669586
0.000669586
0.000669586
0.000669586
0.000669587
0.00114104
0.0016391
0.00114104
0.0016391
0.00215761
0.00268469
0.00215761
0.00268469
0.00114104
0.0016391
0.00114104
0.0016391
0.00215761
0.00268469
0.00215761
0.00268469
0.00320998
0.00372851
0.00320998
0.00372851
0.00424016
0.00474723
0.00424016
0.00474723
0.00320998
0.00372851
0.00320998
0.00372851
0.00424015
0.00474723
0.00424016
0.00474723
0.00114104
0.0016391
0.00114104
0.0016391
0.00215761
0.00268469
0.00215761
0.00268469
0.00114104
0.0016391
0.00114104
0.0016391
0.00215761
0.00268469
0.00215761
0.00268469
0.00320998
0.00372851
0.00320998
0.00372851
0.00424016
0.00474723
0.00424016
0.00474724
0.00320998
0.00372851
0.00320998
0.00372851
0.00424016
0.00474724
0.00424016
0.00474724
0.000669586
0.000669585
0.000669586
0.000669587
0.000669586
0.000669585
0.000669586
0.000669587
0.00114104
0.0016391
0.00114104
0.0016391
0.00215761
0.00268469
0.00215761
0.00268469
0.00114104
0.0016391
0.00114104
0.0016391
0.00215761
0.00268469
0.00215761
0.00268469
0.00320998
0.00372851
0.00320998
0.00372851
0.00424016
0.00474724
0.00424016
0.00474724
0.00320998
0.00372851
0.00320998
0.00372851
0.00424016
0.00474724
0.00424016
0.00474724
0.00114104
0.0016391
0.00114104
0.0016391
0.00215761
0.00268469
0.00215761
0.00268469
0.00114104
0.0016391
0.00114104
0.0016391
0.00215761
0.00268469
0.00215761
0.00268469
0.00320998
0.00372851
0.00320998
0.00372851
0.00424016
0.00474724
0.00424016
0.00474724
0.00320998
0.00372851
0.00320998
0.00372851
0.00424016
0.00474724
0.00424016
0.00474724
0.000669586
0.000669585
0.000669587
0.000669586
0.000669586
0.000669585
0.000669587
0.000669586
0.00114104
0.0016391
0.00114104
0.0016391
0.00215761
0.00268469
0.00215761
0.00268469
0.00114104
0.0016391
0.00114104
0.0016391
0.00215761
0.00268469
0.00215761
0.00268469
0.00320998
0.00372851
0.00320998
0.00372851
0.00424016
0.00474724
0.00424016
0.00474724
0.00320998
0.00372851
0.00320998
0.00372851
0.00424016
0.00474724
0.00424016
0.00474724
0.00114104
0.0016391
0.00114104
0.0016391
0.00215761
0.00268469
0.00215761
0.00268469
0.00114104
0.0016391
0.00114104
0.0016391
0.00215761
0.00268469
0.00215761
0.00268469
0.00320998
0.00372851
0.00320998
0.00372851
0.00424016
0.00474724
0.00424016
0.00474724
0.00320998
0.00372851
0.00320998
0.00372851
0.00424016
0.00474724
0.00424016
0.00474724
0.00525396
0.00576345
0.00627753
0.0067975
0.00732265
0.00784659
0.00836097
0.00885566
0.00932637
0.00525399
0.00576353
0.00525382
0.00576302
0.00627748
0.00679756
0.00627673
0.00679683
0.0052536
0.00576238
0.00525339
0.00576175
0.00627576
0.00679575
0.00627474
0.00679445
0.00732271
0.00784754
0.00732247
0.00784825
0.0083625
0.00885753
0.00836419
0.00885971
0.00732162
0.00784798
0.00732031
0.00784694
0.0083646
0.00886055
0.00836406
0.00886048
0.00525319
0.00576116
0.00525303
0.00576067
0.00627376
0.00679315
0.00627293
0.00679201
0.00525292
0.00576032
0.00525284
0.00576009
0.00627231
0.00679117
0.00627192
0.00679063
0.00731887
0.00784567
0.0073176
0.00784452
0.00836321
0.00886013
0.00836243
0.00885976
0.00731665
0.00784366
0.00731602
0.00784308
0.00836184
0.00885947
0.00836143
0.00885926
0.0093278
0.00933022
0.00933055
0.00933105
0.00933077
0.00933073
0.00933058
0.0093305
0.00525276
0.00575984
0.00525276
0.00575984
0.00627149
0.00679002
0.00627149
0.00679002
0.00525277
0.00575984
0.00525276
0.00575984
0.00627149
0.00679002
0.00627149
0.00679002
0.00731531
0.00784239
0.00731531
0.00784239
0.0083609
0.00885896
0.0083609
0.00885896
0.0052528
0.00575996
0.00731531
0.00525278
0.0057599
0.00784239
0.00627169
0.00679031
0.00731531
0.00627158
0.00679015
0.00784239
0.00525277
0.00575987
0.0083609
0.00525277
0.00575985
0.00885896
0.00627153
0.00679007
0.0083609
0.0062715
0.00679004
0.00885896
0.00731566
0.00784274
0.00525276
0.00731547
0.00784255
0.00575984
0.00836117
0.00885912
0.00525276
0.00836103
0.00885903
0.00575984
0.00731537
0.00784246
0.00627149
0.00731533
0.00784242
0.00679002
0.00836096
0.00885899
0.00627149
0.00836093
0.00885897
0.00679002
0.00525277
0.00575985
0.00525276
0.00525277
0.00575985
0.00575984
0.00627149
0.00679003
0.00525276
0.00627149
0.00679002
0.00575984
0.00525277
0.00575985
0.00627149
0.00525277
0.00575985
0.00679002
0.00627149
0.00679002
0.00627149
0.00627149
0.00679002
0.00679002
0.00731532
0.0078424
0.00731531
0.00731531
0.0078424
0.00784239
0.00836091
0.00885896
0.00731531
0.00836091
0.00885896
0.00784239
0.00731531
0.00784239
0.0083609
0.00731531
0.00784239
0.00885896
0.0083609
0.00885896
0.0083609
0.0083609
0.00885896
0.00885896
0.00933045
0.00731531
0.00933043
0.00784239
0.00933042
0.00731531
0.00933041
0.00784239
0.00933041
0.0083609
0.00933041
0.00885896
0.00933041
0.0083609
0.00933041
0.00885896
0.00933041
0.00933041
0.00933041
0.00933041
0.00933042
0.00933041
0.00933041
0.00933041
0.00525277
0.00575985
0.00525277
0.00575984
0.00627149
0.00679002
0.00627149
0.00679002
0.00525277
0.00575984
0.00525277
0.00575984
0.00627149
0.00679002
0.00627149
0.00679002
0.00731531
0.00784239
0.00731531
0.00784239
0.0083609
0.00885896
0.0083609
0.00885896
0.00731531
0.00784239
0.00731531
0.00784239
0.0083609
0.00885896
0.0083609
0.00885896
0.00525277
0.00575984
0.00525277
0.00575984
0.00627149
0.00679002
0.00627149
0.00679002
0.00525277
0.00575985
0.00525277
0.00575984
0.00627149
0.00679002
0.00627149
0.00679002
0.00731531
0.00784239
0.00731531
0.00784239
0.0083609
0.00885896
0.0083609
0.00885896
0.00731531
0.00784239
0.00731531
0.00784239
0.0083609
0.00885896
0.0083609
0.00885896
0.00933041
0.00933041
0.00933041
0.00933041
0.00933041
0.00933041
0.00933041
0.00933041
0.00525277
0.00575984
0.00525276
0.00575984
0.00627149
0.00679002
0.00627149
0.00679002
0.00525276
0.00575984
0.00525276
0.00575984
0.00627149
0.00679002
0.00627149
0.00679002
0.00731531
0.00784239
0.00731531
0.00784239
0.0083609
0.00885896
0.0083609
0.00885896
0.00731531
0.00784239
0.00731531
0.00784239
0.0083609
0.00885896
0.0083609
0.00885896
0.00525277
0.00575984
0.00525277
0.00575985
0.00627149
0.00679002
0.00627149
0.00679002
0.00525277
0.00575985
0.00525277
0.00575985
0.00627149
0.00679002
0.00627149
0.00679002
0.00731531
0.00784239
0.00731531
0.00784239
0.0083609
0.00885896
0.0083609
0.00885896
0.00731531
0.00784239
0.00731531
0.00784239
0.0083609
0.00885896
0.0083609
0.00885896
0.00933041
0.00933042
0.00933041
0.00933041
0.00933041
0.00933041
0.00933042
0.00933041
0.00525277
0.00575985
0.00525277
0.00575985
0.00627149
0.00679002
0.00627149
0.00679002
0.00525277
0.00575985
0.00525277
0.00575985
0.00627149
0.00679002
0.00627149
0.00679002
0.00731531
0.00784239
0.00731531
0.00784239
0.0083609
0.00885896
0.0083609
0.00885896
0.00731531
0.00784239
0.00731531
0.00784239
0.0083609
0.00885896
0.0083609
0.00885896
0.00525277
0.00575985
0.00525277
0.00575985
0.00627149
0.00679002
0.00627149
0.00679002
0.00525277
0.00575985
0.00525277
0.00575985
0.00627149
0.00679002
0.00627149
0.00679002
0.00731531
0.00784239
0.00731531
0.00784239
0.0083609
0.00885896
0.0083609
0.00885896
0.00731531
0.00784239
0.00731531
0.00784239
0.0083609
0.00885896
0.0083609
0.00885896
0.00933041
0.00933041
0.00933042
0.00933041
0.00933041
0.00933041
0.00933041
0.00933042
0.00525277
0.00575985
0.00525277
0.00575985
0.00627149
0.00679002
0.00627149
0.00679002
0.00525277
0.00575985
0.00525277
0.00575985
0.00627149
0.00679002
0.00627149
0.00679002
0.00731531
0.00784239
0.00731531
0.00784239
0.0083609
0.00885896
0.0083609
0.00885896
0.00731531
0.00784239
0.00731531
0.00784239
0.0083609
0.00885896
0.0083609
0.00885896
0.00525277
0.00575985
0.00525277
0.00575985
0.00627149
0.00679002
0.00627149
0.00679002
0.00525277
0.00575985
0.00525277
0.00575985
0.00627149
0.00679002
0.00627149
0.00679002
0.00731531
0.00784239
0.00731531
0.00784239
0.0083609
0.00885896
0.0083609
0.00885896
0.00731531
0.00784239
0.00731531
0.00784239
0.0083609
0.00885896
0.0083609
0.00885896
0.00933041
0.00933041
0.00933041
0.00933041
0.00933042
0.00933041
0.00933041
0.00933041
0.00525276
0.00575984
0.00525276
0.00575984
0.00627149
0.00679002
0.00627149
0.00679002
0.00525276
0.00575984
0.00525276
0.00575985
0.00627149
0.00679002
0.00627149
0.00679003
0.00731531
0.00784239
0.00731531
0.00784239
0.0083609
0.00885896
0.0083609
0.00885896
0.00731531
0.0078424
0.00731532
0.0078424
0.0083609
0.00885896
0.00836091
0.00885896
0.00525277
0.00575985
0.00525277
0.00575986
0.0062715
0.00679004
0.00627153
0.00679007
0.00525278
0.00575989
0.0052528
0.00575996
0.00627158
0.00679015
0.00627169
0.00679031
0.00731533
0.00784242
0.00731537
0.00784246
0.00836093
0.00885897
0.00836096
0.00885899
0.00731547
0.00784255
0.00731566
0.00784274
0.00836103
0.00885903
0.00836117
0.00885912
0.00933041
0.00933042
0.00933041
0.00933041
0.00933041
0.00933042
0.00933043
0.00933045
0.000669585
0.000669586
0.000669587
0.000669586
0.000669585
0.000669586
0.000669587
0.000669586
0.00114104
0.0016391
0.00114104
0.0016391
0.00215761
0.00268469
0.00215761
0.00268469
0.00114104
0.0016391
0.00114104
0.0016391
0.00215761
0.00268469
0.00215761
0.00268469
0.00320998
0.00372851
0.00320998
0.00372851
0.00424016
0.00474724
0.00424016
0.00474723
0.00320998
0.00372851
0.00320998
0.00372851
0.00424015
0.00474723
0.00424015
0.00474723
0.00114104
0.0016391
0.00114104
0.0016391
0.00215761
0.00268469
0.00215761
0.00268469
0.00114104
0.0016391
0.00114104
0.0016391
0.00215761
0.00268469
0.00215761
0.00268469
0.00320998
0.00372851
0.00320998
0.00372851
0.00424015
0.00474723
0.00424015
0.00474723
0.00320998
0.00372851
0.00320998
0.00372851
0.00424015
0.00474723
0.00424015
0.00474723
0.000669585
0.000669587
0.000669586
0.000669586
0.000669586
0.000669586
0.000669586
0.000669586
0.00114104
0.0016391
0.00114104
0.0016391
0.00215761
0.00268469
0.00215761
0.00268469
0.00114104
0.0016391
0.00114104
0.0016391
0.00215761
0.00268469
0.00215761
0.00268469
0.00320998
0.00372851
0.00320998
0.00372851
0.00424015
0.00474723
0.00424015
0.00474723
0.00320998
0.00372851
0.00320998
0.00372851
0.00424015
0.00474723
0.00424016
0.00474723
0.00114104
0.0016391
0.00114104
0.0016391
0.00215761
0.00268469
0.00215761
0.00268469
0.00114104
0.0016391
0.00114104
0.0016391
0.00215761
0.00268469
0.00215761
0.00268469
0.00320998
0.00372851
0.00320998
0.00372851
0.00424016
0.00474723
0.00424016
0.00474724
0.00320998
0.00372851
0.00320998
0.00372851
0.00424016
0.00474724
0.00424016
0.00474724
0.000669586
0.000669585
0.000669586
0.000669586
0.000669586
0.000669586
0.000669586
0.000669586
0.00114104
0.0016391
0.00114104
0.0016391
0.00215761
0.00268469
0.00215761
0.00268469
0.00114104
0.0016391
0.00114104
0.0016391
0.00215761
0.00268469
0.00215761
0.00268469
0.00320998
0.00372851
0.00320998
0.00372851
0.00424016
0.00474724
0.00424016
0.00474723
0.00320998
0.00372851
0.00320998
0.00372851
0.00424016
0.00474723
0.00424016
0.00474723
0.00114104
0.0016391
0.00114104
0.0016391
0.00215761
0.00268469
0.00215761
0.00268469
0.00114104
0.0016391
0.00114104
0.0016391
0.00215761
0.00268469
0.00215761
0.00268469
0.00320998
0.00372851
0.00320998
0.00372851
0.00424016
0.00474723
0.00424016
0.00474723
0.00320998
0.00372851
0.00320998
0.00372851
0.00424016
0.00474723
0.00424016
0.00474723
0.000669586
0.000669586
0.000669587
0.000669586
0.000669586
0.000669586
0.000669585
0.000669586
0.00114104
0.0016391
0.00114104
0.0016391
0.00215761
0.00268469
0.00215761
0.00268469
0.00114104
0.0016391
0.00114104
0.0016391
0.00215761
0.00268469
0.00215761
0.00268469
0.00320998
0.00372851
0.00320998
0.00372851
0.00424016
0.00474723
0.00424016
0.00474723
0.00320998
0.00372851
0.00320998
0.00372851
0.00424016
0.00474723
0.00424015
0.00474723
0.00114104
0.0016391
0.00114104
0.0016391
0.00215761
0.00268469
0.00215761
0.00268469
0.00114104
0.0016391
0.00114104
0.0016391
0.00215761
0.00268469
0.00215761
0.00268469
0.00320998
0.00372851
0.00320998
0.00372851
0.00424015
0.00474723
0.00424015
0.00474723
0.00320998
0.00372851
0.00320998
0.00372851
0.00424015
0.00474723
0.00424015
0.00474723
0.000669588
0.000669585
0.000669585
0.000669585
0.000669585
0.000669583
0.000669574
0.000669551
0.00114104
0.0016391
0.00114104
0.0016391
0.00215761
0.00268469
0.00215761
0.00268469
0.00114104
0.0016391
0.00114104
0.00163909
0.0021576
0.00268469
0.0021576
0.00268468
0.00320998
0.00372851
0.00320998
0.00372851
0.00424015
0.00474723
0.00424015
0.00474723
0.00320998
0.00372851
0.00320997
0.00372851
0.00424015
0.00474723
0.00424015
0.00474723
0.00114103
0.00163908
0.00114101
0.00163904
0.00215758
0.00268467
0.00215754
0.00268463
0.00114097
0.00163897
0.00114088
0.00163883
0.00215745
0.00268453
0.00215726
0.00268434
0.00320996
0.0037285
0.00320993
0.00372847
0.00424015
0.00474723
0.00424013
0.00474723
0.00320985
0.00372842
0.00320969
0.00372831
0.00424011
0.00474722
0.00424004
0.0047472
0.000669495
0.000669418
0.000669275
0.000669232
0.000668947
0.000669455
0.000669779
0.000672199
0.00114074
0.00163857
0.00114053
0.00163816
0.00215692
0.00268398
0.00215634
0.00268335
0.00114024
0.00163757
0.00113987
0.00163679
0.00215548
0.0026824
0.00215433
0.00268113
0.00320937
0.00372808
0.00320883
0.00372769
0.00423991
0.00474716
0.00423968
0.00474708
0.00320799
0.00372708
0.00320686
0.00372624
0.00423933
0.00474697
0.00423884
0.00474681
0.00113952
0.00163594
0.00113945
0.00163541
0.00215306
0.00267969
0.00215203
0.00267838
0.00114029
0.00163581
0.00114247
0.0016375
0.00215175
0.00267753
0.00215246
0.00267729
0.00320555
0.00372526
0.00320426
0.00372424
0.00423825
0.00474662
0.00423762
0.00474641
0.00320318
0.00372328
0.00320245
0.00372252
0.00423699
0.0047462
0.00423648
0.00474602
0.00067363
0.00114434
0.00163903
0.00215341
0.00267735
0.0032025
0.00372248
0.00423656
0.00474606
0.00525284
0.00576009
0.00525292
0.00576032
0.00627192
0.00679063
0.00627231
0.00679118
0.00525303
0.00576067
0.00525319
0.00576116
0.00627293
0.00679202
0.00627376
0.00679315
0.00731602
0.00784308
0.00731665
0.00784366
0.00836143
0.00885926
0.00836184
0.00885947
0.0073176
0.00784452
0.00731887
0.00784567
0.00525277
0.00836243
0.00575984
0.00525277
0.00885976
0.00575984
0.00627149
0.00836321
0.00679002
0.00627149
0.00886013
0.00679002
0.00525276
0.00525339
0.00575984
0.00525276
0.00576175
0.00575984
0.00627149
0.0052536
0.00679002
0.00627149
0.00576239
0.00679002
0.00731531
0.00627474
0.00784239
0.00731531
0.00679445
0.00784239
0.0083609
0.00627576
0.00885896
0.0083609
0.00679575
0.00885896
0.00731531
0.00525382
0.00784239
0.00731531
0.00576302
0.00784239
0.0083609
0.00525399
0.00885896
0.0083609
0.00576353
0.00885896
0.00525276
0.00627673
0.00575984
0.00525276
0.00679683
0.00575984
0.00627149
0.00627748
0.00679002
0.00627149
0.00679756
0.00679002
0.00525276
0.00732031
0.00575984
0.00525276
0.00784694
0.00575984
0.00627149
0.00732162
0.00679002
0.00627149
0.00784797
0.00679002
0.00731531
0.00836406
0.00784239
0.00731531
0.00886048
0.00784239
0.0083609
0.0083646
0.00885896
0.0083609
0.00886055
0.00885896
0.00731531
0.00732247
0.00784239
0.00731531
0.00784825
0.00784239
0.0083609
0.00732271
0.00885896
0.0083609
0.00784754
0.00885896
0.00836419
0.00933041
0.00885971
0.00933041
0.0083625
0.00933041
0.00885753
0.00933041
0.0093305
0.00933058
0.00933041
0.00933073
0.00933077
0.00933041
0.00933105
0.00933055
0.00933041
0.00933022
0.0093278
0.00933042
0.00525276
0.00575984
0.00525276
0.00575984
0.00627149
0.00679002
0.00627149
0.00679002
0.00525276
0.00575984
0.00525276
0.00575984
0.00627149
0.00679002
0.00627149
0.00679002
0.00731531
0.00784239
0.00731531
0.00784239
0.0083609
0.00885896
0.0083609
0.00885896
0.00731531
0.00784239
0.00731531
0.00784239
0.0083609
0.00885896
0.0083609
0.00885896
0.00525277
0.00575984
0.00525277
0.00575984
0.00627149
0.00679002
0.00627149
0.00679002
0.00525277
0.00575984
0.00525277
0.00575984
0.00627149
0.00679002
0.00627149
0.00679002
0.00731531
0.00784239
0.00731531
0.00784239
0.0083609
0.00885896
0.0083609
0.00885896
0.00731531
0.00784239
0.00731531
0.00784239
0.0083609
0.00885896
0.0083609
0.00885896
0.00933041
0.00933041
0.00933041
0.00933042
0.00525396
0.00933041
0.00576345
0.00627753
0.00933041
0.0067975
0.00732265
0.00933041
0.00784659
0.00836097
0.00933041
0.00885566
0.00932637
0.00978108
0.00977682
0.00977966
0.00977966
0.00977966
0.00977966
0.00977966
0.00977966
0.00977966
0.00977966
0.00977966
0.00977966
0.00977966
0.00977966
0.00977966
0.00977966
0.00977966
0.00977965
0.00977873
0.00978067
0.00977949
0.00977988
0.00977958
0.00977966
0.00977966
0.00977966
0.000220422
0.000220387
0.00022012
0.00977966
0.00977966
0.00977966
0.00977966
0.00977964
0.00977963
0.00977959
0.00977961
0.000220373
0.000220406
0.000220357
0.000220346
0.000220341
0.000220339
0.000220339
0.000220339
0.000220339
0.000220339
0.00977961
0.00977959
0.000220339
0.000220339
0.000220339
0.000220339
0.000220339
0.000220511
0.000219332
0.000221265
0.000218917
0.000223177
0.000220712
0.000220339
0.000220339
0.000220339
0.000220339
0.000220338
0.000220339
0.000220339
0.000220339
0.000220339
0.000220339
0.000220339
0.000220339
0.000672076
0.0011405
0.00163566
0.00215301
0.00977963
0.00977964
0.00977965
0.00977966
0.00977966
0.00977966
0.00977966
0.00267674
0.00320469
0.00372422
0.00423833
0.00474663
0.00525337
0.00977966
0.00977966
0.00977958
0.00977988
0.00977949
0.00978067
0.00977873
0.00978108
0.000220339
0.00977966
0.00977966
0.00977966
0.00977966
0.00977966
0.00977966
0.00977966
0.00977966
0.00977966
0.00977966
0.00977966
0.00977966
0.00977966
0.00977682
0.00977929
0.000220339
0.000220339
0.000220339
0.000220339
0.000220339
0.000220339
0.000220339
0.000220339
0.000220339
0.00977966
0.00977966
0.000220339
0.000220339
0.000220339
0.000220339
0.000220339
0.000220338
0.000220339
0.000220339
0.000220339
0.000220338
0.000220339
0.000220339
0.000220339
0.000220339
0.000220339
0.000220339
0.000220339
0.000220339
0.000220339
0.000220339
0.000220339
0.000220339
0.000672076
0.000220712
0.0011405
0.000223177
0.00163566
0.00215301
0.00267674
0.00320469
0.00372422
0.00423833
0.00474663
0.00525337
0.00576167
0.00627578
0.00679531
0.00732326
0.00784699
0.00836434
0.0088595
0.00932792
0.00576167
0.00627578
0.00679531
0.00732326
0.00977966
0.00977966
0.00977966
0.00977966
0.00977966
0.00977966
0.00977966
0.00977966
0.00784699
0.00836434
0.0088595
0.00932792
0.00977966
0.00977966
0.00977966
0.00977966
0.00977966
0.00977966
0.00977966
0.00977966
0.00977966
0.00977966
0.00977966
0.00977966
0.00977966
0.000220339
0.000220339
0.00977929
0.00977966
0.00977966
0.00977966
0.00977966
0.00977966
0.00977966
0.00977966
0.00977966
0.000218917
0.000221265
0.000219332
0.000220339
0.000220339
0.000220339
0.000220339
0.000220339
0.000220339
0.000220339
0.000220339
0.000220339
0.000220339
0.000220339
0.000220339
0.000220339
0.000220341
0.000220346
0.000220357
0.000220511
0.00022012
0.000220422
0.000220387
0.000220339
0.000220373
0.000220406
0.000219826
0.000219826
0.00978017
0.00978017
)
;
    }
}


// ************************************************************************* //
