/*--------------------------------*- C++ -*----------------------------------*\
| =========                 |                                                 |
| \\      /  F ield         | OpenFOAM: The Open Source CFD Toolbox           |
|  \\    /   O peration     | Version:  2312                                  |
|   \\  /    A nd           | Website:  www.openfoam.com                      |
|    \\/     M anipulation  |                                                 |
\*---------------------------------------------------------------------------*/
FoamFile
{
    version     2.0;
    format      ascii;
    arch        "LSB;label=32;scalar=64";
    class       volScalarField;
    location    "0";
    object      Cz;
}
// * * * * * * * * * * * * * * * * * * * * * * * * * * * * * * * * * * * * * //

dimensions      [0 1 0 0 0 0 0];

internalField   nonuniform List<scalar> 
40000
(
0.000681849
0.000224923
0.000222678
0.000222108
0.000222678
0.000224491
0.000222339
0.000223836
0.000222646
0.000223354
0.000223194
0.000223465
0.000223517
0.000223517
0.000223465
0.000223194
0.000223353
0.000222646
0.000223836
0.000222339
0.000224492
0.000222679
0.000222109
0.000222678
0.000224491
0.000222339
0.000223835
0.000222646
0.000223353
0.000223194
0.000223465
0.000223518
0.000223517
0.000223465
0.000223194
0.000223353
0.000222646
0.000223836
0.000222339
0.000224492
0.000222679
0.000222109
0.000222678
0.00022449
0.000222338
0.000223835
0.000222646
0.000223354
0.000223194
0.000223465
0.000223518
0.000223518
0.000223465
0.000223194
0.000223354
0.000222646
0.000223835
0.000222338
0.00022449
0.000222678
0.000222108
0.000222678
0.00022449
0.000222338
0.000223835
0.000222646
0.000223354
0.000223194
0.000223465
0.000223518
0.000223518
0.000223465
0.000223194
0.000223354
0.000222646
0.000223835
0.000222338
0.00022449
0.000226232
0.000226613
0.000227009
0.000226748
0.000226849
0.000226955
0.000227152
0.000227262
0.000227262
0.000227152
0.000226955
0.000226849
0.000226748
0.000227009
0.000226613
0.000226232
0.000224922
0.000226232
0.000226614
0.000227009
0.000226748
0.000226849
0.000226955
0.000227152
0.000227262
0.000227262
0.000227152
0.000226954
0.000226849
0.000226748
0.000227009
0.000226614
0.000226232
0.000224923
0.000226232
0.000227877
0.000228962
0.00022921
0.000229073
0.00022904
0.0002292
0.000229406
0.000229538
0.000229539
0.000229407
0.0002292
0.00022904
0.000229073
0.00022921
0.000228962
0.000227877
0.000228961
0.000230184
0.000230391
0.000230212
0.000230191
0.000230384
0.000230621
0.000230768
0.000230768
0.000230621
0.000230384
0.000230191
0.000230212
0.000230391
0.000230184
0.000228962
0.000226614
0.000227009
0.00022921
0.000230391
0.000230554
0.000230405
0.000230459
0.000230721
0.000231002
0.000231167
0.000231167
0.000231002
0.000230721
0.000230459
0.000230405
0.000230554
0.000230391
0.00022921
0.000229073
0.000230212
0.000230405
0.000230358
0.000230531
0.000230884
0.000231215
0.0002314
0.0002314
0.000231215
0.000230884
0.000230531
0.000230358
0.000230405
0.000230212
0.000229073
0.000226748
0.000226849
0.00022904
0.000230191
0.000230459
0.000230531
0.000230821
0.000231258
0.000231635
0.000231839
0.000231839
0.000231635
0.000231258
0.000230821
0.000230531
0.000230459
0.000230191
0.00022904
0.0002292
0.000230384
0.000230721
0.000230884
0.000231258
0.000231754
0.000232165
0.000232383
0.000232383
0.000232165
0.000231754
0.000231258
0.000230884
0.000230721
0.000230384
0.0002292
0.000226954
0.000227152
0.000229407
0.000230621
0.000231002
0.000231215
0.000231635
0.000232165
0.000232596
0.000232822
0.000232822
0.000232596
0.000232165
0.000231635
0.000231215
0.000231002
0.000230621
0.000229407
0.000229539
0.000230768
0.000231167
0.0002314
0.000231839
0.000232383
0.000232822
0.000233051
0.000233051
0.000232822
0.000232383
0.000231839
0.0002314
0.000231167
0.000230768
0.000229539
0.000227262
0.000227261
0.000229538
0.000230768
0.000231167
0.0002314
0.000231839
0.000232383
0.000232822
0.000233052
0.000233051
0.000232822
0.000232383
0.000231839
0.0002314
0.000231167
0.000230768
0.000229538
0.000229406
0.000230621
0.000231002
0.000231215
0.000231635
0.000232165
0.000232596
0.000232822
0.000232822
0.000232596
0.000232165
0.000231635
0.000231215
0.000231002
0.000230621
0.000229406
0.000227152
0.000226954
0.0002292
0.000230384
0.000230721
0.000230884
0.000231258
0.000231754
0.000232165
0.000232383
0.000232383
0.000232165
0.000231754
0.000231258
0.000230884
0.000230721
0.000230384
0.0002292
0.00022904
0.000230191
0.000230459
0.000230531
0.000230821
0.000231258
0.000231635
0.000231839
0.000231839
0.000231635
0.000231258
0.000230821
0.000230531
0.000230459
0.000230191
0.00022904
0.000226849
0.000226748
0.000229073
0.000230212
0.000230405
0.000230358
0.000230531
0.000230884
0.000231215
0.0002314
0.0002314
0.000231215
0.000230884
0.000230531
0.000230358
0.000230405
0.000230212
0.000229073
0.000229209
0.000230391
0.000230554
0.000230405
0.000230459
0.000230721
0.000231002
0.000231167
0.000231167
0.000231002
0.000230721
0.000230459
0.000230405
0.000230554
0.000230391
0.00022921
0.000227009
0.000226614
0.000228962
0.000230184
0.000230391
0.000230212
0.000230191
0.000230384
0.000230621
0.000230768
0.000230768
0.000230621
0.000230384
0.000230191
0.000230212
0.000230391
0.000230184
0.000228961
0.000227877
0.000228962
0.00022921
0.000229073
0.00022904
0.0002292
0.000229406
0.000229538
0.000229539
0.000229407
0.0002292
0.00022904
0.000229073
0.00022921
0.000228962
0.000227877
0.000226232
0.000224923
0.000226233
0.000226614
0.000227009
0.000226748
0.000226849
0.000226954
0.000227152
0.000227262
0.000227261
0.000227152
0.000226954
0.000226849
0.000226748
0.000227009
0.000226614
0.000226232
0.000685109
0.000677327
0.000676908
0.000677164
0.000676986
0.000677171
0.000677306
0.000677499
0.000677609
0.000677609
0.000677499
0.000677306
0.000677171
0.000676986
0.000677164
0.000676909
0.000677329
0.000677
0.000674521
0.00114509
0.00164057
0.0021562
0.00267915
0.00320481
0.00372371
0.00423682
0.00474399
0.00524757
0.0057491
0.00624971
0.00674992
0.00724998
0.00775
0.00825
0.00875
0.00925
0.00975
0.01025
0.01075
0.01125
0.01175
0.01225
0.01275
0.01325
0.01375
0.01425
0.01475
0.01525
0.01575
0.01625
0.01675
0.01725
0.01775
0.01825
0.01875
0.01925
0.01975
0.02025
0.02075
0.02125
0.02175
0.02225
0.02275
0.02325
0.02375
0.02425
0.02475
0.02525
0.02575
0.02625
0.02675
0.02725
0.02775
0.02825
0.02875
0.02925
0.02975
0.03025
0.03075
0.03125
0.03175
0.03225
0.03275
0.03325
0.03375
0.03425
0.03475
0.03525
0.03575
0.03625
0.03675
0.03725
0.03775
0.03825
0.03875
0.03925
0.03975
0.04025
0.04075
0.04125
0.04175
0.04225
0.04275
0.0432501
0.0437503
0.0442509
0.0447524
0.045256
0.0457632
0.0462763
0.0467952
0.0473208
0.0478438
0.0483594
0.0488549
0.0493255
0.0497779
0.0497773
0.0497755
0.0497777
0.0497762
0.0497774
0.0497766
0.0497768
0.0497765
0.0497765
0.0497765
0.0497765
0.0497768
0.0497766
0.0497774
0.0497762
0.0497777
0.0497755
0.0497773
0.0497779
0.0497773
0.0497755
0.0497777
0.0497762
0.0497774
0.0497766
0.0497768
0.0497765
0.0497765
0.0497765
0.0497765
0.0497768
0.0497766
0.0497774
0.0497762
0.0497777
0.0497755
0.0497773
0.0497779
0.0497773
0.0497755
0.0497777
0.0497762
0.0497774
0.0497766
0.0497768
0.0497765
0.0497765
0.0497765
0.0497765
0.0497768
0.0497766
0.0497774
0.0497762
0.0497777
0.0497755
0.0497773
0.0497779
0.0497773
0.0497755
0.0497777
0.0497762
0.0497774
0.0497766
0.0497768
0.0497765
0.0497765
0.0497765
0.0497765
0.0497768
0.0497766
0.0497774
0.0497762
0.0497777
0.0497755
0.0497773
0.0497751
0.0497738
0.0497734
0.049773
0.0497733
0.0497732
0.049773
0.0497728
0.0497727
0.0497727
0.0497728
0.049773
0.0497732
0.0497733
0.049773
0.0497734
0.0497738
0.0497751
0.0497738
0.0497721
0.049771
0.0497708
0.0497709
0.049771
0.0497708
0.0497706
0.0497705
0.0497705
0.0497706
0.0497708
0.049771
0.0497709
0.0497708
0.049771
0.0497721
0.0497738
0.0497734
0.049771
0.0497698
0.0497696
0.0497698
0.0497698
0.0497696
0.0497694
0.0497692
0.0497692
0.0497694
0.0497696
0.0497698
0.0497698
0.0497696
0.0497698
0.049771
0.0497734
0.049773
0.0497708
0.0497696
0.0497694
0.0497696
0.0497695
0.0497693
0.049769
0.0497688
0.0497688
0.049769
0.0497693
0.0497695
0.0497696
0.0497694
0.0497696
0.0497708
0.049773
0.0497733
0.0497709
0.0497698
0.0497696
0.0497696
0.0497695
0.0497691
0.0497688
0.0497686
0.0497686
0.0497688
0.0497691
0.0497695
0.0497696
0.0497696
0.0497698
0.0497709
0.0497733
0.0497732
0.049771
0.0497698
0.0497695
0.0497695
0.0497692
0.0497687
0.0497684
0.0497682
0.0497682
0.0497684
0.0497687
0.0497692
0.0497695
0.0497695
0.0497698
0.049771
0.0497732
0.049773
0.0497708
0.0497696
0.0497693
0.0497691
0.0497687
0.0497682
0.0497678
0.0497676
0.0497676
0.0497678
0.0497682
0.0497687
0.0497691
0.0497693
0.0497696
0.0497708
0.049773
0.0497728
0.0497706
0.0497694
0.049769
0.0497688
0.0497684
0.0497678
0.0497674
0.0497672
0.0497672
0.0497674
0.0497678
0.0497684
0.0497688
0.049769
0.0497694
0.0497706
0.0497728
0.0497727
0.0497705
0.0497692
0.0497688
0.0497686
0.0497682
0.0497676
0.0497672
0.0497669
0.0497669
0.0497672
0.0497676
0.0497682
0.0497686
0.0497688
0.0497692
0.0497705
0.0497727
0.0497727
0.0497705
0.0497692
0.0497688
0.0497686
0.0497682
0.0497676
0.0497672
0.0497669
0.0497669
0.0497672
0.0497676
0.0497682
0.0497686
0.0497688
0.0497692
0.0497705
0.0497727
0.0497728
0.0497706
0.0497694
0.049769
0.0497688
0.0497684
0.0497678
0.0497674
0.0497672
0.0497672
0.0497674
0.0497678
0.0497684
0.0497688
0.049769
0.0497694
0.0497706
0.0497728
0.049773
0.0497708
0.0497696
0.0497693
0.0497691
0.0497687
0.0497682
0.0497678
0.0497676
0.0497676
0.0497678
0.0497682
0.0497687
0.0497691
0.0497693
0.0497696
0.0497708
0.049773
0.0497732
0.049771
0.0497698
0.0497695
0.0497695
0.0497692
0.0497687
0.0497684
0.0497682
0.0497682
0.0497684
0.0497687
0.0497692
0.0497695
0.0497695
0.0497698
0.049771
0.0497732
0.0497733
0.0497709
0.0497698
0.0497696
0.0497696
0.0497695
0.0497691
0.0497688
0.0497686
0.0497686
0.0497688
0.0497691
0.0497695
0.0497696
0.0497696
0.0497698
0.0497709
0.0497733
0.049773
0.0497708
0.0497696
0.0497694
0.0497696
0.0497695
0.0497693
0.049769
0.0497688
0.0497688
0.049769
0.0497693
0.0497695
0.0497696
0.0497694
0.0497696
0.0497708
0.049773
0.0497734
0.049771
0.0497698
0.0497696
0.0497698
0.0497698
0.0497696
0.0497694
0.0497692
0.0497692
0.0497694
0.0497696
0.0497698
0.0497698
0.0497696
0.0497698
0.049771
0.0497734
0.0497738
0.0497721
0.049771
0.0497708
0.0497709
0.049771
0.0497708
0.0497706
0.0497705
0.0497705
0.0497706
0.0497708
0.049771
0.0497709
0.0497708
0.049771
0.0497721
0.0497738
0.0497751
0.0497738
0.0497734
0.049773
0.0497733
0.0497732
0.049773
0.0497728
0.0497727
0.0497727
0.0497728
0.049773
0.0497732
0.0497733
0.049773
0.0497734
0.0497738
0.0497751
0.0493182
0.049323
0.0493255
0.0488549
0.0483594
0.0478438
0.0473208
0.0467952
0.0462763
0.0457632
0.045256
0.0447524
0.0442509
0.0437503
0.0432501
0.04275
0.04225
0.04175
0.04125
0.04075
0.04025
0.03975
0.03925
0.03875
0.03825
0.03775
0.03725
0.03675
0.03625
0.03575
0.03525
0.03475
0.03425
0.03375
0.03325
0.03275
0.03225
0.03175
0.03125
0.03075
0.03025
0.02975
0.02925
0.02875
0.02825
0.02775
0.02725
0.02675
0.02625
0.02575
0.02525
0.02475
0.02425
0.02375
0.02325
0.02275
0.02225
0.02175
0.02125
0.02075
0.02025
0.01975
0.01925
0.01875
0.01825
0.01775
0.01725
0.01675
0.01625
0.01575
0.01525
0.01475
0.01425
0.01375
0.01325
0.01275
0.01225
0.01175
0.01125
0.01075
0.01025
0.00975
0.00925
0.00875
0.00825
0.00775
0.00724998
0.00674992
0.00624971
0.0057491
0.00524757
0.00474399
0.00423682
0.00372371
0.00320481
0.00267915
0.0021562
0.00164057
0.00114509
0.00067452
0.000676996
0.00115062
0.0016471
0.00216114
0.00268334
0.00320604
0.00372398
0.00423617
0.00474333
0.00524709
0.00574884
0.00624959
0.00674987
0.00724997
0.00775
0.00825
0.00875
0.00925
0.00975
0.01025
0.01075
0.01125
0.01175
0.01225
0.01275
0.01325
0.01375
0.01425
0.01475
0.01525
0.01575
0.01625
0.01675
0.01725
0.01775
0.01825
0.01875
0.01925
0.01975
0.02025
0.02075
0.02125
0.02175
0.02225
0.02275
0.02325
0.02375
0.02425
0.02475
0.02525
0.02575
0.02625
0.02675
0.02725
0.02775
0.02825
0.02875
0.02925
0.02975
0.03025
0.03075
0.03125
0.03175
0.03225
0.03275
0.03325
0.03375
0.03425
0.03475
0.03525
0.03575
0.03625
0.03675
0.03725
0.03775
0.03825
0.03875
0.03925
0.03975
0.04025
0.04075
0.04125
0.04175
0.04225
0.04275
0.0432501
0.0437504
0.0442512
0.0447529
0.0452567
0.0457638
0.046276
0.046794
0.0473167
0.0478389
0.0483529
0.0488494
0.0488483
0.0493227
0.0493231
0.0493228
0.049323
0.0493228
0.0493227
0.0493225
0.0493224
0.0493224
0.0493225
0.0493227
0.0493228
0.049323
0.0493228
0.0493231
0.0493227
0.049323
0.0493255
0.0488549
0.0483594
0.0478438
0.0473208
0.0467952
0.0462763
0.0457632
0.045256
0.0447524
0.0442509
0.0437503
0.0432501
0.04275
0.04225
0.04175
0.04125
0.04075
0.04025
0.03975
0.03925
0.03875
0.03825
0.03775
0.03725
0.03675
0.03625
0.03575
0.03525
0.03475
0.03425
0.03375
0.03325
0.03275
0.03225
0.03175
0.03125
0.03075
0.03025
0.02975
0.02925
0.02875
0.02825
0.02775
0.02725
0.02675
0.02625
0.02575
0.02525
0.02475
0.02425
0.02375
0.02325
0.02275
0.02225
0.02175
0.02125
0.02075
0.02025
0.01975
0.01925
0.01875
0.01825
0.01775
0.01725
0.01675
0.01625
0.01575
0.01525
0.01475
0.01425
0.01375
0.01325
0.01275
0.01225
0.01175
0.01125
0.01075
0.01025
0.00975
0.00925
0.00875
0.00825
0.00775
0.00724998
0.00674992
0.00624971
0.0057491
0.00524757
0.00474399
0.00423682
0.00372371
0.00320481
0.00267915
0.0021562
0.00164057
0.00114509
0.000674519
0.000676996
0.00115062
0.0016471
0.00216114
0.00268334
0.00320604
0.00372398
0.00423617
0.00474333
0.00524709
0.00574884
0.00624959
0.00674987
0.00724997
0.00774999
0.00825
0.00875
0.00925
0.00975
0.01025
0.01075
0.01125
0.01175
0.01225
0.01275
0.01325
0.01375
0.01425
0.01475
0.01525
0.01575
0.01625
0.01675
0.01725
0.01775
0.01825
0.01875
0.01925
0.01975
0.02025
0.02075
0.02125
0.02175
0.02225
0.02275
0.02325
0.02375
0.02425
0.02475
0.02525
0.02575
0.02625
0.02675
0.02725
0.02775
0.02825
0.02875
0.02925
0.02975
0.03025
0.03075
0.03125
0.03175
0.03225
0.03275
0.03325
0.03375
0.03425
0.03475
0.03525
0.03575
0.03625
0.03675
0.03725
0.03775
0.03825
0.03875
0.03925
0.03975
0.04025
0.04075
0.04125
0.04175
0.04225
0.04275
0.0432501
0.0437504
0.0442512
0.0447529
0.0452567
0.0457638
0.046276
0.046794
0.0473167
0.0478389
0.0483529
0.0488494
0.049323
0.0493227
0.0493231
0.0493228
0.049323
0.0493228
0.0493227
0.0493225
0.0493224
0.0493224
0.0493225
0.0493227
0.0493228
0.049323
0.0493228
0.0493231
0.0493227
0.049323
0.0493255
0.0488549
0.0483594
0.0478438
0.0473208
0.0467952
0.0462763
0.0457632
0.045256
0.0447524
0.0442509
0.0437503
0.0432501
0.04275
0.04225
0.04175
0.04125
0.04075
0.04025
0.03975
0.03925
0.03875
0.03825
0.03775
0.03725
0.03675
0.03625
0.03575
0.03525
0.03475
0.03425
0.03375
0.03325
0.03275
0.03225
0.03175
0.03125
0.03075
0.03025
0.02975
0.02925
0.02875
0.02825
0.02775
0.02725
0.02675
0.02625
0.02575
0.02525
0.02475
0.02425
0.02375
0.02325
0.02275
0.02225
0.02175
0.02125
0.02075
0.02025
0.01975
0.01925
0.01875
0.01825
0.01775
0.01725
0.01675
0.01625
0.01575
0.01525
0.01475
0.01425
0.01375
0.01325
0.01275
0.01225
0.01175
0.01125
0.01075
0.01025
0.00975
0.00925
0.00875
0.00825
0.00775
0.00724998
0.00674992
0.00624971
0.0057491
0.00524757
0.00474399
0.00423682
0.00372371
0.00320481
0.00267915
0.0021562
0.00164057
0.00114509
0.000674521
0.000676999
0.00115062
0.0016471
0.00216114
0.00268334
0.00320604
0.00372398
0.00423617
0.00474333
0.00524708
0.00574884
0.00624959
0.00674987
0.00724997
0.00774999
0.00825
0.00875
0.00925
0.00975
0.01025
0.01075
0.01125
0.01175
0.01225
0.01275
0.01325
0.01375
0.01425
0.01475
0.01525
0.01575
0.01625
0.01675
0.01725
0.01775
0.01825
0.01875
0.01925
0.01975
0.02025
0.02075
0.02125
0.02175
0.02225
0.02275
0.02325
0.02375
0.02425
0.02475
0.02525
0.02575
0.02625
0.02675
0.02725
0.02775
0.02825
0.02875
0.02925
0.02975
0.03025
0.03075
0.03125
0.03175
0.03225
0.03275
0.03325
0.03375
0.03425
0.03475
0.03525
0.03575
0.03625
0.03675
0.03725
0.03775
0.03825
0.03875
0.03925
0.03975
0.04025
0.04075
0.04125
0.04175
0.04225
0.04275
0.0432501
0.0437504
0.0442512
0.0447529
0.0452567
0.0457638
0.046276
0.046794
0.0473167
0.0478389
0.0483529
0.0488494
0.049323
0.0493227
0.0488483
0.0483507
0.047836
0.0473138
0.0467919
0.0462747
0.0457632
0.0452564
0.0447529
0.0442512
0.0437504
0.0432501
0.04275
0.04225
0.04175
0.04125
0.04075
0.04025
0.03975
0.03925
0.03875
0.03825
0.03775
0.03725
0.03675
0.03625
0.03575
0.03525
0.03475
0.03425
0.03375
0.03325
0.03275
0.03225
0.03175
0.03125
0.03075
0.03025
0.02975
0.02925
0.02875
0.02825
0.02775
0.02725
0.02675
0.02625
0.02575
0.02525
0.02475
0.02425
0.02375
0.02325
0.02275
0.02225
0.02175
0.02125
0.02075
0.02025
0.01975
0.01925
0.01875
0.01825
0.01775
0.01725
0.01675
0.01625
0.01575
0.01525
0.01475
0.01425
0.01375
0.01325
0.01275
0.01225
0.01175
0.01125
0.01075
0.01025
0.00975
0.00925
0.00875
0.00825
0.00774999
0.00724996
0.00674986
0.00624957
0.00574883
0.00524713
0.00474355
0.00423679
0.00372531
0.00320814
0.00268624
0.00216396
0.00164934
0.00115175
0.000677329
0.000676909
0.00115215
0.00165052
0.00216575
0.00268824
0.00320993
0.00372664
0.00423763
0.00474401
0.00524734
0.00574892
0.0062496
0.00674987
0.00724996
0.00774999
0.00825
0.00875
0.00925
0.00975
0.01025
0.01075
0.01125
0.01175
0.01225
0.01275
0.01325
0.01375
0.01425
0.01475
0.01525
0.01575
0.01625
0.01675
0.01725
0.01775
0.01825
0.01875
0.01925
0.01975
0.02025
0.02075
0.02125
0.02175
0.02225
0.02275
0.02325
0.02375
0.02425
0.02475
0.02525
0.02575
0.02625
0.02675
0.02725
0.02775
0.02825
0.02875
0.02925
0.02975
0.03025
0.03075
0.03125
0.03175
0.03225
0.03275
0.03325
0.03375
0.03425
0.03475
0.03525
0.03575
0.03625
0.03675
0.03725
0.03775
0.03825
0.03875
0.03925
0.03975
0.04025
0.04075
0.04125
0.04175
0.04225
0.04275
0.0432501
0.0437504
0.0442511
0.0447527
0.045256
0.0457624
0.0462734
0.0467901
0.0473118
0.0478343
0.0483495
0.0488478
0.0493231
0.0493228
0.0488474
0.0483485
0.0478329
0.0473102
0.0467887
0.0462723
0.0457616
0.0452555
0.0447524
0.044251
0.0437504
0.0432501
0.04275
0.04225
0.04175
0.04125
0.04075
0.04025
0.03975
0.03925
0.03875
0.03825
0.03775
0.03725
0.03675
0.03625
0.03575
0.03525
0.03475
0.03425
0.03375
0.03325
0.03275
0.03225
0.03175
0.03125
0.03075
0.03025
0.02975
0.02925
0.02875
0.02825
0.02775
0.02725
0.02675
0.02625
0.02575
0.02525
0.02475
0.02425
0.02375
0.02325
0.02275
0.02225
0.02175
0.02125
0.02075
0.02025
0.01975
0.01925
0.01875
0.01825
0.01775
0.01725
0.01675
0.01625
0.01575
0.01525
0.01475
0.01425
0.01375
0.01325
0.01275
0.01225
0.01175
0.01125
0.01075
0.01025
0.00975
0.00925
0.00875
0.00825
0.00774999
0.00724997
0.00674988
0.00624964
0.00574902
0.00524757
0.00474445
0.00423837
0.00372773
0.00321132
0.00268976
0.00216715
0.00165151
0.0011526
0.000677164
0.000676986
0.00115303
0.00165246
0.00216843
0.00269114
0.00321255
0.00372868
0.00423902
0.00474484
0.00524778
0.00574912
0.00624968
0.0067499
0.00724997
0.00774999
0.00825
0.00875
0.00925
0.00975
0.01025
0.01075
0.01125
0.01175
0.01225
0.01275
0.01325
0.01375
0.01425
0.01475
0.01525
0.01575
0.01625
0.01675
0.01725
0.01775
0.01825
0.01875
0.01925
0.01975
0.02025
0.02075
0.02125
0.02175
0.02225
0.02275
0.02325
0.02375
0.02425
0.02475
0.02525
0.02575
0.02625
0.02675
0.02725
0.02775
0.02825
0.02875
0.02925
0.02975
0.03025
0.03075
0.03125
0.03175
0.03225
0.03275
0.03325
0.03375
0.03425
0.03475
0.03525
0.03575
0.03625
0.03675
0.03725
0.03775
0.03825
0.03875
0.03925
0.03975
0.04025
0.04075
0.04125
0.04175
0.04225
0.04275
0.0432501
0.0437503
0.0442509
0.0447522
0.0452552
0.045761
0.0462713
0.0467874
0.0473089
0.0478316
0.0483475
0.048847
0.049323
0.0493228
0.0488465
0.0483467
0.0478304
0.0473076
0.0467863
0.0462705
0.0457604
0.0452548
0.044752
0.0442508
0.0437503
0.0432501
0.04275
0.04225
0.04175
0.04125
0.04075
0.04025
0.03975
0.03925
0.03875
0.03825
0.03775
0.03725
0.03675
0.03625
0.03575
0.03525
0.03475
0.03425
0.03375
0.03325
0.03275
0.03225
0.03175
0.03125
0.03075
0.03025
0.02975
0.02925
0.02875
0.02825
0.02775
0.02725
0.02675
0.02625
0.02575
0.02525
0.02475
0.02425
0.02375
0.02325
0.02275
0.02225
0.02175
0.02125
0.02075
0.02025
0.01975
0.01925
0.01875
0.01825
0.01775
0.01725
0.01675
0.01625
0.01575
0.01525
0.01475
0.01425
0.01375
0.01325
0.01275
0.01225
0.01175
0.01125
0.01075
0.01025
0.00975
0.00925
0.00875
0.00825
0.00775
0.00724998
0.00674991
0.00624972
0.00574921
0.00524796
0.00474518
0.00423959
0.00372953
0.00321367
0.00269241
0.00216964
0.00165334
0.00115345
0.000677171
0.000677306
0.00115385
0.00165407
0.00217063
0.00269346
0.0032146
0.00373023
0.00424005
0.00474545
0.0052481
0.00574928
0.00624975
0.00674992
0.00724998
0.00775
0.00825
0.00875
0.00925
0.00975
0.01025
0.01075
0.01125
0.01175
0.01225
0.01275
0.01325
0.01375
0.01425
0.01475
0.01525
0.01575
0.01625
0.01675
0.01725
0.01775
0.01825
0.01875
0.01925
0.01975
0.02025
0.02075
0.02125
0.02175
0.02225
0.02275
0.02325
0.02375
0.02425
0.02475
0.02525
0.02575
0.02625
0.02675
0.02725
0.02775
0.02825
0.02875
0.02925
0.02975
0.03025
0.03075
0.03125
0.03175
0.03225
0.03275
0.03325
0.03375
0.03425
0.03475
0.03525
0.03575
0.03625
0.03675
0.03725
0.03775
0.03825
0.03875
0.03925
0.03975
0.04025
0.04075
0.04125
0.04175
0.04225
0.04275
0.0432501
0.0437503
0.0442507
0.0447519
0.0452546
0.04576
0.0462698
0.0467854
0.0473065
0.0478294
0.0483459
0.0488461
0.0493227
0.0493225
0.0488458
0.0483454
0.0478287
0.0473058
0.0467848
0.0462693
0.0457596
0.0452544
0.0447518
0.0442507
0.0437502
0.0432501
0.04275
0.04225
0.04175
0.04125
0.04075
0.04025
0.03975
0.03925
0.03875
0.03825
0.03775
0.03725
0.03675
0.03625
0.03575
0.03525
0.03475
0.03425
0.03375
0.03325
0.03275
0.03225
0.03175
0.03125
0.03075
0.03025
0.02975
0.02925
0.02875
0.02825
0.02775
0.02725
0.02675
0.02625
0.02575
0.02525
0.02475
0.02425
0.02375
0.02325
0.02275
0.02225
0.02175
0.02125
0.02075
0.02025
0.01975
0.01925
0.01875
0.01825
0.01775
0.01725
0.01675
0.01625
0.01575
0.01525
0.01475
0.01425
0.01375
0.01325
0.01275
0.01225
0.01175
0.01125
0.01075
0.01025
0.00975
0.00925
0.00875
0.00825
0.00775
0.00724998
0.00674993
0.00624977
0.00574932
0.0052482
0.00474563
0.00424036
0.00373071
0.00321524
0.00269419
0.00217131
0.00165459
0.00115416
0.000677499
0.000677609
0.00115432
0.00165485
0.00217166
0.00269456
0.00321556
0.00373095
0.00424052
0.00474573
0.00524825
0.00574935
0.00624978
0.00674993
0.00724998
0.00775
0.00825
0.00875
0.00925
0.00975
0.01025
0.01075
0.01125
0.01175
0.01225
0.01275
0.01325
0.01375
0.01425
0.01475
0.01525
0.01575
0.01625
0.01675
0.01725
0.01775
0.01825
0.01875
0.01925
0.01975
0.02025
0.02075
0.02125
0.02175
0.02225
0.02275
0.02325
0.02375
0.02425
0.02475
0.02525
0.02575
0.02625
0.02675
0.02725
0.02775
0.02825
0.02875
0.02925
0.02975
0.03025
0.03075
0.03125
0.03175
0.03225
0.03275
0.03325
0.03375
0.03425
0.03475
0.03525
0.03575
0.03625
0.03675
0.03725
0.03775
0.03825
0.03875
0.03925
0.03975
0.04025
0.04075
0.04125
0.04175
0.04225
0.04275
0.0432501
0.0437502
0.0442507
0.0447518
0.0452543
0.0457595
0.046269
0.0467844
0.0473054
0.0478283
0.0483452
0.0488457
0.0493224
0.0493224
0.0488457
0.0483452
0.0478283
0.0473054
0.0467844
0.046269
0.0457595
0.0452543
0.0447518
0.0442507
0.0437502
0.0432501
0.04275
0.04225
0.04175
0.04125
0.04075
0.04025
0.03975
0.03925
0.03875
0.03825
0.03775
0.03725
0.03675
0.03625
0.03575
0.03525
0.03475
0.03425
0.03375
0.03325
0.03275
0.03225
0.03175
0.03125
0.03075
0.03025
0.02975
0.02925
0.02875
0.02825
0.02775
0.02725
0.02675
0.02625
0.02575
0.02525
0.02475
0.02425
0.02375
0.02325
0.02275
0.02225
0.02175
0.02125
0.02075
0.02025
0.01975
0.01925
0.01875
0.01825
0.01775
0.01725
0.01675
0.01625
0.01575
0.01525
0.01475
0.01425
0.01375
0.01325
0.01275
0.01225
0.01175
0.01125
0.01075
0.01025
0.00975
0.00925
0.00875
0.00825
0.00775
0.00724998
0.00674993
0.00624978
0.00574935
0.00524825
0.00474573
0.00424052
0.00373095
0.00321556
0.00269456
0.00217166
0.00165485
0.00115432
0.000677609
0.000677499
0.00115416
0.00165459
0.00217131
0.00269419
0.00321524
0.00373071
0.00424036
0.00474563
0.0052482
0.00574932
0.00624977
0.00674993
0.00724998
0.00775
0.00825
0.00875
0.00925
0.00975
0.01025
0.01075
0.01125
0.01175
0.01225
0.01275
0.01325
0.01375
0.01425
0.01475
0.01525
0.01575
0.01625
0.01675
0.01725
0.01775
0.01825
0.01875
0.01925
0.01975
0.02025
0.02075
0.02125
0.02175
0.02225
0.02275
0.02325
0.02375
0.02425
0.02475
0.02525
0.02575
0.02625
0.02675
0.02725
0.02775
0.02825
0.02875
0.02925
0.02975
0.03025
0.03075
0.03125
0.03175
0.03225
0.03275
0.03325
0.03375
0.03425
0.03475
0.03525
0.03575
0.03625
0.03675
0.03725
0.03775
0.03825
0.03875
0.03925
0.03975
0.04025
0.04075
0.04125
0.04175
0.04225
0.04275
0.0432501
0.0437502
0.0442507
0.0447518
0.0452544
0.0457596
0.0462693
0.0467848
0.0473058
0.0478287
0.0483454
0.0488458
0.0493225
0.0493227
0.0488461
0.0483459
0.0478294
0.0473065
0.0467854
0.0462698
0.04576
0.0452546
0.0447519
0.0442507
0.0437503
0.0432501
0.04275
0.04225
0.04175
0.04125
0.04075
0.04025
0.03975
0.03925
0.03875
0.03825
0.03775
0.03725
0.03675
0.03625
0.03575
0.03525
0.03475
0.03425
0.03375
0.03325
0.03275
0.03225
0.03175
0.03125
0.03075
0.03025
0.02975
0.02925
0.02875
0.02825
0.02775
0.02725
0.02675
0.02625
0.02575
0.02525
0.02475
0.02425
0.02375
0.02325
0.02275
0.02225
0.02175
0.02125
0.02075
0.02025
0.01975
0.01925
0.01875
0.01825
0.01775
0.01725
0.01675
0.01625
0.01575
0.01525
0.01475
0.01425
0.01375
0.01325
0.01275
0.01225
0.01175
0.01125
0.01075
0.01025
0.00975
0.00925
0.00875
0.00825
0.00775
0.00724998
0.00674992
0.00624975
0.00574928
0.0052481
0.00474545
0.00424005
0.00373023
0.0032146
0.00269346
0.00217063
0.00165407
0.00115385
0.000677307
0.000677171
0.00115345
0.00165334
0.00216964
0.00269241
0.00321367
0.00372953
0.00423959
0.00474518
0.00524796
0.00574921
0.00624972
0.00674991
0.00724998
0.00775
0.00825
0.00875
0.00925
0.00975
0.01025
0.01075
0.01125
0.01175
0.01225
0.01275
0.01325
0.01375
0.01425
0.01475
0.01525
0.01575
0.01625
0.01675
0.01725
0.01775
0.01825
0.01875
0.01925
0.01975
0.02025
0.02075
0.02125
0.02175
0.02225
0.02275
0.02325
0.02375
0.02425
0.02475
0.02525
0.02575
0.02625
0.02675
0.02725
0.02775
0.02825
0.02875
0.02925
0.02975
0.03025
0.03075
0.03125
0.03175
0.03225
0.03275
0.03325
0.03375
0.03425
0.03475
0.03525
0.03575
0.03625
0.03675
0.03725
0.03775
0.03825
0.03875
0.03925
0.03975
0.04025
0.04075
0.04125
0.04175
0.04225
0.04275
0.0432501
0.0437503
0.0442508
0.044752
0.0452548
0.0457604
0.0462705
0.0467863
0.0473076
0.0478304
0.0483467
0.0488465
0.0493228
0.049323
0.048847
0.0483475
0.0478316
0.0473089
0.0467874
0.0462713
0.045761
0.0452552
0.0447522
0.0442509
0.0437503
0.0432501
0.04275
0.04225
0.04175
0.04125
0.04075
0.04025
0.03975
0.03925
0.03875
0.03825
0.03775
0.03725
0.03675
0.03625
0.03575
0.03525
0.03475
0.03425
0.03375
0.03325
0.03275
0.03225
0.03175
0.03125
0.03075
0.03025
0.02975
0.02925
0.02875
0.02825
0.02775
0.02725
0.02675
0.02625
0.02575
0.02525
0.02475
0.02425
0.02375
0.02325
0.02275
0.02225
0.02175
0.02125
0.02075
0.02025
0.01975
0.01925
0.01875
0.01825
0.01775
0.01725
0.01675
0.01625
0.01575
0.01525
0.01475
0.01425
0.01375
0.01325
0.01275
0.01225
0.01175
0.01125
0.01075
0.01025
0.00975
0.00925
0.00875
0.00825
0.00774999
0.00724997
0.0067499
0.00624968
0.00574912
0.00524778
0.00474484
0.00423902
0.00372868
0.00321255
0.00269114
0.00216843
0.00165245
0.00115303
0.000676986
0.000677164
0.0011526
0.00165151
0.00216714
0.00268976
0.00321132
0.00372773
0.00423837
0.00474445
0.00524757
0.00574902
0.00624964
0.00674988
0.00724997
0.00774999
0.00825
0.00875
0.00925
0.00975
0.01025
0.01075
0.01125
0.01175
0.01225
0.01275
0.01325
0.01375
0.01425
0.01475
0.01525
0.01575
0.01625
0.01675
0.01725
0.01775
0.01825
0.01875
0.01925
0.01975
0.02025
0.02075
0.02125
0.02175
0.02225
0.02275
0.02325
0.02375
0.02425
0.02475
0.02525
0.02575
0.02625
0.02675
0.02725
0.02775
0.02825
0.02875
0.02925
0.02975
0.03025
0.03075
0.03125
0.03175
0.03225
0.03275
0.03325
0.03375
0.03425
0.03475
0.03525
0.03575
0.03625
0.03675
0.03725
0.03775
0.03825
0.03875
0.03925
0.03975
0.04025
0.04075
0.04125
0.04175
0.04225
0.04275
0.0432501
0.0437504
0.044251
0.0447524
0.0452555
0.0457616
0.0462723
0.0467887
0.0473102
0.0478329
0.0483485
0.0488474
0.0493228
0.0493231
0.0488478
0.0483495
0.0478343
0.0473118
0.0467901
0.0462734
0.0457624
0.045256
0.0447527
0.0442511
0.0437504
0.0432501
0.04275
0.04225
0.04175
0.04125
0.04075
0.04025
0.03975
0.03925
0.03875
0.03825
0.03775
0.03725
0.03675
0.03625
0.03575
0.03525
0.03475
0.03425
0.03375
0.03325
0.03275
0.03225
0.03175
0.03125
0.03075
0.03025
0.02975
0.02925
0.02875
0.02825
0.02775
0.02725
0.02675
0.02625
0.02575
0.02525
0.02475
0.02425
0.02375
0.02325
0.02275
0.02225
0.02175
0.02125
0.02075
0.02025
0.01975
0.01925
0.01875
0.01825
0.01775
0.01725
0.01675
0.01625
0.01575
0.01525
0.01475
0.01425
0.01375
0.01325
0.01275
0.01225
0.01175
0.01125
0.01075
0.01025
0.00975
0.00925
0.00875
0.00825
0.00774999
0.00724996
0.00674987
0.0062496
0.00574892
0.00524734
0.00474401
0.00423763
0.00372664
0.00320993
0.00268823
0.00216575
0.00165052
0.00115215
0.000676908
0.000677327
0.00115175
0.00164934
0.00216396
0.00268624
0.00320814
0.00372531
0.00423679
0.00474355
0.00524713
0.00574883
0.00624957
0.00674986
0.00724996
0.00774999
0.00825
0.00875
0.00925
0.00975
0.01025
0.01075
0.01125
0.01175
0.01225
0.01275
0.01325
0.01375
0.01425
0.01475
0.01525
0.01575
0.01625
0.01675
0.01725
0.01775
0.01825
0.01875
0.01925
0.01975
0.02025
0.02075
0.02125
0.02175
0.02225
0.02275
0.02325
0.02375
0.02425
0.02475
0.02525
0.02575
0.02625
0.02675
0.02725
0.02775
0.02825
0.02875
0.02925
0.02975
0.03025
0.03075
0.03125
0.03175
0.03225
0.03275
0.03325
0.03375
0.03425
0.03475
0.03525
0.03575
0.03625
0.03675
0.03725
0.03775
0.03825
0.03875
0.03925
0.03975
0.04025
0.04075
0.04125
0.04175
0.04225
0.04275
0.0432501
0.0437504
0.0442512
0.0447529
0.0452564
0.0457632
0.0462747
0.0467919
0.0473138
0.047836
0.0483507
0.0488483
0.0493227
0.049323
0.0488494
0.0483529
0.0478389
0.0473167
0.046794
0.046276
0.0457638
0.0452567
0.0447529
0.0442512
0.0437504
0.0432501
0.04275
0.04225
0.04175
0.04125
0.04075
0.04025
0.03975
0.03925
0.03875
0.03825
0.03775
0.03725
0.03675
0.03625
0.03575
0.03525
0.03475
0.03425
0.03375
0.03325
0.03275
0.03225
0.03175
0.03125
0.03075
0.03025
0.02975
0.02925
0.02875
0.02825
0.02775
0.02725
0.02675
0.02625
0.02575
0.02525
0.02475
0.02425
0.02375
0.02325
0.02275
0.02225
0.02175
0.02125
0.02075
0.02025
0.01975
0.01925
0.01875
0.01825
0.01775
0.01725
0.01675
0.01625
0.01575
0.01525
0.01475
0.01425
0.01375
0.01325
0.01275
0.01225
0.01175
0.01125
0.01075
0.01025
0.00975
0.00925
0.00875
0.00825
0.00774999
0.00724997
0.00674987
0.00624959
0.00574884
0.00524709
0.00474333
0.00423617
0.00372398
0.00320604
0.00268334
0.00216114
0.0016471
0.00115062
0.000676998
0.000681851
0.00116005
0.00115062
0.0016471
0.00216114
0.00268334
0.00320604
0.00372398
0.00423617
0.00474333
0.00524708
0.00574884
0.00624959
0.00674987
0.00724997
0.00774999
0.00825
0.00875
0.00925
0.00975
0.01025
0.01075
0.01125
0.01175
0.01225
0.01275
0.01325
0.01375
0.01425
0.01475
0.01525
0.01575
0.01625
0.01675
0.01725
0.01775
0.01825
0.01875
0.01925
0.01975
0.02025
0.02075
0.02125
0.02175
0.02225
0.02275
0.02325
0.02375
0.02425
0.02475
0.02525
0.02575
0.02625
0.02675
0.02725
0.02775
0.02825
0.02875
0.02925
0.02975
0.03025
0.03075
0.03125
0.03175
0.03225
0.03275
0.03325
0.03375
0.03425
0.03475
0.03525
0.03575
0.03625
0.03675
0.03725
0.03775
0.03825
0.03875
0.03925
0.03975
0.04025
0.04075
0.04125
0.04175
0.04225
0.04275
0.0432501
0.0437504
0.0442512
0.0447529
0.0452567
0.0457638
0.046276
0.046794
0.0473167
0.0478389
0.0483529
0.0488494
0.049323
0.0493227
0.0488483
0.0483507
0.047836
0.0473138
0.0467919
0.0462747
0.0457632
0.0452564
0.0447529
0.0442512
0.0437504
0.0432501
0.04275
0.04225
0.04175
0.04125
0.04075
0.04025
0.03975
0.03925
0.03875
0.03825
0.03775
0.03725
0.03675
0.03625
0.03575
0.03525
0.03475
0.03425
0.03375
0.03325
0.03275
0.03225
0.03175
0.03125
0.03075
0.03025
0.02975
0.02925
0.02875
0.02825
0.02775
0.02725
0.02675
0.02625
0.02575
0.02525
0.02475
0.02425
0.02375
0.02325
0.02275
0.02225
0.02175
0.02125
0.02075
0.02025
0.01975
0.01925
0.01875
0.01825
0.01775
0.01725
0.01675
0.01625
0.01575
0.01525
0.01475
0.01425
0.01375
0.01325
0.01275
0.01225
0.01175
0.01125
0.01075
0.01025
0.00975
0.00925
0.00875
0.00825
0.00774999
0.00724996
0.00674986
0.00624957
0.00574883
0.00524713
0.00474355
0.00423679
0.00372531
0.00320814
0.00268624
0.00216396
0.00164934
0.00115175
0.00115215
0.00165052
0.00216575
0.00268824
0.00320993
0.00372664
0.00423763
0.00474401
0.00524734
0.00574892
0.0062496
0.00674987
0.00724996
0.00774999
0.00825
0.00875
0.00925
0.00975
0.01025
0.01075
0.01125
0.01175
0.01225
0.01275
0.01325
0.01375
0.01425
0.01475
0.01525
0.01575
0.01625
0.01675
0.01725
0.01775
0.01825
0.01875
0.01925
0.01975
0.02025
0.02075
0.02125
0.02175
0.02225
0.02275
0.02325
0.02375
0.02425
0.02475
0.02525
0.02575
0.02625
0.02675
0.02725
0.02775
0.02825
0.02875
0.02925
0.02975
0.03025
0.03075
0.03125
0.03175
0.03225
0.03275
0.03325
0.03375
0.03425
0.03475
0.03525
0.03575
0.03625
0.03675
0.03725
0.03775
0.03825
0.03875
0.03925
0.03975
0.04025
0.04075
0.04125
0.04175
0.04225
0.04275
0.0432501
0.0437504
0.0442511
0.0447527
0.045256
0.0457624
0.0462734
0.0467901
0.0473118
0.0478343
0.0483495
0.0488478
0.0493231
0.0493228
0.0488474
0.0483485
0.0478329
0.0473102
0.0467887
0.0462723
0.0457616
0.0452555
0.0447524
0.044251
0.0437504
0.0432501
0.04275
0.04225
0.04175
0.04125
0.04075
0.04025
0.03975
0.03925
0.03875
0.03825
0.03775
0.03725
0.03675
0.03625
0.03575
0.03525
0.03475
0.03425
0.03375
0.03325
0.03275
0.03225
0.03175
0.03125
0.03075
0.03025
0.02975
0.02925
0.02875
0.02825
0.02775
0.02725
0.02675
0.02625
0.02575
0.02525
0.02475
0.02425
0.02375
0.02325
0.02275
0.02225
0.02175
0.02125
0.02075
0.02025
0.01975
0.01925
0.01875
0.01825
0.01775
0.01725
0.01675
0.01625
0.01575
0.01525
0.01475
0.01425
0.01375
0.01325
0.01275
0.01225
0.01175
0.01125
0.01075
0.01025
0.00975
0.00925
0.00875
0.00825
0.00774999
0.00724997
0.00674988
0.00624964
0.00574902
0.00524757
0.00474445
0.00423837
0.00372773
0.00321132
0.00268976
0.00216714
0.00165151
0.0011526
0.00115303
0.00165246
0.00216843
0.00269114
0.00321255
0.00372868
0.00423902
0.00474484
0.00524778
0.00574912
0.00624968
0.00674989
0.00724997
0.00774999
0.00825
0.00875
0.00925
0.00975
0.01025
0.01075
0.01125
0.01175
0.01225
0.01275
0.01325
0.01375
0.01425
0.01475
0.01525
0.01575
0.01625
0.01675
0.01725
0.01775
0.01825
0.01875
0.01925
0.01975
0.02025
0.02075
0.02125
0.02175
0.02225
0.02275
0.02325
0.02375
0.02425
0.02475
0.02525
0.02575
0.02625
0.02675
0.02725
0.02775
0.02825
0.02875
0.02925
0.02975
0.03025
0.03075
0.03125
0.03175
0.03225
0.03275
0.03325
0.03375
0.03425
0.03475
0.03525
0.03575
0.03625
0.03675
0.03725
0.03775
0.03825
0.03875
0.03925
0.03975
0.04025
0.04075
0.04125
0.04175
0.04225
0.04275
0.0432501
0.0437503
0.0442509
0.0447522
0.0452552
0.045761
0.0462713
0.0467874
0.0473089
0.0478316
0.0483475
0.048847
0.049323
0.0493228
0.0488465
0.0483467
0.0478304
0.0473076
0.0467863
0.0462705
0.0457604
0.0452548
0.044752
0.0442508
0.0437503
0.0432501
0.04275
0.04225
0.04175
0.04125
0.04075
0.04025
0.03975
0.03925
0.03875
0.03825
0.03775
0.03725
0.03675
0.03625
0.03575
0.03525
0.03475
0.03425
0.03375
0.03325
0.03275
0.03225
0.03175
0.03125
0.03075
0.03025
0.02975
0.02925
0.02875
0.02825
0.02775
0.02725
0.02675
0.02625
0.02575
0.02525
0.02475
0.02425
0.02375
0.02325
0.02275
0.02225
0.02175
0.02125
0.02075
0.02025
0.01975
0.01925
0.01875
0.01825
0.01775
0.01725
0.01675
0.01625
0.01575
0.01525
0.01475
0.01425
0.01375
0.01325
0.01275
0.01225
0.01175
0.01125
0.01075
0.01025
0.00975
0.00925
0.00875
0.00825
0.00774999
0.00724997
0.00674991
0.00624972
0.00574921
0.00524796
0.00474518
0.00423959
0.00372953
0.00321367
0.00269241
0.00216964
0.00165334
0.00115345
0.00115385
0.00165407
0.00217063
0.00269346
0.0032146
0.00373023
0.00424005
0.00474545
0.0052481
0.00574927
0.00624975
0.00674992
0.00724998
0.00774999
0.00825
0.00875
0.00925
0.00975
0.01025
0.01075
0.01125
0.01175
0.01225
0.01275
0.01325
0.01375
0.01425
0.01475
0.01525
0.01575
0.01625
0.01675
0.01725
0.01775
0.01825
0.01875
0.01925
0.01975
0.02025
0.02075
0.02125
0.02175
0.02225
0.02275
0.02325
0.02375
0.02425
0.02475
0.02525
0.02575
0.02625
0.02675
0.02725
0.02775
0.02825
0.02875
0.02925
0.02975
0.03025
0.03075
0.03125
0.03175
0.03225
0.03275
0.03325
0.03375
0.03425
0.03475
0.03525
0.03575
0.03625
0.03675
0.03725
0.03775
0.03825
0.03875
0.03925
0.03975
0.04025
0.04075
0.04125
0.04175
0.04225
0.04275
0.0432501
0.0437503
0.0442507
0.0447519
0.0452546
0.04576
0.0462698
0.0467854
0.0473065
0.0478294
0.0483459
0.0488461
0.0493227
0.0493225
0.0488458
0.0483454
0.0478287
0.0473058
0.0467848
0.0462693
0.0457596
0.0452544
0.0447518
0.0442507
0.0437502
0.0432501
0.04275
0.04225
0.04175
0.04125
0.04075
0.04025
0.03975
0.03925
0.03875
0.03825
0.03775
0.03725
0.03675
0.03625
0.03575
0.03525
0.03475
0.03425
0.03375
0.03325
0.03275
0.03225
0.03175
0.03125
0.03075
0.03025
0.02975
0.02925
0.02875
0.02825
0.02775
0.02725
0.02675
0.02625
0.02575
0.02525
0.02475
0.02425
0.02375
0.02325
0.02275
0.02225
0.02175
0.02125
0.02075
0.02025
0.01975
0.01925
0.01875
0.01825
0.01775
0.01725
0.01675
0.01625
0.01575
0.01525
0.01475
0.01425
0.01375
0.01325
0.01275
0.01225
0.01175
0.01125
0.01075
0.01025
0.00975
0.00925
0.00875
0.00825
0.00775
0.00724998
0.00674993
0.00624977
0.00574932
0.0052482
0.00474563
0.00424036
0.00373071
0.00321524
0.00269419
0.00217131
0.00165459
0.00115416
0.00115432
0.00165485
0.00217166
0.00269456
0.00321556
0.00373095
0.00424052
0.00474573
0.00524825
0.00574934
0.00624978
0.00674993
0.00724998
0.00775
0.00825
0.00875
0.00925
0.00975
0.01025
0.01075
0.01125
0.01175
0.01225
0.01275
0.01325
0.01375
0.01425
0.01475
0.01525
0.01575
0.01625
0.01675
0.01725
0.01775
0.01825
0.01875
0.01925
0.01975
0.02025
0.02075
0.02125
0.02175
0.02225
0.02275
0.02325
0.02375
0.02425
0.02475
0.02525
0.02575
0.02625
0.02675
0.02725
0.02775
0.02825
0.02875
0.02925
0.02975
0.03025
0.03075
0.03125
0.03175
0.03225
0.03275
0.03325
0.03375
0.03425
0.03475
0.03525
0.03575
0.03625
0.03675
0.03725
0.03775
0.03825
0.03875
0.03925
0.03975
0.04025
0.04075
0.04125
0.04175
0.04225
0.04275
0.0432501
0.0437502
0.0442507
0.0447518
0.0452543
0.0457595
0.046269
0.0467844
0.0473054
0.0478283
0.0483452
0.0488457
0.0493224
0.0493224
0.0488457
0.0483452
0.0478283
0.0473054
0.0467844
0.046269
0.0457595
0.0452543
0.0447518
0.0442507
0.0437502
0.0432501
0.04275
0.04225
0.04175
0.04125
0.04075
0.04025
0.03975
0.03925
0.03875
0.03825
0.03775
0.03725
0.03675
0.03625
0.03575
0.03525
0.03475
0.03425
0.03375
0.03325
0.03275
0.03225
0.03175
0.03125
0.03075
0.03025
0.02975
0.02925
0.02875
0.02825
0.02775
0.02725
0.02675
0.02625
0.02575
0.02525
0.02475
0.02425
0.02375
0.02325
0.02275
0.02225
0.02175
0.02125
0.02075
0.02025
0.01975
0.01925
0.01875
0.01825
0.01775
0.01725
0.01675
0.01625
0.01575
0.01525
0.01475
0.01425
0.01375
0.01325
0.01275
0.01225
0.01175
0.01125
0.01075
0.01025
0.00975
0.00925
0.00875
0.00825
0.00775
0.00724998
0.00674993
0.00624978
0.00574934
0.00524825
0.00474573
0.00424052
0.00373095
0.00321556
0.00269456
0.00217166
0.00165485
0.00115432
0.00115416
0.00165459
0.00217131
0.00269419
0.00321524
0.00373071
0.00424036
0.00474563
0.0052482
0.00574932
0.00624977
0.00674993
0.00724998
0.00775
0.00825
0.00875
0.00925
0.00975
0.01025
0.01075
0.01125
0.01175
0.01225
0.01275
0.01325
0.01375
0.01425
0.01475
0.01525
0.01575
0.01625
0.01675
0.01725
0.01775
0.01825
0.01875
0.01925
0.01975
0.02025
0.02075
0.02125
0.02175
0.02225
0.02275
0.02325
0.02375
0.02425
0.02475
0.02525
0.02575
0.02625
0.02675
0.02725
0.02775
0.02825
0.02875
0.02925
0.02975
0.03025
0.03075
0.03125
0.03175
0.03225
0.03275
0.03325
0.03375
0.03425
0.03475
0.03525
0.03575
0.03625
0.03675
0.03725
0.03775
0.03825
0.03875
0.03925
0.03975
0.04025
0.04075
0.04125
0.04175
0.04225
0.04275
0.0432501
0.0437502
0.0442507
0.0447518
0.0452544
0.0457596
0.0462693
0.0467848
0.0473058
0.0478287
0.0483454
0.0488458
0.0493225
0.0493227
0.0488461
0.0483459
0.0478294
0.0473065
0.0467854
0.0462698
0.04576
0.0452546
0.0447519
0.0442507
0.0437503
0.0432501
0.04275
0.04225
0.04175
0.04125
0.04075
0.04025
0.03975
0.03925
0.03875
0.03825
0.03775
0.03725
0.03675
0.03625
0.03575
0.03525
0.03475
0.03425
0.03375
0.03325
0.03275
0.03225
0.03175
0.03125
0.03075
0.03025
0.02975
0.02925
0.02875
0.02825
0.02775
0.02725
0.02675
0.02625
0.02575
0.02525
0.02475
0.02425
0.02375
0.02325
0.02275
0.02225
0.02175
0.02125
0.02075
0.02025
0.01975
0.01925
0.01875
0.01825
0.01775
0.01725
0.01675
0.01625
0.01575
0.01525
0.01475
0.01425
0.01375
0.01325
0.01275
0.01225
0.01175
0.01125
0.01075
0.01025
0.00975
0.00925
0.00875
0.00825
0.00774999
0.00724998
0.00674992
0.00624975
0.00574927
0.0052481
0.00474545
0.00424005
0.00373023
0.0032146
0.00269346
0.00217063
0.00165407
0.00115385
0.00115345
0.00165334
0.00216964
0.00269241
0.00321367
0.00372953
0.00423959
0.00474518
0.00524796
0.00574921
0.00624972
0.00674991
0.00724997
0.00774999
0.00825
0.00875
0.00925
0.00975
0.01025
0.01075
0.01125
0.01175
0.01225
0.01275
0.01325
0.01375
0.01425
0.01475
0.01525
0.01575
0.01625
0.01675
0.01725
0.01775
0.01825
0.01875
0.01925
0.01975
0.02025
0.02075
0.02125
0.02175
0.02225
0.02275
0.02325
0.02375
0.02425
0.02475
0.02525
0.02575
0.02625
0.02675
0.02725
0.02775
0.02825
0.02875
0.02925
0.02975
0.03025
0.03075
0.03125
0.03175
0.03225
0.03275
0.03325
0.03375
0.03425
0.03475
0.03525
0.03575
0.03625
0.03675
0.03725
0.03775
0.03825
0.03875
0.03925
0.03975
0.04025
0.04075
0.04125
0.04175
0.04225
0.04275
0.0432501
0.0437503
0.0442508
0.044752
0.0452548
0.0457604
0.0462705
0.0467863
0.0473076
0.0478304
0.0483467
0.0488465
0.0493228
0.049323
0.048847
0.0483475
0.0478316
0.0473089
0.0467874
0.0462713
0.045761
0.0452552
0.0447522
0.0442509
0.0437503
0.0432501
0.04275
0.04225
0.04175
0.04125
0.04075
0.04025
0.03975
0.03925
0.03875
0.03825
0.03775
0.03725
0.03675
0.03625
0.03575
0.03525
0.03475
0.03425
0.03375
0.03325
0.03275
0.03225
0.03175
0.03125
0.03075
0.03025
0.02975
0.02925
0.02875
0.02825
0.02775
0.02725
0.02675
0.02625
0.02575
0.02525
0.02475
0.02425
0.02375
0.02325
0.02275
0.02225
0.02175
0.02125
0.02075
0.02025
0.01975
0.01925
0.01875
0.01825
0.01775
0.01725
0.01675
0.01625
0.01575
0.01525
0.01475
0.01425
0.01375
0.01325
0.01275
0.01225
0.01175
0.01125
0.01075
0.01025
0.00975
0.00925
0.00875
0.00825
0.00774999
0.00724997
0.00674989
0.00624968
0.00574912
0.00524778
0.00474484
0.00423902
0.00372868
0.00321255
0.00269114
0.00216843
0.00165246
0.00115303
0.0011526
0.00165151
0.00216714
0.00268976
0.00321132
0.00372773
0.00423837
0.00474445
0.00524757
0.00574902
0.00624964
0.00674988
0.00724997
0.00774999
0.00825
0.00875
0.00925
0.00975
0.01025
0.01075
0.01125
0.01175
0.01225
0.01275
0.01325
0.01375
0.01425
0.01475
0.01525
0.01575
0.01625
0.01675
0.01725
0.01775
0.01825
0.01875
0.01925
0.01975
0.02025
0.02075
0.02125
0.02175
0.02225
0.02275
0.02325
0.02375
0.02425
0.02475
0.02525
0.02575
0.02625
0.02675
0.02725
0.02775
0.02825
0.02875
0.02925
0.02975
0.03025
0.03075
0.03125
0.03175
0.03225
0.03275
0.03325
0.03375
0.03425
0.03475
0.03525
0.03575
0.03625
0.03675
0.03725
0.03775
0.03825
0.03875
0.03925
0.03975
0.04025
0.04075
0.04125
0.04175
0.04225
0.04275
0.0432501
0.0437504
0.044251
0.0447524
0.0452555
0.0457616
0.0462723
0.0467887
0.0473102
0.0478329
0.0483485
0.0488474
0.0493228
0.0493231
0.0488478
0.0483495
0.0478343
0.0473118
0.0467901
0.0462734
0.0457624
0.045256
0.0447527
0.0442511
0.0437504
0.0432501
0.04275
0.04225
0.04175
0.04125
0.04075
0.04025
0.03975
0.03925
0.03875
0.03825
0.03775
0.03725
0.03675
0.03625
0.03575
0.03525
0.03475
0.03425
0.03375
0.03325
0.03275
0.03225
0.03175
0.03125
0.03075
0.03025
0.02975
0.02925
0.02875
0.02825
0.02775
0.02725
0.02675
0.02625
0.02575
0.02525
0.02475
0.02425
0.02375
0.02325
0.02275
0.02225
0.02175
0.02125
0.02075
0.02025
0.01975
0.01925
0.01875
0.01825
0.01775
0.01725
0.01675
0.01625
0.01575
0.01525
0.01475
0.01425
0.01375
0.01325
0.01275
0.01225
0.01175
0.01125
0.01075
0.01025
0.00975
0.00925
0.00875
0.00825
0.00774999
0.00724996
0.00674987
0.0062496
0.00574892
0.00524734
0.00474401
0.00423763
0.00372664
0.00320993
0.00268823
0.00216575
0.00165052
0.00115215
0.00115175
0.00164934
0.00216396
0.00268624
0.00320814
0.00372531
0.00423679
0.00474355
0.00524713
0.00574883
0.00624957
0.00674986
0.00724996
0.00774999
0.00825
0.00875
0.00925
0.00975
0.01025
0.01075
0.01125
0.01175
0.01225
0.01275
0.01325
0.01375
0.01425
0.01475
0.01525
0.01575
0.01625
0.01675
0.01725
0.01775
0.01825
0.01875
0.01925
0.01975
0.02025
0.02075
0.02125
0.02175
0.02225
0.02275
0.02325
0.02375
0.02425
0.02475
0.02525
0.02575
0.02625
0.02675
0.02725
0.02775
0.02825
0.02875
0.02925
0.02975
0.03025
0.03075
0.03125
0.03175
0.03225
0.03275
0.03325
0.03375
0.03425
0.03475
0.03525
0.03575
0.03625
0.03675
0.03725
0.03775
0.03825
0.03875
0.03925
0.03975
0.04025
0.04075
0.04125
0.04175
0.04225
0.04275
0.0432501
0.0437504
0.0442512
0.0447529
0.0452564
0.0457632
0.0462747
0.0467919
0.0473138
0.047836
0.0483507
0.0488483
0.0493227
0.049323
0.0488494
0.0483529
0.0478389
0.0473167
0.046794
0.046276
0.0457638
0.0452567
0.0447529
0.0442512
0.0437504
0.0432501
0.04275
0.04225
0.04175
0.04125
0.04075
0.04025
0.03975
0.03925
0.03875
0.03825
0.03775
0.03725
0.03675
0.03625
0.03575
0.03525
0.03475
0.03425
0.03375
0.03325
0.03275
0.03225
0.03175
0.03125
0.03075
0.03025
0.02975
0.02925
0.02875
0.02825
0.02775
0.02725
0.02675
0.02625
0.02575
0.02525
0.02475
0.02425
0.02375
0.02325
0.02275
0.02225
0.02175
0.02125
0.02075
0.02025
0.01975
0.01925
0.01875
0.01825
0.01775
0.01725
0.01675
0.01625
0.01575
0.01525
0.01475
0.01425
0.01375
0.01325
0.01275
0.01225
0.01175
0.01125
0.01075
0.01025
0.00975
0.00925
0.00875
0.00825
0.00774999
0.00724997
0.00674987
0.00624959
0.00574884
0.00524709
0.00474333
0.00423617
0.00372398
0.00320604
0.00268334
0.00216114
0.0016471
0.00115062
0.000676998
0.00116005
0.00166013
0.00217454
0.00269443
0.00321334
0.00372811
0.00423808
0.00474407
0.00524729
0.00574887
0.00624957
0.00674985
0.00724996
0.00774999
0.00825
0.00875
0.00925
0.00975
0.01025
0.01075
0.01125
0.01175
0.01225
0.01275
0.01325
0.01375
0.01425
0.01475
0.01525
0.01575
0.01625
0.01675
0.01725
0.01775
0.01825
0.01875
0.01925
0.01975
0.02025
0.02075
0.02125
0.02175
0.02225
0.02275
0.02325
0.02375
0.02425
0.02475
0.02525
0.02575
0.02625
0.02675
0.02725
0.02775
0.02825
0.02875
0.02925
0.02975
0.03025
0.03075
0.03125
0.03175
0.03225
0.03275
0.03325
0.03375
0.03425
0.03475
0.03525
0.03575
0.03625
0.03675
0.03725
0.03775
0.03825
0.03875
0.03925
0.03975
0.04025
0.04075
0.04125
0.04175
0.04225
0.04275
0.0432501
0.0437504
0.0442511
0.0447527
0.0452559
0.0457619
0.0462719
0.0467867
0.0473056
0.0478255
0.0483399
0.04884
0.0488337
0.0493149
0.0493123
0.0493109
0.0493106
0.0493105
0.0493103
0.04931
0.0493099
0.0493099
0.04931
0.0493103
0.0493105
0.0493106
0.0493109
0.0493123
0.0493149
0.0493181
0.0493149
0.0493123
0.0493109
0.0493106
0.0493105
0.0493103
0.04931
0.0493099
0.0493099
0.04931
0.0493103
0.0493105
0.0493106
0.0493109
0.0493123
0.0493149
0.0493182
0.0493149
0.0493123
0.0493109
0.0493106
0.0493105
0.0493103
0.04931
0.0493099
0.0493012
0.0493014
0.0493017
0.0493019
0.049302
0.0493024
0.0493046
0.0493091
0.0493046
0.0492989
0.0492964
0.0493024
0.049302
0.0492959
0.0492931
0.0492937
0.0492964
0.0492959
0.0492931
0.0492923
0.0492919
0.0492929
0.0492958
0.0493019
0.0493017
0.0492956
0.0492953
0.0493014
0.0493012
0.0492951
0.049292
0.0492922
0.0492926
0.0492914
0.0492909
0.0492907
0.0492898
0.0492901
0.0492906
0.0492912
0.0492919
0.0492929
0.0492958
0.0492956
0.0492926
0.0492914
0.0492909
0.0492922
0.0492953
0.0492951
0.049292
0.0492907
0.0492898
0.0492901
0.0492906
0.0492898
0.0492892
0.0492889
0.0492882
0.0492886
0.0492892
0.0492889
0.0492882
0.0492879
0.0487848
0.0487851
0.0487857
0.0487866
0.0487878
0.0487903
0.0487963
0.0488075
0.0488234
0.0488236
0.048824
0.0488244
0.048825
0.0488261
0.0488289
0.0488337
0.04884
0.0488494
0.0488483
0.0488479
0.0488474
0.048847
0.0488465
0.0488461
0.0488458
0.0488457
0.0488457
0.0488458
0.0488461
0.0488465
0.048847
0.0488474
0.0488479
0.0488483
0.0483507
0.0483495
0.0483485
0.0483475
0.0483467
0.0483459
0.0483454
0.0483452
0.0483452
0.0483454
0.0483459
0.0483467
0.0483475
0.0483485
0.0483495
0.0483507
0.0483529
0.0478389
0.047836
0.0478343
0.0478329
0.0478316
0.0478304
0.0478294
0.0478287
0.0478283
0.0478283
0.0478287
0.0478294
0.0478304
0.0478316
0.0478329
0.0478343
0.047836
0.0473138
0.0473118
0.0473102
0.0473089
0.0473076
0.0473065
0.0473058
0.0473054
0.0473054
0.0473058
0.0473065
0.0473076
0.0473089
0.0473102
0.0473118
0.0473138
0.0473167
0.046794
0.0467919
0.0467901
0.0467887
0.0467874
0.0467863
0.0467854
0.0467848
0.0467844
0.0467844
0.0467848
0.0467854
0.0467863
0.0467874
0.0467887
0.0467901
0.0467919
0.0462747
0.0462734
0.0462723
0.0462713
0.0462705
0.0462698
0.0462693
0.046269
0.046269
0.0462693
0.0462698
0.0462705
0.0462713
0.0462723
0.0462734
0.0462747
0.046276
0.0457638
0.0457632
0.0457624
0.0457616
0.045761
0.0457604
0.04576
0.0457596
0.0457595
0.0457595
0.0457596
0.04576
0.0457604
0.045761
0.0457616
0.0457624
0.0457632
0.0452564
0.045256
0.0452555
0.0452552
0.0452548
0.0452546
0.0452544
0.0452543
0.0452543
0.0452544
0.0452546
0.0452548
0.0452552
0.0452555
0.045256
0.0452564
0.0452567
0.0447529
0.0447529
0.0447527
0.0447524
0.0447522
0.044752
0.0447519
0.0447518
0.0447518
0.0447518
0.0447518
0.0447519
0.044752
0.0447522
0.0447524
0.0447527
0.0447529
0.0442512
0.0442511
0.044251
0.0442509
0.0442508
0.0442507
0.0442507
0.0442507
0.0442507
0.0442507
0.0442507
0.0442508
0.0442509
0.044251
0.0442511
0.0442512
0.0442512
0.0437504
0.0437504
0.0437504
0.0437504
0.0437503
0.0437503
0.0437503
0.0437502
0.0437502
0.0437502
0.0437502
0.0437503
0.0437503
0.0437503
0.0437504
0.0437504
0.0437504
0.0432501
0.0432501
0.0432501
0.0432501
0.0432501
0.0432501
0.0432501
0.0432501
0.0432501
0.0432501
0.0432501
0.0432501
0.0432501
0.0432501
0.0432501
0.0432501
0.0432501
0.04275
0.04275
0.04275
0.04275
0.04275
0.04275
0.04275
0.04275
0.04275
0.04275
0.04275
0.04275
0.04275
0.04275
0.04275
0.04275
0.04275
0.04225
0.04225
0.04225
0.04225
0.04225
0.04225
0.04225
0.04225
0.04225
0.04225
0.04225
0.04225
0.04225
0.04225
0.04225
0.04225
0.04225
0.04175
0.04175
0.04175
0.04175
0.04175
0.04175
0.04175
0.04175
0.04175
0.04175
0.04175
0.04175
0.04175
0.04175
0.04175
0.04175
0.04175
0.04125
0.04125
0.04125
0.04125
0.04125
0.04125
0.04125
0.04125
0.04125
0.04125
0.04125
0.04125
0.04125
0.04125
0.04125
0.04125
0.04125
0.04075
0.04075
0.04075
0.04075
0.04075
0.04075
0.04075
0.04075
0.04075
0.04075
0.04075
0.04075
0.04075
0.04075
0.04075
0.04075
0.04075
0.04025
0.04025
0.04025
0.04025
0.04025
0.04025
0.04025
0.04025
0.04025
0.04025
0.04025
0.04025
0.04025
0.04025
0.04025
0.04025
0.04025
0.03975
0.03975
0.03975
0.03975
0.03975
0.03975
0.03975
0.03975
0.03975
0.03975
0.03975
0.03975
0.03975
0.03975
0.03975
0.03975
0.03975
0.03925
0.03925
0.03925
0.03925
0.03925
0.03925
0.03925
0.03925
0.03925
0.03925
0.03925
0.03925
0.03925
0.03925
0.03925
0.03925
0.03925
0.03875
0.03875
0.03875
0.03875
0.03875
0.03875
0.03875
0.03875
0.03875
0.03875
0.03875
0.03875
0.03875
0.03875
0.03875
0.03875
0.03875
0.03825
0.03825
0.03825
0.03825
0.03825
0.03825
0.03825
0.03825
0.03825
0.03825
0.03825
0.03825
0.03825
0.03825
0.03825
0.03825
0.03825
0.03775
0.03775
0.03775
0.03775
0.03775
0.03775
0.03775
0.03775
0.03775
0.03775
0.03775
0.03775
0.03775
0.03775
0.03775
0.03775
0.03775
0.03725
0.03725
0.03725
0.03725
0.03725
0.03725
0.03725
0.03725
0.03725
0.03725
0.03725
0.03725
0.03725
0.03725
0.03725
0.03725
0.03725
0.03675
0.03675
0.03675
0.03675
0.03675
0.03675
0.03675
0.03675
0.03675
0.03675
0.03675
0.03675
0.03675
0.03675
0.03675
0.03675
0.03675
0.03625
0.03625
0.03625
0.03625
0.03625
0.03625
0.03625
0.03625
0.03625
0.03625
0.03625
0.03625
0.03625
0.03625
0.03625
0.03625
0.03625
0.03575
0.03575
0.03575
0.03575
0.03575
0.03575
0.03575
0.03575
0.03575
0.03575
0.03575
0.03575
0.03575
0.03575
0.03575
0.03575
0.03575
0.03525
0.03525
0.03525
0.03525
0.03525
0.03525
0.03525
0.03525
0.03525
0.03525
0.03525
0.03525
0.03525
0.03525
0.03525
0.03525
0.03525
0.03475
0.03475
0.03475
0.03475
0.03475
0.03475
0.03475
0.03475
0.03475
0.03475
0.03475
0.03475
0.03475
0.03475
0.03475
0.03475
0.03475
0.03425
0.03425
0.03425
0.03425
0.03425
0.03425
0.03425
0.03425
0.03425
0.03425
0.03425
0.03425
0.03425
0.03425
0.03425
0.03425
0.03425
0.03375
0.03375
0.03375
0.03375
0.03375
0.03375
0.03375
0.03375
0.03375
0.03375
0.03375
0.03375
0.03375
0.03375
0.03375
0.03375
0.03375
0.03325
0.03325
0.03325
0.03325
0.03325
0.03325
0.03325
0.03325
0.03325
0.03325
0.03325
0.03325
0.03325
0.03325
0.03325
0.03325
0.03325
0.03275
0.03275
0.03275
0.03275
0.03275
0.03275
0.03275
0.03275
0.03275
0.03275
0.03275
0.03275
0.03275
0.03275
0.03275
0.03275
0.03275
0.03225
0.03225
0.03225
0.03225
0.03225
0.03225
0.03225
0.03225
0.03225
0.03225
0.03225
0.03225
0.03225
0.03225
0.03225
0.03225
0.03225
0.03175
0.03175
0.03175
0.03175
0.03175
0.03175
0.03175
0.03175
0.03175
0.03175
0.03175
0.03175
0.03175
0.03175
0.03175
0.03175
0.03175
0.03125
0.03125
0.03125
0.03125
0.03125
0.03125
0.03125
0.03125
0.03125
0.03125
0.03125
0.03125
0.03125
0.03125
0.03125
0.03125
0.03125
0.03075
0.03075
0.03075
0.03075
0.03075
0.03075
0.03075
0.03075
0.03075
0.03075
0.03075
0.03075
0.03075
0.03075
0.03075
0.03075
0.03075
0.03025
0.03025
0.03025
0.03025
0.03025
0.03025
0.03025
0.03025
0.03025
0.03025
0.03025
0.03025
0.03025
0.03025
0.03025
0.03025
0.03025
0.02975
0.02975
0.02975
0.02975
0.02975
0.02975
0.02975
0.02975
0.02975
0.02975
0.02975
0.02975
0.02975
0.02975
0.02975
0.02975
0.02975
0.02925
0.02925
0.02925
0.02925
0.02925
0.02925
0.02925
0.02925
0.02925
0.02925
0.02925
0.02925
0.02925
0.02925
0.02925
0.02925
0.02925
0.02875
0.02875
0.02875
0.02875
0.02875
0.02875
0.02875
0.02875
0.02875
0.02875
0.02875
0.02875
0.02875
0.02875
0.02875
0.02875
0.02875
0.02825
0.02825
0.02825
0.02825
0.02825
0.02825
0.02825
0.02825
0.02825
0.02825
0.02825
0.02825
0.02825
0.02825
0.02825
0.02825
0.02825
0.02775
0.02775
0.02775
0.02775
0.02775
0.02775
0.02775
0.02775
0.02775
0.02775
0.02775
0.02775
0.02775
0.02775
0.02775
0.02775
0.02775
0.02725
0.02725
0.02725
0.02725
0.02725
0.02725
0.02725
0.02725
0.02725
0.02725
0.02725
0.02725
0.02725
0.02725
0.02725
0.02725
0.02725
0.02675
0.02675
0.02675
0.02675
0.02675
0.02675
0.02675
0.02675
0.02675
0.02675
0.02675
0.02675
0.02675
0.02675
0.02675
0.02675
0.02675
0.02625
0.02625
0.02625
0.02625
0.02625
0.02625
0.02625
0.02625
0.02625
0.02625
0.02625
0.02625
0.02625
0.02625
0.02625
0.02625
0.02625
0.02575
0.02575
0.02575
0.02575
0.02575
0.02575
0.02575
0.02575
0.02575
0.02575
0.02575
0.02575
0.02575
0.02575
0.02575
0.02575
0.02575
0.02525
0.02525
0.02525
0.02525
0.02525
0.02525
0.02525
0.02525
0.02525
0.02525
0.02525
0.02525
0.02525
0.02525
0.02525
0.02525
0.02525
0.02475
0.02475
0.02475
0.02475
0.02475
0.02475
0.02475
0.02475
0.02475
0.02475
0.02475
0.02475
0.02475
0.02475
0.02475
0.02475
0.02475
0.02425
0.02425
0.02425
0.02425
0.02425
0.02425
0.02425
0.02425
0.02425
0.02425
0.02425
0.02425
0.02425
0.02425
0.02425
0.02425
0.02425
0.02375
0.02375
0.02375
0.02375
0.02375
0.02375
0.02375
0.02375
0.02375
0.02375
0.02375
0.02375
0.02375
0.02375
0.02375
0.02375
0.02375
0.02325
0.02325
0.02325
0.02325
0.02325
0.02325
0.02325
0.02325
0.02325
0.02325
0.02325
0.02325
0.02325
0.02325
0.02325
0.02325
0.02325
0.02275
0.02275
0.02275
0.02275
0.02275
0.02275
0.02275
0.02275
0.02275
0.02275
0.02275
0.02275
0.02275
0.02275
0.02275
0.02275
0.02275
0.02225
0.02225
0.02225
0.02225
0.02225
0.02225
0.02225
0.02225
0.02225
0.02225
0.02225
0.02225
0.02225
0.02225
0.02225
0.02225
0.02225
0.02175
0.02175
0.02175
0.02175
0.02175
0.02175
0.02175
0.02175
0.02175
0.02175
0.02175
0.02175
0.02175
0.02175
0.02175
0.02175
0.02175
0.02125
0.02125
0.02125
0.02125
0.02125
0.02125
0.02125
0.02125
0.02125
0.02125
0.02125
0.02125
0.02125
0.02125
0.02125
0.02125
0.02125
0.02075
0.02075
0.02075
0.02075
0.02075
0.02075
0.02075
0.02075
0.02075
0.02075
0.02075
0.02075
0.02075
0.02075
0.02075
0.02075
0.02075
0.02025
0.02025
0.02025
0.02025
0.02025
0.02025
0.02025
0.02025
0.02025
0.02025
0.02025
0.02025
0.02025
0.02025
0.02025
0.02025
0.02025
0.01975
0.01975
0.01975
0.01975
0.01975
0.01975
0.01975
0.01975
0.01975
0.01975
0.01975
0.01975
0.01975
0.01975
0.01975
0.01975
0.01975
0.01925
0.01925
0.01925
0.01925
0.01925
0.01925
0.01925
0.01925
0.01925
0.01925
0.01925
0.01925
0.01925
0.01925
0.01925
0.01925
0.01925
0.01875
0.01875
0.01875
0.01875
0.01875
0.01875
0.01875
0.01875
0.01875
0.01875
0.01875
0.01875
0.01875
0.01875
0.01875
0.01875
0.01875
0.01825
0.01825
0.01825
0.01825
0.01825
0.01825
0.01825
0.01825
0.01825
0.01825
0.01825
0.01825
0.01825
0.01825
0.01825
0.01825
0.01825
0.01775
0.01775
0.01775
0.01775
0.01775
0.01775
0.01775
0.01775
0.01775
0.01775
0.01775
0.01775
0.01775
0.01775
0.01775
0.01775
0.01775
0.01725
0.01725
0.01725
0.01725
0.01725
0.01725
0.01725
0.01725
0.01725
0.01725
0.01725
0.01725
0.01725
0.01725
0.01725
0.01725
0.01725
0.01675
0.01675
0.01675
0.01675
0.01675
0.01675
0.01675
0.01675
0.01675
0.01675
0.01675
0.01675
0.01675
0.01675
0.01675
0.01675
0.01675
0.01625
0.01625
0.01625
0.01625
0.01625
0.01625
0.01625
0.01625
0.01625
0.01625
0.01625
0.01625
0.01625
0.01625
0.01625
0.01625
0.01625
0.01575
0.01575
0.01575
0.01575
0.01575
0.01575
0.01575
0.01575
0.01575
0.01575
0.01575
0.01575
0.01575
0.01575
0.01575
0.01575
0.01575
0.01525
0.01525
0.01525
0.01525
0.01525
0.01525
0.01525
0.01525
0.01525
0.01525
0.01525
0.01525
0.01525
0.01525
0.01525
0.01525
0.01525
0.01475
0.01475
0.01475
0.01475
0.01475
0.01475
0.01475
0.01475
0.01475
0.01475
0.01475
0.01475
0.01475
0.01475
0.01475
0.01475
0.01475
0.01425
0.01425
0.01425
0.01425
0.01425
0.01425
0.01425
0.01425
0.01425
0.01425
0.01425
0.01425
0.01425
0.01425
0.01425
0.01425
0.01425
0.01375
0.01375
0.01375
0.01375
0.01375
0.01375
0.01375
0.01375
0.01375
0.01375
0.01375
0.01375
0.01375
0.01375
0.01375
0.01375
0.01375
0.01325
0.01325
0.01325
0.01325
0.01325
0.01325
0.01325
0.01325
0.01325
0.01325
0.01325
0.01325
0.01325
0.01325
0.01325
0.01325
0.01325
0.01275
0.01275
0.01275
0.01275
0.01275
0.01275
0.01275
0.01275
0.01275
0.01275
0.01275
0.01275
0.01275
0.01275
0.01275
0.01275
0.01275
0.01225
0.01225
0.01225
0.01225
0.01225
0.01225
0.01225
0.01225
0.01225
0.01225
0.01225
0.01225
0.01225
0.01225
0.01225
0.01225
0.01225
0.01175
0.01175
0.01175
0.01175
0.01175
0.01175
0.01175
0.01175
0.01175
0.01175
0.01175
0.01175
0.01175
0.01175
0.01175
0.01175
0.01175
0.01125
0.01125
0.01125
0.01125
0.01125
0.01125
0.01125
0.01125
0.01125
0.01125
0.01125
0.01125
0.01125
0.01125
0.01125
0.01125
0.01125
0.01075
0.01075
0.01075
0.01075
0.01075
0.01075
0.01075
0.01075
0.01075
0.01075
0.01075
0.01075
0.01075
0.01075
0.01075
0.01075
0.01075
0.01025
0.01025
0.01025
0.01025
0.01025
0.01025
0.01025
0.01025
0.01025
0.01025
0.01025
0.01025
0.01025
0.01025
0.01025
0.01025
0.01025
0.00975
0.00975
0.00975
0.00975
0.00975
0.00975
0.00975
0.00975
0.00975
0.00975
0.00975
0.00975
0.00975
0.00975
0.00975
0.00975
0.00975
0.00925
0.00925
0.00925
0.00925
0.00925
0.00925
0.00925
0.00925
0.00925
0.00925
0.00925
0.00925
0.00925
0.00925
0.00925
0.00925
0.00925
0.00875
0.00875
0.00875
0.00875
0.00875
0.00875
0.00875
0.00875
0.00875
0.00875
0.00875
0.00875
0.00875
0.00875
0.00875
0.00875
0.00875
0.00825
0.00825
0.00825
0.00825
0.00825
0.00825
0.00825
0.00825
0.00825
0.00825
0.00825
0.00825
0.00825
0.00825
0.00825
0.00825
0.00825
0.00775
0.00775
0.00774999
0.00774999
0.00774999
0.00774999
0.00775
0.00775
0.00775
0.00775
0.00775
0.00775
0.00774999
0.00774999
0.00774999
0.00774999
0.00774999
0.00724996
0.00724996
0.00724997
0.00724997
0.00724997
0.00724998
0.00724998
0.00724998
0.00724998
0.00724998
0.00724998
0.00724997
0.00724997
0.00724997
0.00724996
0.00724996
0.00724997
0.00674987
0.00674986
0.00674987
0.00674988
0.0067499
0.00674991
0.00674992
0.00674993
0.00674993
0.00674993
0.00674993
0.00674992
0.00674991
0.00674989
0.00674988
0.00674987
0.00674986
0.00624957
0.0062496
0.00624964
0.00624968
0.00624972
0.00624975
0.00624977
0.00624978
0.00624978
0.00624977
0.00624975
0.00624972
0.00624968
0.00624964
0.0062496
0.00624957
0.00624959
0.00574884
0.00574883
0.00574892
0.00574902
0.00574912
0.00574921
0.00574927
0.00574932
0.00574934
0.00574934
0.00574932
0.00574927
0.00574921
0.00574912
0.00574902
0.00574892
0.00574883
0.00524713
0.00524734
0.00524757
0.00524778
0.00524796
0.0052481
0.0052482
0.00524825
0.00524825
0.0052482
0.0052481
0.00524796
0.00524778
0.00524757
0.00524734
0.00524713
0.00524709
0.00474333
0.00474356
0.00474401
0.00474445
0.00474484
0.00474518
0.00474545
0.00474563
0.00474573
0.00474573
0.00474563
0.00474545
0.00474518
0.00474484
0.00474445
0.00474401
0.00474355
0.00423679
0.00423763
0.00423837
0.00423902
0.00423959
0.00424005
0.00424036
0.00424052
0.00424052
0.00424036
0.00424005
0.00423959
0.00423902
0.00423837
0.00423763
0.00423679
0.00423617
0.00372398
0.00372531
0.00372664
0.00372773
0.00372868
0.00372953
0.00373023
0.00373071
0.00373095
0.00373095
0.00373071
0.00373023
0.00372953
0.00372868
0.00372773
0.00372664
0.00372531
0.00320814
0.00320993
0.00321132
0.00321255
0.00321367
0.0032146
0.00321524
0.00321556
0.00321556
0.00321524
0.0032146
0.00321367
0.00321255
0.00321132
0.00320993
0.00320814
0.00320604
0.00268334
0.00268624
0.00268824
0.00268976
0.00269114
0.00269241
0.00269346
0.00269419
0.00269456
0.00269456
0.00269419
0.00269346
0.00269241
0.00269114
0.00268976
0.00268824
0.00268624
0.00216396
0.00216575
0.00216714
0.00216843
0.00216964
0.00217063
0.00217131
0.00217166
0.00217166
0.00217131
0.00217063
0.00216964
0.00216843
0.00216715
0.00216575
0.00216396
0.00216114
0.0016471
0.00164934
0.00165051
0.00165151
0.00165246
0.00165334
0.00165407
0.00165459
0.00165485
0.00165485
0.00165459
0.00165407
0.00165334
0.00165246
0.00165151
0.00165051
0.00164934
0.00115174
0.00115215
0.0011526
0.00115303
0.00115345
0.00115385
0.00115416
0.00115433
0.00115432
0.00115416
0.00115385
0.00115345
0.00115303
0.0011526
0.00115215
0.00115174
0.00115062
0.000676996
0.000677325
0.000676907
0.000677163
0.000676986
0.000677171
0.000677307
0.000677499
0.00067761
0.000677609
0.000677499
0.000677307
0.000677171
0.000676986
0.000677163
0.000676907
0.000677325
0.000685108
0.00116628
0.00166908
0.00218432
0.00270294
0.00321953
0.00373198
0.00424021
0.0047451
0.00524774
0.00574904
0.00624963
0.00674987
0.00724996
0.00774999
0.00825
0.00875
0.00925
0.00975
0.01025
0.01075
0.01125
0.01175
0.01225
0.01275
0.01325
0.01375
0.01425
0.01475
0.01525
0.01575
0.01625
0.01675
0.01725
0.01775
0.01825
0.01875
0.01925
0.01975
0.02025
0.02075
0.02125
0.02175
0.02225
0.02275
0.02325
0.02375
0.02425
0.02475
0.02525
0.02575
0.02625
0.02675
0.02725
0.02775
0.02825
0.02875
0.02925
0.02975
0.03025
0.03075
0.03125
0.03175
0.03225
0.03275
0.03325
0.03375
0.03425
0.03475
0.03525
0.03575
0.03625
0.03675
0.03725
0.03775
0.03825
0.03875
0.03925
0.03975
0.04025
0.04075
0.04125
0.04175
0.04225
0.04275
0.0432501
0.0437504
0.044251
0.0447523
0.0452549
0.0457598
0.046268
0.0467805
0.0472971
0.0478157
0.0483309
0.0488337
0.0493149
0.0493123
0.0493109
0.0493106
0.0493105
0.0493103
0.04931
0.0493099
0.0493012
0.0492951
0.0492953
0.0493014
0.0493017
0.0492956
0.0492958
0.0493019
0.049302
0.0492959
0.0492964
0.0493024
0.0493046
0.0492989
0.0493046
0.0493091
0.0493149
0.0493182
0.04884
0.0488494
0.0488483
0.0488479
0.0488474
0.048847
0.0488465
0.0488461
0.0488458
0.0488457
0.0488457
0.0488458
0.0488461
0.0488465
0.048847
0.0488474
0.0488479
0.0483495
0.0483507
0.047836
0.0478343
0.0478329
0.0483485
0.0483475
0.0483467
0.0483459
0.0483454
0.0483452
0.0483452
0.0483454
0.0483459
0.0483467
0.0483475
0.0483485
0.0483495
0.0483507
0.0483529
0.0478389
0.047836
0.0478343
0.0478329
0.0478316
0.0478304
0.0478294
0.0478287
0.0478283
0.0478283
0.0478287
0.0478294
0.0478304
0.0478316
0.0473089
0.0473102
0.0473118
0.0473138
0.0467919
0.0467901
0.0467887
0.0467874
0.0467863
0.0473076
0.0473065
0.0473058
0.0473054
0.0473054
0.0473058
0.0473065
0.0473076
0.0473089
0.0473102
0.0473118
0.0473138
0.0473167
0.046794
0.0467919
0.0467901
0.0467887
0.0467874
0.0467863
0.0467854
0.0467848
0.0467844
0.0467844
0.0467848
0.0467854
0.0462698
0.0462705
0.0462713
0.0462723
0.0462734
0.0462747
0.0457632
0.0457624
0.0457616
0.045761
0.0457604
0.04576
0.0457596
0.0462693
0.046269
0.046269
0.0462693
0.0462698
0.0462705
0.0462713
0.0462723
0.0462734
0.0462747
0.046276
0.0457638
0.0457632
0.0457624
0.0457616
0.045761
0.0457604
0.04576
0.0457596
0.0457595
0.0457595
0.0452543
0.0452544
0.0452546
0.0452548
0.0452552
0.0452555
0.045256
0.0452564
0.0447529
0.0447527
0.0447524
0.0447522
0.044752
0.0447519
0.0447518
0.0447518
0.0447518
0.0452543
0.0452544
0.0452546
0.0452548
0.0452552
0.0452555
0.045256
0.0452564
0.0452567
0.0447529
0.0447529
0.0447527
0.0447524
0.0447522
0.044752
0.0447519
0.0447518
0.0442507
0.0442507
0.0442507
0.0442507
0.0442507
0.0442508
0.0442509
0.044251
0.0442511
0.0442512
0.0437504
0.0437504
0.0437504
0.0437503
0.0437503
0.0437503
0.0437502
0.0437502
0.0437502
0.0437502
0.0437503
0.0442507
0.0442508
0.0442509
0.044251
0.0442511
0.0442512
0.0442512
0.0437504
0.0437504
0.0437504
0.0437504
0.0437503
0.0437503
0.0432501
0.0432501
0.0432501
0.0432501
0.0432501
0.0432501
0.0432501
0.0432501
0.0432501
0.0432501
0.0432501
0.0432501
0.04275
0.04275
0.04275
0.04275
0.04275
0.04275
0.04275
0.04275
0.04275
0.04275
0.04275
0.04275
0.04275
0.0432501
0.0432501
0.0432501
0.0432501
0.0432501
0.04275
0.04275
0.04275
0.04275
0.04225
0.04225
0.04225
0.04225
0.04225
0.04225
0.04225
0.04225
0.04225
0.04225
0.04225
0.04225
0.04225
0.04225
0.04175
0.04175
0.04175
0.04175
0.04175
0.04175
0.04175
0.04175
0.04175
0.04175
0.04175
0.04175
0.04175
0.04175
0.04175
0.04225
0.04225
0.04225
0.04175
0.04175
0.04125
0.04125
0.04125
0.04125
0.04125
0.04125
0.04125
0.04125
0.04125
0.04125
0.04125
0.04125
0.04125
0.04125
0.04125
0.04125
0.04075
0.04075
0.04075
0.04075
0.04075
0.04075
0.04075
0.04075
0.04075
0.04075
0.04075
0.04075
0.04075
0.04075
0.04075
0.04075
0.04075
0.04125
0.04125
0.04175
0.04225
0.04275
0.0432501
0.0437504
0.0442511
0.0447527
0.0452559
0.0457619
0.0462719
0.0467867
0.0473056
0.0478255
0.0483399
0.0483309
0.0488337
0.0488232
0.0488151
0.0488107
0.0488091
0.0488085
0.0488081
0.0488077
0.0488075
0.0488075
0.0488077
0.0488081
0.0488085
0.0488091
0.0488107
0.0488151
0.0488232
0.0488337
0.0488289
0.0483246
0.0483309
0.0483399
0.0478255
0.0473056
0.0467867
0.0462719
0.0457619
0.0452559
0.0452549
0.0457598
0.046268
0.0467805
0.0472971
0.0478157
0.0483309
0.0483246
0.0483209
0.0483191
0.0478037
0.0478056
0.0478092
0.0472916
0.0472887
0.0472872
0.0472862
0.0478027
0.0483182
0.0483175
0.0483171
0.0483169
0.0478012
0.0478015
0.0478019
0.0472855
0.0472851
0.0472849
0.0467715
0.0467717
0.0467721
0.0467726
0.0467734
0.0467745
0.0467766
0.0462655
0.0462642
0.0462635
0.0457571
0.0457576
0.0457584
0.0452542
0.0452537
0.0452535
0.0452533
0.0457568
0.0462629
0.0462625
0.0462622
0.0462621
0.0457562
0.0457563
0.0457565
0.0452531
0.045253
0.0452529
0.0452514
0.045753
0.0462558
0.0467607
0.0472685
0.0477806
0.0482961
0.0482962
0.0488077
0.0488081
0.0488085
0.0488091
0.0488107
0.0488151
0.048805
0.0482932
0.0483061
0.0483164
0.0483061
0.0483005
0.0483209
0.0488261
0.048825
0.0483191
0.0478037
0.0478056
0.0478092
0.0478157
0.0472971
0.0472916
0.0472887
0.0472872
0.0472862
0.0478027
0.0483182
0.0488244
0.048824
0.0483175
0.0483171
0.0488236
0.0488234
0.0483169
0.0478012
0.0478015
0.0478019
0.0472855
0.0472851
0.0472849
0.0467715
0.0467717
0.0467721
0.0467726
0.0467734
0.0467745
0.0467766
0.0467805
0.046268
0.0462655
0.0462642
0.0462635
0.0457571
0.0457576
0.0457584
0.0457598
0.0452549
0.0452542
0.0452537
0.0452535
0.0452533
0.0457568
0.0462629
0.0462625
0.0462622
0.0462621
0.0457562
0.0457563
0.0457565
0.0452531
0.045253
0.0452529
0.0452514
0.045753
0.0462558
0.0467607
0.0472685
0.0477806
0.0482961
0.0482962
0.0482966
0.0482972
0.0482981
0.0482837
0.0487978
0.0487997
0.0482863
0.048279
0.048794
0.0487997
0.0487978
0.0482837
0.0482981
0.0483005
0.0482863
0.047771
0.0477847
0.0477901
0.0478004
0.0477901
0.0477775
0.0472659
0.0472758
0.0472841
0.0472758
0.0472717
0.0477847
0.047771
0.0477686
0.0477825
0.04727
0.0472593
0.047261
0.0472559
0.0477641
0.0477616
0.0482763
0.048792
0.0487899
0.048792
0.0482763
0.0482735
0.0477591
0.0477616
0.0472542
0.0472524
0.0472542
0.0472593
0.0477686
0.0477825
0.04727
0.0472717
0.047261
0.0467558
0.0467629
0.0467655
0.0467712
0.0467655
0.0467589
0.0462548
0.0462588
0.0462622
0.0462588
0.0462572
0.0467629
0.0467558
0.0467547
0.0467618
0.0462566
0.0462525
0.046253
0.0462513
0.0467526
0.0467516
0.0467547
0.0467618
0.0462566
0.0462572
0.046253
0.0462525
0.0462507
0.0462502
0.0467506
0.0467516
0.0462507
0.0457503
0.0457506
0.0457515
0.0457538
0.0457546
0.0457566
0.0457546
0.0457524
0.0452512
0.0452523
0.0452533
0.0452523
0.0452518
0.0457538
0.0457515
0.0457512
0.0457534
0.0452517
0.0452506
0.0452507
0.0452503
0.0452507
0.0452518
0.0452517
0.0457534
0.0457512
0.0452506
0.0452501
0.0457503
0.0457501
0.04525
0.0452501
0.0452501
0.0457503
0.0462506
0.0467513
0.0472537
0.0477609
0.0482754
0.0487913
0.0487972
0.0487968
0.0482824
0.0482828
0.0477678
0.0477816
0.047781
0.0477674
0.0472585
0.0472587
0.0472693
0.0472689
0.0472687
0.0477807
0.0477672
0.0482821
0.0487965
0.0487963
0.0482819
0.0482746
0.0487903
0.0487905
0.0487909
0.0487884
0.048789
0.0482725
0.048272
0.048275
0.0482747
0.0482718
0.048788
0.0487878
0.0482716
0.047758
0.047758
0.0477582
0.0477584
0.047252
0.0472519
0.0472536
0.0477606
0.0477605
0.0477604
0.0477671
0.0472584
0.0472584
0.0472536
0.0472519
0.0472519
0.0472535
0.0467513
0.0467513
0.0467513
0.0467543
0.0467544
0.0467613
0.046761
0.046256
0.0462562
0.0462523
0.0462522
0.0462506
0.0462501
0.0467503
0.0467504
0.0462501
0.04575
0.04575
0.0457503
0.0457511
0.0457511
0.0457532
0.0457531
0.0452515
0.0452515
0.0452505
0.0452505
0.0452501
0.04525
0.04525
0.04525
0.04575
0.04625
0.0467502
0.0472516
0.0477577
0.0482714
0.048788
0.048789
0.0487913
0.0487972
0.0487968
0.0482824
0.0482966
0.0482972
0.0482828
0.0482754
0.048275
0.0487909
0.0487884
0.048272
0.0482725
0.0477584
0.0477609
0.0477678
0.0477816
0.047781
0.0477674
0.0472585
0.0472689
0.0472693
0.0472587
0.0472537
0.0472536
0.0477606
0.0477582
0.0472519
0.047252
0.0467504
0.0467513
0.0467544
0.0467613
0.046761
0.0467543
0.0462522
0.046256
0.0462562
0.0462523
0.0462506
0.0462506
0.0467513
0.0467503
0.0462501
0.0462501
0.04575
0.0457503
0.0457511
0.0457532
0.0457531
0.0457511
0.0452505
0.0452515
0.0452515
0.0452505
0.0452501
0.0452501
0.0457503
0.04575
0.04525
0.04525
0.04475
0.0447501
0.0447502
0.0447507
0.0447514
0.0447516
0.0447517
0.0447519
0.0447523
0.0447527
0.0442511
0.0437504
0.0432501
0.04275
0.04225
0.04175
0.04125
0.04125
0.04175
0.04225
0.04275
0.0432501
0.0437504
0.044251
0.0442508
0.0442507
0.0442506
0.0437502
0.0437503
0.0437503
0.0432501
0.0432501
0.0432501
0.0432501
0.0437502
0.0442506
0.0442505
0.0447514
0.0447513
0.0447513
0.0442505
0.0442505
0.0437502
0.0437502
0.0432501
0.0432501
0.0432501
0.0437502
0.0437501
0.0442502
0.0447506
0.0447506
0.0452514
0.045753
0.0462559
0.0467608
0.0472687
0.0477807
0.0477672
0.0482821
0.0487965
0.0487905
0.048788
0.0482718
0.0482747
0.0482746
0.0482819
0.0477671
0.0472584
0.0472584
0.0472536
0.0477605
0.0477604
0.047758
0.0482716
0.0482705
0.0482706
0.0487868
0.0487873
0.0487865
0.0487873
0.0482709
0.0482704
0.0482709
0.0477574
0.0477571
0.0477574
0.0472515
0.0472515
0.0472515
0.0472515
0.0477573
0.047758
0.0472519
0.0472519
0.0472535
0.0467513
0.0467542
0.0467542
0.0462521
0.0462521
0.0462506
0.0462506
0.0467513
0.0467503
0.0467503
0.0462501
0.0462501
0.04575
0.0457503
0.0457511
0.045751
0.0452505
0.0452505
0.0452501
0.0452501
0.0457503
0.04575
0.04525
0.04525
0.04525
0.04575
0.04625
0.0467502
0.0467502
0.0467501
0.0467502
0.04625
0.04625
0.04625
0.04575
0.04575
0.04575
0.04525
0.04525
0.04525
0.04475
0.04475
0.04475
0.0447502
0.0447507
0.0442503
0.0442503
0.0442503
0.0447507
0.0447508
0.044751
0.0447515
0.0447523
0.0447519
0.0442508
0.044251
0.0437504
0.0437503
0.0432501
0.0432501
0.04275
0.04275
0.04225
0.04225
0.04175
0.04175
0.04125
0.04125
0.04125
0.04175
0.04225
0.04275
0.0432501
0.0437503
0.0442507
0.0442504
0.0442502
0.0447505
0.044751
0.0442504
0.0442504
0.0447508
0.0447517
0.0447516
0.0442506
0.0442507
0.0437503
0.0437502
0.0432501
0.0432501
0.04275
0.04275
0.04225
0.04225
0.04175
0.04175
0.04125
0.04125
0.04125
0.04175
0.04225
0.04275
0.0432501
0.0437501
0.0437502
0.0437501
0.0437502
0.0432501
0.04325
0.0432501
0.04275
0.04275
0.04275
0.04275
0.04225
0.04225
0.04275
0.04275
0.04225
0.04175
0.04175
0.04175
0.04125
0.04125
0.04125
0.04125
0.04175
0.04225
0.04275
0.04275
0.04225
0.04225
0.04275
0.04275
0.04225
0.04175
0.04175
0.04175
0.04125
0.04125
0.04125
0.04125
0.04175
0.04225
0.04275
0.04325
0.04325
0.0437501
0.0442503
0.0442501
0.0447502
0.0447502
0.0442501
0.04425
0.04475
0.04475
0.04475
0.04475
0.04425
0.04425
0.04425
0.04425
0.0442501
0.0442501
0.0442501
0.0447503
0.0447503
0.0442501
0.0442504
0.0437501
0.0437501
0.04375
0.0437501
0.04325
0.0432501
0.04325
0.04325
0.04325
0.04375
0.04425
0.0447501
0.0447501
0.0447503
0.0447503
0.0447507
0.0442503
0.0442501
0.0442501
0.04425
0.04425
0.0447501
0.04475
0.04425
0.04375
0.04375
0.04375
0.0437501
0.04375
0.0437501
0.04325
0.04325
0.04325
0.04325
0.04325
0.04325
0.04325
0.04375
0.04425
0.04425
0.04375
0.04375
0.0437501
0.0437501
0.04375
0.04325
0.04325
0.04325
0.04325
0.04325
0.04325
0.04375
0.04375
0.04425
0.04425
0.04425
0.04475
0.04475
0.0447501
0.0447502
0.0447507
0.0447514
0.0447514
0.0442506
0.0442506
0.0437502
0.0437502
0.0432501
0.0432501
0.04275
0.04275
0.04225
0.04225
0.04175
0.04175
0.04125
0.04125
0.04125
0.04175
0.04225
0.04275
0.04325
0.0437501
0.0442503
0.0442501
0.0442501
0.0447502
0.0447507
0.0442503
0.0442503
0.0447506
0.0452514
0.045753
0.0462559
0.0467608
0.0467542
0.0467542
0.0462521
0.0462521
0.0462506
0.0462501
0.0467503
0.0467503
0.0462501
0.0462506
0.0457503
0.0457503
0.0457511
0.045751
0.0452505
0.0452505
0.0452501
0.04525
0.04575
0.04575
0.04525
0.0452501
0.04475
0.04475
0.04475
0.04475
0.04425
0.04425
0.04425
0.04425
0.04425
0.0442501
0.0447502
0.0447502
0.0447506
0.0447513
0.0447513
0.0442505
0.0442505
0.0437502
0.0437502
0.0432501
0.0432501
0.04275
0.04275
0.04225
0.04225
0.04175
0.04175
0.04125
0.04125
0.04125
0.04175
0.04225
0.04275
0.04325
0.0437501
0.0442502
0.0442501
0.04425
0.04425
0.04475
0.04475
0.04425
0.04375
0.04375
0.04375
0.04375
0.04375
0.04375
0.0437501
0.04325
0.04325
0.04325
0.04325
0.04325
0.04325
0.04325
0.04375
0.04375
0.04375
0.0437501
0.04325
0.04325
0.04325
0.04375
0.04375
0.04375
0.04325
0.04325
0.04325
0.04325
0.04275
0.04275
0.04275
0.04275
0.04275
0.04275
0.04275
0.04275
0.04275
0.04275
0.04225
0.04225
0.04225
0.04225
0.04225
0.04225
0.04175
0.04175
0.04175
0.04125
0.04125
0.04125
0.04075
0.04075
0.04075
0.04075
0.04025
0.03975
0.03925
0.03875
0.03825
0.03775
0.03725
0.03725
0.03775
0.03825
0.03875
0.03925
0.03975
0.04025
0.04025
0.04075
0.04075
0.04075
0.04025
0.04025
0.03975
0.03975
0.03925
0.03925
0.03925
0.03975
0.03975
0.04025
0.04075
0.04075
0.04025
0.04025
0.04075
0.04075
0.04025
0.03975
0.03975
0.03975
0.03925
0.03925
0.03875
0.03875
0.03875
0.03875
0.03825
0.03825
0.03825
0.03775
0.03775
0.03775
0.03725
0.03725
0.03725
0.03725
0.03775
0.03825
0.03825
0.03875
0.03875
0.03925
0.03925
0.03875
0.03825
0.03825
0.03775
0.03775
0.03725
0.03725
0.03725
0.03775
0.03775
0.03825
0.03875
0.03925
0.03975
0.04025
0.04075
0.04075
0.04125
0.04175
0.04225
0.04275
0.04275
0.04275
0.04275
0.04275
0.04225
0.04225
0.04225
0.04225
0.04225
0.04275
0.04275
0.04275
0.04225
0.04225
0.04225
0.04225
0.04175
0.04175
0.04175
0.04175
0.04125
0.04125
0.04125
0.04125
0.04125
0.04175
0.04175
0.04225
0.04275
0.04275
0.04275
0.04225
0.04225
0.04225
0.04175
0.04175
0.04175
0.04125
0.04125
0.04125
0.04075
0.04075
0.04075
0.04025
0.04025
0.04025
0.04075
0.04075
0.04025
0.04025
0.04075
0.04075
0.04025
0.03975
0.03975
0.03975
0.03975
0.03925
0.03925
0.03925
0.03925
0.03925
0.03975
0.04025
0.04075
0.04075
0.04025
0.04025
0.04075
0.04075
0.04025
0.03975
0.03975
0.03975
0.03925
0.03925
0.03925
0.03875
0.03875
0.03875
0.03875
0.03875
0.03875
0.03875
0.03875
0.03825
0.03825
0.03825
0.03825
0.03775
0.03775
0.03775
0.03775
0.03725
0.03725
0.03725
0.03725
0.03725
0.03775
0.03825
0.03825
0.03825
0.03825
0.03775
0.03775
0.03775
0.03725
0.03725
0.03725
0.03725
0.03775
0.03825
0.03875
0.03925
0.03975
0.04025
0.04075
0.04075
0.04125
0.04175
0.04225
0.04275
0.04275
0.04275
0.04275
0.04225
0.04225
0.04225
0.04175
0.04175
0.04175
0.04125
0.04125
0.04125
0.04075
0.04075
0.04075
0.04075
0.04025
0.04025
0.04025
0.04025
0.04075
0.04075
0.04075
0.04075
0.04025
0.04025
0.04025
0.03975
0.03975
0.03975
0.03975
0.03975
0.03925
0.03925
0.03925
0.03925
0.03925
0.03975
0.03975
0.04025
0.04025
0.04075
0.04075
0.04125
0.04125
0.04175
0.04175
0.04125
0.04125
0.04175
0.04175
0.04175
0.04175
0.04175
0.04125
0.04125
0.04125
0.04125
0.04075
0.04075
0.04075
0.04075
0.04025
0.04025
0.04025
0.04025
0.04025
0.04075
0.04075
0.04075
0.04025
0.04025
0.04025
0.04075
0.04075
0.04125
0.04175
0.04225
0.04275
0.04275
0.04325
0.04325
0.04375
0.04375
0.04375
0.04375
0.04325
0.04325
0.04325
0.04325
0.04375
0.04375
0.04325
0.04325
0.04375
0.04425
0.04475
0.04525
0.04575
0.04625
0.0467502
0.0472515
0.0477572
0.047757
0.0482699
0.04827
0.048786
0.0487854
0.048786
0.0487868
0.0487866
0.0487857
0.0482699
0.04827
0.0482706
0.0482705
0.0477572
0.0477573
0.047757
0.047757
0.0472514
0.0472514
0.0472515
0.0472515
0.0467502
0.0467502
0.0467501
0.0467501
0.04625
0.04625
0.04625
0.04625
0.04575
0.04575
0.04575
0.04575
0.04525
0.04525
0.04525
0.04525
0.04475
0.04475
0.04475
0.04475
0.04425
0.04425
0.04425
0.04425
0.04475
0.04475
0.04425
0.04425
0.04375
0.04375
0.04375
0.04375
0.04375
0.04375
0.04325
0.04325
0.04325
0.04325
0.04325
0.04325
0.04375
0.04375
0.04325
0.04325
0.04275
0.04275
0.04275
0.04275
0.04275
0.04275
0.04225
0.04225
0.04225
0.04225
0.04225
0.04225
0.04275
0.04275
0.04225
0.04225
0.04225
0.04275
0.04275
0.04225
0.04175
0.04175
0.04175
0.04175
0.04175
0.04125
0.04125
0.04125
0.04125
0.04125
0.04125
0.04175
0.04175
0.04175
0.04125
0.04125
0.04075
0.04075
0.04075
0.04025
0.04025
0.04025
0.03975
0.03975
0.03925
0.03925
0.03925
0.03975
0.03975
0.03975
0.03975
0.03925
0.03925
0.03925
0.03925
0.03925
0.03975
0.03975
0.03975
0.04025
0.04025
0.04075
0.04075
0.04075
0.04075
0.04025
0.04025
0.04025
0.04025
0.04025
0.04025
0.04075
0.04075
0.04125
0.04175
0.04175
0.04125
0.04125
0.04175
0.04225
0.04225
0.04225
0.04225
0.04225
0.04275
0.04275
0.04225
0.04225
0.04275
0.04325
0.04375
0.04425
0.04475
0.04525
0.04575
0.04625
0.0467501
0.0472514
0.047757
0.0477569
0.0482697
0.0482696
0.0482694
0.0482696
0.0487851
0.0487851
0.0492882
0.0492889
0.0492898
0.0492907
0.049292
0.0492922
0.0492909
0.0492914
0.0492926
0.0492929
0.0492919
0.0492912
0.0492906
0.0492901
0.0492892
0.0492886
0.0492882
0.0492879
0.0487848
0.0487851
0.0487854
0.048786
0.0487857
0.0487866
0.0487878
0.0487903
0.0487963
0.0487965
0.0482821
0.0482819
0.0482961
0.0483169
0.0488234
0.0488236
0.0483171
0.0483175
0.048824
0.0488244
0.0483182
0.0478027
0.0478019
0.0478015
0.0478012
0.0472849
0.0472851
0.0472855
0.0472862
0.0472872
0.0478037
0.0483191
0.048825
0.0488261
0.0483209
0.0483246
0.0488289
0.0478092
0.0478056
0.0472887
0.0472916
0.0467766
0.0467745
0.0467734
0.0467726
0.0467721
0.0467717
0.0467715
0.0462621
0.0462622
0.0462625
0.0462629
0.0457568
0.0457565
0.0457563
0.0457562
0.0452529
0.045253
0.0452531
0.0452533
0.0452535
0.0457571
0.0462635
0.0462642
0.0462655
0.0457584
0.0457576
0.0452537
0.0452542
0.0452523
0.0457546
0.0462588
0.0467655
0.0472758
0.0477901
0.0483061
0.0483005
0.0482981
0.0482972
0.0482966
0.0482962
0.0477807
0.0477806
0.0477671
0.0477672
0.0472584
0.0472584
0.0472685
0.0472687
0.0472689
0.047781
0.0477674
0.0482824
0.0487968
0.0487972
0.0482828
0.0482754
0.0487913
0.0487909
0.0487905
0.048788
0.0482718
0.0482716
0.0482746
0.0482747
0.048275
0.048272
0.0487884
0.048789
0.0482725
0.0477584
0.0477582
0.047758
0.047758
0.0477604
0.0477605
0.0472536
0.0472535
0.0472519
0.0472519
0.0472519
0.0472536
0.0477606
0.0477609
0.0477678
0.0477816
0.0472693
0.0472587
0.0472585
0.0467543
0.0467542
0.0467542
0.0467607
0.0467608
0.0462559
0.0462558
0.0462521
0.0462521
0.0462506
0.0467513
0.0467513
0.0467503
0.0467503
0.0462501
0.0462501
0.0462506
0.0457503
0.045751
0.045753
0.045753
0.0457511
0.0452505
0.0452505
0.0452514
0.0452514
0.0452515
0.0457531
0.046256
0.046761
0.0467613
0.0467544
0.0462523
0.0462522
0.0462506
0.0467513
0.0467503
0.0467504
0.047252
0.0472537
0.0472542
0.0477616
0.0482763
0.048792
0.0492931
0.0492923
0.0492931
0.0492937
0.0492964
0.0492959
0.049302
0.0493024
0.0493109
0.0493123
0.0488289
0.0488151
0.048805
0.0487997
0.0487978
0.0482837
0.0482863
0.048279
0.048794
0.048792
0.0487899
0.0482735
0.0482763
0.0482837
0.0487978
0.0487997
0.0488107
0.0488091
0.0482981
0.0483005
0.0482863
0.0482932
0.0483061
0.0483164
0.0478004
0.0477901
0.0477775
0.047771
0.0477686
0.0477825
0.0477847
0.0472717
0.04727
0.0472593
0.047261
0.0472559
0.0477641
0.0477616
0.0477591
0.0472524
0.0472542
0.0472593
0.0477686
0.047771
0.0477847
0.0477825
0.04727
0.0472717
0.047261
0.0472659
0.0472758
0.0472841
0.0467712
0.0467655
0.0467589
0.0467558
0.0467547
0.0467618
0.0467629
0.0462572
0.0462566
0.0462562
0.0457532
0.0457511
0.0457511
0.0452505
0.0452505
0.0452515
0.0452517
0.0457534
0.0457512
0.0462525
0.046253
0.0462513
0.0467526
0.0467516
0.0467513
0.0462506
0.0462501
0.0462501
0.04575
0.04575
0.04575
0.04525
0.0452501
0.0452501
0.0457503
0.0457503
0.0457503
0.04575
0.04525
0.04525
0.04525
0.04525
0.04575
0.04625
0.0467502
0.0472515
0.0477573
0.0482706
0.0487868
0.0487873
0.0487865
0.0492898
0.0492906
0.0492901
0.0492892
0.0492889
0.0492898
0.0492907
0.0492909
0.0492914
0.0492919
0.0492929
0.0492926
0.0492922
0.049292
0.0492951
0.0492953
0.0492956
0.0492958
0.0493019
0.0493017
0.0493014
0.0493012
0.0493099
0.04931
0.0493103
0.0493105
0.0493106
0.048825
0.0488261
0.0483209
0.0483246
0.0478092
0.0478157
0.0472971
0.0472916
0.0472887
0.0478056
0.0478037
0.0483191
0.0483182
0.0488244
0.0488085
0.0487972
0.0487913
0.048789
0.048788
0.0487873
0.0482709
0.0482704
0.04827
0.0482699
0.0482705
0.0477572
0.047757
0.047757
0.0472514
0.0472514
0.0472515
0.0467502
0.0467501
0.0467501
0.04625
0.04625
0.04625
0.04575
0.04575
0.04575
0.04525
0.04525
0.04525
0.04475
0.04475
0.04475
0.0447502
0.0447506
0.0447513
0.0447513
0.0442505
0.0442505
0.0437502
0.0437502
0.0432501
0.0432501
0.04275
0.04275
0.04225
0.04225
0.04175
0.04175
0.04125
0.04125
0.04125
0.04175
0.04225
0.04275
0.04325
0.0437501
0.0442502
0.0442501
0.0442501
0.0447502
0.0447506
0.0442503
0.0442503
0.0447507
0.0447514
0.0447514
0.0442506
0.0442506
0.0437502
0.0437502
0.0432501
0.0432501
0.04275
0.04275
0.04225
0.04225
0.04175
0.04175
0.04125
0.04125
0.04125
0.04175
0.04225
0.04275
0.04325
0.0437501
0.0437501
0.04375
0.04375
0.04325
0.04325
0.04325
0.04275
0.04275
0.04275
0.04225
0.04225
0.04225
0.04175
0.04175
0.04175
0.04125
0.04125
0.04125
0.04075
0.04075
0.04075
0.04075
0.04025
0.04025
0.03975
0.03975
0.03925
0.03925
0.03875
0.03875
0.03825
0.03825
0.03775
0.03775
0.03725
0.03725
0.03725
0.03775
0.03825
0.03875
0.03925
0.03975
0.04025
0.04025
0.04075
0.04075
0.04025
0.04025
0.04025
0.04075
0.04075
0.04075
0.04025
0.04025
0.03975
0.03975
0.03925
0.03925
0.03875
0.03875
0.03825
0.03825
0.03775
0.03775
0.03725
0.03725
0.03725
0.03775
0.03825
0.03875
0.03925
0.03975
0.03975
0.03975
0.03975
0.03975
0.03975
0.03975
0.03975
0.03975
0.03975
0.03925
0.03925
0.03925
0.03875
0.03875
0.03875
0.03875
0.03875
0.03875
0.03825
0.03825
0.03825
0.03825
0.03825
0.03825
0.03875
0.03875
0.03825
0.03825
0.03775
0.03775
0.03775
0.03775
0.03775
0.03775
0.03725
0.03725
0.03725
0.03725
0.03725
0.03725
0.03775
0.03775
0.03725
0.03725
0.03725
0.03775
0.03825
0.03875
0.03875
0.03925
0.03925
0.03925
0.03975
0.03975
0.03975
0.04025
0.04025
0.04025
0.04075
0.04075
0.04025
0.04025
0.04025
0.04075
0.04075
0.04075
0.04125
0.04175
0.04175
0.04175
0.04175
0.04175
0.04225
0.04225
0.04275
0.04275
0.04275
0.04275
0.04225
0.04225
0.04225
0.04225
0.04275
0.04275
0.04275
0.04225
0.04225
0.04175
0.04175
0.04175
0.04175
0.04125
0.04125
0.04125
0.04125
0.04175
0.04175
0.04125
0.04125
0.04125
0.04175
0.04175
0.04225
0.04275
0.04325
0.04375
0.04425
0.04475
0.04275
0.04275
0.04325
0.04375
0.04425
0.04475
0.04525
0.04575
0.04625
0.0467501
0.0472514
0.0472514
0.0477568
0.0477568
0.0477568
0.0472514
0.0472514
0.0467501
0.0467501
0.0467501
0.0472514
0.0472514
0.0477568
0.0482694
0.0487848
0.0492879
0.0492882
0.0492889
0.0492898
0.0492907
0.049292
0.0492951
0.0493012
0.0493014
0.0492953
0.0492956
0.0493017
0.0493019
0.0492958
0.0492929
0.0492926
0.0492922
0.0492909
0.0492914
0.0492919
0.0492923
0.0492931
0.0492959
0.049302
0.0493024
0.0492964
0.0492989
0.0493046
0.0493091
0.0493046
0.0493024
0.0492964
0.0492937
0.0492931
0.0492959
0.049302
0.0493019
0.0492958
0.0492929
0.0492919
0.0492912
0.0492906
0.0492901
0.0492892
0.0492898
0.0492906
0.0492901
0.0492892
0.0492886
0.0492882
0.0492889
0.0492898
0.0492907
0.0492909
0.0492914
0.0492926
0.0492956
0.0493017
0.0493014
0.0492953
0.0492922
0.049292
0.0492951
0.0493012
0.0488075
0.0488077
0.0488081
0.0488085
0.0488091
0.0488107
0.0488151
0.0488232
0.0488337
0.0488289
0.0488261
0.048825
0.0488244
0.048824
0.0488236
0.0488234
0.0483169
0.0483171
0.0483175
0.0483182
0.0478027
0.0478019
0.0478015
0.0478012
0.0472849
0.0472851
0.0472855
0.0472862
0.0472872
0.0478037
0.0483191
0.0483209
0.0483246
0.0483309
0.0478157
0.0478092
0.0478056
0.0472887
0.0472916
0.0472971
0.0467805
0.0467766
0.0467745
0.0467734
0.0467726
0.0467721
0.0467717
0.0467715
0.0462621
0.0462622
0.0462625
0.0462629
0.0457568
0.0457565
0.0457563
0.0457562
0.0452529
0.045253
0.0452531
0.0452533
0.0452535
0.0457571
0.0462635
0.0462642
0.0462655
0.046268
0.0457598
0.0457584
0.0457576
0.0452537
0.0452542
0.0452549
0.0452559
0.0457619
0.0462719
0.0467867
0.0473056
0.0478255
0.0483399
0.04884
0.0488337
0.0488289
0.0483246
0.0483309
0.0483164
0.0483061
0.0488151
0.0488107
0.0488091
0.0488085
0.0488081
0.0488077
0.0488075
0.0487963
0.0487965
0.0482821
0.0482962
0.0482961
0.0482819
0.0482746
0.0487903
0.0487905
0.048788
0.0487878
0.0482716
0.0482718
0.0482747
0.048275
0.0487909
0.0487968
0.0487972
0.0482828
0.0482972
0.0482966
0.0482824
0.0477674
0.047781
0.0477807
0.0477806
0.0477671
0.0477672
0.0472584
0.0472687
0.0472685
0.0472584
0.0472535
0.0477604
0.0477605
0.047758
0.047758
0.0472519
0.0472519
0.0472536
0.0472536
0.0477606
0.0477609
0.0482754
0.0487913
0.048789
0.0487884
0.048272
0.0482725
0.0477584
0.0477582
0.0472519
0.047252
0.0472537
0.0472587
0.0477678
0.0477816
0.0472693
0.0472689
0.0472585
0.0467543
0.046761
0.0467608
0.0467607
0.0467542
0.0467542
0.0462521
0.0462559
0.0462558
0.0462521
0.0462506
0.0467513
0.0467513
0.0467503
0.0467503
0.0462501
0.0462501
0.0462506
0.0462506
0.0467513
0.0467513
0.0467544
0.0467613
0.0462562
0.046256
0.0462522
0.0462523
0.0462506
0.0462501
0.0467504
0.0467503
0.0462501
0.04575
0.0457503
0.0457511
0.0457531
0.045753
0.045753
0.045751
0.0457511
0.0452505
0.0452514
0.0452514
0.0452505
0.0452501
0.0457503
0.0457503
0.04575
0.04575
0.04525
0.04525
0.0452501
0.0452501
0.0452505
0.0452515
0.0452515
0.0457532
0.0457511
0.0452505
0.0452501
0.0457503
0.04575
0.04525
0.04525
0.04525
0.04575
0.04625
0.0467502
0.0472515
0.0477574
0.0482709
0.0487873
0.0487868
0.0487866
0.0487857
0.048786
0.04827
0.0482706
0.0482705
0.0482699
0.0482696
0.0487851
0.0487854
0.0487851
0.0482696
0.0482697
0.04827
0.048786
0.0487865
0.0487873
0.048788
0.0482714
0.0482709
0.0482704
0.0477571
0.047757
0.0477573
0.0477572
0.047757
0.0472514
0.0472515
0.0472515
0.0472514
0.0472515
0.0472515
0.0477574
0.0477577
0.0472516
0.047252
0.0477584
0.0482725
0.048789
0.0487899
0.048792
0.0487978
0.0487997
0.0482863
0.0483005
0.0482981
0.0482837
0.0482763
0.048279
0.048794
0.048792
0.0482763
0.0482735
0.0477591
0.0477616
0.0477686
0.0477825
0.0477847
0.047771
0.047261
0.0472717
0.04727
0.0472593
0.0472542
0.0472559
0.0477641
0.0477616
0.0472542
0.0472524
0.0467506
0.0467516
0.0467547
0.0467618
0.0467629
0.0467558
0.046253
0.0462572
0.0462566
0.0462525
0.0462507
0.0462513
0.0467526
0.0467516
0.0462507
0.0462502
0.0457501
0.0457503
0.0457512
0.0457534
0.0457538
0.0457515
0.0452507
0.0452518
0.0452517
0.0452506
0.0452501
0.0452503
0.0457506
0.0457503
0.0452501
0.04525
0.04525
0.04575
0.0462501
0.0467504
0.0467502
0.0467502
0.0467501
0.0467501
0.0467502
0.0467502
0.0467501
0.04625
0.04625
0.04625
0.04625
0.04625
0.04625
0.04625
0.04575
0.04575
0.04575
0.04575
0.04575
0.04575
0.04575
0.04525
0.04525
0.04525
0.04525
0.04525
0.04525
0.04525
0.04475
0.04475
0.0447501
0.0447502
0.0447507
0.0447514
0.0447514
0.0447513
0.0447513
0.0442505
0.0442505
0.0442506
0.0442506
0.0437502
0.0437502
0.0437502
0.0437502
0.0432501
0.0432501
0.0432501
0.0432501
0.0432501
0.0437502
0.0442506
0.0447516
0.0447517
0.0442507
0.0442508
0.0447519
0.0447523
0.044251
0.0437504
0.0437503
0.0437503
0.0432501
0.0432501
0.0432501
0.04275
0.04275
0.04275
0.04275
0.04275
0.04275
0.04275
0.04275
0.04225
0.04225
0.04225
0.04225
0.04175
0.04175
0.04175
0.04175
0.04125
0.04125
0.04125
0.04125
0.04125
0.04175
0.04225
0.04225
0.04225
0.04225
0.04175
0.04175
0.04175
0.04125
0.04125
0.04125
0.04125
0.04175
0.04225
0.04275
0.0432501
0.0437504
0.0442511
0.0447527
0.0447523
0.0452549
0.0457598
0.046268
0.0467805
0.0472971
0.0478157
0.0478004
0.0477901
0.0477775
0.0482932
0.048805
0.0487997
0.0487978
0.0482837
0.0482863
0.0483005
0.0483061
0.0477901
0.0472758
0.0472841
0.0472758
0.0472659
0.047261
0.047771
0.0477847
0.0477825
0.0482981
0.0482972
0.0482828
0.0487972
0.0487913
0.0487909
0.0487884
0.048272
0.048275
0.0482754
0.0477609
0.0477606
0.0477582
0.0472519
0.0472536
0.0472537
0.0472587
0.0477678
0.0477686
0.0472593
0.04727
0.0472717
0.0467629
0.0467655
0.0467712
0.0467655
0.0467589
0.0462548
0.0462588
0.0462622
0.0462588
0.0462572
0.046253
0.0467558
0.0467547
0.0467618
0.0462566
0.0462525
0.0457512
0.0457515
0.0457524
0.0457546
0.0457566
0.0457546
0.0452523
0.0452533
0.0452523
0.0452512
0.0452507
0.0452518
0.0457538
0.0457534
0.0452517
0.0452506
0.0452505
0.0457511
0.0462523
0.0467544
0.0467513
0.0467513
0.0467503
0.0462501
0.0462506
0.0462506
0.0457503
0.0457503
0.04575
0.04525
0.0452501
0.0452501
0.0447501
0.0447501
0.0447501
0.0447503
0.0447508
0.0447507
0.0447503
0.0442501
0.0442503
0.0442503
0.0442503
0.0447507
0.0447506
0.0447506
0.0447502
0.0447502
0.0442501
0.0442503
0.0442502
0.0442501
0.04425
0.04475
0.04475
0.04475
0.04475
0.04425
0.04425
0.04425
0.04425
0.04475
0.0447502
0.0442501
0.0442501
0.04425
0.04425
0.04425
0.04475
0.04475
0.04475
0.04475
0.04475
0.04475
0.04425
0.04425
0.04425
0.04425
0.04425
0.04475
0.04525
0.04575
0.04625
0.0467501
0.0472514
0.0477568
0.0477569
0.0477568
0.0472514
0.0472514
0.0472514
0.047757
0.0477573
0.0482706
0.0487868
0.0487866
0.0487857
0.0482699
0.0482705
0.0477572
0.047757
0.0472514
0.0472515
0.0472515
0.0472519
0.047758
0.0482718
0.048788
0.0487905
0.0487903
0.0487878
0.0482716
0.0482746
0.0482747
0.0482821
0.0487965
0.0487968
0.0482824
0.0482966
0.0482962
0.0482961
0.0482819
0.0487963
0.0487963
0.0492951
0.049292
0.0492907
0.0492898
0.0492889
0.0492882
0.0492879
0.0492882
0.0492886
0.0492892
0.0492901
0.0492906
0.0492898
0.0492892
0.0492889
0.0492898
0.0492901
0.0492906
0.0492912
0.0492919
0.0492914
0.0492909
0.0492922
0.0492953
0.0493014
0.0493012
0.0488075
0.0488077
0.0487965
0.0487905
0.0487903
0.0487878
0.0487866
0.0487857
0.0487851
0.0487848
0.0487851
0.0487854
0.0482697
0.0482696
0.0482694
0.0482694
0.0482696
0.0482697
0.0482696
0.0482699
0.0487857
0.048786
0.0487868
0.0487866
0.0482705
0.0482706
0.04827
0.047757
0.0477569
0.0477568
0.0477568
0.0477568
0.0472514
0.0472514
0.0472514
0.0472514
0.0472514
0.0472515
0.0477571
0.0477574
0.0482709
0.0482714
0.0477577
0.0477574
0.0472515
0.0472516
0.0472515
0.0467502
0.0467501
0.0467502
0.0467502
0.04625
0.04625
0.04625
0.04625
0.04625
0.0467502
0.0472515
0.0477573
0.0477572
0.047757
0.0472514
0.0472515
0.0472519
0.047758
0.0482716
0.0487878
0.048788
0.0487884
0.0487909
0.048275
0.048272
0.0482725
0.0482754
0.0482828
0.0482824
0.0487968
0.0488081
0.0482966
0.0482972
0.0477816
0.0477678
0.0477609
0.0477584
0.0477582
0.0477606
0.0472536
0.0472519
0.047252
0.0472537
0.0472587
0.0472585
0.0477674
0.047781
0.0472689
0.0472693
0.0467613
0.0467544
0.0467513
0.0467504
0.0467506
0.0467516
0.0462507
0.0462502
0.0462507
0.0457503
0.0457501
0.0457503
0.0457506
0.0457515
0.0457538
0.0452518
0.0452507
0.0452506
0.0452501
0.0452501
0.0452501
0.04475
0.04475
0.04475
0.04425
0.04425
0.04425
0.04425
0.04425
0.0442501
0.0447502
0.0447502
0.0447507
0.0442503
0.0442501
0.04425
0.0447501
0.04475
0.04475
0.04425
0.04425
0.04375
0.04375
0.04375
0.04375
0.04375
0.04375
0.04325
0.04325
0.04325
0.04325
0.04325
0.04325
0.04375
0.04375
0.04375
0.0437501
0.04325
0.04325
0.04325
0.04275
0.04275
0.04275
0.04225
0.04225
0.04225
0.04225
0.04275
0.04275
0.04275
0.04275
0.04275
0.04225
0.04225
0.04225
0.04225
0.04175
0.04175
0.04175
0.04175
0.04125
0.04125
0.04125
0.04125
0.04125
0.04175
0.04175
0.04175
0.04175
0.04125
0.04125
0.04125
0.04075
0.04075
0.04075
0.04025
0.04025
0.04025
0.04025
0.04075
0.04075
0.04075
0.04075
0.04075
0.04025
0.04025
0.04025
0.04025
0.03975
0.03975
0.03975
0.03975
0.03975
0.03975
0.03925
0.03925
0.03925
0.03925
0.03925
0.03875
0.03875
0.03875
0.03875
0.03875
0.03875
0.03875
0.03825
0.03825
0.03825
0.03825
0.03825
0.03825
0.03875
0.03875
0.03825
0.03825
0.03775
0.03775
0.03775
0.03775
0.03775
0.03775
0.03725
0.03725
0.03725
0.03725
0.03725
0.03725
0.03775
0.03775
0.03725
0.03725
0.03725
0.03775
0.03825
0.03825
0.03825
0.03875
0.03875
0.03825
0.03825
0.03875
0.03925
0.03975
0.03925
0.03925
0.03925
0.03925
0.03925
0.03925
0.03975
0.03975
0.04025
0.04025
0.04025
0.04075
0.04125
0.04125
0.04125
0.04125
0.04175
0.04175
0.04175
0.04225
0.04225
0.04175
0.04125
0.04125
0.04075
0.04075
0.04075
0.04075
0.04025
0.04025
0.03975
0.03975
0.03975
0.03975
0.03975
0.03925
0.03925
0.03925
0.03925
0.03925
0.03975
0.03975
0.04025
0.04075
0.04075
0.04025
0.04025
0.03975
0.03975
0.03925
0.03925
0.03925
0.03975
0.04025
0.04075
0.04075
0.04025
0.04025
0.04025
0.04025
0.03975
0.03975
0.03925
0.03925
0.03875
0.03875
0.03875
0.03875
0.03875
0.03825
0.03825
0.03825
0.03825
0.03825
0.03875
0.03875
0.03875
0.03875
0.03925
0.03925
0.03975
0.04025
0.04075
0.04075
0.04075
0.04025
0.04025
0.04025
0.04075
0.04125
0.04125
0.04125
0.04125
0.04175
0.04225
0.04275
0.04325
0.04375
0.04425
0.04475
0.04525
0.04575
0.04625
0.04625
0.04625
0.0467501
0.0467501
0.0467501
0.0467501
0.0467501
0.04625
0.04625
0.04625
0.04625
0.04575
0.04575
0.04575
0.04525
0.04525
0.04525
0.04475
0.04475
0.04475
0.04425
0.04425
0.04425
0.04375
0.04375
0.04375
0.04325
0.04325
0.04325
0.04275
0.04275
0.04275
0.04275
0.04275
0.04225
0.04225
0.04225
0.04225
0.04225
0.04175
0.04175
0.04175
0.04175
0.04175
0.04125
0.04125
0.04125
0.04125
0.04125
0.04075
0.04075
0.04075
0.04075
0.04025
0.04025
0.04025
0.04075
0.04075
0.04075
0.04075
0.04025
0.04025
0.04025
0.04025
0.04025
0.04025
0.04075
0.04075
0.04125
0.04175
0.04225
0.04275
0.04325
0.04375
0.04425
0.04475
0.04525
0.04575
0.04575
0.04575
0.04625
0.04625
0.0467501
0.0467501
0.04625
0.04575
0.04575
0.04525
0.04525
0.04525
0.04475
0.04475
0.04475
0.04475
0.04475
0.04425
0.04425
0.04425
0.04475
0.04475
0.04525
0.04575
0.04575
0.04575
0.04575
0.04525
0.04525
0.04525
0.04525
0.04525
0.04575
0.04575
0.04625
0.0467502
0.0467503
0.0467503
0.0472519
0.047758
0.0482718
0.0482747
0.0487905
0.0487903
0.0482746
0.0482819
0.0487963
0.0487965
0.0488077
0.0488075
0.0482961
0.0482962
0.0482821
0.0477672
0.0477605
0.0477604
0.0472535
0.0472536
0.0472584
0.0472584
0.0477671
0.0477806
0.0477807
0.0472687
0.0472685
0.0467607
0.0467542
0.0467513
0.0467513
0.0467513
0.0467503
0.0462501
0.0462501
0.0462506
0.0462506
0.0462506
0.0462501
0.0462501
0.0462506
0.0462521
0.0462521
0.0467542
0.0467543
0.046761
0.046256
0.0462522
0.0462523
0.0462525
0.0467547
0.0467558
0.0467629
0.0467618
0.0462566
0.0462572
0.046253
0.0462548
0.0462588
0.0462622
0.0457566
0.0457546
0.0457524
0.0452512
0.0452523
0.0452533
0.0452549
0.0457598
0.046268
0.0467805
0.0467766
0.0462655
0.0462642
0.0467745
0.0467734
0.0472872
0.0472862
0.0478027
0.0478019
0.0483175
0.048824
0.0488236
0.0488234
0.0483169
0.0483171
0.0478015
0.0478012
0.0472849
0.0472851
0.0472855
0.0467721
0.0467726
0.0462629
0.0462562
0.0457532
0.0457511
0.0457503
0.04575
0.04575
0.0457503
0.0452501
0.04525
0.04525
0.04525
0.0452501
0.0452503
0.0452507
0.0457515
0.0457512
0.0457534
0.0457538
0.0452518
0.0452517
0.0452506
0.0452505
0.0452501
0.0447501
0.04475
0.04475
0.04475
0.04475
0.04425
0.04425
0.04425
0.04425
0.04425
0.04375
0.04375
0.04375
0.04375
0.04375
0.04375
0.04375
0.04325
0.04325
0.04325
0.04325
0.04325
0.04325
0.04325
0.04275
0.04275
0.04275
0.04275
0.04275
0.04275
0.04275
0.04225
0.04225
0.04225
0.04225
0.04225
0.04225
0.04225
0.04175
0.04175
0.04175
0.04175
0.04175
0.04175
0.04175
0.04125
0.04125
0.04125
0.04125
0.04125
0.04125
0.04125
0.04075
0.04075
0.04075
0.04075
0.04075
0.04075
0.04075
0.04025
0.04025
0.04025
0.04025
0.04025
0.04025
0.04025
0.04025
0.04025
0.04075
0.04125
0.04175
0.04225
0.04275
0.04325
0.04375
0.04425
0.04475
0.04475
0.04475
0.04525
0.04575
0.04575
0.04575
0.0457503
0.0457503
0.0452501
0.04525
0.04525
0.04525
0.04475
0.04425
0.04425
0.04425
0.04375
0.04375
0.04375
0.04425
0.04425
0.04425
0.04375
0.04375
0.04325
0.04325
0.04325
0.04325
0.04325
0.04375
0.04375
0.04325
0.04325
0.04375
0.04425
0.04475
0.04475
0.04475
0.04475
0.04425
0.04425
0.04425
0.04425
0.04475
0.0447501
0.0447503
0.0447507
0.0447516
0.0447517
0.0442507
0.0442506
0.0437502
0.0437503
0.0432501
0.0432501
0.04275
0.04275
0.04225
0.04225
0.04175
0.04175
0.04125
0.04125
0.04125
0.04175
0.04225
0.04275
0.04325
0.0437501
0.0442503
0.0442501
0.0442501
0.0447503
0.0447508
0.0442504
0.0442504
0.044751
0.0447519
0.0442508
0.0437503
0.0432501
0.04275
0.04225
0.04175
0.04125
0.04125
0.04175
0.04225
0.04275
0.0432501
0.0437502
0.0437501
0.0437501
0.04375
0.04325
0.04325
0.0432501
0.04275
0.04275
0.04275
0.04225
0.04225
0.04225
0.04175
0.04175
0.04175
0.04125
0.04125
0.04125
0.04075
0.04075
0.04075
0.04075
0.04025
0.04025
0.03975
0.03975
0.03925
0.03925
0.03875
0.03875
0.03825
0.03825
0.03775
0.03775
0.03725
0.03725
0.03725
0.03775
0.03825
0.03875
0.03925
0.03975
0.04025
0.04025
0.04075
0.04075
0.04025
0.04025
0.04025
0.04075
0.04075
0.04025
0.03975
0.03925
0.03875
0.03825
0.03775
0.03725
0.03725
0.03775
0.03825
0.03875
0.03925
0.03975
0.03975
0.03975
0.03975
0.03975
0.03975
0.03925
0.03925
0.03925
0.03925
0.03925
0.03975
0.03975
0.03925
0.03925
0.03925
0.03975
0.03975
0.04025
0.04075
0.04125
0.04175
0.04225
0.04275
0.04275
0.04325
0.04325
0.04375
0.04375
0.04425
0.04425
0.0447501
0.0447501
0.04425
0.0442501
0.0447503
0.0447503
0.0447505
0.044751
0.0447515
0.0442507
0.0442504
0.0442502
0.0442501
0.0442504
0.0447508
0.0447507
0.0442503
0.0437501
0.04375
0.04375
0.04375
0.04325
0.04325
0.04325
0.04375
0.0437501
0.0437501
0.0437502
0.0437503
0.0432501
0.0432501
0.04325
0.04325
0.04325
0.04325
0.04325
0.04375
0.04425
0.0442501
0.0447502
0.0447502
0.0452505
0.0457511
0.0457531
0.0452515
0.0452515
0.0452533
0.0457568
0.0457571
0.0462635
0.0457576
0.0457584
0.0452542
0.0452537
0.0452535
0.0447516
0.0447517
0.0447519
0.0447523
0.044251
0.0442508
0.0442507
0.0442506
0.0437502
0.0437503
0.0437501
0.0432501
0.04325
0.04325
0.0437501
0.0442503
0.0447507
0.0447507
0.0442503
0.0442501
0.0442501
0.0447502
0.0452505
0.0457511
0.045751
0.045753
0.0462558
0.0462559
0.0467608
0.0467717
0.0467715
0.0462621
0.0462622
0.0462625
0.0457565
0.0452531
0.045253
0.0457563
0.045753
0.0452514
0.0452514
0.0452505
0.0452501
0.04475
0.04475
0.04425
0.04425
0.04375
0.04375
0.04375
0.04325
0.04325
0.04325
0.04375
0.04375
0.04375
0.04425
0.0442501
0.0447502
0.0447506
0.0447506
0.0442503
0.0442502
0.0437501
0.04375
0.04375
0.04375
0.04375
0.04325
0.04325
0.04325
0.0437501
0.0437501
0.04325
0.04325
0.04325
0.04325
0.04275
0.04275
0.04275
0.04325
0.04275
0.04275
0.04275
0.04275
0.04225
0.04225
0.04225
0.04225
0.04225
0.04225
0.04275
0.04275
0.04275
0.04275
0.04275
0.04225
0.04225
0.04225
0.04225
0.04225
0.04275
0.04275
0.04275
0.04275
0.04275
0.04225
0.04225
0.04225
0.04225
0.04225
0.04275
0.04275
0.04225
0.04175
0.04175
0.04175
0.04175
0.04175
0.04175
0.04125
0.04125
0.04125
0.04175
0.04175
0.04175
0.04175
0.04125
0.04125
0.04125
0.04075
0.04075
0.04075
0.04075
0.04075
0.04075
0.04025
0.04025
0.03975
0.03975
0.03925
0.03925
0.03925
0.03975
0.03875
0.03875
0.03875
0.03875
0.03875
0.03875
0.03875
0.03825
0.03825
0.03825
0.03875
0.03875
0.03875
0.03875
0.03875
0.03825
0.03825
0.03825
0.03825
0.03825
0.03875
0.03875
0.03825
0.03775
0.03775
0.03775
0.03775
0.03725
0.03725
0.03725
0.03775
0.03775
0.03775
0.03725
0.03725
0.03725
0.03775
0.03775
0.03775
0.03775
0.03725
0.03725
0.03725
0.03675
0.03675
0.03675
0.03675
0.03675
0.03675
0.03675
0.03675
0.03675
0.03625
0.03575
0.03525
0.03475
0.03425
0.03375
0.03325
0.03325
0.03375
0.03425
0.03475
0.03525
0.03575
0.03625
0.03625
0.03675
0.03675
0.03675
0.03625
0.03625
0.03575
0.03575
0.03525
0.03525
0.03525
0.03575
0.03575
0.03625
0.03675
0.03675
0.03625
0.03625
0.03675
0.03675
0.03625
0.03575
0.03575
0.03575
0.03525
0.03525
0.03475
0.03475
0.03475
0.03475
0.03425
0.03425
0.03425
0.03375
0.03375
0.03375
0.03325
0.03325
0.03325
0.03325
0.03375
0.03425
0.03425
0.03475
0.03475
0.03525
0.03525
0.03475
0.03425
0.03425
0.03375
0.03375
0.03325
0.03325
0.03325
0.03375
0.03375
0.03425
0.03475
0.03525
0.03575
0.03625
0.03675
0.03725
0.03725
0.03775
0.03825
0.03825
0.03875
0.03875
0.03925
0.03925
0.03975
0.03975
0.03975
0.03925
0.03925
0.03925
0.03975
0.03975
0.03975
0.03975
0.03975
0.03925
0.03925
0.03925
0.03925
0.03925
0.03975
0.03975
0.03925
0.03925
0.03975
0.03975
0.03975
0.03975
0.03925
0.03925
0.03925
0.03975
0.03975
0.03975
0.03925
0.03925
0.03925
0.03875
0.03875
0.03875
0.03875
0.03875
0.03875
0.03875
0.03825
0.03825
0.03825
0.03775
0.03775
0.03775
0.03775
0.03775
0.03775
0.03725
0.03725
0.03725
0.03725
0.03725
0.03725
0.03725
0.03775
0.03775
0.03825
0.03825
0.03825
0.03825
0.03775
0.03775
0.03775
0.03775
0.03725
0.03725
0.03725
0.03725
0.03725
0.03775
0.03825
0.03875
0.03875
0.03875
0.03875
0.03825
0.03825
0.03825
0.03825
0.03825
0.03775
0.03775
0.03725
0.03725
0.03725
0.03675
0.03675
0.03675
0.03675
0.03675
0.03675
0.03675
0.03675
0.03675
0.03625
0.03625
0.03625
0.03625
0.03675
0.03675
0.03625
0.03625
0.03675
0.03675
0.03625
0.03575
0.03575
0.03575
0.03575
0.03525
0.03525
0.03525
0.03525
0.03525
0.03575
0.03625
0.03675
0.03675
0.03625
0.03625
0.03675
0.03675
0.03625
0.03575
0.03575
0.03575
0.03525
0.03525
0.03525
0.03475
0.03475
0.03475
0.03475
0.03475
0.03475
0.03475
0.03475
0.03425
0.03425
0.03425
0.03425
0.03375
0.03375
0.03375
0.03375
0.03325
0.03325
0.03325
0.03325
0.03325
0.03375
0.03425
0.03425
0.03425
0.03425
0.03375
0.03375
0.03375
0.03325
0.03325
0.03325
0.03325
0.03375
0.03425
0.03475
0.03525
0.03575
0.03625
0.03675
0.03675
0.03675
0.03675
0.03675
0.03675
0.03675
0.03625
0.03625
0.03625
0.03575
0.03575
0.03575
0.03575
0.03525
0.03525
0.03525
0.03525
0.03525
0.03575
0.03575
0.03575
0.03625
0.03625
0.03575
0.03525
0.03525
0.03525
0.03525
0.03575
0.03625
0.03675
0.03675
0.03675
0.03625
0.03625
0.03625
0.03625
0.03575
0.03575
0.03575
0.03575
0.03525
0.03525
0.03525
0.03525
0.03475
0.03475
0.03475
0.03475
0.03475
0.03475
0.03425
0.03425
0.03425
0.03425
0.03425
0.03475
0.03475
0.03475
0.03475
0.03425
0.03425
0.03425
0.03425
0.03475
0.03475
0.03525
0.03575
0.03625
0.03675
0.03675
0.03675
0.03625
0.03625
0.03575
0.03575
0.03525
0.03525
0.03525
0.03575
0.03625
0.03675
0.03675
0.03675
0.03675
0.03625
0.03625
0.03625
0.03625
0.03625
0.03625
0.03675
0.03675
0.03625
0.03625
0.03675
0.03675
0.03675
0.03675
0.03625
0.03625
0.03625
0.03575
0.03575
0.03575
0.03575
0.03575
0.03525
0.03525
0.03525
0.03525
0.03525
0.03575
0.03575
0.03575
0.03525
0.03525
0.03525
0.03575
0.03625
0.03625
0.03625
0.03575
0.03575
0.03575
0.03575
0.03525
0.03525
0.03475
0.03475
0.03475
0.03475
0.03475
0.03425
0.03425
0.03425
0.03425
0.03375
0.03375
0.03375
0.03375
0.03375
0.03375
0.03325
0.03325
0.03325
0.03325
0.03325
0.03375
0.03375
0.03375
0.03375
0.03325
0.03325
0.03325
0.03325
0.03375
0.03375
0.03425
0.03425
0.03475
0.03475
0.03425
0.03375
0.03375
0.03325
0.03325
0.03325
0.03375
0.03375
0.03325
0.03325
0.03325
0.03275
0.03275
0.03275
0.03275
0.03275
0.03275
0.03225
0.03175
0.03125
0.03075
0.03025
0.02975
0.02925
0.02925
0.02975
0.03025
0.03075
0.03125
0.03175
0.03225
0.03225
0.03225
0.03225
0.03275
0.03275
0.03275
0.03225
0.03225
0.03175
0.03175
0.03175
0.03175
0.03125
0.03125
0.03125
0.03125
0.03125
0.03175
0.03175
0.03225
0.03275
0.03275
0.03225
0.03175
0.03125
0.03125
0.03075
0.03075
0.03075
0.03075
0.03075
0.03075
0.03025
0.03025
0.03025
0.02975
0.02975
0.02975
0.02925
0.02925
0.02925
0.02925
0.02975
0.03025
0.03025
0.03025
0.03025
0.03075
0.03075
0.03125
0.03175
0.03225
0.03275
0.03325
0.03325
0.03375
0.03425
0.03425
0.03425
0.03425
0.03475
0.03475
0.03425
0.03425
0.03475
0.03475
0.03525
0.03525
0.03525
0.03525
0.03575
0.03575
0.03625
0.03675
0.03725
0.03775
0.03775
0.03775
0.03775
0.03725
0.03725
0.03725
0.03675
0.03675
0.03675
0.03675
0.03675
0.03675
0.03625
0.03625
0.03625
0.03625
0.03625
0.03625
0.03625
0.03625
0.03625
0.03675
0.03725
0.03775
0.03775
0.03725
0.03725
0.03725
0.03725
0.03775
0.03825
0.03875
0.03875
0.03875
0.03875
0.03925
0.03925
0.03975
0.03975
0.03975
0.03975
0.03925
0.03925
0.03925
0.03925
0.03975
0.03975
0.03975
0.03975
0.03925
0.03925
0.03925
0.03875
0.03875
0.03875
0.03875
0.03875
0.03825
0.03825
0.03825
0.03825
0.03825
0.03825
0.03825
0.03775
0.03775
0.03775
0.03725
0.03725
0.03725
0.03675
0.03675
0.03675
0.03675
0.03625
0.03625
0.03625
0.03625
0.03625
0.03625
0.03675
0.03675
0.03675
0.03625
0.03625
0.03625
0.03625
0.03575
0.03575
0.03575
0.03575
0.03575
0.03525
0.03525
0.03525
0.03525
0.03525
0.03525
0.03575
0.03575
0.03525
0.03525
0.03575
0.03575
0.03575
0.03575
0.03575
0.03575
0.03525
0.03525
0.03525
0.03525
0.03525
0.03525
0.03575
0.03575
0.03625
0.03625
0.03625
0.03675
0.03675
0.03625
0.03625
0.03675
0.03725
0.03775
0.03775
0.03775
0.03775
0.03725
0.03725
0.03725
0.03675
0.03675
0.03675
0.03625
0.03625
0.03625
0.03575
0.03575
0.03575
0.03575
0.03575
0.03525
0.03525
0.03525
0.03525
0.03525
0.03525
0.03525
0.03575
0.03575
0.03525
0.03525
0.03575
0.03625
0.03675
0.03725
0.03775
0.03825
0.03825
0.03825
0.03875
0.03875
0.03875
0.03875
0.03875
0.03875
0.03875
0.03875
0.03825
0.03825
0.03825
0.03825
0.03825
0.03825
0.03875
0.03925
0.03775
0.03775
0.03775
0.03725
0.03725
0.03725
0.03675
0.03675
0.03675
0.03675
0.03625
0.03625
0.03575
0.03575
0.03525
0.03525
0.03475
0.03475
0.03425
0.03425
0.03375
0.03375
0.03325
0.03325
0.03325
0.03375
0.03425
0.03475
0.03525
0.03575
0.03625
0.03625
0.03675
0.03675
0.03625
0.03625
0.03625
0.03675
0.03675
0.03675
0.03625
0.03625
0.03575
0.03575
0.03525
0.03525
0.03475
0.03475
0.03425
0.03425
0.03375
0.03375
0.03325
0.03325
0.03325
0.03375
0.03425
0.03475
0.03525
0.03575
0.03575
0.03575
0.03575
0.03525
0.03525
0.03525
0.03475
0.03475
0.03475
0.03475
0.03475
0.03475
0.03475
0.03475
0.03475
0.03425
0.03425
0.03425
0.03425
0.03425
0.03475
0.03475
0.03475
0.03475
0.03425
0.03425
0.03425
0.03375
0.03375
0.03375
0.03375
0.03375
0.03325
0.03325
0.03325
0.03325
0.03325
0.03375
0.03425
0.03475
0.03425
0.03425
0.03425
0.03475
0.03475
0.03475
0.03475
0.03525
0.03525
0.03575
0.03575
0.03575
0.03575
0.03525
0.03525
0.03525
0.03475
0.03475
0.03475
0.03475
0.03475
0.03475
0.03475
0.03425
0.03425
0.03425
0.03425
0.03375
0.03375
0.03375
0.03375
0.03375
0.03375
0.03325
0.03325
0.03325
0.03325
0.03325
0.03325
0.03375
0.03375
0.03325
0.03325
0.03325
0.03375
0.03425
0.03425
0.03475
0.03475
0.03425
0.03425
0.03425
0.03425
0.03425
0.03375
0.03375
0.03375
0.03375
0.03325
0.03325
0.03325
0.03275
0.03275
0.03275
0.03275
0.03275
0.03275
0.03275
0.03275
0.03225
0.03225
0.03175
0.03175
0.03125
0.03125
0.03075
0.03075
0.03025
0.03025
0.02975
0.02975
0.02925
0.02925
0.02925
0.02975
0.03025
0.03075
0.03125
0.03175
0.03225
0.03225
0.03225
0.03225
0.03275
0.03275
0.03275
0.03275
0.03225
0.03225
0.03175
0.03175
0.03125
0.03125
0.03075
0.03075
0.03025
0.03025
0.02975
0.02975
0.02925
0.02925
0.02925
0.02975
0.03025
0.03075
0.03125
0.03175
0.03225
0.03225
0.03225
0.03275
0.03275
0.03225
0.03175
0.03175
0.03175
0.03175
0.03175
0.03125
0.03125
0.03125
0.03175
0.03075
0.03075
0.03075
0.03025
0.03025
0.03025
0.02975
0.02975
0.02975
0.02925
0.02925
0.02925
0.02875
0.02875
0.02875
0.02875
0.02825
0.02775
0.02725
0.02675
0.02625
0.02575
0.02525
0.02525
0.02575
0.02625
0.02675
0.02725
0.02775
0.02825
0.02825
0.02875
0.02875
0.02875
0.02825
0.02825
0.02775
0.02775
0.02725
0.02725
0.02725
0.02775
0.02775
0.02825
0.02875
0.02875
0.02925
0.02975
0.02975
0.02975
0.02925
0.02925
0.02925
0.02975
0.03025
0.03075
0.03125
0.03175
0.03225
0.03275
0.03275
0.03275
0.03275
0.03275
0.03225
0.03225
0.03225
0.03225
0.03225
0.03225
0.03275
0.03275
0.03225
0.03225
0.03175
0.03175
0.03175
0.03175
0.03175
0.03175
0.03125
0.03125
0.03125
0.03125
0.03125
0.03125
0.03125
0.03125
0.03125
0.03175
0.03225
0.03275
0.03275
0.03275
0.03225
0.03225
0.03175
0.03175
0.03125
0.03125
0.03075
0.03075
0.03025
0.03025
0.02975
0.02975
0.02925
0.02925
0.02925
0.02975
0.03025
0.03075
0.03075
0.03075
0.03075
0.03025
0.03025
0.03025
0.02975
0.02975
0.02975
0.02925
0.02925
0.02925
0.02875
0.02875
0.02875
0.02875
0.02875
0.02825
0.02825
0.02825
0.02825
0.02875
0.02875
0.02875
0.02825
0.02825
0.02775
0.02775
0.02775
0.02775
0.02775
0.02725
0.02725
0.02725
0.02725
0.02725
0.02725
0.02775
0.02775
0.02825
0.02875
0.02925
0.02975
0.03025
0.03075
0.03125
0.03175
0.03225
0.03275
0.03275
0.03225
0.03175
0.03125
0.03075
0.03025
0.02975
0.02925
0.02925
0.02975
0.03025
0.03075
0.03125
0.03175
0.03225
0.03275
0.03275
0.03275
0.03275
0.03275
0.03225
0.03225
0.03225
0.03225
0.03225
0.03275
0.03325
0.03375
0.03375
0.03325
0.03325
0.03375
0.03375
0.03425
0.03425
0.03475
0.03475
0.03475
0.03425
0.03425
0.03425
0.03475
0.03525
0.03575
0.03625
0.03675
0.03725
0.03775
0.03775
0.03725
0.03675
0.03625
0.03575
0.03525
0.03475
0.03475
0.03475
0.03475
0.03475
0.03475
0.03475
0.03475
0.03425
0.03425
0.03425
0.03425
0.03375
0.03375
0.03325
0.03325
0.03325
0.03375
0.03375
0.03375
0.03375
0.03425
0.03425
0.03425
0.03475
0.03475
0.03425
0.03425
0.03425
0.03425
0.03475
0.03525
0.03575
0.03375
0.03375
0.03375
0.03375
0.03375
0.03375
0.03325
0.03325
0.03325
0.03325
0.03325
0.03375
0.03375
0.03375
0.03375
0.03375
0.03325
0.03325
0.03325
0.03325
0.03325
0.03325
0.03325
0.03325
0.03275
0.03275
0.03275
0.03275
0.03225
0.03225
0.03225
0.03225
0.03225
0.03225
0.03275
0.03275
0.03275
0.03325
0.03325
0.03375
0.03375
0.03325
0.03325
0.03325
0.03325
0.03375
0.03375
0.03425
0.03425
0.03475
0.03525
0.03575
0.03625
0.03675
0.03725
0.03775
0.03825
0.03875
0.03925
0.03975
0.04025
0.04075
0.04125
0.04175
0.04225
0.04275
0.04325
0.04375
0.04425
0.04475
0.04525
0.04575
0.04625
0.0467501
0.0467501
0.0467501
0.04625
0.04625
0.04625
0.0467501
0.0467501
0.0467502
0.0467502
0.04625
0.04625
0.04625
0.04575
0.04575
0.04575
0.04525
0.04525
0.04525
0.04525
0.04575
0.04575
0.04575
0.04525
0.04525
0.04525
0.04575
0.0462501
0.0467503
0.0472519
0.047758
0.0477604
0.0477605
0.0472536
0.0472535
0.0472584
0.0477671
0.0477672
0.0477674
0.047781
0.0477816
0.0472693
0.0472689
0.0472585
0.0472584
0.0472687
0.0477807
0.0477806
0.0472685
0.0467607
0.0467608
0.046761
0.0467613
0.0462562
0.046256
0.0462522
0.0467543
0.0467542
0.0467513
0.0467503
0.0462501
0.0462506
0.0462506
0.0467513
0.0467542
0.0462521
0.0462521
0.0462559
0.0462558
0.045753
0.045753
0.0457531
0.0457532
0.0452515
0.0452515
0.0452505
0.0457511
0.0457511
0.0457503
0.04575
0.04525
0.0452501
0.0452501
0.0457503
0.045751
0.0452505
0.0452505
0.0452514
0.0452514
0.0452529
0.0457562
0.0462621
0.0467715
0.0472849
0.0478012
0.0483169
0.0488234
0.0488236
0.048824
0.0488244
0.048825
0.0488261
0.0483209
0.0483191
0.0478037
0.0478056
0.0478092
0.0472916
0.0472887
0.0472872
0.0472862
0.0478027
0.0483182
0.0483175
0.0483171
0.0478015
0.0478019
0.0472855
0.0472851
0.0467717
0.0467721
0.0467726
0.0467734
0.0467745
0.0467766
0.0462655
0.0462642
0.0462635
0.0457571
0.0457576
0.0457584
0.0452542
0.0452537
0.0452535
0.0452533
0.0457568
0.0462629
0.0462625
0.0462622
0.0457563
0.0457565
0.0452531
0.045253
0.0447513
0.0447514
0.0447514
0.0447516
0.0447517
0.0447519
0.044751
0.0447515
0.044751
0.0447505
0.0442502
0.0442504
0.0442504
0.0442501
0.04425
0.04425
0.0447501
0.04475
0.04425
0.04425
0.0442501
0.0447503
0.0447503
0.0447508
0.0447507
0.0442503
0.0442504
0.0442504
0.0442507
0.0437503
0.0437502
0.0437501
0.0437501
0.0437501
0.0437501
0.0437501
0.0437501
0.04375
0.04375
0.04325
0.04325
0.04325
0.04325
0.04325
0.04375
0.04375
0.04375
0.04375
0.04325
0.04325
0.04325
0.04325
0.04375
0.04375
0.04375
0.04325
0.04325
0.04325
0.04325
0.04275
0.04275
0.04275
0.04275
0.04275
0.04275
0.04225
0.04225
0.04225
0.04225
0.04225
0.04275
0.04275
0.04275
0.04275
0.04225
0.04225
0.04225
0.04225
0.04275
0.04275
0.04325
0.04375
0.04375
0.04375
0.04325
0.04325
0.04325
0.04375
0.04375
0.04375
0.0437501
0.04325
0.0432501
0.04325
0.04325
0.04325
0.04325
0.04375
0.04375
0.04325
0.04325
0.04375
0.0437501
0.0442501
0.0437501
0.0437502
0.0432501
0.0432501
0.0432501
0.04325
0.04325
0.0432501
0.0437501
0.0437501
0.04325
0.04325
0.0437501
0.0442503
0.0447507
0.0447502
0.0447502
0.04475
0.04475
0.04475
0.04425
0.04425
0.04425
0.04425
0.04475
0.04475
0.04425
0.04425
0.04475
0.04475
0.04475
0.04475
0.04425
0.04425
0.04425
0.04425
0.04475
0.04475
0.04425
0.04375
0.04375
0.04375
0.04375
0.04375
0.04375
0.04375
0.04375
0.04375
0.04325
0.04325
0.04325
0.04325
0.04325
0.04375
0.04375
0.04375
0.04325
0.04325
0.04325
0.04375
0.04375
0.04325
0.04325
0.04325
0.04325
0.04325
0.04325
0.04325
0.04375
0.04375
0.04425
0.04475
0.04525
0.04575
0.04625
0.0467501
0.0472514
0.047757
0.0482699
0.0482705
0.0482706
0.0487868
0.048786
0.04827
0.0482704
0.0487865
0.048786
0.0487857
0.0487866
0.0487868
0.0482706
0.04827
0.0482699
0.0482696
0.0477568
0.0477568
0.0477568
0.0477569
0.0472514
0.0472514
0.0472514
0.0472514
0.0472514
0.047757
0.047757
0.0477573
0.0477572
0.0482705
0.0482716
0.0487878
0.0492907
0.0492909
0.0492922
0.049292
0.0492951
0.0492953
0.0493014
0.0493012
0.0493099
0.04931
0.0493103
0.0493017
0.0492956
0.0492926
0.0492914
0.0492919
0.0492929
0.0492958
0.0493019
0.049302
0.0492959
0.0492931
0.0492923
0.0492931
0.0492929
0.0492926
0.0492956
0.0493017
0.0493019
0.0492958
0.0492959
0.049302
0.0493024
0.0492964
0.0492937
0.0492964
0.0493024
0.0493046
0.0492989
0.0493046
0.0493091
0.0493149
0.0493123
0.0493109
0.0493106
0.0493105
0.0488244
0.0488085
0.0487972
0.0487913
0.048789
0.048788
0.0487873
0.0482709
0.0482714
0.0482709
0.0487873
0.0487884
0.048788
0.0487905
0.0487903
0.0482746
0.0482747
0.0482718
0.048272
0.0482725
0.0482754
0.048275
0.0487909
0.0487968
0.0487965
0.0487963
0.0488075
0.0488077
0.0482962
0.0482821
0.0482819
0.0482961
0.0477806
0.0477671
0.0477604
0.047758
0.047758
0.0477605
0.0472536
0.0472519
0.0472515
0.0472514
0.0472515
0.0477571
0.047757
0.0477573
0.0477572
0.0472515
0.0472515
0.0472514
0.0467501
0.0467501
0.0467501
0.0467501
0.0467501
0.04625
0.04625
0.04625
0.04625
0.04625
0.04625
0.0467502
0.0467502
0.04625
0.04575
0.04575
0.04575
0.04575
0.04575
0.04575
0.04575
0.04525
0.04525
0.04525
0.04525
0.04525
0.04525
0.04525
0.04525
0.04575
0.0462501
0.0467503
0.0472519
0.047758
0.0482716
0.0482746
0.0482747
0.0482718
0.048788
0.0487884
0.0487909
0.0487913
0.048789
0.0482725
0.048272
0.048275
0.0482754
0.0482828
0.0487972
0.0487968
0.0488081
0.0488085
0.0482972
0.0482966
0.0482962
0.0482961
0.0482819
0.0482821
0.0482824
0.0477674
0.0477672
0.0477671
0.0477604
0.0477605
0.047758
0.0472519
0.0472536
0.0472535
0.0472584
0.0472685
0.0477806
0.0477807
0.0472687
0.0472584
0.0472585
0.0472536
0.0477606
0.0477582
0.0477574
0.0477577
0.0477574
0.0472515
0.0472516
0.0472515
0.0472519
0.047252
0.0477584
0.0477609
0.0472537
0.0472587
0.0477678
0.0477816
0.047781
0.0472689
0.0472693
0.04727
0.0477825
0.0482981
0.0488091
0.0487978
0.048792
0.0487899
0.048792
0.048794
0.048279
0.0482763
0.0482735
0.0482763
0.0482837
0.0487978
0.0487997
0.0488107
0.0488091
0.0482981
0.0482972
0.0482828
0.0482824
0.0482966
0.0488081
0.048824
0.0488236
0.0488234
0.0483169
0.0483171
0.0483175
0.0483182
0.0478027
0.0477816
0.0477678
0.0477609
0.0477584
0.0477582
0.0477606
0.0472536
0.0472519
0.047252
0.0472537
0.0472587
0.0472585
0.0477674
0.0477672
0.0477807
0.0472687
0.0472584
0.0472584
0.0472535
0.0472519
0.0472515
0.0467502
0.0467501
0.0467501
0.0467502
0.04625
0.04625
0.04625
0.04625
0.04575
0.04575
0.04575
0.04575
0.04525
0.04525
0.04525
0.04525
0.04525
0.04575
0.0462501
0.0467503
0.0467503
0.0467513
0.0467513
0.0462506
0.0462506
0.0462501
0.0462501
0.0467503
0.0467502
0.0467501
0.0467502
0.0467502
0.04625
0.04625
0.04625
0.04625
0.04575
0.04575
0.04575
0.04575
0.04525
0.04525
0.04525
0.04525
0.04525
0.04575
0.04575
0.0457503
0.0457503
0.0452501
0.0452501
0.04525
0.04475
0.04475
0.04475
0.04475
0.04475
0.04475
0.04475
0.04425
0.04425
0.04425
0.04425
0.04425
0.04475
0.04475
0.04475
0.04425
0.04425
0.04425
0.04475
0.04475
0.04475
0.04475
0.04425
0.04425
0.04425
0.04425
0.04425
0.04475
0.04475
0.04425
0.04425
0.04375
0.04375
0.04375
0.04375
0.04375
0.04375
0.04325
0.04325
0.04325
0.04325
0.04325
0.04375
0.04375
0.04375
0.04325
0.04325
0.04275
0.04275
0.04275
0.04275
0.04275
0.04275
0.04275
0.04225
0.04225
0.04225
0.04275
0.04275
0.04225
0.04225
0.04225
0.04175
0.04175
0.04175
0.04175
0.04175
0.04175
0.04125
0.04125
0.04125
0.04125
0.04125
0.04175
0.04175
0.04175
0.04175
0.04125
0.04125
0.04125
0.04125
0.04175
0.04175
0.04175
0.04175
0.04125
0.04125
0.04125
0.04125
0.04125
0.04125
0.04175
0.04175
0.04225
0.04225
0.04225
0.04275
0.04275
0.04275
0.04275
0.04225
0.04225
0.04225
0.04175
0.04175
0.04175
0.04175
0.04125
0.04125
0.04125
0.04125
0.04125
0.04175
0.04225
0.04225
0.04275
0.04275
0.04225
0.04175
0.04175
0.04125
0.04125
0.04075
0.04075
0.04075
0.04075
0.04075
0.04075
0.04075
0.04025
0.04025
0.04025
0.04025
0.04075
0.04075
0.04075
0.04025
0.04025
0.03975
0.03975
0.03975
0.03975
0.03975
0.03925
0.03925
0.03925
0.03925
0.03925
0.03925
0.03975
0.03975
0.04025
0.04075
0.04075
0.04025
0.03975
0.03925
0.03925
0.03875
0.03875
0.03875
0.03875
0.03875
0.03875
0.03875
0.03825
0.03825
0.03825
0.03825
0.03775
0.03775
0.03775
0.03775
0.03725
0.03725
0.03725
0.03725
0.03725
0.03775
0.03825
0.03825
0.03825
0.03825
0.03875
0.03875
0.03925
0.03975
0.04025
0.04075
0.04075
0.04125
0.04175
0.04225
0.04275
0.0432501
0.0437504
0.044251
0.0442508
0.0442507
0.0442506
0.0437502
0.0437503
0.0437503
0.0432501
0.0432501
0.0432501
0.0432501
0.0437502
0.0442506
0.0442505
0.0442503
0.0447507
0.0447506
0.0447502
0.04475
0.04475
0.04475
0.04475
0.04425
0.04425
0.04425
0.04425
0.0442501
0.0442501
0.0442501
0.0442503
0.0442502
0.0447506
0.0447502
0.0442501
0.04375
0.04375
0.04375
0.04375
0.04375
0.04375
0.04375
0.04425
0.04425
0.04425
0.04375
0.04375
0.04375
0.04375
0.04325
0.04325
0.04325
0.04325
0.04325
0.04325
0.04325
0.04375
0.04375
0.04425
0.04475
0.0452501
0.0457503
0.0462506
0.0467513
0.0467513
0.0467503
0.0462501
0.0462506
0.0462521
0.0467542
0.0467542
0.0467607
0.0467608
0.0462559
0.0462558
0.0462521
0.045751
0.045753
0.045753
0.0457511
0.0457503
0.04575
0.04525
0.0452501
0.0452505
0.0452505
0.0452514
0.0452514
0.0452515
0.0457531
0.046256
0.046761
0.0467543
0.0467513
0.0467503
0.0467504
0.0467513
0.0462506
0.0462506
0.0462501
0.0462501
0.04575
0.04575
0.0457503
0.0457503
0.0452501
0.0452501
0.04525
0.04525
0.04525
0.0457501
0.0462502
0.0467506
0.0472524
0.0477591
0.0477616
0.0477641
0.0477616
0.0472542
0.0472559
0.0472542
0.0472593
0.0477686
0.0482837
0.0482863
0.0487997
0.0488107
0.0483005
0.0483061
0.0488151
0.048805
0.0488151
0.0488232
0.0483164
0.0483061
0.0482932
0.0482863
0.0483005
0.0477847
0.047771
0.0477686
0.0477825
0.04727
0.0472593
0.047261
0.0472717
0.0472758
0.0477901
0.0477775
0.047771
0.0477847
0.0472717
0.047261
0.0472659
0.0472758
0.0477901
0.0478004
0.0472841
0.0467712
0.0467655
0.0467629
0.0467618
0.0467613
0.0467544
0.0462523
0.0462522
0.0457511
0.0457511
0.0457532
0.0462562
0.0462566
0.0462525
0.0467547
0.0467516
0.0467526
0.0467516
0.0467513
0.0467504
0.0462501
0.0462506
0.0462506
0.0467513
0.0467543
0.0467542
0.0467542
0.0467607
0.0472685
0.0472849
0.0478012
0.0478015
0.0472851
0.0472855
0.0478019
0.047781
0.0472689
0.0472693
0.0467613
0.0467544
0.0462523
0.0462522
0.0462521
0.0462521
0.0462558
0.0462559
0.0467608
0.046761
0.046256
0.0462562
0.0457532
0.0457511
0.0457503
0.04575
0.04525
0.0452501
0.0452501
0.0457503
0.0457511
0.0457511
0.045751
0.045753
0.045753
0.0452514
0.0452505
0.0452505
0.0452514
0.0452529
0.0457562
0.0462621
0.0467715
0.0467717
0.0462622
0.0462625
0.0467721
0.0467726
0.0472862
0.0472872
0.0478037
0.0483191
0.048825
0.0488261
0.0483209
0.0483246
0.0488289
0.0488337
0.0483309
0.0478157
0.0478092
0.0478056
0.0472887
0.0472916
0.0472971
0.0467805
0.0467766
0.0467655
0.0467589
0.0467558
0.046253
0.0462513
0.0462507
0.0457503
0.0457506
0.0457503
0.0462507
0.0462525
0.0467547
0.0467558
0.0467629
0.0467618
0.0462566
0.0462572
0.046253
0.0462548
0.0462588
0.0462572
0.0457538
0.0457534
0.0457512
0.0457515
0.0452507
0.0452506
0.0452505
0.0452505
0.0447502
0.0447502
0.0447502
0.0447506
0.0447506
0.0442503
0.0442502
0.0442501
0.0442501
0.04425
0.04475
0.04475
0.04475
0.04425
0.04425
0.04425
0.04475
0.04475
0.0447501
0.04475
0.04425
0.04425
0.04425
0.0442501
0.0442503
0.0447507
0.0447507
0.0452515
0.0452517
0.0452518
0.0452523
0.0457546
0.0457524
0.0457515
0.0457512
0.0457534
0.0457538
0.0452518
0.0452507
0.0452503
0.0452501
0.0447501
0.04475
0.04475
0.04475
0.04475
0.04475
0.04475
0.04475
0.04425
0.04425
0.04425
0.04425
0.0442501
0.0447502
0.0447502
0.0447506
0.0447506
0.0442502
0.0442503
0.0442501
0.0442501
0.0447502
0.0452505
0.0452505
0.0452515
0.0452515
0.0457531
0.0457565
0.0457563
0.045253
0.0452531
0.0452533
0.0457568
0.0462629
0.0462635
0.0467734
0.0467745
0.0462642
0.0462655
0.0462588
0.0462622
0.0457566
0.0457546
0.0452523
0.0452512
0.0447505
0.0447503
0.0447503
0.0447502
0.0442501
0.0442503
0.0437501
0.0437501
0.0437501
0.0437501
0.0437501
0.0437501
0.0437501
0.04325
0.04325
0.04325
0.04275
0.04275
0.04275
0.04275
0.04275
0.04275
0.04275
0.04275
0.04275
0.04225
0.04225
0.04225
0.04225
0.04225
0.04275
0.04275
0.04275
0.04275
0.04225
0.04225
0.04225
0.04225
0.04225
0.04225
0.04225
0.04275
0.04275
0.04225
0.04225
0.04275
0.04275
0.04225
0.04225
0.04175
0.04175
0.04175
0.04175
0.04175
0.04175
0.04175
0.04175
0.04125
0.04125
0.04125
0.04125
0.04125
0.04175
0.04175
0.04175
0.04175
0.04125
0.04125
0.04125
0.04125
0.04125
0.04125
0.04125
0.04175
0.04175
0.04125
0.04125
0.04175
0.04175
0.04125
0.04125
0.04125
0.04175
0.04225
0.04225
0.04275
0.04275
0.04275
0.04275
0.04225
0.04225
0.04225
0.04175
0.04175
0.04175
0.04175
0.04175
0.04125
0.04125
0.04125
0.04125
0.04125
0.04125
0.04125
0.04175
0.04225
0.04275
0.04275
0.04275
0.04225
0.04225
0.04225
0.04225
0.04275
0.04275
0.04225
0.04175
0.04175
0.04175
0.04225
0.04275
0.04275
0.04275
0.04275
0.04275
0.04225
0.04225
0.04225
0.04225
0.04225
0.04275
0.04325
0.04375
0.04375
0.04325
0.04325
0.04325
0.04325
0.04375
0.04375
0.04375
0.04375
0.04325
0.04325
0.04325
0.04325
0.04325
0.04375
0.04375
0.04325
0.04325
0.04275
0.04275
0.04275
0.04225
0.04225
0.04225
0.04175
0.04175
0.04175
0.04175
0.04175
0.04225
0.04225
0.04225
0.04275
0.04275
0.04275
0.04225
0.04225
0.04225
0.04275
0.04275
0.04275
0.04275
0.04275
0.04275
0.04225
0.04225
0.04225
0.04175
0.04175
0.04175
0.04125
0.04125
0.04125
0.04075
0.04075
0.04075
0.04025
0.04025
0.04025
0.04025
0.04025
0.04025
0.04025
0.03975
0.03975
0.03975
0.03975
0.03925
0.03925
0.03925
0.03925
0.03925
0.03975
0.04025
0.04075
0.04125
0.04125
0.04175
0.04175
0.04125
0.04125
0.04125
0.04125
0.04175
0.04175
0.04175
0.04175
0.04125
0.04125
0.04125
0.04075
0.04075
0.04075
0.04025
0.04025
0.04025
0.04025
0.04075
0.04075
0.04075
0.04025
0.04025
0.04025
0.04075
0.04075
0.04075
0.04125
0.04125
0.04175
0.04175
0.04225
0.04275
0.0432501
0.0432501
0.0437503
0.0437504
0.0432501
0.04275
0.04275
0.04225
0.04225
0.04175
0.04175
0.04125
0.04125
0.04075
0.04075
0.04025
0.04025
0.04025
0.04025
0.04025
0.04025
0.04025
0.04025
0.04025
0.04025
0.04025
0.04025
0.04025
0.04025
0.04025
0.04025
0.04025
0.04025
0.03975
0.03975
0.03975
0.03975
0.03975
0.03975
0.03975
0.03975
0.03975
0.03975
0.03975
0.03975
0.03975
0.03975
0.03975
0.03975
0.03975
0.03925
0.03925
0.03925
0.03925
0.03925
0.03925
0.03925
0.03925
0.03925
0.03925
0.03925
0.03925
0.03925
0.03925
0.03925
0.03925
0.03925
0.03875
0.03875
0.03875
0.03875
0.03875
0.03875
0.03875
0.03875
0.03875
0.03875
0.03875
0.03875
0.03875
0.03875
0.03875
0.03875
0.03875
0.03825
0.03825
0.03825
0.03825
0.03825
0.03825
0.03825
0.03825
0.03825
0.03825
0.03825
0.03825
0.03825
0.03825
0.03825
0.03825
0.03825
0.03775
0.03775
0.03775
0.03775
0.03775
0.03775
0.03775
0.03775
0.03775
0.03775
0.03775
0.03775
0.03775
0.03775
0.03775
0.03775
0.03775
0.03725
0.03725
0.03725
0.03725
0.03725
0.03725
0.03725
0.03725
0.03725
0.03725
0.03725
0.03725
0.03725
0.03725
0.03725
0.03725
0.03725
0.03675
0.03675
0.03675
0.03675
0.03675
0.03675
0.03675
0.03675
0.03675
0.03675
0.03675
0.03675
0.03675
0.03675
0.03675
0.03675
0.03675
0.03625
0.03625
0.03625
0.03625
0.03625
0.03625
0.03625
0.03625
0.03625
0.03625
0.03625
0.03625
0.03625
0.03625
0.03625
0.03625
0.03625
0.03575
0.03575
0.03575
0.03575
0.03575
0.03575
0.03575
0.03575
0.03575
0.03575
0.03575
0.03575
0.03575
0.03575
0.03575
0.03575
0.03575
0.03525
0.03525
0.03525
0.03525
0.03525
0.03525
0.03525
0.03525
0.03525
0.03525
0.03525
0.03525
0.03525
0.03525
0.03525
0.03525
0.03525
0.03475
0.03475
0.03475
0.03475
0.03475
0.03475
0.03475
0.03475
0.03475
0.03475
0.03475
0.03475
0.03475
0.03475
0.03475
0.03475
0.03475
0.03425
0.03425
0.03425
0.03425
0.03425
0.03425
0.03425
0.03425
0.03425
0.03425
0.03425
0.03425
0.03425
0.03425
0.03425
0.03425
0.03425
0.03375
0.03375
0.03375
0.03375
0.03375
0.03375
0.03375
0.03375
0.03375
0.03375
0.03375
0.03375
0.03375
0.03375
0.03375
0.03375
0.03375
0.03325
0.03325
0.03325
0.03325
0.03325
0.03325
0.03325
0.03325
0.03325
0.03325
0.03325
0.03325
0.03325
0.03325
0.03325
0.03325
0.03325
0.03275
0.03275
0.03275
0.03275
0.03275
0.03275
0.03275
0.03275
0.03275
0.03275
0.03275
0.03275
0.03275
0.03275
0.03275
0.03275
0.03275
0.03225
0.03225
0.03225
0.03225
0.03225
0.03225
0.03225
0.03225
0.03225
0.03225
0.03225
0.03225
0.03225
0.03225
0.03225
0.03225
0.03225
0.03175
0.03175
0.03175
0.03175
0.03175
0.03175
0.03175
0.03175
0.03175
0.03175
0.03175
0.03175
0.03175
0.03175
0.03175
0.03175
0.03175
0.03125
0.03125
0.03125
0.03125
0.03125
0.03125
0.03125
0.03125
0.03125
0.03125
0.03125
0.03125
0.03125
0.03125
0.03125
0.03125
0.03125
0.03075
0.03075
0.03075
0.03075
0.03075
0.03075
0.03075
0.03075
0.03075
0.03075
0.03075
0.03075
0.03075
0.03075
0.03075
0.03075
0.03075
0.03025
0.03025
0.03025
0.03025
0.03025
0.03025
0.03025
0.03025
0.03025
0.03025
0.03025
0.03025
0.03025
0.03025
0.03025
0.03025
0.03025
0.02975
0.02975
0.02975
0.02975
0.02975
0.02975
0.02975
0.02975
0.02975
0.02975
0.02975
0.02975
0.02975
0.02975
0.02975
0.02975
0.02975
0.02925
0.02925
0.02925
0.02925
0.02925
0.02925
0.02925
0.02925
0.02925
0.02925
0.02925
0.02925
0.02925
0.02925
0.02925
0.02925
0.02925
0.02875
0.02875
0.02875
0.02875
0.02875
0.02875
0.02875
0.02875
0.02875
0.02875
0.02875
0.02875
0.02875
0.02875
0.02875
0.02875
0.02875
0.02825
0.02825
0.02825
0.02825
0.02825
0.02825
0.02825
0.02825
0.02825
0.02825
0.02825
0.02825
0.02825
0.02825
0.02825
0.02825
0.02825
0.02775
0.02775
0.02775
0.02775
0.02775
0.02775
0.02775
0.02775
0.02775
0.02775
0.02775
0.02775
0.02775
0.02775
0.02775
0.02775
0.02775
0.02725
0.02725
0.02725
0.02725
0.02725
0.02725
0.02725
0.02725
0.02725
0.02725
0.02725
0.02725
0.02725
0.02725
0.02725
0.02725
0.02725
0.02675
0.02675
0.02675
0.02675
0.02675
0.02675
0.02675
0.02675
0.02675
0.02675
0.02675
0.02675
0.02675
0.02675
0.02675
0.02675
0.02675
0.02625
0.02625
0.02625
0.02625
0.02625
0.02625
0.02625
0.02625
0.02625
0.02625
0.02625
0.02625
0.02625
0.02625
0.02625
0.02625
0.02625
0.02575
0.02575
0.02575
0.02575
0.02575
0.02575
0.02575
0.02575
0.02575
0.02575
0.02575
0.02575
0.02575
0.02575
0.02575
0.02575
0.02575
0.02525
0.02525
0.02525
0.02525
0.02525
0.02525
0.02525
0.02525
0.02525
0.02525
0.02525
0.02525
0.02525
0.02525
0.02525
0.02525
0.02525
0.02475
0.02475
0.02475
0.02475
0.02475
0.02475
0.02475
0.02475
0.02475
0.02475
0.02475
0.02475
0.02475
0.02475
0.02475
0.02475
0.02475
0.02425
0.02425
0.02425
0.02425
0.02425
0.02425
0.02425
0.02425
0.02425
0.02425
0.02425
0.02425
0.02425
0.02425
0.02425
0.02425
0.02425
0.02375
0.02375
0.02375
0.02375
0.02375
0.02375
0.02375
0.02375
0.02375
0.02375
0.02375
0.02375
0.02375
0.02375
0.02375
0.02375
0.02375
0.02325
0.02325
0.02325
0.02325
0.02325
0.02325
0.02325
0.02325
0.02325
0.02325
0.02325
0.02325
0.02325
0.02325
0.02325
0.02325
0.02325
0.02275
0.02275
0.02275
0.02275
0.02275
0.02275
0.02275
0.02275
0.02275
0.02275
0.02275
0.02275
0.02275
0.02275
0.02275
0.02275
0.02275
0.02225
0.02225
0.02225
0.02225
0.02225
0.02225
0.02225
0.02225
0.02225
0.02225
0.02225
0.02225
0.02225
0.02225
0.02225
0.02225
0.02225
0.02175
0.02175
0.02175
0.02175
0.02175
0.02175
0.02175
0.02175
0.02175
0.02175
0.02175
0.02175
0.02175
0.02175
0.02175
0.02175
0.02175
0.02125
0.02125
0.02125
0.02125
0.02125
0.02125
0.02125
0.02125
0.02125
0.02125
0.02125
0.02125
0.02125
0.02125
0.02125
0.02125
0.02125
0.02075
0.02075
0.02075
0.02075
0.02075
0.02075
0.02075
0.02075
0.02075
0.02075
0.02075
0.02075
0.02075
0.02075
0.02075
0.02075
0.02075
0.02025
0.02025
0.02025
0.02025
0.02025
0.02025
0.02025
0.02025
0.02025
0.02025
0.02025
0.02025
0.02025
0.02025
0.02025
0.02025
0.02025
0.01975
0.01975
0.01975
0.01975
0.01975
0.01975
0.01975
0.01975
0.01975
0.01975
0.01975
0.01975
0.01975
0.01975
0.01975
0.01975
0.01975
0.01925
0.01925
0.01925
0.01925
0.01925
0.01925
0.01925
0.01925
0.01925
0.01925
0.01925
0.01925
0.01925
0.01925
0.01925
0.01925
0.01925
0.01875
0.01875
0.01875
0.01875
0.01875
0.01875
0.01875
0.01875
0.01875
0.01875
0.01875
0.01875
0.01875
0.01875
0.01875
0.01875
0.01875
0.01825
0.01825
0.01825
0.01825
0.01825
0.01825
0.01825
0.01825
0.01825
0.01825
0.01825
0.01825
0.01825
0.01825
0.01825
0.01825
0.01825
0.01775
0.01775
0.01775
0.01775
0.01775
0.01775
0.01775
0.01775
0.01775
0.01775
0.01775
0.01775
0.01775
0.01775
0.01775
0.01775
0.01775
0.01725
0.01725
0.01725
0.01725
0.01725
0.01725
0.01725
0.01725
0.01725
0.01725
0.01725
0.01725
0.01725
0.01725
0.01725
0.01725
0.01725
0.01675
0.01675
0.01675
0.01675
0.01675
0.01675
0.01675
0.01675
0.01675
0.01675
0.01675
0.01675
0.01675
0.01675
0.01675
0.01675
0.01675
0.01625
0.01625
0.01625
0.01625
0.01625
0.01625
0.01625
0.01625
0.01625
0.01625
0.01625
0.01625
0.01625
0.01625
0.01625
0.01625
0.01625
0.01575
0.01575
0.01575
0.01575
0.01575
0.01575
0.01575
0.01575
0.01575
0.01575
0.01575
0.01575
0.01575
0.01575
0.01575
0.01575
0.01575
0.01525
0.01525
0.01525
0.01525
0.01525
0.01525
0.01525
0.01525
0.01525
0.01525
0.01525
0.01525
0.01525
0.01525
0.01525
0.01525
0.01525
0.01475
0.01475
0.01475
0.01475
0.01475
0.01475
0.01475
0.01475
0.01475
0.01475
0.01475
0.01475
0.01475
0.01475
0.01475
0.01475
0.01475
0.01425
0.01425
0.01425
0.01425
0.01425
0.01425
0.01425
0.01425
0.01425
0.01425
0.01425
0.01425
0.01425
0.01425
0.01425
0.01425
0.01425
0.01375
0.01375
0.01375
0.01375
0.01375
0.01375
0.01375
0.01375
0.01375
0.01375
0.01375
0.01375
0.01375
0.01375
0.01375
0.01375
0.01375
0.01325
0.01325
0.01325
0.01325
0.01325
0.01325
0.01325
0.01325
0.01325
0.01325
0.01325
0.01325
0.01325
0.01325
0.01325
0.01325
0.01325
0.01275
0.01275
0.01275
0.01275
0.01275
0.01275
0.01275
0.01275
0.01275
0.01275
0.01275
0.01275
0.01275
0.01275
0.01275
0.01275
0.01275
0.01225
0.01225
0.01225
0.01225
0.01225
0.01225
0.01225
0.01225
0.01225
0.01225
0.01225
0.01225
0.01225
0.01225
0.01225
0.01225
0.01225
0.01175
0.01175
0.01175
0.01175
0.01175
0.01175
0.01175
0.01175
0.01175
0.01175
0.01175
0.01175
0.01175
0.01175
0.01175
0.01175
0.01175
0.01125
0.01125
0.01125
0.01125
0.01125
0.01125
0.01125
0.01125
0.01125
0.01125
0.01125
0.01125
0.01125
0.01125
0.01125
0.01125
0.01125
0.01075
0.01075
0.01075
0.01075
0.01075
0.01075
0.01075
0.01075
0.01075
0.01075
0.01075
0.01075
0.01075
0.01075
0.01075
0.01075
0.01075
0.01025
0.01025
0.01025
0.01025
0.01025
0.01025
0.01025
0.01025
0.01025
0.01025
0.01025
0.01025
0.01025
0.01025
0.01025
0.01025
0.01025
0.00975
0.00975
0.00975
0.00975
0.00975
0.00975
0.00975
0.00975
0.00975
0.00975
0.00975
0.00975
0.00975
0.00975
0.00975
0.00975
0.00975
0.00925
0.00925
0.00925
0.00925
0.00925
0.00925
0.00925
0.00925
0.00925
0.00925
0.00925
0.00925
0.00925
0.00925
0.00925
0.00925
0.00925
0.00875
0.00875
0.00875
0.00875
0.00875
0.00875
0.00875
0.00875
0.00875
0.00875
0.00875
0.00875
0.00875
0.00875
0.00875
0.00875
0.00875
0.00825
0.00825
0.00825
0.00825
0.00825
0.00825
0.00825
0.00825
0.00825
0.00825
0.00825
0.00825
0.00825
0.00825
0.00825
0.00825
0.00825
0.00775
0.00774999
0.00774999
0.00774999
0.00774999
0.00775
0.00775
0.00775
0.00775
0.00775
0.00775
0.00774999
0.00774999
0.00774999
0.00774999
0.00774999
0.00774999
0.00724997
0.00724996
0.00724996
0.00724996
0.00724997
0.00724997
0.00724998
0.00724998
0.00724998
0.00724998
0.00724998
0.00724998
0.00724997
0.00724997
0.00724997
0.00724996
0.00724996
0.00674986
0.00674987
0.00674988
0.00674989
0.00674991
0.00674992
0.00674993
0.00674993
0.00674993
0.00674993
0.00674992
0.00674991
0.00674989
0.00674988
0.00674987
0.00674986
0.00674987
0.00624959
0.00624957
0.0062496
0.00624964
0.00624968
0.00624972
0.00624975
0.00624977
0.00624978
0.00624978
0.00624977
0.00624975
0.00624972
0.00624968
0.00624964
0.0062496
0.00624957
0.00574883
0.00574892
0.00574902
0.00574912
0.0057492
0.00574927
0.00574932
0.00574934
0.00574934
0.00574932
0.00574927
0.00574921
0.00574912
0.00574902
0.00574892
0.00574883
0.00574884
0.00524709
0.00524713
0.00524734
0.00524757
0.00524778
0.00524796
0.0052481
0.0052482
0.00524825
0.00524825
0.0052482
0.0052481
0.00524796
0.00524778
0.00524757
0.00524734
0.00524713
0.00474355
0.00474401
0.00474445
0.00474484
0.00474518
0.00474545
0.00474563
0.00474573
0.00474573
0.00474563
0.00474545
0.00474518
0.00474484
0.00474445
0.00474401
0.00474356
0.00474333
0.00423617
0.00423679
0.00423763
0.00423837
0.00423902
0.00423959
0.00424005
0.00424036
0.00424052
0.00424052
0.00424036
0.00424005
0.00423959
0.00423902
0.00423837
0.00423763
0.00423679
0.00372531
0.00372664
0.00372773
0.00372868
0.00372953
0.00373023
0.00373071
0.00373095
0.00373095
0.00373071
0.00373023
0.00372953
0.00372868
0.00372773
0.00372664
0.00372531
0.00372398
0.00320604
0.00320814
0.00320993
0.00321132
0.00321255
0.00321367
0.0032146
0.00321524
0.00321556
0.00321556
0.00321524
0.0032146
0.00321367
0.00321255
0.00321132
0.00320993
0.00320814
0.00268624
0.00268824
0.00268976
0.00269114
0.00269241
0.00269346
0.00269419
0.00269456
0.00269456
0.00269419
0.00269346
0.00269241
0.00269114
0.00268976
0.00268824
0.00268624
0.00268334
0.00216114
0.00216396
0.00216575
0.00216715
0.00216843
0.00216964
0.00217063
0.00217131
0.00217166
0.00217166
0.00217131
0.00217063
0.00216964
0.00216843
0.00216715
0.00216575
0.00216396
0.00164934
0.00165051
0.00165151
0.00165246
0.00165334
0.00165407
0.00165459
0.00165485
0.00165485
0.00165459
0.00165407
0.00165334
0.00165246
0.00165151
0.00165051
0.00164934
0.0016471
0.00115062
0.00115174
0.00115215
0.0011526
0.00115303
0.00115345
0.00115385
0.00115416
0.00115433
0.00115432
0.00115416
0.00115385
0.00115345
0.00115303
0.0011526
0.00115215
0.00115174
0.000677325
0.000676907
0.000677163
0.000676986
0.000677171
0.000677307
0.000677499
0.00067761
0.000677609
0.000677499
0.000677307
0.000677171
0.000676986
0.000677163
0.000676907
0.000677325
0.000676996
0.000681849
0.00116004
0.00166013
0.00217454
0.00269443
0.00321334
0.00372811
0.00423808
0.00474407
0.00524729
0.00574887
0.00624957
0.00674985
0.00724996
0.00774999
0.00825
0.00875
0.00925
0.00975
0.01025
0.01075
0.01125
0.01175
0.01225
0.01275
0.01325
0.01375
0.01425
0.01475
0.01525
0.01575
0.01625
0.01675
0.01725
0.01775
0.01825
0.01875
0.01925
0.01975
0.02025
0.02075
0.02125
0.02175
0.02225
0.02275
0.02325
0.02375
0.02425
0.02475
0.02525
0.02575
0.02625
0.02675
0.02725
0.02775
0.02825
0.02875
0.02925
0.02975
0.03025
0.03075
0.03125
0.03175
0.03225
0.03275
0.03325
0.03375
0.03425
0.03475
0.03525
0.03575
0.03625
0.03675
0.03725
0.03775
0.03825
0.03875
0.03925
0.03975
0.03975
0.04025
0.04025
0.04075
0.04075
0.04125
0.04125
0.04175
0.04225
0.04275
0.0432501
0.0432501
0.0437502
0.0442506
0.0447514
0.0447514
0.0442506
0.0442505
0.0447513
0.0447513
0.0452529
0.0457562
0.0442505
0.0437502
0.0437502
0.0437502
0.0432501
0.0432501
0.0432501
0.04325
0.04325
0.04325
0.04275
0.04275
0.04225
0.04225
0.04225
0.04275
0.04275
0.04275
0.04275
0.04225
0.04225
0.04225
0.04175
0.04175
0.04175
0.04175
0.04125
0.04125
0.04125
0.04125
0.04125
0.04175
0.04225
0.04275
0.04275
0.04275
0.04275
0.04275
0.04275
0.04225
0.04225
0.04225
0.04225
0.04175
0.04175
0.04175
0.04175
0.04125
0.04125
0.04125
0.04125
0.04125
0.04175
0.04225
0.04275
0.04275
0.04225
0.04225
0.04275
0.04275
0.04275
0.04275
0.04225
0.04225
0.04175
0.04175
0.04175
0.04125
0.04125
0.04125
0.04125
0.04175
0.04175
0.04225
0.04225
0.04225
0.04175
0.04175
0.04125
0.04125
0.04075
0.04075
0.04075
0.04075
0.04075
0.04075
0.04075
0.04025
0.04025
0.04025
0.04025
0.04025
0.04075
0.04075
0.04075
0.04075
0.04025
0.04025
0.04025
0.03975
0.03975
0.03975
0.03975
0.03925
0.03925
0.03925
0.03925
0.03875
0.03875
0.03875
0.03825
0.03825
0.03825
0.03825
0.03875
0.03875
0.03875
0.03875
0.03825
0.03825
0.03825
0.03775
0.03775
0.03775
0.03775
0.03775
0.03825
0.03725
0.03725
0.03725
0.03725
0.03725
0.03725
0.03775
0.03775
0.03775
0.03775
0.03825
0.03725
0.03725
0.03725
0.03675
0.03675
0.03675
0.03625
0.03625
0.03625
0.03625
0.03675
0.03675
0.03675
0.03675
0.03675
0.03625
0.03625
0.03625
0.03625
0.03575
0.03575
0.03575
0.03575
0.03525
0.03525
0.03525
0.03525
0.03525
0.03575
0.03575
0.03575
0.03575
0.03525
0.03525
0.03525
0.03475
0.03475
0.03475
0.03425
0.03425
0.03425
0.03425
0.03425
0.03425
0.03475
0.03475
0.03475
0.03475
0.03425
0.03425
0.03425
0.03375
0.03375
0.03375
0.03375
0.03375
0.03425
0.03325
0.03325
0.03325
0.03325
0.03325
0.03325
0.03275
0.03275
0.03275
0.03275
0.03275
0.03275
0.03225
0.03225
0.03225
0.03225
0.03225
0.03225
0.03275
0.03275
0.03275
0.03225
0.03225
0.03225
0.03175
0.03175
0.03175
0.03175
0.03175
0.03175
0.03125
0.03125
0.03125
0.03125
0.03175
0.03175
0.03175
0.03175
0.03125
0.03125
0.03125
0.03075
0.03075
0.03075
0.03025
0.03025
0.03025
0.03025
0.03075
0.03075
0.03075
0.03075
0.03075
0.03075
0.03075
0.03025
0.03025
0.03025
0.03025
0.03025
0.03025
0.03075
0.03075
0.03025
0.03025
0.02975
0.02975
0.02975
0.02975
0.02975
0.02975
0.02925
0.02925
0.02925
0.02925
0.02925
0.02925
0.02975
0.02975
0.02925
0.02925
0.02925
0.02975
0.02975
0.02975
0.02975
0.02925
0.02925
0.02925
0.02875
0.02875
0.02875
0.02875
0.02875
0.02825
0.02825
0.02825
0.02825
0.02825
0.02875
0.02875
0.02875
0.02875
0.02825
0.02825
0.02825
0.02775
0.02775
0.02775
0.02775
0.02775
0.02725
0.02725
0.02725
0.02725
0.02725
0.02775
0.02825
0.02825
0.02825
0.02825
0.02775
0.02775
0.02775
0.02725
0.02725
0.02725
0.02725
0.02775
0.02825
0.02875
0.02875
0.02875
0.02825
0.02825
0.02825
0.02875
0.02875
0.02875
0.02875
0.02875
0.02825
0.02825
0.02825
0.02825
0.02775
0.02775
0.02775
0.02775
0.02775
0.02725
0.02725
0.02725
0.02725
0.02725
0.02775
0.02775
0.02725
0.02725
0.02725
0.02675
0.02675
0.02675
0.02675
0.02675
0.02625
0.02625
0.02625
0.02675
0.02675
0.02725
0.02725
0.02775
0.02825
0.02825
0.02875
0.02875
0.02825
0.02775
0.02775
0.02725
0.02725
0.02675
0.02675
0.02675
0.02625
0.02625
0.02575
0.02575
0.02575
0.02575
0.02525
0.02525
0.02525
0.02525
0.02525
0.02575
0.02575
0.02625
0.02625
0.02575
0.02525
0.02525
0.02525
0.02575
0.02625
0.02675
0.02725
0.02775
0.02825
0.02875
0.02875
0.02925
0.02975
0.03025
0.03075
0.03125
0.03175
0.03175
0.03175
0.03175
0.03125
0.03125
0.03125
0.03075
0.03075
0.03075
0.03025
0.03025
0.03025
0.02975
0.02975
0.02975
0.02925
0.02925
0.02925
0.02875
0.02875
0.02875
0.02825
0.02825
0.02825
0.02825
0.02825
0.02875
0.02925
0.02975
0.03025
0.03075
0.03125
0.03175
0.03225
0.03275
0.03275
0.03275
0.03275
0.03225
0.03225
0.03225
0.03225
0.03225
0.03225
0.03225
0.03275
0.03275
0.03275
0.03275
0.03275
0.03275
0.03225
0.03225
0.03225
0.03225
0.03225
0.03275
0.03275
0.03275
0.03325
0.03325
0.03375
0.03375
0.03425
0.03475
0.03525
0.03575
0.03625
0.03675
0.03725
0.03775
0.03825
0.03825
0.03825
0.03825
0.03875
0.03875
0.03825
0.03825
0.03875
0.03875
0.03825
0.03825
0.03775
0.03775
0.03775
0.03775
0.03775
0.03775
0.03775
0.03725
0.03725
0.03725
0.03725
0.03725
0.03725
0.03725
0.03675
0.03675
0.03675
0.03675
0.03675
0.03675
0.03675
0.03625
0.03625
0.03625
0.03625
0.03625
0.03625
0.03625
0.03575
0.03575
0.03575
0.03575
0.03575
0.03575
0.03575
0.03525
0.03525
0.03525
0.03525
0.03525
0.03525
0.03525
0.03475
0.03475
0.03475
0.03475
0.03475
0.03475
0.03475
0.03425
0.03425
0.03425
0.03425
0.03425
0.03425
0.03425
0.03375
0.03375
0.03375
0.03375
0.03375
0.03375
0.03375
0.03375
0.03375
0.03325
0.03325
0.03325
0.03375
0.03425
0.03475
0.03525
0.03575
0.03625
0.03675
0.03675
0.03725
0.03775
0.03775
0.03725
0.03725
0.03775
0.03825
0.03875
0.03875
0.03875
0.03925
0.03925
0.03925
0.03975
0.03975
0.03975
0.03975
0.03925
0.03925
0.03925
0.03875
0.03875
0.03875
0.03825
0.03825
0.03825
0.03825
0.03825
0.03775
0.03775
0.03775
0.03725
0.03725
0.03725
0.03675
0.03675
0.03675
0.03675
0.03625
0.03625
0.03575
0.03575
0.03525
0.03525
0.03475
0.03475
0.03425
0.03425
0.03375
0.03375
0.03325
0.03325
0.03325
0.03375
0.03425
0.03475
0.03525
0.03575
0.03625
0.03625
0.03675
0.03675
0.03625
0.03625
0.03625
0.03675
0.03675
0.03625
0.03575
0.03525
0.03475
0.03425
0.03375
0.03325
0.03325
0.03375
0.03425
0.03475
0.03525
0.03575
0.03575
0.03575
0.03575
0.03525
0.03525
0.03525
0.03475
0.03475
0.03475
0.03425
0.03425
0.03425
0.03375
0.03375
0.03375
0.03375
0.03375
0.03325
0.03325
0.03325
0.03375
0.03275
0.03275
0.03275
0.03275
0.03275
0.03275
0.03225
0.03225
0.03175
0.03175
0.03125
0.03125
0.03075
0.03075
0.03025
0.03025
0.02975
0.02975
0.02925
0.02925
0.02925
0.02975
0.03025
0.03075
0.03125
0.03175
0.03225
0.03225
0.03275
0.03275
0.03225
0.03225
0.03225
0.03225
0.03275
0.03275
0.03225
0.03175
0.03175
0.03125
0.03125
0.03125
0.03175
0.03225
0.03275
0.03275
0.03225
0.03225
0.03275
0.03275
0.03275
0.03325
0.03325
0.03325
0.03325
0.03375
0.03425
0.03475
0.03525
0.03575
0.03625
0.03675
0.03675
0.03625
0.03625
0.03575
0.03575
0.03525
0.03525
0.03525
0.03575
0.03625
0.03675
0.03725
0.03775
0.03825
0.03875
0.03875
0.03875
0.03925
0.03925
0.03925
0.03975
0.03975
0.03975
0.03975
0.03925
0.03925
0.03925
0.03875
0.03875
0.03875
0.03875
0.03875
0.03825
0.03825
0.03825
0.03775
0.03775
0.03775
0.03725
0.03725
0.03725
0.03675
0.03675
0.03675
0.03625
0.03625
0.03625
0.03575
0.03575
0.03575
0.03525
0.03525
0.03525
0.03475
0.03475
0.03475
0.03475
0.03475
0.03475
0.03475
0.03425
0.03425
0.03425
0.03375
0.03375
0.03375
0.03325
0.03325
0.03325
0.03325
0.03375
0.03425
0.03425
0.03425
0.03425
0.03425
0.03475
0.03525
0.03575
0.03625
0.03675
0.03725
0.03775
0.03825
0.03825
0.03825
0.03825
0.03775
0.03775
0.03775
0.03725
0.03725
0.03725
0.03725
0.03775
0.03825
0.03875
0.03925
0.03975
0.04025
0.04075
0.04075
0.04025
0.04025
0.04025
0.03975
0.03975
0.03975
0.03975
0.03975
0.03925
0.03925
0.03925
0.03925
0.03925
0.03975
0.03975
0.04025
0.04025
0.04025
0.04075
0.04075
0.04125
0.04125
0.04175
0.04225
0.04275
0.04275
0.0432501
0.0437502
0.0442505
0.0447513
0.0447513
0.0442505
0.0442506
0.0447514
0.0447507
0.0447507
0.0447502
0.0447501
0.04425
0.04425
0.04425
0.04425
0.04375
0.04375
0.04375
0.04375
0.04375
0.04375
0.04325
0.04325
0.04325
0.04325
0.04325
0.04375
0.04375
0.0437501
0.0437501
0.04325
0.04325
0.04325
0.04325
0.04375
0.04375
0.0442501
0.0442503
0.0442503
0.0437501
0.0437501
0.04325
0.04325
0.04325
0.04375
0.04375
0.04325
0.04325
0.04325
0.04275
0.04275
0.04275
0.04275
0.04225
0.04225
0.04225
0.04225
0.04225
0.04225
0.04175
0.04175
0.04175
0.04175
0.04175
0.04175
0.04125
0.04125
0.04125
0.04125
0.04125
0.04075
0.04075
0.04075
0.04075
0.04075
0.04075
0.04075
0.04075
0.04075
0.04025
0.04025
0.04025
0.04025
0.04025
0.04025
0.04075
0.04075
0.04025
0.04025
0.03975
0.03975
0.03975
0.03975
0.03975
0.03975
0.03925
0.03925
0.03925
0.03925
0.03925
0.03925
0.03975
0.03975
0.03925
0.03925
0.03925
0.03975
0.04025
0.04025
0.04075
0.04075
0.04025
0.04025
0.04025
0.04025
0.04075
0.04075
0.04025
0.04025
0.04075
0.04125
0.04125
0.04125
0.04125
0.04125
0.04125
0.04175
0.04175
0.04125
0.04125
0.04175
0.04225
0.04275
0.04325
0.04325
0.04325
0.04325
0.04275
0.04275
0.04275
0.04275
0.04275
0.04225
0.04225
0.04225
0.04275
0.04175
0.04175
0.04175
0.04125
0.04125
0.04125
0.04075
0.04075
0.04075
0.04075
0.04075
0.04075
0.04075
0.04075
0.04075
0.04075
0.04025
0.04025
0.04025
0.04025
0.04025
0.04025
0.04075
0.04075
0.04025
0.04025
0.03975
0.03975
0.03975
0.03975
0.03975
0.03975
0.03925
0.03925
0.03925
0.03925
0.03925
0.03925
0.03975
0.03975
0.03925
0.03925
0.03925
0.03975
0.04025
0.04075
0.04075
0.04075
0.04075
0.04025
0.04025
0.04025
0.03975
0.03975
0.03975
0.03975
0.03975
0.03925
0.03925
0.03925
0.03975
0.03975
0.03975
0.03975
0.03925
0.03925
0.03925
0.03875
0.03875
0.03875
0.03875
0.03875
0.03875
0.03875
0.03875
0.03875
0.03825
0.03825
0.03825
0.03825
0.03825
0.03825
0.03875
0.03875
0.03825
0.03825
0.03775
0.03775
0.03775
0.03775
0.03775
0.03775
0.03725
0.03725
0.03725
0.03725
0.03725
0.03725
0.03775
0.03775
0.03725
0.03725
0.03725
0.03775
0.03825
0.03825
0.03875
0.03875
0.03825
0.03825
0.03825
0.03825
0.03875
0.03875
0.03825
0.03825
0.03875
0.03925
0.03975
0.03975
0.04025
0.04075
0.04075
0.04075
0.04025
0.04025
0.03975
0.03975
0.03925
0.03925
0.03925
0.03925
0.03925
0.03975
0.04025
0.04075
0.04075
0.04075
0.04075
0.04075
0.04025
0.04025
0.04025
0.04025
0.04025
0.04025
0.04075
0.04075
0.04025
0.04025
0.03975
0.03975
0.03975
0.03975
0.03975
0.03975
0.03925
0.03925
0.03925
0.03925
0.03925
0.03925
0.03975
0.03975
0.03925
0.03925
0.03875
0.03875
0.03875
0.03875
0.03875
0.03875
0.03875
0.03875
0.03825
0.03825
0.03825
0.03825
0.03825
0.03875
0.03875
0.03875
0.03875
0.03825
0.03825
0.03825
0.03775
0.03775
0.03775
0.03775
0.03775
0.03725
0.03725
0.03725
0.03725
0.03725
0.03725
0.03775
0.03775
0.03775
0.03725
0.03725
0.03725
0.03775
0.03825
0.03875
0.03875
0.03875
0.03875
0.03925
0.03925
0.03875
0.03875
0.03875
0.03825
0.03825
0.03825
0.03825
0.03775
0.03775
0.03775
0.03825
0.03825
0.03775
0.03775
0.03775
0.03775
0.03725
0.03725
0.03725
0.03775
0.03775
0.03725
0.03725
0.03725
0.03775
0.03775
0.03775
0.03775
0.03725
0.03725
0.03725
0.03725
0.03775
0.03825
0.03875
0.03875
0.03925
0.03975
0.04025
0.04075
0.04075
0.04075
0.04025
0.04025
0.04025
0.04025
0.04025
0.04025
0.04025
0.04025
0.04025
0.04075
0.04075
0.04025
0.04025
0.04075
0.04075
0.04025
0.03975
0.03975
0.03975
0.03975
0.03975
0.03975
0.03925
0.03925
0.03925
0.03925
0.03925
0.03925
0.03975
0.03975
0.03925
0.03925
0.03925
0.03975
0.04025
0.04075
0.04075
0.04025
0.04025
0.04075
0.04125
0.04175
0.04225
0.04225
0.04225
0.04175
0.04175
0.04125
0.04125
0.04075
0.04075
0.04075
0.04075
0.04075
0.04075
0.04025
0.04025
0.04025
0.04025
0.03975
0.03975
0.03975
0.03975
0.03925
0.03925
0.03925
0.03925
0.03975
0.03975
0.03925
0.03925
0.03875
0.03875
0.03875
0.03875
0.03825
0.03825
0.03825
0.03875
0.03875
0.03875
0.03875
0.03825
0.03825
0.03825
0.03825
0.03825
0.03875
0.03875
0.03875
0.03875
0.03825
0.03825
0.03825
0.03775
0.03775
0.03775
0.03725
0.03725
0.03725
0.03775
0.03775
0.03825
0.03825
0.03875
0.03925
0.03975
0.04025
0.04025
0.04075
0.04125
0.04175
0.04225
0.04275
0.04275
0.04275
0.04225
0.04225
0.04175
0.04175
0.04125
0.04125
0.04075
0.04075
0.04025
0.04025
0.03975
0.03975
0.03925
0.03925
0.03925
0.03975
0.03975
0.04025
0.04075
0.04125
0.04175
0.04225
0.04275
0.04275
0.0432501
0.0437502
0.0437502
0.0442505
0.0442505
0.0447513
0.0447513
0.0452529
0.0457562
0.0462621
0.0467715
0.0472849
0.0478012
0.0483169
0.0488234
0.0488236
0.0483171
0.0483175
0.048824
0.0488244
0.0483182
0.0478027
0.0478019
0.0478015
0.0472851
0.0472855
0.0472862
0.0472872
0.0478037
0.0483191
0.048825
0.0488261
0.0483209
0.0483246
0.0488289
0.0483309
0.0478157
0.0478092
0.0478056
0.0472887
0.0472916
0.0472971
0.0467805
0.0467766
0.0467745
0.0467734
0.0467726
0.0467721
0.0467717
0.0462622
0.0462625
0.0462629
0.0457568
0.0457565
0.0457563
0.045253
0.0452531
0.0452533
0.0452535
0.0457571
0.0462635
0.0462642
0.0462655
0.046268
0.0457598
0.0457584
0.0457576
0.0452537
0.0452542
0.0452549
0.0452533
0.0452549
0.0457598
0.046268
0.0457584
0.0457576
0.0457571
0.0452535
0.0452517
0.0452506
0.0452501
0.0447501
0.0447501
0.04425
0.04425
0.04425
0.04425
0.0442501
0.0447503
0.0447503
0.0447508
0.0447507
0.0442503
0.0442504
0.0442501
0.0442502
0.0442501
0.0442501
0.0442503
0.0447507
0.0447508
0.0442504
0.0442504
0.044751
0.0447515
0.044751
0.0442504
0.0442507
0.0437503
0.0437502
0.0437501
0.0437501
0.04375
0.04375
0.04375
0.04375
0.04375
0.04325
0.04325
0.04325
0.04375
0.04375
0.04375
0.04375
0.04375
0.04325
0.04325
0.04325
0.04325
0.04325
0.04375
0.04375
0.04375
0.04375
0.04325
0.04325
0.04325
0.04325
0.04325
0.04325
0.04325
0.04325
0.04325
0.04275
0.04275
0.04275
0.04275
0.04275
0.04275
0.04225
0.04225
0.04225
0.04225
0.04225
0.04275
0.04275
0.04275
0.04275
0.04225
0.04225
0.04225
0.04225
0.04275
0.04275
0.04275
0.04225
0.04225
0.04225
0.04225
0.04175
0.04175
0.04175
0.04175
0.04175
0.04175
0.04175
0.04175
0.04125
0.04125
0.04125
0.04125
0.04125
0.04175
0.04175
0.04175
0.04125
0.04125
0.04125
0.04125
0.04125
0.04075
0.04075
0.04075
0.04075
0.04025
0.04025
0.04025
0.04025
0.04025
0.04075
0.04075
0.04075
0.04075
0.04025
0.04025
0.04025
0.03975
0.03975
0.03975
0.03975
0.03975
0.03925
0.03925
0.03925
0.03925
0.03925
0.03975
0.04025
0.04075
0.04075
0.04075
0.04075
0.04125
0.04125
0.04175
0.04225
0.04275
0.04275
0.04275
0.04275
0.04225
0.04225
0.04225
0.04225
0.04225
0.04275
0.04275
0.04225
0.04225
0.04225
0.04275
0.04275
0.04275
0.04275
0.04275
0.04225
0.04225
0.04225
0.04225
0.04175
0.04175
0.04175
0.04175
0.04175
0.04125
0.04125
0.04125
0.04125
0.04125
0.04175
0.04175
0.04125
0.04125
0.04125
0.04175
0.04225
0.04225
0.04275
0.0432501
0.0437502
0.0437502
0.0437502
0.0442506
0.0447514
0.0447516
0.0447517
0.0452537
0.0452542
0.0447519
0.0447523
0.044251
0.0442508
0.0442507
0.0442506
0.0437502
0.0437501
0.04375
0.0437501
0.0437501
0.0432501
0.04325
0.04325
0.04325
0.04275
0.04275
0.04275
0.04275
0.04275
0.04275
0.04225
0.04225
0.04225
0.04225
0.04225
0.04225
0.04275
0.04275
0.04275
0.04325
0.0432501
0.0432501
0.0432501
0.0432501
0.0437503
0.0437503
0.0437502
0.0437501
0.0437501
0.04325
0.0432501
0.04325
0.04325
0.04325
0.04275
0.04275
0.04275
0.04225
0.04225
0.04225
0.04175
0.04175
0.04175
0.04125
0.04125
0.04125
0.04125
0.04125
0.04175
0.04175
0.04125
0.04125
0.04125
0.04125
0.04125
0.04175
0.04175
0.04175
0.04175
0.04175
0.04175
0.04125
0.04125
0.04125
0.04125
0.04125
0.04125
0.04175
0.04175
0.04125
0.04125
0.04175
0.04175
0.04175
0.04175
0.04175
0.04125
0.04125
0.04125
0.04125
0.04125
0.04175
0.04175
0.04175
0.04225
0.04225
0.04175
0.04125
0.04125
0.04125
0.04125
0.04175
0.04175
0.04175
0.04175
0.04125
0.04125
0.04125
0.04075
0.04075
0.04075
0.04075
0.04075
0.04075
0.04075
0.04075
0.04025
0.04025
0.04025
0.04025
0.04025
0.04025
0.04075
0.04075
0.04075
0.04075
0.04025
0.04025
0.04025
0.04025
0.04025
0.04025
0.03975
0.03975
0.03975
0.03925
0.03925
0.03925
0.03925
0.03975
0.04025
0.04075
0.04075
0.04075
0.04075
0.04025
0.04025
0.04025
0.04025
0.04075
0.04075
0.04075
0.04075
0.04025
0.04025
0.04025
0.03975
0.03975
0.03975
0.03975
0.03975
0.03925
0.03925
0.03925
0.03975
0.03975
0.03975
0.03925
0.03925
0.03925
0.03925
0.03925
0.03975
0.03975
0.03975
0.03975
0.03925
0.03925
0.03925
0.03875
0.03875
0.03875
0.03875
0.03875
0.03875
0.03875
0.03825
0.03825
0.03825
0.03825
0.03825
0.03875
0.03875
0.03875
0.03875
0.03825
0.03825
0.03825
0.03825
0.03875
0.03875
0.03875
0.03825
0.03825
0.03825
0.03825
0.03775
0.03775
0.03775
0.03775
0.03775
0.03775
0.03725
0.03725
0.03725
0.03725
0.03725
0.03775
0.03775
0.03775
0.03775
0.03725
0.03725
0.03725
0.03725
0.03775
0.03775
0.03825
0.03875
0.03875
0.03925
0.03925
0.03975
0.04025
0.04025
0.04075
0.04075
0.04025
0.04025
0.04075
0.04075
0.04075
0.04075
0.04075
0.04025
0.04025
0.04025
0.03975
0.03975
0.03975
0.03925
0.03925
0.03925
0.03975
0.03975
0.03975
0.03975
0.03925
0.03925
0.03925
0.03925
0.03875
0.03875
0.03875
0.03875
0.03875
0.03875
0.03875
0.03875
0.03825
0.03825
0.03825
0.03825
0.03825
0.03775
0.03775
0.03775
0.03775
0.03775
0.03775
0.03725
0.03725
0.03725
0.03725
0.03725
0.03725
0.03775
0.03775
0.03725
0.03725
0.03675
0.03675
0.03675
0.03675
0.03675
0.03675
0.03675
0.03675
0.03675
0.03625
0.03625
0.03625
0.03625
0.03575
0.03575
0.03575
0.03575
0.03525
0.03525
0.03525
0.03525
0.03525
0.03575
0.03625
0.03625
0.03675
0.03675
0.03675
0.03625
0.03625
0.03575
0.03575
0.03525
0.03525
0.03525
0.03575
0.03575
0.03625
0.03675
0.03725
0.03725
0.03775
0.03775
0.03775
0.03775
0.03725
0.03725
0.03725
0.03725
0.03725
0.03775
0.03825
0.03825
0.03775
0.03775
0.03775
0.03725
0.03725
0.03725
0.03725
0.03775
0.03825
0.03825
0.03875
0.03875
0.03825
0.03825
0.03825
0.03825
0.03875
0.03875
0.03875
0.03825
0.03825
0.03825
0.03825
0.03775
0.03775
0.03775
0.03725
0.03725
0.03725
0.03725
0.03775
0.03775
0.03775
0.03775
0.03825
0.03825
0.03825
0.03875
0.03875
0.03875
0.03825
0.03825
0.03825
0.03875
0.03925
0.03975
0.04025
0.04025
0.04025
0.04025
0.04075
0.04075
0.04075
0.04125
0.04175
0.04175
0.04125
0.04125
0.04175
0.04225
0.04275
0.04275
0.04275
0.04275
0.04225
0.04225
0.04225
0.04175
0.04175
0.04175
0.04125
0.04125
0.04125
0.04125
0.04175
0.04225
0.04275
0.0432501
0.0437502
0.0442506
0.0447516
0.0447514
0.0447514
0.0447513
0.0442505
0.0442505
0.0437502
0.0437502
0.0432501
0.0432501
0.04275
0.04275
0.04225
0.04225
0.04225
0.04175
0.04125
0.04125
0.04175
0.04175
0.04125
0.04075
0.04075
0.04075
0.04025
0.04025
0.04025
0.03975
0.03975
0.03975
0.03925
0.03925
0.03875
0.03875
0.03875
0.03875
0.03825
0.03825
0.03825
0.03775
0.03775
0.03775
0.03725
0.03725
0.03725
0.03725
0.03775
0.03825
0.03825
0.03875
0.03875
0.03925
0.03925
0.03875
0.03825
0.03825
0.03775
0.03775
0.03775
0.03775
0.03775
0.03725
0.03725
0.03725
0.03725
0.03775
0.03775
0.03775
0.03825
0.03875
0.03875
0.03925
0.03975
0.03975
0.03975
0.03925
0.03925
0.03875
0.03875
0.03825
0.03825
0.03825
0.03775
0.03725
0.03725
0.03725
0.03725
0.03725
0.03725
0.03725
0.03725
0.03725
0.03725
0.03675
0.03675
0.03675
0.03675
0.03675
0.03675
0.03675
0.03675
0.03675
0.03675
0.03625
0.03625
0.03625
0.03625
0.03625
0.03675
0.03675
0.03675
0.03675
0.03625
0.03625
0.03625
0.03625
0.03625
0.03625
0.03625
0.03675
0.03675
0.03625
0.03625
0.03675
0.03675
0.03625
0.03625
0.03575
0.03575
0.03575
0.03575
0.03575
0.03575
0.03575
0.03575
0.03525
0.03525
0.03525
0.03525
0.03525
0.03575
0.03575
0.03575
0.03575
0.03525
0.03525
0.03525
0.03525
0.03525
0.03525
0.03525
0.03575
0.03575
0.03525
0.03525
0.03575
0.03575
0.03525
0.03525
0.03525
0.03575
0.03625
0.03625
0.03675
0.03675
0.03675
0.03675
0.03625
0.03625
0.03625
0.03575
0.03575
0.03575
0.03575
0.03525
0.03525
0.03525
0.03525
0.03525
0.03575
0.03625
0.03625
0.03675
0.03675
0.03625
0.03575
0.03575
0.03525
0.03525
0.03525
0.03575
0.03625
0.03675
0.03675
0.03675
0.03675
0.03675
0.03675
0.03625
0.03625
0.03625
0.03625
0.03625
0.03675
0.03675
0.03675
0.03675
0.03625
0.03625
0.03625
0.03575
0.03575
0.03575
0.03575
0.03575
0.03525
0.03525
0.03525
0.03525
0.03525
0.03575
0.03625
0.03625
0.03625
0.03625
0.03575
0.03575
0.03575
0.03525
0.03525
0.03525
0.03475
0.03475
0.03475
0.03475
0.03475
0.03475
0.03475
0.03475
0.03475
0.03425
0.03425
0.03425
0.03425
0.03375
0.03375
0.03375
0.03375
0.03325
0.03325
0.03325
0.03325
0.03325
0.03375
0.03425
0.03425
0.03475
0.03475
0.03475
0.03425
0.03425
0.03375
0.03375
0.03325
0.03325
0.03325
0.03375
0.03375
0.03425
0.03475
0.03525
0.03525
0.03575
0.03625
0.03675
0.03675
0.03625
0.03625
0.03675
0.03675
0.03675
0.03675
0.03675
0.03625
0.03625
0.03625
0.03625
0.03575
0.03575
0.03575
0.03575
0.03575
0.03525
0.03525
0.03525
0.03525
0.03525
0.03575
0.03575
0.03525
0.03525
0.03525
0.03475
0.03475
0.03475
0.03475
0.03475
0.03425
0.03425
0.03425
0.03425
0.03475
0.03475
0.03475
0.03475
0.03475
0.03475
0.03425
0.03425
0.03425
0.03425
0.03425
0.03475
0.03475
0.03475
0.03475
0.03425
0.03425
0.03425
0.03425
0.03475
0.03475
0.03475
0.03425
0.03425
0.03425
0.03375
0.03375
0.03375
0.03375
0.03375
0.03325
0.03325
0.03325
0.03325
0.03325
0.03375
0.03375
0.03375
0.03375
0.03325
0.03325
0.03325
0.03325
0.03375
0.03375
0.03375
0.03375
0.03325
0.03325
0.03325
0.03325
0.03325
0.03375
0.03425
0.03475
0.03475
0.03475
0.03425
0.03425
0.03375
0.03375
0.03325
0.03325
0.03325
0.03375
0.03425
0.03425
0.03425
0.03375
0.03375
0.03375
0.03375
0.03325
0.03325
0.03325
0.03325
0.03325
0.03375
0.03375
0.03425
0.03475
0.03475
0.03425
0.03425
0.03475
0.03475
0.03475
0.03475
0.03475
0.03425
0.03425
0.03425
0.03425
0.03425
0.03425
0.03375
0.03375
0.03375
0.03375
0.03375
0.03325
0.03325
0.03325
0.03325
0.03325
0.03325
0.03325
0.03375
0.03375
0.03375
0.03425
0.03425
0.03475
0.03525
0.03575
0.03625
0.03675
0.03675
0.03675
0.03675
0.03675
0.03625
0.03625
0.03625
0.03625
0.03625
0.03625
0.03675
0.03675
0.03675
0.03675
0.03675
0.03675
0.03675
0.03675
0.03675
0.03625
0.03625
0.03625
0.03675
0.03675
0.03675
0.03625
0.03625
0.03625
0.03625
0.03575
0.03575
0.03575
0.03575
0.03525
0.03525
0.03525
0.03575
0.03575
0.03625
0.03675
0.03675
0.03675
0.03675
0.03625
0.03625
0.03625
0.03575
0.03575
0.03575
0.03525
0.03525
0.03525
0.03525
0.03525
0.03575
0.03625
0.03675
0.03675
0.03675
0.03625
0.03625
0.03625
0.03675
0.03675
0.03675
0.03725
0.03775
0.03825
0.03875
0.03925
0.03925
0.03975
0.03975
0.03925
0.03925
0.03975
0.04025
0.04075
0.04075
0.04075
0.04075
0.04075
0.04025
0.04025
0.04025
0.04025
0.04025
0.04075
0.04075
0.04075
0.04075
0.04025
0.04025
0.04025
0.03975
0.03975
0.03975
0.03975
0.03975
0.03975
0.03925
0.03925
0.03925
0.03925
0.03925
0.03925
0.03975
0.03975
0.03975
0.03975
0.03975
0.03975
0.03975
0.03975
0.03975
0.04025
0.04025
0.04075
0.04075
0.04125
0.04175
0.04175
0.04125
0.04075
0.04075
0.04075
0.04025
0.04025
0.04025
0.04075
0.03975
0.03975
0.03925
0.03925
0.03875
0.03875
0.03875
0.03825
0.03825
0.03825
0.03775
0.03775
0.03775
0.03725
0.03725
0.03725
0.03725
0.03775
0.03825
0.03875
0.03875
0.03875
0.03875
0.03825
0.03825
0.03825
0.03775
0.03775
0.03775
0.03725
0.03725
0.03725
0.03675
0.03675
0.03675
0.03675
0.03675
0.03625
0.03625
0.03625
0.03575
0.03575
0.03575
0.03525
0.03525
0.03525
0.03525
0.03575
0.03625
0.03625
0.03625
0.03675
0.03675
0.03625
0.03625
0.03675
0.03725
0.03775
0.03825
0.03875
0.03875
0.03925
0.03925
0.03975
0.03975
0.03925
0.03875
0.03875
0.03875
0.03925
0.03925
0.03975
0.03975
0.03925
0.03925
0.03875
0.03875
0.03825
0.03825
0.03775
0.03775
0.03775
0.03775
0.03725
0.03725
0.03725
0.03725
0.03725
0.03775
0.03775
0.03825
0.03875
0.03875
0.03925
0.03975
0.03975
0.04025
0.04025
0.04025
0.03975
0.03975
0.03975
0.04025
0.03925
0.03925
0.03925
0.03875
0.03875
0.03875
0.03875
0.03825
0.03825
0.03825
0.03825
0.03875
0.03875
0.03875
0.03825
0.03825
0.03775
0.03775
0.03775
0.03825
0.03825
0.03825
0.03825
0.03825
0.03775
0.03775
0.03775
0.03775
0.03725
0.03725
0.03725
0.03725
0.03725
0.03725
0.03775
0.03825
0.03825
0.03875
0.03925
0.03925
0.03975
0.03925
0.03925
0.03975
0.03975
0.04025
0.04075
0.04075
0.04125
0.04175
0.04175
0.04225
0.04275
0.04275
0.04225
0.04175
0.04125
0.04125
0.04075
0.04075
0.04025
0.04025
0.04025
0.03975
0.03925
0.03925
0.03925
0.03925
0.03925
0.03875
0.03875
0.03875
0.03875
0.03875
0.03875
0.03825
0.03825
0.03825
0.03825
0.03825
0.03825
0.03875
0.03875
0.03825
0.03825
0.03825
0.03825
0.03775
0.03775
0.03775
0.03775
0.03725
0.03725
0.03725
0.03725
0.03725
0.03725
0.03725
0.03775
0.03775
0.03825
0.03875
0.03875
0.03875
0.03825
0.03825
0.03775
0.03775
0.03775
0.03775
0.03725
0.03725
0.03725
0.03725
0.03725
0.03675
0.03675
0.03675
0.03625
0.03625
0.03625
0.03675
0.03675
0.03675
0.03675
0.03675
0.03675
0.03675
0.03625
0.03625
0.03625
0.03625
0.03625
0.03625
0.03625
0.03675
0.03675
0.03675
0.03675
0.03625
0.03625
0.03625
0.03625
0.03675
0.03675
0.03625
0.03625
0.03625
0.03675
0.03675
0.03675
0.03675
0.03675
0.03625
0.03625
0.03625
0.03625
0.03625
0.03625
0.03675
0.03675
0.03625
0.03625
0.03575
0.03575
0.03575
0.03575
0.03575
0.03575
0.03575
0.03525
0.03525
0.03525
0.03525
0.03525
0.03575
0.03575
0.03575
0.03575
0.03525
0.03525
0.03525
0.03475
0.03475
0.03475
0.03425
0.03425
0.03425
0.03375
0.03375
0.03375
0.03375
0.03375
0.03325
0.03325
0.03325
0.03325
0.03325
0.03325
0.03325
0.03325
0.03325
0.03275
0.03275
0.03275
0.03275
0.03225
0.03225
0.03225
0.03275
0.03275
0.03275
0.03225
0.03225
0.03225
0.03225
0.03225
0.03275
0.03275
0.03275
0.03275
0.03275
0.03275
0.03225
0.03225
0.03225
0.03225
0.03225
0.03275
0.03275
0.03275
0.03225
0.03225
0.03175
0.03175
0.03175
0.03175
0.03175
0.03175
0.03125
0.03125
0.03125
0.03125
0.03175
0.03175
0.03175
0.03125
0.03125
0.03125
0.03125
0.03175
0.03175
0.03175
0.03175
0.03125
0.03125
0.03125
0.03075
0.03075
0.03075
0.03025
0.03025
0.03025
0.02975
0.02975
0.02975
0.02925
0.02925
0.02925
0.02925
0.02975
0.03025
0.03075
0.03075
0.03075
0.03075
0.03025
0.03025
0.03025
0.02975
0.02975
0.02975
0.02925
0.02925
0.02925
0.02875
0.02875
0.02875
0.02825
0.02825
0.02825
0.02775
0.02775
0.02775
0.02775
0.02775
0.02825
0.02825
0.02875
0.02925
0.02975
0.03025
0.03075
0.03075
0.03075
0.03025
0.03025
0.03025
0.03075
0.03125
0.03125
0.03125
0.03125
0.03175
0.03175
0.03175
0.03175
0.03175
0.03125
0.03125
0.03125
0.03125
0.03125
0.03175
0.03175
0.03125
0.03125
0.03175
0.03175
0.03175
0.03175
0.03175
0.03175
0.03175
0.03175
0.03125
0.03125
0.03125
0.03125
0.03175
0.03175
0.03125
0.03125
0.03125
0.03125
0.03175
0.03175
0.03225
0.03225
0.03225
0.03175
0.03175
0.03125
0.03125
0.03125
0.03125
0.03075
0.03075
0.03075
0.03075
0.03075
0.03075
0.03075
0.03025
0.03025
0.02975
0.02975
0.02975
0.03025
0.03025
0.03025
0.03075
0.03075
0.03025
0.03025
0.02975
0.02975
0.02975
0.02975
0.02925
0.02925
0.02925
0.02925
0.02875
0.02875
0.02875
0.02925
0.02925
0.02925
0.02925
0.02975
0.03025
0.03025
0.03075
0.03075
0.03075
0.03025
0.03025
0.03025
0.03025
0.03075
0.03075
0.03025
0.02975
0.02975
0.02975
0.02975
0.02975
0.02925
0.02925
0.02925
0.02975
0.02975
0.03025
0.03075
0.03075
0.03075
0.03075
0.03025
0.03025
0.03025
0.02975
0.02975
0.02975
0.02975
0.02925
0.02925
0.02925
0.02925
0.02925
0.02975
0.02975
0.02925
0.02875
0.02875
0.02875
0.02875
0.02875
0.02875
0.02825
0.02775
0.02725
0.02725
0.02675
0.02675
0.02675
0.02675
0.02675
0.02675
0.02675
0.02625
0.02625
0.02625
0.02625
0.02575
0.02575
0.02575
0.02575
0.02525
0.02525
0.02525
0.02525
0.02525
0.02575
0.02625
0.02625
0.02625
0.02625
0.02675
0.02675
0.02725
0.02775
0.02825
0.02825
0.02825
0.02825
0.02825
0.02875
0.02875
0.02825
0.02825
0.02775
0.02775
0.02775
0.02775
0.02725
0.02725
0.02725
0.02725
0.02725
0.02725
0.02725
0.02775
0.02775
0.02775
0.02725
0.02725
0.02725
0.02725
0.02675
0.02675
0.02675
0.02675
0.02675
0.02675
0.02675
0.02675
0.02675
0.02625
0.02625
0.02625
0.02625
0.02625
0.02625
0.02625
0.02675
0.02675
0.02625
0.02625
0.02675
0.02675
0.02625
0.02625
0.02625
0.02625
0.02625
0.02675
0.02675
0.02625
0.02625
0.02575
0.02575
0.02575
0.02575
0.02575
0.02575
0.02525
0.02525
0.02525
0.02525
0.02525
0.02575
0.02575
0.02575
0.02575
0.02525
0.02525
0.02525
0.02475
0.02475
0.02475
0.02475
0.02475
0.02425
0.02375
0.02325
0.02275
0.02225
0.02175
0.02125
0.02125
0.02175
0.02225
0.02275
0.02325
0.02375
0.02425
0.02425
0.02425
0.02425
0.02475
0.02475
0.02475
0.02425
0.02425
0.02375
0.02375
0.02375
0.02375
0.02325
0.02325
0.02325
0.02325
0.02325
0.02375
0.02375
0.02425
0.02475
0.02475
0.02425
0.02375
0.02325
0.02325
0.02275
0.02275
0.02275
0.02275
0.02275
0.02275
0.02225
0.02225
0.02225
0.02175
0.02175
0.02175
0.02125
0.02125
0.02125
0.02125
0.02175
0.02225
0.02225
0.02225
0.02225
0.02275
0.02275
0.02325
0.02375
0.02425
0.02475
0.02525
0.02575
0.02625
0.02675
0.02725
0.02775
0.02825
0.02825
0.02825
0.02825
0.02875
0.02875
0.02875
0.02875
0.02825
0.02825
0.02825
0.02775
0.02775
0.02775
0.02775
0.02775
0.02725
0.02725
0.02725
0.02725
0.02725
0.02775
0.02775
0.02725
0.02725
0.02775
0.02825
0.02875
0.02875
0.02875
0.02825
0.02825
0.02775
0.02775
0.02775
0.02725
0.02725
0.02725
0.02775
0.02775
0.02775
0.02725
0.02725
0.02725
0.02775
0.02825
0.02875
0.02875
0.02875
0.02875
0.02825
0.02825
0.02825
0.02825
0.02875
0.02875
0.02925
0.02925
0.02925
0.02925
0.02975
0.03025
0.03025
0.03075
0.03075
0.03075
0.03025
0.03025
0.03025
0.03075
0.03075
0.03125
0.03125
0.03175
0.03225
0.03275
0.03325
0.03375
0.03375
0.03425
0.03475
0.03475
0.03475
0.03475
0.03475
0.03425
0.03425
0.03425
0.03425
0.03375
0.03375
0.03375
0.03375
0.03325
0.03325
0.03325
0.03325
0.03325
0.03325
0.03375
0.03425
0.03475
0.03475
0.03425
0.03425
0.03475
0.03525
0.03525
0.03525
0.03575
0.03575
0.03525
0.03525
0.03575
0.03625
0.03675
0.03675
0.03625
0.03625
0.03625
0.03575
0.03575
0.03575
0.03575
0.03525
0.03525
0.03525
0.03525
0.03525
0.03575
0.03575
0.03525
0.03525
0.03575
0.03625
0.03675
0.03675
0.03625
0.03625
0.03625
0.03575
0.03575
0.03575
0.03525
0.03525
0.03525
0.03575
0.03575
0.03575
0.03525
0.03525
0.03525
0.03475
0.03475
0.03475
0.03475
0.03475
0.03475
0.03475
0.03475
0.03475
0.03425
0.03425
0.03425
0.03425
0.03425
0.03475
0.03475
0.03475
0.03425
0.03425
0.03375
0.03375
0.03375
0.03375
0.03375
0.03325
0.03325
0.03325
0.03325
0.03325
0.03325
0.03375
0.03375
0.03375
0.03325
0.03325
0.03325
0.03375
0.03375
0.03425
0.03475
0.03475
0.03475
0.03475
0.03425
0.03425
0.03425
0.03425
0.03425
0.03425
0.03475
0.03475
0.03425
0.03425
0.03475
0.03475
0.03475
0.03475
0.03425
0.03425
0.03425
0.03375
0.03375
0.03375
0.03375
0.03375
0.03325
0.03325
0.03325
0.03325
0.03325
0.03375
0.03375
0.03375
0.03325
0.03325
0.03325
0.03375
0.03425
0.03425
0.03425
0.03375
0.03375
0.03375
0.03375
0.03325
0.03325
0.03325
0.03375
0.03375
0.03425
0.03475
0.03525
0.03575
0.03575
0.03525
0.03475
0.03475
0.03425
0.03425
0.03375
0.03375
0.03325
0.03325
0.03275
0.03275
0.03275
0.03275
0.03275
0.03275
0.03275
0.03275
0.03275
0.03225
0.03225
0.03225
0.03225
0.03175
0.03175
0.03175
0.03175
0.03125
0.03125
0.03125
0.03125
0.03125
0.03175
0.03225
0.03225
0.03225
0.03225
0.03175
0.03175
0.03175
0.03125
0.03125
0.03125
0.03075
0.03075
0.03075
0.03075
0.03075
0.03075
0.03075
0.03075
0.03025
0.03025
0.03025
0.03025
0.02975
0.02975
0.02975
0.02975
0.02925
0.02925
0.02925
0.02925
0.02925
0.02975
0.03025
0.03025
0.03025
0.03025
0.02975
0.02975
0.02975
0.02925
0.02925
0.02925
0.02925
0.02975
0.03025
0.03075
0.03125
0.03175
0.03225
0.03225
0.03275
0.03275
0.03275
0.03275
0.03275
0.03275
0.03275
0.03275
0.03275
0.03275
0.03275
0.03225
0.03225
0.03225
0.03225
0.03225
0.03275
0.03275
0.03275
0.03275
0.03225
0.03225
0.03225
0.03225
0.03275
0.03275
0.03275
0.03225
0.03225
0.03225
0.03225
0.03175
0.03175
0.03175
0.03175
0.03175
0.03175
0.03125
0.03125
0.03125
0.03125
0.03125
0.03175
0.03175
0.03175
0.03175
0.03125
0.03125
0.03125
0.03125
0.03175
0.03175
0.03225
0.03275
0.03275
0.03275
0.03225
0.03225
0.03175
0.03175
0.03125
0.03125
0.03125
0.03125
0.03175
0.03175
0.03125
0.03125
0.03125
0.03075
0.03075
0.03075
0.03075
0.03075
0.03075
0.03025
0.03025
0.03025
0.03025
0.03025
0.03075
0.03075
0.03075
0.03075
0.03025
0.03025
0.03025
0.03025
0.03075
0.03075
0.03075
0.03075
0.03025
0.03025
0.03025
0.03025
0.03025
0.03025
0.03075
0.03075
0.03025
0.02975
0.02975
0.02975
0.02975
0.02975
0.02975
0.02975
0.02975
0.02925
0.02925
0.02925
0.02925
0.02925
0.02975
0.02975
0.02975
0.02975
0.02925
0.02925
0.02925
0.02925
0.02925
0.02925
0.02925
0.02975
0.02975
0.02925
0.02925
0.02975
0.02975
0.02925
0.02925
0.02925
0.02975
0.03025
0.03075
0.03125
0.03175
0.03225
0.03275
0.03275
0.03275
0.03275
0.03275
0.03225
0.03225
0.03225
0.03225
0.03225
0.03275
0.03275
0.03275
0.03225
0.03225
0.03225
0.03275
0.03275
0.03275
0.03275
0.03225
0.03225
0.03225
0.03175
0.03175
0.03175
0.03175
0.03175
0.03125
0.03125
0.03125
0.03125
0.03125
0.03125
0.03175
0.03175
0.03125
0.03125
0.03175
0.03225
0.03275
0.03275
0.03275
0.03275
0.03275
0.03225
0.03225
0.03225
0.03225
0.03225
0.03225
0.03275
0.03275
0.03225
0.03225
0.03175
0.03175
0.03175
0.03175
0.03175
0.03175
0.03125
0.03125
0.03125
0.03125
0.03125
0.03125
0.03175
0.03175
0.03125
0.03125
0.03075
0.03075
0.03075
0.03075
0.03075
0.03075
0.03025
0.03025
0.03025
0.03025
0.03025
0.03025
0.03075
0.03075
0.03025
0.03025
0.02975
0.02975
0.02975
0.02975
0.02975
0.02975
0.02925
0.02925
0.02925
0.02925
0.02925
0.02925
0.02975
0.02975
0.02925
0.02925
0.02925
0.02975
0.03025
0.03075
0.03075
0.03075
0.03075
0.03075
0.03075
0.03075
0.03075
0.03025
0.03025
0.03025
0.03025
0.03025
0.03025
0.03025
0.02975
0.02975
0.02975
0.02975
0.02975
0.02975
0.02975
0.02925
0.02925
0.02925
0.02925
0.02925
0.02925
0.02925
0.02875
0.02875
0.02875
0.02875
0.02875
0.02875
0.02875
0.02875
0.02875
0.02825
0.02825
0.02825
0.02825
0.02775
0.02775
0.02775
0.02775
0.02725
0.02725
0.02725
0.02725
0.02725
0.02775
0.02825
0.02875
0.02875
0.02825
0.02825
0.02875
0.02875
0.02825
0.02775
0.02775
0.02775
0.02725
0.02725
0.02725
0.02675
0.02675
0.02675
0.02675
0.02675
0.02675
0.02675
0.02675
0.02625
0.02625
0.02625
0.02625
0.02575
0.02575
0.02575
0.02575
0.02525
0.02525
0.02525
0.02525
0.02525
0.02575
0.02625
0.02625
0.02625
0.02625
0.02575
0.02575
0.02575
0.02525
0.02525
0.02525
0.02525
0.02575
0.02625
0.02675
0.02725
0.02775
0.02825
0.02875
0.02875
0.02925
0.02975
0.03025
0.03075
0.03125
0.03175
0.03175
0.03225
0.03225
0.03225
0.03275
0.03275
0.03225
0.03225
0.03275
0.03275
0.03275
0.03325
0.03325
0.03325
0.03375
0.03325
0.03325
0.03325
0.03325
0.03375
0.03375
0.03425
0.03475
0.03525
0.03575
0.03625
0.03675
0.03725
0.03775
0.03825
0.03775
0.03775
0.03775
0.03775
0.03725
0.03725
0.03725
0.03725
0.03675
0.03675
0.03675
0.03675
0.03625
0.03625
0.03625
0.03625
0.03625
0.03675
0.03675
0.03675
0.03675
0.03625
0.03625
0.03625
0.03575
0.03575
0.03575
0.03525
0.03525
0.03525
0.03525
0.03575
0.03575
0.03575
0.03575
0.03575
0.03525
0.03525
0.03525
0.03525
0.03475
0.03475
0.03475
0.03475
0.03475
0.03475
0.03425
0.03425
0.03425
0.03425
0.03425
0.03475
0.03475
0.03475
0.03475
0.03425
0.03425
0.03425
0.03425
0.03475
0.03475
0.03525
0.03575
0.03625
0.03675
0.03725
0.03725
0.03775
0.03825
0.03825
0.03875
0.03875
0.03875
0.03875
0.03875
0.03925
0.03925
0.03925
0.03925
0.03925
0.03875
0.03875
0.03875
0.03875
0.03825
0.03825
0.03825
0.03825
0.03825
0.03825
0.03825
0.03825
0.03775
0.03775
0.03775
0.03775
0.03775
0.03725
0.03725
0.03725
0.03775
0.03775
0.03775
0.03775
0.03725
0.03725
0.03725
0.03675
0.03675
0.03675
0.03675
0.03625
0.03625
0.03625
0.03625
0.03625
0.03675
0.03725
0.03725
0.03775
0.03775
0.03725
0.03725
0.03775
0.03825
0.03875
0.03925
0.03975
0.04025
0.04025
0.04075
0.04075
0.04025
0.04025
0.04025
0.04075
0.04075
0.04125
0.04175
0.04225
0.04275
0.04275
0.04225
0.04225
0.04175
0.04175
0.04125
0.04125
0.04125
0.04175
0.04225
0.04275
0.04275
0.04225
0.04225
0.04275
0.0432501
0.0432501
0.04325
0.0432501
0.0432501
0.04275
0.04275
0.04275
0.04275
0.04225
0.04225
0.04225
0.04225
0.04175
0.04175
0.04175
0.04175
0.04125
0.04125
0.04125
0.04125
0.04125
0.04175
0.04225
0.04275
0.0432501
0.0437504
0.044251
0.0447523
0.0447519
0.0447517
0.0442507
0.0442508
0.0437503
0.0437503
0.0432501
0.0432501
0.04275
0.04275
0.04225
0.04225
0.04175
0.04175
0.04125
0.04125
0.04075
0.04075
0.04075
0.04075
0.04125
0.04175
0.04225
0.04275
0.0432501
0.0437502
0.0442506
0.0442506
0.0437502
0.0437502
0.0432501
0.0432501
0.04275
0.04275
0.04225
0.04225
0.04175
0.04175
0.04125
0.04125
0.04075
0.04075
0.04025
0.04025
0.03975
0.03975
0.03925
0.03925
0.03875
0.03875
0.03825
0.03825
0.03775
0.03775
0.03725
0.03725
0.03725
0.03675
0.03675
0.03675
0.03625
0.03575
0.03525
0.03525
0.03575
0.03625
0.03625
0.03625
0.03675
0.03675
0.03625
0.03575
0.03575
0.03575
0.03525
0.03525
0.03525
0.03475
0.03475
0.03475
0.03475
0.03475
0.03425
0.03375
0.03325
0.03325
0.03325
0.03275
0.03225
0.03225
0.03275
0.03275
0.03275
0.03225
0.03225
0.03225
0.03175
0.03175
0.03175
0.03125
0.03125
0.03125
0.03175
0.03175
0.03175
0.03175
0.03125
0.03125
0.03125
0.03075
0.03075
0.03075
0.03075
0.03025
0.03025
0.03025
0.03025
0.03025
0.03075
0.03075
0.03125
0.03125
0.03125
0.03175
0.03225
0.03275
0.03275
0.03275
0.03275
0.03275
0.03225
0.03225
0.03225
0.03225
0.03225
0.03275
0.03275
0.03225
0.03225
0.03275
0.03275
0.03275
0.03275
0.03275
0.03275
0.03275
0.03225
0.03225
0.03225
0.03175
0.03175
0.03175
0.03175
0.03125
0.03125
0.03125
0.03175
0.03175
0.03175
0.03125
0.03125
0.03125
0.03125
0.03075
0.03075
0.03075
0.03075
0.03075
0.03025
0.03025
0.02975
0.02975
0.02925
0.02925
0.02925
0.02975
0.02975
0.02975
0.02925
0.02925
0.02925
0.02975
0.02975
0.03025
0.03075
0.03125
0.03175
0.03225
0.03225
0.03275
0.03275
0.03275
0.03225
0.03225
0.03225
0.03275
0.03275
0.03275
0.03275
0.03325
0.03325
0.03325
0.03325
0.03325
0.03375
0.03375
0.03325
0.03325
0.03325
0.03375
0.03425
0.03475
0.03475
0.03475
0.03475
0.03475
0.03475
0.03475
0.03425
0.03425
0.03425
0.03375
0.03375
0.03375
0.03325
0.03325
0.03325
0.03325
0.03375
0.03425
0.03425
0.03425
0.03475
0.03475
0.03425
0.03425
0.03475
0.03525
0.03575
0.03575
0.03575
0.03575
0.03575
0.03575
0.03525
0.03525
0.03525
0.03525
0.03525
0.03525
0.03575
0.03575
0.03525
0.03475
0.03475
0.03475
0.03475
0.03475
0.03425
0.03425
0.03425
0.03425
0.03425
0.03475
0.03475
0.03425
0.03425
0.03375
0.03375
0.03375
0.03375
0.03375
0.03325
0.03325
0.03325
0.03325
0.03325
0.03375
0.03375
0.03325
0.03325
0.03325
0.03375
0.03425
0.03475
0.03525
0.03575
0.03575
0.03575
0.03525
0.03525
0.03475
0.03475
0.03425
0.03425
0.03375
0.03375
0.03325
0.03325
0.03275
0.03275
0.03275
0.03275
0.03275
0.03275
0.03225
0.03225
0.03175
0.03175
0.03175
0.03125
0.03125
0.03125
0.03125
0.03175
0.03175
0.03175
0.03175
0.03125
0.03125
0.03125
0.03075
0.03075
0.03075
0.03075
0.03075
0.03025
0.03025
0.03025
0.03025
0.03025
0.03025
0.03075
0.03075
0.03025
0.03025
0.03075
0.03125
0.03175
0.03175
0.03225
0.03275
0.03275
0.03275
0.03225
0.03225
0.03175
0.03175
0.03175
0.03125
0.03125
0.03125
0.03125
0.03125
0.03175
0.03175
0.03225
0.03225
0.03225
0.03225
0.03225
0.03225
0.03225
0.03275
0.03275
0.03225
0.03225
0.03225
0.03275
0.03275
0.03275
0.03275
0.03275
0.03275
0.03275
0.03225
0.03225
0.03225
0.03225
0.03225
0.03225
0.03275
0.03275
0.03225
0.03225
0.03175
0.03175
0.03175
0.03175
0.03175
0.03175
0.03125
0.03125
0.03125
0.03125
0.03125
0.03175
0.03225
0.03275
0.03275
0.03275
0.03275
0.03225
0.03225
0.03225
0.03225
0.03275
0.03275
0.03275
0.03275
0.03225
0.03225
0.03225
0.03225
0.03225
0.03225
0.03175
0.03175
0.03175
0.03175
0.03125
0.03125
0.03125
0.03125
0.03125
0.03175
0.03175
0.03175
0.03125
0.03125
0.03125
0.03175
0.03175
0.03175
0.03175
0.03175
0.03125
0.03125
0.03125
0.03125
0.03125
0.03175
0.03175
0.03125
0.03125
0.03175
0.03225
0.03275
0.03275
0.03325
0.03375
0.03425
0.03425
0.03475
0.03525
0.03525
0.03575
0.03575
0.03575
0.03525
0.03525
0.03525
0.03525
0.03575
0.03575
0.03575
0.03525
0.03525
0.03525
0.03475
0.03475
0.03475
0.03475
0.03475
0.03425
0.03425
0.03425
0.03425
0.03425
0.03475
0.03475
0.03425
0.03375
0.03375
0.03375
0.03375
0.03325
0.03325
0.03325
0.03375
0.03375
0.03375
0.03375
0.03375
0.03325
0.03325
0.03325
0.03325
0.03325
0.03375
0.03425
0.03425
0.03475
0.03475
0.03525
0.03575
0.03625
0.03675
0.03725
0.03725
0.03775
0.03825
0.03875
0.03925
0.03875
0.03825
0.03825
0.03875
0.03925
0.03975
0.03975
0.03925
0.03925
0.03975
0.04025
0.04075
0.04075
0.04075
0.04025
0.04025
0.04025
0.04075
0.04075
0.04075
0.04075
0.04025
0.04025
0.04025
0.03975
0.03975
0.03975
0.03975
0.03925
0.03925
0.03925
0.03975
0.03975
0.03975
0.03925
0.03925
0.03925
0.03925
0.03925
0.03975
0.04025
0.04025
0.04075
0.04075
0.04025
0.04025
0.03975
0.03975
0.03975
0.03925
0.03925
0.03925
0.03975
0.03975
0.03975
0.03975
0.03975
0.04025
0.03925
0.03925
0.03925
0.03925
0.03925
0.03975
0.04025
0.04075
0.04075
0.04075
0.04025
0.04025
0.03975
0.03975
0.03975
0.03975
0.03925
0.03925
0.03925
0.03925
0.03975
0.03925
0.03925
0.03875
0.03875
0.03875
0.03875
0.03875
0.03875
0.03875
0.03875
0.03875
0.03875
0.03875
0.03825
0.03825
0.03825
0.03825
0.03775
0.03775
0.03775
0.03775
0.03725
0.03725
0.03725
0.03725
0.03725
0.03725
0.03775
0.03775
0.03725
0.03725
0.03675
0.03675
0.03675
0.03675
0.03675
0.03675
0.03625
0.03625
0.03625
0.03625
0.03625
0.03625
0.03675
0.03675
0.03625
0.03625
0.03625
0.03675
0.03675
0.03625
0.03575
0.03575
0.03525
0.03525
0.03525
0.03575
0.03625
0.03675
0.03675
0.03675
0.03625
0.03625
0.03575
0.03575
0.03575
0.03575
0.03575
0.03575
0.03575
0.03525
0.03525
0.03525
0.03525
0.03525
0.03525
0.03525
0.03525
0.03575
0.03625
0.03675
0.03675
0.03725
0.03775
0.03825
0.03875
0.03875
0.03875
0.03825
0.03825
0.03825
0.03875
0.03875
0.03875
0.03825
0.03825
0.03825
0.03825
0.03775
0.03775
0.03775
0.03775
0.03725
0.03725
0.03725
0.03775
0.03775
0.03775
0.03725
0.03725
0.03725
0.03725
0.03725
0.03775
0.03825
0.03825
0.03775
0.03775
0.03775
0.03775
0.03725
0.03725
0.03725
0.03725
0.03675
0.03675
0.03675
0.03675
0.03675
0.03675
0.03625
0.03625
0.03625
0.03625
0.03625
0.03675
0.03675
0.03625
0.03625
0.03575
0.03575
0.03575
0.03575
0.03575
0.03575
0.03575
0.03525
0.03525
0.03525
0.03525
0.03525
0.03525
0.03575
0.03575
0.03525
0.03475
0.03475
0.03475
0.03475
0.03475
0.03475
0.03475
0.03475
0.03425
0.03425
0.03425
0.03425
0.03375
0.03375
0.03375
0.03375
0.03375
0.03375
0.03325
0.03325
0.03325
0.03325
0.03325
0.03375
0.03375
0.03375
0.03375
0.03325
0.03325
0.03325
0.03325
0.03375
0.03375
0.03425
0.03425
0.03475
0.03475
0.03425
0.03375
0.03375
0.03325
0.03325
0.03325
0.03375
0.03375
0.03325
0.03325
0.03325
0.03275
0.03275
0.03275
0.03275
0.03275
0.03275
0.03225
0.03225
0.03225
0.03225
0.03225
0.03275
0.03275
0.03275
0.03275
0.03225
0.03225
0.03225
0.03225
0.03275
0.03275
0.03275
0.03275
0.03225
0.03225
0.03225
0.03225
0.03225
0.03225
0.03275
0.03275
0.03325
0.03325
0.03375
0.03425
0.03475
0.03475
0.03475
0.03475
0.03475
0.03425
0.03425
0.03425
0.03425
0.03425
0.03475
0.03525
0.03575
0.03625
0.03675
0.03725
0.03775
0.03775
0.03775
0.03775
0.03725
0.03725
0.03725
0.03725
0.03725
0.03775
0.03775
0.03725
0.03725
0.03725
0.03775
0.03775
0.03725
0.03675
0.03675
0.03675
0.03625
0.03625
0.03625
0.03675
0.03675
0.03625
0.03625
0.03625
0.03675
0.03675
0.03675
0.03675
0.03675
0.03625
0.03625
0.03625
0.03625
0.03575
0.03575
0.03575
0.03575
0.03575
0.03525
0.03525
0.03525
0.03525
0.03525
0.03575
0.03575
0.03525
0.03525
0.03475
0.03475
0.03475
0.03475
0.03475
0.03425
0.03425
0.03425
0.03425
0.03425
0.03475
0.03475
0.03475
0.03425
0.03425
0.03425
0.03425
0.03475
0.03475
0.03425
0.03375
0.03375
0.03375
0.03325
0.03325
0.03325
0.03375
0.03375
0.03375
0.03375
0.03375
0.03325
0.03325
0.03325
0.03325
0.03325
0.03375
0.03375
0.03375
0.03375
0.03325
0.03325
0.03325
0.03325
0.03325
0.03375
0.03375
0.03425
0.03425
0.03475
0.03525
0.03575
0.03575
0.03575
0.03575
0.03525
0.03525
0.03525
0.03475
0.03475
0.03475
0.03425
0.03375
0.03325
0.03325
0.03375
0.03425
0.03425
0.03375
0.03325
0.03325
0.03375
0.03325
0.03275
0.03275
0.03275
0.03275
0.03275
0.03275
0.03275
0.03275
0.03275
0.03225
0.03225
0.03225
0.03225
0.03225
0.03225
0.03175
0.03175
0.03175
0.03175
0.03175
0.03125
0.03125
0.03125
0.03125
0.03125
0.03175
0.03225
0.03275
0.03275
0.03275
0.03275
0.03225
0.03225
0.03225
0.03225
0.03275
0.03275
0.03225
0.03225
0.03225
0.03225
0.03175
0.03175
0.03125
0.03125
0.03075
0.03075
0.03075
0.03075
0.03075
0.03075
0.03075
0.03075
0.03025
0.03025
0.03025
0.03025
0.03025
0.03075
0.03075
0.03025
0.03025
0.03025
0.03025
0.03075
0.03075
0.03075
0.03075
0.03075
0.03125
0.03125
0.03125
0.03125
0.03175
0.03175
0.03175
0.03125
0.03125
0.03175
0.03175
0.03175
0.03175
0.03175
0.03125
0.03125
0.03125
0.03075
0.03075
0.03075
0.03075
0.03075
0.03075
0.03025
0.03025
0.02975
0.02975
0.02925
0.02925
0.02925
0.02975
0.03025
0.03025
0.03075
0.03075
0.03025
0.03025
0.02975
0.02975
0.02975
0.02975
0.02975
0.02925
0.02925
0.02925
0.02975
0.02875
0.02875
0.02875
0.02875
0.02825
0.02825
0.02775
0.02775
0.02725
0.02725
0.02675
0.02675
0.02625
0.02625
0.02575
0.02575
0.02575
0.02575
0.02525
0.02525
0.02525
0.02525
0.02575
0.02625
0.02625
0.02675
0.02675
0.02675
0.02675
0.02675
0.02625
0.02625
0.02625
0.02625
0.02575
0.02575
0.02575
0.02575
0.02525
0.02525
0.02525
0.02525
0.02525
0.02525
0.02575
0.02575
0.02525
0.02525
0.02525
0.02575
0.02575
0.02625
0.02675
0.02675
0.02625
0.02625
0.02675
0.02725
0.02725
0.02775
0.02775
0.02725
0.02725
0.02775
0.02825
0.02875
0.02875
0.02875
0.02925
0.02925
0.02975
0.02975
0.02975
0.02975
0.02975
0.02975
0.02975
0.02925
0.02925
0.02925
0.02925
0.02925
0.02975
0.03025
0.03025
0.03025
0.02975
0.02975
0.02925
0.02925
0.02925
0.02925
0.02925
0.02975
0.03025
0.03025
0.03075
0.03075
0.03025
0.03025
0.03075
0.03075
0.03075
0.03125
0.03125
0.03125
0.03125
0.03125
0.03075
0.03075
0.03075
0.03075
0.03025
0.03025
0.03025
0.03025
0.03075
0.03075
0.03025
0.03025
0.03025
0.03075
0.03075
0.03125
0.03175
0.03175
0.03125
0.03125
0.03175
0.03175
0.03175
0.03125
0.03125
0.03125
0.03175
0.03175
0.03175
0.03175
0.03125
0.03125
0.03125
0.03075
0.03075
0.03075
0.03075
0.03025
0.03025
0.03025
0.03025
0.03075
0.03075
0.03025
0.03025
0.02975
0.02975
0.02975
0.02975
0.02975
0.02925
0.02925
0.02925
0.02975
0.02975
0.02975
0.02975
0.03025
0.03025
0.03025
0.03025
0.03075
0.03075
0.03025
0.02975
0.02975
0.02975
0.02975
0.02975
0.02925
0.02925
0.02925
0.02925
0.02925
0.02925
0.02925
0.02875
0.02875
0.02875
0.02875
0.02875
0.02825
0.02825
0.02825
0.02825
0.02825
0.02875
0.02875
0.02875
0.02875
0.02825
0.02825
0.02825
0.02775
0.02775
0.02775
0.02775
0.02775
0.02725
0.02725
0.02725
0.02725
0.02725
0.02775
0.02825
0.02875
0.02875
0.02875
0.02825
0.02825
0.02775
0.02775
0.02725
0.02725
0.02675
0.02675
0.02625
0.02625
0.02575
0.02575
0.02525
0.02525
0.02525
0.02575
0.02625
0.02675
0.02675
0.02675
0.02675
0.02625
0.02625
0.02625
0.02625
0.02675
0.02725
0.02725
0.02775
0.02775
0.02775
0.02725
0.02725
0.02725
0.02775
0.02825
0.02875
0.02875
0.02875
0.02875
0.02825
0.02825
0.02825
0.02825
0.02825
0.02825
0.02875
0.02875
0.02875
0.02875
0.02825
0.02825
0.02775
0.02775
0.02725
0.02725
0.02675
0.02675
0.02625
0.02625
0.02575
0.02575
0.02525
0.02525
0.02525
0.02575
0.02625
0.02675
0.02675
0.02725
0.02775
0.02775
0.02775
0.02725
0.02725
0.02725
0.02775
0.02775
0.02725
0.02675
0.02675
0.02675
0.02675
0.02675
0.02675
0.02675
0.02675
0.02625
0.02625
0.02625
0.02625
0.02625
0.02625
0.02675
0.02575
0.02575
0.02575
0.02575
0.02575
0.02575
0.02575
0.02525
0.02525
0.02525
0.02525
0.02525
0.02525
0.02575
0.02575
0.02525
0.02525
0.02525
0.02525
0.02525
0.02575
0.02575
0.02575
0.02625
0.02625
0.02675
0.02725
0.02775
0.02825
0.02875
0.02875
0.02925
0.02925
0.02925
0.02925
0.02975
0.02975
0.02975
0.02975
0.02925
0.02925
0.02925
0.02875
0.02875
0.02875
0.02875
0.02875
0.02825
0.02825
0.02775
0.02775
0.02775
0.02775
0.02775
0.02725
0.02725
0.02725
0.02725
0.02725
0.02725
0.02725
0.02725
0.02775
0.02775
0.02825
0.02825
0.02825
0.02825
0.02825
0.02825
0.02875
0.02875
0.02825
0.02775
0.02775
0.02775
0.02775
0.02725
0.02725
0.02725
0.02725
0.02675
0.02675
0.02675
0.02675
0.02675
0.02675
0.02675
0.02675
0.02675
0.02625
0.02625
0.02625
0.02625
0.02625
0.02625
0.02675
0.02675
0.02675
0.02625
0.02625
0.02625
0.02625
0.02675
0.02675
0.02675
0.02675
0.02625
0.02625
0.02625
0.02575
0.02575
0.02575
0.02575
0.02575
0.02525
0.02525
0.02525
0.02525
0.02525
0.02525
0.02575
0.02575
0.02575
0.02525
0.02525
0.02525
0.02575
0.02625
0.02625
0.02625
0.02675
0.02675
0.02675
0.02675
0.02625
0.02625
0.02625
0.02575
0.02575
0.02575
0.02575
0.02525
0.02525
0.02525
0.02525
0.02525
0.02575
0.02625
0.02625
0.02675
0.02675
0.02625
0.02575
0.02575
0.02575
0.02575
0.02575
0.02525
0.02525
0.02525
0.02525
0.02575
0.02475
0.02475
0.02475
0.02475
0.02475
0.02475
0.02475
0.02475
0.02475
0.02475
0.02475
0.02475
0.02475
0.02425
0.02425
0.02375
0.02375
0.02325
0.02325
0.02275
0.02275
0.02225
0.02225
0.02175
0.02175
0.02125
0.02125
0.02125
0.02175
0.02225
0.02275
0.02325
0.02375
0.02425
0.02425
0.02425
0.02425
0.02475
0.02475
0.02475
0.02475
0.02425
0.02425
0.02375
0.02375
0.02325
0.02325
0.02275
0.02275
0.02225
0.02225
0.02175
0.02175
0.02125
0.02125
0.02125
0.02175
0.02225
0.02275
0.02325
0.02375
0.02425
0.02425
0.02475
0.02475
0.02475
0.02425
0.02425
0.02425
0.02475
0.02475
0.02475
0.02475
0.02425
0.02425
0.02425
0.02425
0.02425
0.02425
0.02425
0.02375
0.02375
0.02375
0.02375
0.02375
0.02375
0.02325
0.02325
0.02325
0.02325
0.02325
0.02375
0.02375
0.02325
0.02325
0.02325
0.02325
0.02375
0.02375
0.02375
0.02325
0.02325
0.02325
0.02375
0.02375
0.02375
0.02325
0.02325
0.02325
0.02375
0.02425
0.02475
0.02475
0.02475
0.02475
0.02425
0.02425
0.02425
0.02425
0.02425
0.02425
0.02475
0.02475
0.02425
0.02425
0.02475
0.02475
0.02525
0.02525
0.02525
0.02575
0.02475
0.02475
0.02475
0.02475
0.02475
0.02475
0.02475
0.02475
0.02475
0.02425
0.02425
0.02375
0.02375
0.02325
0.02325
0.02275
0.02275
0.02225
0.02225
0.02175
0.02175
0.02125
0.02125
0.02125
0.02175
0.02225
0.02275
0.02325
0.02375
0.02425
0.02425
0.02425
0.02475
0.02475
0.02425
0.02425
0.02475
0.02475
0.02475
0.02425
0.02425
0.02375
0.02375
0.02325
0.02325
0.02275
0.02275
0.02225
0.02225
0.02175
0.02175
0.02125
0.02125
0.02125
0.02175
0.02225
0.02275
0.02325
0.02375
0.02375
0.02375
0.02375
0.02325
0.02325
0.02325
0.02275
0.02275
0.02275
0.02275
0.02275
0.02275
0.02275
0.02225
0.02225
0.02225
0.02275
0.02175
0.02175
0.02175
0.02125
0.02125
0.02125
0.02075
0.02075
0.02075
0.02075
0.02025
0.01975
0.01925
0.01875
0.01825
0.01775
0.01725
0.01725
0.01775
0.01825
0.01875
0.01925
0.01975
0.02025
0.02025
0.02075
0.02075
0.02075
0.02025
0.02025
0.01975
0.01975
0.01925
0.01925
0.01925
0.01975
0.01975
0.02025
0.02075
0.02075
0.02125
0.02175
0.02175
0.02175
0.02125
0.02125
0.02125
0.02175
0.02225
0.02275
0.02325
0.02375
0.02425
0.02425
0.02425
0.02475
0.02475
0.02425
0.02425
0.02375
0.02375
0.02375
0.02375
0.02375
0.02375
0.02325
0.02325
0.02325
0.02325
0.02325
0.02325
0.02375
0.02375
0.02375
0.02425
0.02425
0.02475
0.02475
0.02525
0.02575
0.02575
0.02625
0.02675
0.02725
0.02725
0.02775
0.02775
0.02725
0.02675
0.02675
0.02675
0.02675
0.02625
0.02625
0.02625
0.02675
0.02675
0.02725
0.02775
0.02825
0.02875
0.02875
0.02875
0.02825
0.02825
0.02775
0.02775
0.02775
0.02825
0.02825
0.02875
0.02875
0.02875
0.02825
0.02825
0.02775
0.02775
0.02775
0.02825
0.02825
0.02875
0.02925
0.02975
0.02975
0.02975
0.02975
0.02925
0.02925
0.02925
0.02925
0.02925
0.02925
0.02925
0.02925
0.02975
0.03025
0.03075
0.03075
0.03075
0.03075
0.03025
0.03025
0.03025
0.02975
0.02975
0.02975
0.02975
0.02925
0.02925
0.02925
0.02925
0.02925
0.02975
0.02975
0.02925
0.02925
0.02975
0.03025
0.03075
0.03075
0.03125
0.03075
0.03075
0.03075
0.03075
0.03075
0.03025
0.03025
0.03025
0.02975
0.02975
0.02975
0.02975
0.02925
0.02925
0.02925
0.02925
0.02925
0.02975
0.02975
0.02925
0.02925
0.02975
0.03025
0.03075
0.03125
0.03175
0.03175
0.03175
0.03125
0.03125
0.03075
0.03075
0.03025
0.03025
0.02975
0.02975
0.02925
0.02925
0.02875
0.02875
0.02875
0.02875
0.02825
0.02825
0.02825
0.02825
0.02825
0.02825
0.02875
0.02775
0.02725
0.02675
0.02625
0.02575
0.02575
0.02525
0.02525
0.02525
0.02575
0.02625
0.02675
0.02725
0.02775
0.02775
0.02775
0.02775
0.02725
0.02725
0.02725
0.02725
0.02775
0.02825
0.02875
0.02875
0.02875
0.02875
0.02825
0.02825
0.02825
0.02775
0.02775
0.02725
0.02725
0.02775
0.02825
0.02875
0.02875
0.02875
0.02875
0.02825
0.02825
0.02825
0.02775
0.02775
0.02775
0.02725
0.02725
0.02725
0.02725
0.02725
0.02675
0.02675
0.02675
0.02625
0.02625
0.02625
0.02625
0.02625
0.02625
0.02625
0.02625
0.02625
0.02675
0.02675
0.02625
0.02575
0.02575
0.02575
0.02575
0.02575
0.02525
0.02525
0.02525
0.02575
0.02475
0.02475
0.02475
0.02475
0.02475
0.02425
0.02425
0.02425
0.02375
0.02375
0.02375
0.02325
0.02325
0.02325
0.02275
0.02275
0.02275
0.02225
0.02225
0.02225
0.02225
0.02225
0.02225
0.02275
0.02275
0.02275
0.02275
0.02275
0.02225
0.02225
0.02225
0.02225
0.02175
0.02175
0.02175
0.02175
0.02125
0.02125
0.02125
0.02125
0.02125
0.02175
0.02175
0.02175
0.02175
0.02225
0.02275
0.02125
0.02125
0.02125
0.02075
0.02075
0.02075
0.02025
0.02025
0.02025
0.02075
0.02075
0.02025
0.02025
0.02075
0.02075
0.02025
0.01975
0.01975
0.01975
0.01975
0.01925
0.01925
0.01925
0.01925
0.01925
0.01975
0.02025
0.02075
0.02075
0.02025
0.02025
0.02075
0.02075
0.02025
0.01975
0.01975
0.01975
0.01925
0.01925
0.01925
0.01875
0.01875
0.01875
0.01875
0.01875
0.01875
0.01875
0.01875
0.01825
0.01825
0.01825
0.01825
0.01775
0.01775
0.01775
0.01775
0.01725
0.01725
0.01725
0.01725
0.01725
0.01775
0.01825
0.01825
0.01825
0.01825
0.01775
0.01775
0.01775
0.01725
0.01725
0.01725
0.01725
0.01775
0.01825
0.01875
0.01925
0.01975
0.02025
0.02075
0.02125
0.02175
0.02225
0.02225
0.02225
0.02275
0.02325
0.02375
0.02425
0.02475
0.02525
0.02525
0.02525
0.02575
0.02575
0.02575
0.02575
0.02575
0.02525
0.02525
0.02525
0.02525
0.02525
0.02575
0.02625
0.02625
0.02575
0.02525
0.02525
0.02525
0.02575
0.02625
0.02675
0.02675
0.02725
0.02775
0.02825
0.02875
0.02925
0.02975
0.03025
0.03075
0.03075
0.03025
0.03025
0.03025
0.02975
0.02975
0.02975
0.02925
0.02925
0.02925
0.02875
0.02875
0.02875
0.02875
0.02875
0.02875
0.02875
0.02875
0.02875
0.02825
0.02825
0.02825
0.02825
0.02825
0.02825
0.02875
0.02875
0.02825
0.02825
0.02775
0.02775
0.02775
0.02775
0.02775
0.02775
0.02725
0.02725
0.02725
0.02725
0.02725
0.02725
0.02775
0.02775
0.02725
0.02725
0.02725
0.02775
0.02825
0.02825
0.02875
0.02875
0.02825
0.02825
0.02825
0.02825
0.02875
0.02875
0.02825
0.02825
0.02875
0.02925
0.02975
0.03025
0.03025
0.03025
0.03075
0.03075
0.03025
0.02975
0.02975
0.02975
0.02925
0.02925
0.02925
0.02925
0.02975
0.03025
0.03075
0.03125
0.03175
0.03225
0.03275
0.03325
0.03325
0.03375
0.03425
0.03425
0.03425
0.03425
0.03475
0.03475
0.03525
0.03575
0.03575
0.03575
0.03575
0.03525
0.03525
0.03525
0.03525
0.03525
0.03575
0.03575
0.03525
0.03525
0.03525
0.03575
0.03625
0.03625
0.03625
0.03675
0.03675
0.03625
0.03625
0.03675
0.03725
0.03775
0.03825
0.03875
0.03875
0.03875
0.03875
0.03825
0.03825
0.03825
0.03825
0.03875
0.03875
0.03825
0.03825
0.03825
0.03825
0.03775
0.03725
0.03725
0.03775
0.03775
0.03775
0.03775
0.03775
0.03725
0.03725
0.03725
0.03725
0.03725
0.03775
0.03775
0.03725
0.03725
0.03775
0.03825
0.03875
0.03925
0.03975
0.04025
0.04075
0.04025
0.04025
0.04025
0.04025
0.04025
0.04075
0.04125
0.04175
0.04225
0.04275
0.0432501
0.03975
0.03975
0.03925
0.03925
0.03875
0.03875
0.03825
0.03825
0.03775
0.03775
0.03725
0.03725
0.03675
0.03675
0.03625
0.03625
0.03575
0.03575
0.03525
0.03525
0.03475
0.03475
0.03425
0.03425
0.03425
0.03425
0.03425
0.03425
0.03375
0.03375
0.03325
0.03325
0.03275
0.03275
0.03225
0.03225
0.03225
0.03175
0.03175
0.03175
0.03125
0.03125
0.03125
0.03125
0.03175
0.03175
0.03175
0.03175
0.03175
0.03175
0.03175
0.03175
0.03125
0.03125
0.03125
0.03125
0.03125
0.03125
0.03125
0.03175
0.03175
0.03225
0.03225
0.03225
0.03175
0.03175
0.03175
0.03225
0.03275
0.03275
0.03275
0.03225
0.03225
0.03175
0.03175
0.03125
0.03125
0.03125
0.03125
0.03125
0.03075
0.03075
0.03075
0.03075
0.03025
0.03025
0.03025
0.03025
0.03025
0.03075
0.03075
0.03125
0.03125
0.03175
0.03225
0.03275
0.03325
0.03375
0.03375
0.03375
0.03325
0.03325
0.03325
0.03375
0.03425
0.03425
0.03425
0.03375
0.03375
0.03325
0.03325
0.03325
0.03275
0.03275
0.03275
0.03275
0.03275
0.03275
0.03275
0.03225
0.03225
0.03225
0.03225
0.03225
0.03225
0.03225
0.03225
0.03275
0.03325
0.03375
0.03425
0.03475
0.03475
0.03475
0.03475
0.03475
0.03425
0.03425
0.03425
0.03425
0.03425
0.03475
0.03475
0.03425
0.03375
0.03375
0.03375
0.03425
0.03375
0.03375
0.03375
0.03375
0.03325
0.03325
0.03325
0.03325
0.03325
0.03375
0.03425
0.03475
0.03475
0.03525
0.03575
0.03575
0.03575
0.03525
0.03525
0.03525
0.03575
0.03625
0.03675
0.03675
0.03675
0.03625
0.03625
0.03625
0.03675
0.03675
0.03675
0.03675
0.03675
0.03625
0.03625
0.03625
0.03625
0.03625
0.03675
0.03675
0.03625
0.03575
0.03575
0.03575
0.03575
0.03525
0.03525
0.03525
0.03525
0.03575
0.03575
0.03575
0.03575
0.03575
0.03525
0.03525
0.03525
0.03525
0.03475
0.03475
0.03475
0.03475
0.03425
0.03425
0.03425
0.03475
0.03475
0.03475
0.03475
0.03425
0.03425
0.03425
0.03375
0.03375
0.03375
0.03375
0.03375
0.03425
0.03425
0.03425
0.03475
0.03475
0.03425
0.03425
0.03375
0.03375
0.03375
0.03375
0.03325
0.03325
0.03325
0.03325
0.03325
0.03325
0.03325
0.03275
0.03275
0.03275
0.03275
0.03275
0.03225
0.03225
0.03225
0.03225
0.03175
0.03175
0.03175
0.03175
0.03175
0.03175
0.03175
0.03175
0.03175
0.03175
0.03125
0.03125
0.03125
0.03125
0.03125
0.03175
0.03175
0.03175
0.03175
0.03125
0.03125
0.03125
0.03125
0.03175
0.03175
0.03175
0.03125
0.03125
0.03125
0.03125
0.03075
0.03075
0.03075
0.03075
0.03075
0.03075
0.03025
0.03025
0.03025
0.03025
0.03025
0.03075
0.03075
0.03075
0.03075
0.03025
0.03025
0.03025
0.03025
0.03075
0.03075
0.03125
0.03175
0.03175
0.03175
0.03225
0.03225
0.03275
0.03275
0.03275
0.03275
0.03275
0.03225
0.03225
0.03225
0.03225
0.03225
0.03275
0.03325
0.03325
0.03375
0.03375
0.03325
0.03325
0.03375
0.03375
0.03325
0.03325
0.03325
0.03375
0.03375
0.03425
0.03475
0.03525
0.03575
0.03625
0.03675
0.03725
0.03775
0.03825
0.03875
0.03875
0.03875
0.03925
0.03975
0.04025
0.04075
0.04125
0.04175
0.04175
0.04175
0.04225
0.04275
0.0432501
0.0437504
0.04125
0.04125
0.04075
0.04075
0.04025
0.04025
0.03975
0.03975
0.03925
0.03925
0.03875
0.03875
0.03825
0.03825
0.03825
0.03825
0.03775
0.03775
0.03725
0.03725
0.03675
0.03675
0.03625
0.03625
0.03575
0.03575
0.03525
0.03525
0.03475
0.03475
0.03425
0.03425
0.03375
0.03375
0.03325
0.03325
0.03325
0.03325
0.03325
0.03275
0.03275
0.03275
0.03275
0.03275
0.03225
0.03225
0.03225
0.03175
0.03175
0.03175
0.03175
0.03175
0.03175
0.03125
0.03125
0.03125
0.03125
0.03125
0.03175
0.03175
0.03225
0.03275
0.03275
0.03275
0.03225
0.03225
0.03225
0.03275
0.03275
0.03275
0.03275
0.03225
0.03225
0.03225
0.03175
0.03175
0.03175
0.03125
0.03125
0.03125
0.03125
0.03125
0.03125
0.03125
0.03125
0.03125
0.03175
0.03175
0.03125
0.03075
0.03075
0.03075
0.03075
0.03075
0.03075
0.03025
0.03025
0.03025
0.03025
0.03025
0.02975
0.02975
0.02975
0.03025
0.03025
0.03075
0.03075
0.03075
0.03075
0.03025
0.03025
0.03025
0.03025
0.02975
0.02975
0.02975
0.02975
0.02925
0.02925
0.02925
0.02925
0.02925
0.02975
0.03025
0.03075
0.03125
0.03175
0.03225
0.03275
0.03275
0.03225
0.03175
0.03125
0.03075
0.03025
0.02975
0.02925
0.02875
0.02875
0.02875
0.02875
0.02875
0.02875
0.02825
0.02825
0.02825
0.02825
0.02825
0.02825
0.02875
0.02875
0.02875
0.02925
0.02875
0.02825
0.02825
0.02775
0.02775
0.02775
0.02775
0.02725
0.02725
0.02725
0.02725
0.02675
0.02675
0.02675
0.02675
0.02675
0.02625
0.02625
0.02625
0.02625
0.02625
0.02675
0.02675
0.02625
0.02625
0.02575
0.02575
0.02575
0.02575
0.02575
0.02525
0.02525
0.02525
0.02525
0.02575
0.02575
0.02575
0.02575
0.02575
0.02525
0.02525
0.02525
0.02525
0.02475
0.02475
0.02475
0.02475
0.02425
0.02425
0.02425
0.02425
0.02475
0.02475
0.02425
0.02425
0.02475
0.02475
0.02425
0.02375
0.02375
0.02375
0.02375
0.02325
0.02325
0.02325
0.02325
0.02325
0.02375
0.02425
0.02475
0.02475
0.02425
0.02425
0.02475
0.02525
0.02525
0.02525
0.02525
0.02525
0.02575
0.02625
0.02675
0.02725
0.02775
0.02775
0.02725
0.02725
0.02725
0.02775
0.02825
0.02875
0.02875
0.02875
0.02875
0.02825
0.02825
0.02825
0.02825
0.02875
0.02925
0.02925
0.02925
0.02925
0.02975
0.02975
0.03025
0.03025
0.03025
0.02975
0.02975
0.02925
0.02925
0.02875
0.02875
0.02875
0.02875
0.02875
0.02875
0.02875
0.02825
0.02825
0.02825
0.02775
0.02775
0.02775
0.02775
0.02725
0.02725
0.02725
0.02725
0.02725
0.02725
0.02725
0.02775
0.02775
0.02775
0.02775
0.02775
0.02725
0.02725
0.02725
0.02725
0.02725
0.02775
0.02825
0.02825
0.02825
0.02825
0.02825
0.02875
0.02875
0.02875
0.02875
0.02825
0.02825
0.02825
0.02775
0.02775
0.02775
0.02775
0.02775
0.02725
0.02725
0.02725
0.02725
0.02675
0.02675
0.02675
0.02675
0.02675
0.02675
0.02675
0.02625
0.02625
0.02625
0.02675
0.02675
0.02625
0.02625
0.02625
0.02625
0.02625
0.02625
0.02625
0.02675
0.02675
0.02725
0.02775
0.02775
0.02775
0.02725
0.02725
0.02675
0.02675
0.02675
0.02675
0.02675
0.02725
0.02675
0.02675
0.02625
0.02625
0.02625
0.02625
0.02575
0.02575
0.02575
0.02575
0.02525
0.02525
0.02525
0.02525
0.02525
0.02575
0.02575
0.02575
0.02575
0.02525
0.02525
0.02525
0.02475
0.02475
0.02475
0.02475
0.02475
0.02475
0.02475
0.02425
0.02425
0.02425
0.02425
0.02425
0.02425
0.02475
0.02375
0.02375
0.02375
0.02375
0.02375
0.02325
0.02325
0.02325
0.02325
0.02325
0.02325
0.02375
0.02375
0.02425
0.02425
0.02475
0.02475
0.02475
0.02475
0.02425
0.02425
0.02425
0.02425
0.02425
0.02425
0.02475
0.02475
0.02425
0.02425
0.02475
0.02475
0.02475
0.02425
0.02425
0.02375
0.02375
0.02375
0.02375
0.02375
0.02325
0.02325
0.02325
0.02325
0.02325
0.02325
0.02325
0.02325
0.02375
0.02375
0.02425
0.02425
0.02475
0.02475
0.02425
0.02375
0.02375
0.02375
0.02425
0.02375
0.02375
0.02375
0.02375
0.02375
0.02325
0.02325
0.02325
0.02325
0.02325
0.02325
0.02275
0.02275
0.02275
0.02275
0.02275
0.02275
0.02275
0.02275
0.02225
0.02225
0.02225
0.02225
0.02225
0.02225
0.02275
0.02275
0.02275
0.02225
0.02225
0.02225
0.02225
0.02275
0.02275
0.02275
0.02275
0.02275
0.02225
0.02225
0.02225
0.02175
0.02175
0.02175
0.02125
0.02125
0.02125
0.02125
0.02175
0.02225
0.02225
0.02275
0.02275
0.02225
0.02225
0.02175
0.02175
0.02175
0.02175
0.02175
0.02175
0.02175
0.02125
0.02125
0.02125
0.02125
0.02125
0.02125
0.02175
0.02175
0.02225
0.02225
0.02275
0.02325
0.02375
0.02425
0.02475
0.02525
0.02575
0.02625
0.02675
0.02675
0.02675
0.02675
0.02625
0.02625
0.02625
0.02625
0.02675
0.02725
0.02775
0.02825
0.02875
0.02875
0.02825
0.02825
0.02825
0.02775
0.02775
0.02775
0.02725
0.02725
0.02725
0.02725
0.02775
0.02825
0.02875
0.02875
0.02875
0.02875
0.02825
0.02825
0.02825
0.02825
0.02875
0.02925
0.02975
0.02975
0.02975
0.02975
0.02925
0.02925
0.02925
0.02875
0.02875
0.02875
0.02825
0.02825
0.02825
0.02775
0.02775
0.02775
0.02775
0.02775
0.02725
0.02725
0.02725
0.02725
0.02725
0.02725
0.02775
0.02775
0.02725
0.02725
0.02775
0.02825
0.02875
0.02925
0.02975
0.02975
0.03025
0.03025
0.03075
0.03075
0.03025
0.02975
0.02975
0.02925
0.02925
0.02925
0.02975
0.03025
0.03075
0.03075
0.03025
0.02975
0.02925
0.02875
0.02825
0.02825
0.02775
0.02775
0.02725
0.02725
0.02675
0.02675
0.02675
0.02675
0.02675
0.02675
0.02675
0.02675
0.02625
0.02625
0.02625
0.02575
0.02575
0.02575
0.02575
0.02575
0.02525
0.02525
0.02525
0.02525
0.02525
0.02525
0.02575
0.02575
0.02525
0.02525
0.02575
0.02625
0.02675
0.02725
0.02775
0.02825
0.02875
0.02875
0.02825
0.02825
0.02825
0.02775
0.02775
0.02775
0.02725
0.02725
0.02725
0.02725
0.02775
0.02825
0.02875
0.02875
0.02875
0.02875
0.02825
0.02825
0.02825
0.02775
0.02775
0.02775
0.02725
0.02725
0.02725
0.02675
0.02675
0.02675
0.02625
0.02625
0.02625
0.02625
0.02625
0.02675
0.02675
0.02625
0.02625
0.02625
0.02575
0.02575
0.02575
0.02575
0.02575
0.02525
0.02525
0.02525
0.02525
0.02525
0.02575
0.02625
0.02675
0.02675
0.02675
0.02675
0.02675
0.02675
0.02675
0.02675
0.02625
0.02625
0.02625
0.02625
0.02625
0.02625
0.02625
0.02575
0.02575
0.02575
0.02575
0.02575
0.02575
0.02575
0.02525
0.02525
0.02525
0.02525
0.02525
0.02525
0.02525
0.02475
0.02475
0.02475
0.02475
0.02475
0.02475
0.02475
0.02425
0.02425
0.02425
0.02425
0.02375
0.02375
0.02375
0.02375
0.02325
0.02325
0.02325
0.02325
0.02325
0.02375
0.02425
0.02475
0.02475
0.02425
0.02425
0.02475
0.02475
0.02425
0.02375
0.02375
0.02375
0.02325
0.02325
0.02325
0.02275
0.02275
0.02275
0.02275
0.02275
0.02275
0.02275
0.02275
0.02225
0.02225
0.02225
0.02225
0.02175
0.02175
0.02175
0.02175
0.02125
0.02125
0.02125
0.02125
0.02125
0.02175
0.02225
0.02225
0.02225
0.02225
0.02175
0.02175
0.02175
0.02125
0.02125
0.02125
0.02125
0.02175
0.02225
0.02275
0.02325
0.02375
0.02425
0.02475
0.02475
0.02525
0.02575
0.02625
0.02625
0.02675
0.02675
0.02725
0.02775
0.02825
0.02875
0.02875
0.02875
0.02875
0.02925
0.02925
0.02975
0.03025
0.03075
0.03075
0.03075
0.03075
0.03025
0.03025
0.03025
0.02975
0.02975
0.02975
0.02975
0.02975
0.02925
0.02925
0.02925
0.02975
0.02975
0.02975
0.02975
0.03025
0.03025
0.03075
0.03075
0.03075
0.03075
0.03025
0.03025
0.03025
0.02975
0.02975
0.02975
0.02975
0.02925
0.02925
0.02925
0.02925
0.02925
0.02925
0.02975
0.03025
0.03075
0.03075
0.03025
0.02975
0.02925
0.02875
0.02825
0.02825
0.02825
0.02775
0.02775
0.02775
0.02825
0.02825
0.02875
0.02875
0.02875
0.02875
0.02875
0.02875
0.02875
0.02825
0.02825
0.02825
0.02825
0.02825
0.02875
0.02875
0.02875
0.02825
0.02825
0.02775
0.02775
0.02775
0.02775
0.02775
0.02775
0.02775
0.02725
0.02725
0.02725
0.02725
0.02725
0.02725
0.02725
0.02775
0.02775
0.02775
0.02775
0.02725
0.02725
0.02725
0.02775
0.02775
0.02775
0.02725
0.02725
0.02725
0.02725
0.02675
0.02675
0.02675
0.02675
0.02675
0.02675
0.02675
0.02675
0.02625
0.02625
0.02625
0.02625
0.02625
0.02675
0.02675
0.02675
0.02625
0.02625
0.02625
0.02625
0.02625
0.02625
0.02675
0.02675
0.02625
0.02625
0.02675
0.02675
0.02625
0.02625
0.02575
0.02575
0.02575
0.02575
0.02575
0.02575
0.02575
0.02575
0.02525
0.02525
0.02525
0.02525
0.02525
0.02575
0.02575
0.02575
0.02575
0.02625
0.02625
0.02675
0.02725
0.02775
0.02825
0.02875
0.02925
0.02975
0.02975
0.02975
0.02975
0.02925
0.02925
0.02925
0.02925
0.02975
0.03025
0.03025
0.03075
0.03075
0.03025
0.03025
0.02975
0.02975
0.02975
0.02925
0.02925
0.02925
0.02925
0.02975
0.02975
0.02975
0.02975
0.02975
0.02925
0.02925
0.02925
0.02925
0.02925
0.02975
0.02975
0.02975
0.02975
0.03025
0.03025
0.03025
0.03075
0.03075
0.03025
0.03025
0.02975
0.02975
0.02975
0.02975
0.02925
0.02925
0.02925
0.02925
0.02925
0.02975
0.03025
0.03075
0.03075
0.03075
0.03025
0.03025
0.02975
0.02975
0.02975
0.03025
0.02925
0.02925
0.02925
0.02925
0.02975
0.03025
0.03075
0.03125
0.03125
0.03125
0.03075
0.03075
0.03075
0.03125
0.03175
0.03175
0.03175
0.03175
0.03175
0.03125
0.03125
0.03125
0.03125
0.03125
0.03175
0.03225
0.03225
0.03275
0.03275
0.03325
0.03325
0.03325
0.03375
0.03375
0.03325
0.03325
0.03375
0.03425
0.03475
0.03475
0.03475
0.03525
0.03525
0.03575
0.03575
0.03625
0.03675
0.03725
0.03775
0.03775
0.03725
0.03675
0.03625
0.03575
0.03525
0.03525
0.03475
0.03475
0.03425
0.03425
0.03425
0.03375
0.03375
0.03375
0.03325
0.03325
0.03325
0.03325
0.03375
0.03425
0.03475
0.03525
0.03575
0.03625
0.03675
0.03725
0.03775
0.03825
0.03875
0.03925
0.03975
0.03975
0.03975
0.03925
0.03925
0.03875
0.03875
0.03825
0.03825
0.03775
0.03775
0.03775
0.03725
0.03725
0.03675
0.03675
0.03625
0.03625
0.03575
0.03575
0.03525
0.03525
0.03475
0.03475
0.03425
0.03425
0.03375
0.03375
0.03375
0.03375
0.03375
0.03325
0.03325
0.03275
0.03275
0.03225
0.03225
0.03175
0.03175
0.03125
0.03125
0.03075
0.03025
0.03025
0.03075
0.03075
0.03125
0.03125
0.03175
0.03225
0.03275
0.03325
0.03325
0.03325
0.03325
0.03375
0.03375
0.03425
0.03475
0.03525
0.03575
0.03625
0.03675
0.03725
0.03725
0.03675
0.03625
0.03575
0.03525
0.03475
0.03425
0.03375
0.03325
0.03325
0.03275
0.03275
0.03275
0.03275
0.03225
0.03225
0.03225
0.03225
0.03175
0.03175
0.03125
0.03125
0.03125
0.03175
0.03175
0.03175
0.03125
0.03125
0.03125
0.03125
0.03175
0.03225
0.03225
0.03275
0.03275
0.03225
0.03225
0.03225
0.03275
0.03275
0.03275
0.03275
0.03225
0.03225
0.03225
0.03225
0.03275
0.03275
0.03275
0.03275
0.03275
0.03225
0.03225
0.03225
0.03225
0.03175
0.03175
0.03175
0.03175
0.03175
0.03125
0.03125
0.03125
0.03125
0.03125
0.03175
0.03175
0.03125
0.03125
0.03125
0.03175
0.03175
0.03175
0.03175
0.03175
0.03175
0.03125
0.03125
0.03125
0.03125
0.03125
0.03125
0.03175
0.03175
0.03125
0.03075
0.03075
0.03075
0.03075
0.03075
0.03075
0.03075
0.03025
0.03025
0.03025
0.03025
0.03025
0.03075
0.02975
0.02975
0.02975
0.02975
0.02925
0.02925
0.02925
0.02925
0.02925
0.02875
0.02875
0.02875
0.02825
0.02825
0.02825
0.02825
0.02825
0.02825
0.02825
0.02875
0.02875
0.02825
0.02775
0.02775
0.02775
0.02775
0.02775
0.02775
0.02725
0.02725
0.02725
0.02725
0.02725
0.02725
0.02775
0.02775
0.02725
0.02725
0.02675
0.02675
0.02675
0.02675
0.02675
0.02675
0.02625
0.02625
0.02625
0.02675
0.02675
0.02725
0.02725
0.02725
0.02725
0.02775
0.02775
0.02825
0.02875
0.02875
0.02875
0.02825
0.02825
0.02825
0.02875
0.02925
0.02925
0.02925
0.02975
0.03025
0.03025
0.03075
0.03075
0.03075
0.03075
0.03075
0.03025
0.03025
0.03025
0.03025
0.03025
0.03075
0.03075
0.03075
0.03075
0.03025
0.03025
0.03025
0.02975
0.02975
0.02975
0.02925
0.02925
0.02925
0.02925
0.02975
0.03025
0.03025
0.03075
0.03075
0.03075
0.03025
0.03025
0.03025
0.03075
0.03075
0.03075
0.03075
0.03025
0.03025
0.03025
0.02975
0.02975
0.02975
0.02975
0.02925
0.02925
0.02925
0.02925
0.02925
0.02975
0.02975
0.02975
0.02925
0.02925
0.02925
0.02975
0.03025
0.03025
0.03025
0.03025
0.03075
0.03075
0.03025
0.03025
0.03075
0.03075
0.03075
0.03075
0.03025
0.03025
0.03025
0.03025
0.03025
0.02975
0.02975
0.02975
0.02975
0.02975
0.02925
0.02925
0.02925
0.02925
0.02925
0.02925
0.02975
0.02975
0.02975
0.02925
0.02925
0.02925
0.02975
0.02975
0.02975
0.02975
0.02925
0.02925
0.02925
0.02875
0.02875
0.02875
0.02875
0.02875
0.02875
0.02925
0.02925
0.02875
0.02875
0.02875
0.02875
0.02875
0.02875
0.02875
0.02825
0.02825
0.02825
0.02825
0.02825
0.02825
0.02825
0.02875
0.02875
0.02875
0.02875
0.02875
0.02875
0.02825
0.02825
0.02825
0.02825
0.02775
0.02775
0.02775
0.02775
0.02775
0.02725
0.02725
0.02725
0.02725
0.02725
0.02775
0.02775
0.02725
0.02725
0.02725
0.02675
0.02675
0.02675
0.02675
0.02675
0.02675
0.02625
0.02625
0.02625
0.02625
0.02625
0.02625
0.02675
0.02675
0.02625
0.02625
0.02575
0.02575
0.02575
0.02575
0.02575
0.02575
0.02525
0.02525
0.02525
0.02525
0.02525
0.02525
0.02575
0.02575
0.02575
0.02575
0.02625
0.02625
0.02625
0.02675
0.02675
0.02625
0.02625
0.02625
0.02625
0.02675
0.02675
0.02725
0.02725
0.02775
0.02825
0.02875
0.02875
0.02925
0.02925
0.02975
0.03025
0.03075
0.03125
0.03175
0.03225
0.03225
0.03275
0.03275
0.03225
0.03175
0.03125
0.03125
0.03175
0.03075
0.03075
0.03025
0.03025
0.02975
0.02975
0.02925
0.02925
0.02875
0.02875
0.02875
0.02825
0.02825
0.02825
0.02825
0.02775
0.02775
0.02725
0.02725
0.02725
0.02775
0.02775
0.02725
0.02725
0.02775
0.02775
0.02825
0.02825
0.02825
0.02875
0.02875
0.02925
0.02975
0.03025
0.03075
0.03125
0.03175
0.03225
0.03275
0.03325
0.03375
0.03425
0.03475
0.03525
0.03575
0.03575
0.03525
0.03525
0.03575
0.03475
0.03475
0.03425
0.03425
0.03375
0.03375
0.03325
0.03325
0.03325
0.03275
0.03275
0.03275
0.03225
0.03225
0.03225
0.03175
0.03175
0.03175
0.03125
0.03125
0.03125
0.03125
0.03175
0.03225
0.03275
0.03275
0.03225
0.03225
0.03275
0.03325
0.03375
0.03425
0.03425
0.03475
0.03375
0.03325
0.03275
0.03275
0.03275
0.03225
0.03225
0.03225
0.03275
0.03175
0.03175
0.03175
0.03125
0.03125
0.03125
0.03075
0.03075
0.03075
0.03075
0.03025
0.03025
0.03025
0.03025
0.03075
0.03075
0.03025
0.03025
0.02975
0.02975
0.02975
0.02975
0.02975
0.02925
0.02925
0.02925
0.02925
0.02925
0.02975
0.02975
0.02925
0.02875
0.02875
0.02875
0.02875
0.02875
0.02875
0.02875
0.02875
0.02825
0.02825
0.02825
0.02825
0.02775
0.02775
0.02775
0.02775
0.02775
0.02775
0.02725
0.02725
0.02725
0.02725
0.02725
0.02725
0.02775
0.02775
0.02725
0.02725
0.02725
0.02775
0.02825
0.02825
0.02825
0.02825
0.02825
0.02825
0.02825
0.02875
0.02875
0.02875
0.02875
0.02825
0.02825
0.02825
0.02875
0.02875
0.02875
0.02925
0.02975
0.02975
0.02925
0.02875
0.02875
0.02825
0.02825
0.02825
0.02825
0.02775
0.02775
0.02775
0.02775
0.02775
0.02725
0.02725
0.02725
0.02725
0.02775
0.02775
0.02725
0.02725
0.02775
0.02775
0.02775
0.02775
0.02725
0.02725
0.02725
0.02675
0.02675
0.02675
0.02675
0.02675
0.02625
0.02625
0.02625
0.02575
0.02575
0.02575
0.02525
0.02525
0.02525
0.02575
0.02575
0.02575
0.02575
0.02575
0.02625
0.02625
0.02625
0.02675
0.02675
0.02625
0.02625
0.02625
0.02625
0.02675
0.02675
0.02625
0.02625
0.02575
0.02575
0.02575
0.02575
0.02575
0.02575
0.02525
0.02525
0.02525
0.02525
0.02525
0.02525
0.02525
0.02525
0.02525
0.02575
0.02575
0.02625
0.02675
0.02675
0.02675
0.02625
0.02625
0.02625
0.02675
0.02675
0.02675
0.02675
0.02625
0.02625
0.02625
0.02575
0.02575
0.02575
0.02575
0.02525
0.02525
0.02525
0.02525
0.02525
0.02525
0.02575
0.02575
0.02525
0.02525
0.02575
0.02625
0.02675
0.02675
0.02675
0.02675
0.02625
0.02625
0.02625
0.02625
0.02675
0.02675
0.02675
0.02675
0.02625
0.02625
0.02625
0.02575
0.02575
0.02575
0.02525
0.02525
0.02525
0.02525
0.02575
0.02625
0.02675
0.02725
0.02775
0.02775
0.02775
0.02775
0.02725
0.02725
0.02725
0.02725
0.02775
0.02825
0.02825
0.02875
0.02875
0.02825
0.02825
0.02875
0.02875
0.02875
0.02875
0.02825
0.02825
0.02825
0.02825
0.02825
0.02775
0.02775
0.02775
0.02725
0.02725
0.02725
0.02725
0.02775
0.02775
0.02775
0.02775
0.02775
0.02725
0.02725
0.02725
0.02725
0.02725
0.02775
0.02775
0.02725
0.02725
0.02775
0.02825
0.02875
0.02875
0.02875
0.02875
0.02825
0.02825
0.02825
0.02825
0.02875
0.02875
0.02875
0.02875
0.02875
0.02925
0.02925
0.02925
0.02875
0.02875
0.02875
0.02825
0.02825
0.02775
0.02775
0.02775
0.02775
0.02725
0.02725
0.02725
0.02725
0.02775
0.02675
0.02675
0.02675
0.02675
0.02675
0.02625
0.02625
0.02625
0.02625
0.02625
0.02625
0.02675
0.02675
0.02725
0.02725
0.02775
0.02775
0.02725
0.02725
0.02675
0.02675
0.02675
0.02675
0.02675
0.02675
0.02625
0.02625
0.02625
0.02625
0.02575
0.02575
0.02575
0.02575
0.02575
0.02575
0.02525
0.02525
0.02525
0.02525
0.02525
0.02575
0.02575
0.02575
0.02525
0.02525
0.02475
0.02475
0.02475
0.02475
0.02475
0.02475
0.02475
0.02525
0.02425
0.02425
0.02425
0.02375
0.02375
0.02375
0.02375
0.02325
0.02325
0.02325
0.02325
0.02325
0.02375
0.02375
0.02425
0.02425
0.02425
0.02475
0.02475
0.02425
0.02425
0.02425
0.02425
0.02425
0.02425
0.02425
0.02475
0.02475
0.02525
0.02525
0.02525
0.02475
0.02475
0.02475
0.02475
0.02475
0.02425
0.02425
0.02425
0.02425
0.02425
0.02475
0.02475
0.02475
0.02475
0.02425
0.02425
0.02425
0.02375
0.02375
0.02375
0.02375
0.02375
0.02375
0.02325
0.02325
0.02325
0.02325
0.02325
0.02325
0.02325
0.02325
0.02275
0.02275
0.02225
0.02225
0.02225
0.02275
0.02275
0.02275
0.02275
0.02275
0.02275
0.02225
0.02225
0.02225
0.02225
0.02225
0.02275
0.02275
0.02275
0.02325
0.02325
0.02375
0.02375
0.02375
0.02375
0.02325
0.02325
0.02325
0.02275
0.02275
0.02275
0.02275
0.02275
0.02225
0.02225
0.02175
0.02175
0.02125
0.02125
0.02125
0.02175
0.02225
0.02225
0.02225
0.02275
0.02275
0.02225
0.02225
0.02275
0.02275
0.02275
0.02225
0.02225
0.02175
0.02175
0.02125
0.02125
0.02125
0.02175
0.02175
0.02175
0.02175
0.02175
0.02175
0.02175
0.02175
0.02125
0.02125
0.02125
0.02175
0.02225
0.02075
0.02075
0.02075
0.02075
0.02025
0.02025
0.02025
0.02025
0.02075
0.02075
0.02075
0.02075
0.02025
0.02025
0.02025
0.01975
0.01975
0.01975
0.01975
0.01975
0.01925
0.01925
0.01925
0.01925
0.01925
0.01975
0.01975
0.02025
0.02025
0.02075
0.02075
0.02075
0.02075
0.02075
0.02025
0.02025
0.02025
0.02025
0.01975
0.01975
0.01975
0.01975
0.01975
0.01925
0.01925
0.01925
0.01925
0.01925
0.01975
0.01975
0.01925
0.01925
0.01925
0.01925
0.01925
0.01975
0.01975
0.02025
0.02025
0.02025
0.02075
0.02075
0.02025
0.02025
0.02025
0.02075
0.02075
0.02125
0.02125
0.02125
0.02175
0.02175
0.02175
0.02175
0.02175
0.02175
0.02125
0.02125
0.02125
0.02125
0.02125
0.02125
0.02175
0.02225
0.02225
0.02175
0.02125
0.02125
0.02175
0.02225
0.02275
0.02275
0.02275
0.02275
0.02225
0.02225
0.02225
0.02175
0.02175
0.02175
0.02175
0.02125
0.02125
0.02125
0.02125
0.02125
0.02175
0.02175
0.02175
0.02125
0.02125
0.02125
0.02175
0.02225
0.02275
0.02275
0.02275
0.02275
0.02225
0.02225
0.02225
0.02175
0.02175
0.02175
0.02125
0.02125
0.02125
0.02075
0.02075
0.02075
0.02075
0.02075
0.02075
0.02075
0.02075
0.02075
0.02025
0.02025
0.02025
0.02025
0.02075
0.02075
0.02025
0.01975
0.01975
0.01975
0.01925
0.01925
0.01875
0.01875
0.01875
0.01875
0.01825
0.01825
0.01825
0.01775
0.01775
0.01775
0.01725
0.01725
0.01725
0.01725
0.01775
0.01825
0.01825
0.01875
0.01875
0.01925
0.01925
0.01875
0.01825
0.01825
0.01775
0.01775
0.01725
0.01725
0.01725
0.01775
0.01775
0.01825
0.01875
0.01925
0.01975
0.02025
0.02075
0.02125
0.02125
0.02175
0.02175
0.02225
0.02275
0.02325
0.02375
0.02425
0.02475
0.02475
0.02475
0.02425
0.02425
0.02425
0.02475
0.02475
0.02425
0.02425
0.02425
0.02425
0.02425
0.02475
0.02475
0.02475
0.02475
0.02475
0.02425
0.02425
0.02425
0.02425
0.02375
0.02375
0.02375
0.02375
0.02325
0.02325
0.02325
0.02325
0.02375
0.02375
0.02325
0.02325
0.02325
0.02375
0.02425
0.02475
0.02475
0.02475
0.02475
0.02425
0.02425
0.02425
0.02425
0.02475
0.02475
0.02475
0.02425
0.02425
0.02375
0.02375
0.02375
0.02375
0.02375
0.02375
0.02325
0.02325
0.02325
0.02325
0.02325
0.02325
0.02375
0.02375
0.02325
0.02325
0.02325
0.02375
0.02375
0.02375
0.02375
0.02325
0.02325
0.02325
0.02275
0.02275
0.02275
0.02275
0.02275
0.02225
0.02225
0.02225
0.02275
0.02275
0.02275
0.02275
0.02225
0.02225
0.02225
0.02175
0.02175
0.02175
0.02175
0.02175
0.02175
0.02125
0.02125
0.02125
0.02125
0.02125
0.02125
0.02125
0.02125
0.02175
0.02225
0.02275
0.02275
0.02275
0.02275
0.02225
0.02225
0.02225
0.02225
0.02275
0.02275
0.02225
0.02175
0.02175
0.02175
0.02175
0.02125
0.02125
0.02125
0.02125
0.02125
0.02175
0.02175
0.02175
0.02225
0.02225
0.02275
0.02275
0.02325
0.02325
0.02375
0.02425
0.02475
0.02475
0.02475
0.02475
0.02425
0.02425
0.02425
0.02375
0.02375
0.02375
0.02325
0.02325
0.02325
0.02275
0.02275
0.02275
0.02225
0.02225
0.02225
0.02275
0.02275
0.02325
0.02375
0.02425
0.02475
0.02475
0.02475
0.02425
0.02425
0.02425
0.02475
0.02475
0.02475
0.02475
0.02425
0.02425
0.02425
0.02375
0.02375
0.02375
0.02375
0.02325
0.02325
0.02325
0.02325
0.02325
0.02375
0.02375
0.02325
0.02325
0.02375
0.02425
0.02475
0.02525
0.02525
0.02525
0.02525
0.02525
0.02525
0.02525
0.02525
0.02525
0.02525
0.02525
0.02575
0.02575
0.02625
0.02625
0.02675
0.02675
0.02675
0.02725
0.02725
0.02725
0.02675
0.02675
0.02625
0.02625
0.02625
0.02625
0.02625
0.02675
0.02675
0.02625
0.02625
0.02625
0.02625
0.02675
0.02675
0.02675
0.02625
0.02625
0.02575
0.02575
0.02575
0.02575
0.02575
0.02575
0.02525
0.02525
0.02525
0.02525
0.02575
0.02575
0.02525
0.02525
0.02525
0.02575
0.02575
0.02525
0.02525
0.02575
0.02575
0.02525
0.02525
0.02475
0.02475
0.02475
0.02475
0.02475
0.02475
0.02475
0.02475
0.02475
0.02425
0.02425
0.02425
0.02425
0.02425
0.02475
0.02475
0.02475
0.02475
0.02425
0.02425
0.02425
0.02425
0.02475
0.02475
0.02425
0.02425
0.02425
0.02425
0.02425
0.02475
0.02475
0.02475
0.02425
0.02425
0.02375
0.02375
0.02375
0.02375
0.02375
0.02375
0.02375
0.02375
0.02375
0.02325
0.02325
0.02325
0.02325
0.02325
0.02375
0.02375
0.02375
0.02375
0.02325
0.02325
0.02325
0.02325
0.02375
0.02375
0.02325
0.02325
0.02325
0.02325
0.02325
0.02325
0.02325
0.02375
0.02375
0.02425
0.02475
0.02475
0.02475
0.02475
0.02475
0.02425
0.02425
0.02425
0.02425
0.02425
0.02475
0.02475
0.02525
0.02575
0.02575
0.02525
0.02525
0.02525
0.02525
0.02575
0.02575
0.02525
0.02525
0.02575
0.02625
0.02625
0.02675
0.02725
0.02775
0.02825
0.02875
0.02925
0.02975
0.02975
0.03025
0.03075
0.03125
0.03175
0.03175
0.03175
0.03125
0.03125
0.03075
0.03075
0.03025
0.03025
0.02975
0.02975
0.02925
0.02925
0.02925
0.02875
0.02825
0.02825
0.02875
0.02875
0.02825
0.02775
0.02775
0.02775
0.02725
0.02725
0.02725
0.02725
0.02775
0.02825
0.02875
0.02925
0.02975
0.03025
0.03075
0.03125
0.03175
0.03225
0.03225
0.03275
0.03275
0.03275
0.03325
0.03375
0.03425
0.03475
0.03525
0.03575
0.03625
0.03675
0.03225
0.03225
0.03175
0.03175
0.03125
0.03125
0.03125
0.03175
0.03075
0.03075
0.03075
0.03025
0.03025
0.03025
0.02975
0.02975
0.02975
0.02925
0.02925
0.02925
0.02975
0.02975
0.02925
0.02925
0.02925
0.02975
0.02975
0.03025
0.03075
0.03125
0.03175
0.03175
0.03175
0.03225
0.03125
0.03125
0.03075
0.03075
0.03025
0.03025
0.02975
0.02975
0.02925
0.02925
0.02925
0.02925
0.02975
0.03025
0.03075
0.03075
0.03075
0.03075
0.03025
0.03025
0.03025
0.02975
0.02975
0.02975
0.02925
0.02925
0.02925
0.02875
0.02875
0.02875
0.02875
0.02875
0.02875
0.02825
0.02825
0.02825
0.02825
0.02825
0.02825
0.02875
0.02875
0.02825
0.02825
0.02775
0.02775
0.02775
0.02775
0.02775
0.02775
0.02725
0.02725
0.02725
0.02725
0.02725
0.02725
0.02775
0.02775
0.02725
0.02725
0.02675
0.02675
0.02675
0.02675
0.02675
0.02675
0.02625
0.02625
0.02625
0.02625
0.02625
0.02625
0.02675
0.02675
0.02625
0.02625
0.02625
0.02625
0.02675
0.02675
0.02675
0.02625
0.02625
0.02625
0.02625
0.02625
0.02575
0.02575
0.02575
0.02575
0.02575
0.02575
0.02525
0.02525
0.02525
0.02525
0.02525
0.02525
0.02575
0.02575
0.02525
0.02525
0.02525
0.02525
0.02575
0.02575
0.02575
0.02575
0.02525
0.02525
0.02475
0.02475
0.02475
0.02475
0.02425
0.02425
0.02425
0.02425
0.02425
0.02425
0.02425
0.02475
0.02475
0.02475
0.02475
0.02475
0.02475
0.02475
0.02425
0.02425
0.02425
0.02425
0.02425
0.02425
0.02475
0.02475
0.02425
0.02425
0.02375
0.02375
0.02375
0.02375
0.02375
0.02375
0.02375
0.02375
0.02325
0.02325
0.02325
0.02325
0.02325
0.02375
0.02375
0.02325
0.02325
0.02375
0.02375
0.02375
0.02375
0.02375
0.02325
0.02325
0.02375
0.02375
0.02375
0.02375
0.02375
0.02425
0.02425
0.02475
0.02475
0.02525
0.02525
0.02525
0.02525
0.02575
0.02625
0.02575
0.02525
0.02525
0.02575
0.02575
0.02575
0.02575
0.02575
0.02575
0.02525
0.02525
0.02525
0.02575
0.02575
0.02525
0.02525
0.02525
0.02475
0.02475
0.02475
0.02475
0.02475
0.02425
0.02425
0.02425
0.02425
0.02425
0.02475
0.02425
0.02425
0.02475
0.02475
0.02475
0.02475
0.02475
0.02425
0.02425
0.02425
0.02425
0.02425
0.02475
0.02475
0.02475
0.02475
0.02425
0.02425
0.02425
0.02425
0.02475
0.02525
0.02525
0.02575
0.02575
0.02525
0.02525
0.02475
0.02475
0.02475
0.02475
0.02475
0.02425
0.02425
0.02425
0.02375
0.02375
0.02375
0.02375
0.02375
0.02375
0.02375
0.02325
0.02325
0.02325
0.02325
0.02325
0.02325
0.02325
0.02375
0.02375
0.02325
0.02325
0.02375
0.02375
0.02325
0.02325
0.02325
0.02325
0.02375
0.02375
0.02375
0.02375
0.02325
0.02325
0.02325
0.02275
0.02275
0.02275
0.02275
0.02275
0.02275
0.02225
0.02225
0.02225
0.02225
0.02225
0.02275
0.02275
0.02275
0.02275
0.02275
0.02225
0.02225
0.02225
0.02225
0.02225
0.02275
0.02325
0.02325
0.02325
0.02325
0.02325
0.02325
0.02325
0.02325
0.02325
0.02275
0.02275
0.02275
0.02275
0.02275
0.02275
0.02225
0.02225
0.02175
0.02175
0.02125
0.02125
0.02125
0.02175
0.02225
0.02225
0.02275
0.02275
0.02225
0.02225
0.02225
0.02225
0.02275
0.02175
0.02125
0.02125
0.02175
0.02175
0.02175
0.02175
0.02175
0.02175
0.02125
0.02125
0.02125
0.02125
0.02175
0.02175
0.02175
0.02175
0.02125
0.02125
0.02125
0.02125
0.02175
0.02225
0.02225
0.02275
0.02275
0.02225
0.02225
0.02225
0.02225
0.02275
0.02275
0.02275
0.02275
0.02225
0.02175
0.02175
0.02175
0.02175
0.02125
0.02125
0.02125
0.02125
0.02125
0.02175
0.02225
0.02225
0.02225
0.02275
0.02275
0.02275
0.02275
0.02275
0.02225
0.02225
0.02175
0.02175
0.02175
0.02225
0.02225
0.02275
0.02275
0.02275
0.02225
0.02225
0.02225
0.02175
0.02175
0.02175
0.02175
0.02175
0.02125
0.02125
0.02125
0.02125
0.02125
0.02175
0.02175
0.02225
0.02225
0.02175
0.02125
0.02125
0.02125
0.02175
0.02225
0.02275
0.02275
0.02275
0.02275
0.02275
0.02275
0.02225
0.02225
0.02225
0.02225
0.02225
0.02225
0.02275
0.02275
0.02225
0.02225
0.02275
0.02275
0.02275
0.02275
0.02275
0.02275
0.02225
0.02225
0.02225
0.02225
0.02225
0.02225
0.02275
0.02275
0.02225
0.02175
0.02175
0.02175
0.02175
0.02175
0.02175
0.02175
0.02175
0.02175
0.02125
0.02125
0.02125
0.02125
0.02125
0.02175
0.02175
0.02175
0.02125
0.02125
0.02125
0.02175
0.02175
0.02125
0.02125
0.02125
0.02125
0.02125
0.02125
0.02125
0.02175
0.02175
0.02225
0.02275
0.02325
0.02325
0.02375
0.02375
0.02375
0.02375
0.02325
0.02325
0.02325
0.02275
0.02275
0.02275
0.02225
0.02225
0.02225
0.02275
0.02275
0.02275
0.02275
0.02275
0.02225
0.02225
0.02225
0.02225
0.02175
0.02175
0.02175
0.02175
0.02125
0.02125
0.02125
0.02125
0.02125
0.02125
0.02125
0.02125
0.02125
0.02125
0.02175
0.02175
0.02225
0.02225
0.02275
0.02275
0.02225
0.02225
0.02225
0.02225
0.02275
0.02275
0.02225
0.02175
0.02175
0.02175
0.02175
0.02125
0.02125
0.02075
0.02075
0.02075
0.02075
0.02075
0.02075
0.02075
0.02075
0.02075
0.02025
0.02025
0.02025
0.02025
0.02025
0.02075
0.02075
0.02075
0.02025
0.02025
0.02025
0.02025
0.02025
0.01975
0.01975
0.01975
0.01975
0.01925
0.01925
0.01925
0.01925
0.01925
0.01975
0.01975
0.01925
0.01875
0.01875
0.01875
0.01875
0.01875
0.01875
0.01875
0.01875
0.01875
0.01825
0.01825
0.01825
0.01825
0.01825
0.01875
0.01875
0.01875
0.01875
0.01925
0.01925
0.01975
0.01975
0.01975
0.01975
0.01925
0.01925
0.01925
0.01925
0.01975
0.02025
0.02075
0.02075
0.02075
0.02075
0.02025
0.02025
0.02025
0.01975
0.01975
0.01975
0.01925
0.01925
0.01925
0.01925
0.01975
0.02025
0.02025
0.01975
0.01975
0.01975
0.01975
0.01925
0.01925
0.01925
0.01925
0.01875
0.01875
0.01875
0.01875
0.01875
0.01825
0.01825
0.01825
0.01825
0.01825
0.01875
0.01875
0.01875
0.01875
0.01825
0.01825
0.01825
0.01825
0.01825
0.01825
0.01775
0.01775
0.01775
0.01775
0.01775
0.01775
0.01725
0.01725
0.01725
0.01725
0.01725
0.01725
0.01775
0.01775
0.01725
0.01725
0.01725
0.01775
0.01825
0.01875
0.01875
0.01875
0.01875
0.01825
0.01825
0.01825
0.01825
0.01875
0.01875
0.01875
0.01875
0.01825
0.01825
0.01825
0.01775
0.01775
0.01775
0.01775
0.01775
0.01775
0.01775
0.01725
0.01725
0.01725
0.01725
0.01725
0.01725
0.01775
0.01775
0.01725
0.01725
0.01725
0.01775
0.01825
0.01825
0.01825
0.01825
0.01825
0.01825
0.01875
0.01875
0.01875
0.01925
0.01975
0.01975
0.01975
0.01975
0.02025
0.02075
0.02075
0.02075
0.02075
0.02025
0.02025
0.02025
0.02025
0.02025
0.01975
0.01925
0.01925
0.01925
0.01925
0.01925
0.01975
0.01975
0.01975
0.01975
0.02025
0.02025
0.02025
0.02075
0.02075
0.02075
0.02075
0.02025
0.02025
0.02025
0.02025
0.02025
0.02075
0.02075
0.02075
0.02075
0.02025
0.02025
0.02025
0.01975
0.01975
0.01975
0.01975
0.01975
0.01975
0.01925
0.01925
0.01925
0.01975
0.01975
0.01975
0.01925
0.01925
0.01925
0.01925
0.01875
0.01875
0.01875
0.01875
0.01825
0.01825
0.01825
0.01875
0.01875
0.01925
0.01975
0.02025
0.02075
0.02075
0.02075
0.02075
0.02025
0.02025
0.01975
0.01975
0.01925
0.01925
0.01875
0.01875
0.01825
0.01825
0.01775
0.01775
0.01725
0.01725
0.01725
0.01775
0.01825
0.01875
0.01925
0.01975
0.02025
0.02025
0.02075
0.02125
0.02075
0.02025
0.02025
0.02075
0.02075
0.02075
0.02075
0.02025
0.02025
0.02025
0.01975
0.01975
0.01975
0.01975
0.01975
0.01975
0.01925
0.01925
0.01925
0.01925
0.01925
0.01925
0.01925
0.01975
0.02025
0.02075
0.02075
0.02075
0.02075
0.02075
0.02075
0.02025
0.02025
0.01975
0.01975
0.01925
0.01925
0.01875
0.01875
0.01825
0.01825
0.01775
0.01775
0.01725
0.01725
0.01725
0.01775
0.01825
0.01875
0.01925
0.01975
0.02025
0.02025
0.02025
0.02075
0.02125
0.02125
0.02175
0.02075
0.02025
0.01975
0.01975
0.01975
0.01925
0.01925
0.01925
0.01925
0.01975
0.02025
0.02075
0.02075
0.02075
0.02025
0.02025
0.01975
0.01975
0.01925
0.01925
0.01875
0.01875
0.01825
0.01825
0.01775
0.01775
0.01725
0.01725
0.01725
0.01775
0.01825
0.01875
0.01875
0.01875
0.01875
0.01875
0.01875
0.01825
0.01825
0.01825
0.01825
0.01875
0.01875
0.01875
0.01875
0.01825
0.01825
0.01825
0.01825
0.01775
0.01775
0.01775
0.01775
0.01775
0.01775
0.01775
0.01775
0.01725
0.01725
0.01725
0.01725
0.01725
0.01725
0.01725
0.01725
0.01775
0.01775
0.01775
0.01725
0.01725
0.01725
0.01775
0.01775
0.01725
0.01725
0.01725
0.01725
0.01775
0.01825
0.01875
0.01925
0.01925
0.01925
0.01925
0.01875
0.01875
0.01875
0.01825
0.01825
0.01825
0.01875
0.01875
0.01875
0.01875
0.01825
0.01825
0.01825
0.01825
0.01825
0.01775
0.01775
0.01775
0.01775
0.01775
0.01725
0.01725
0.01725
0.01725
0.01725
0.01775
0.01775
0.01775
0.01725
0.01725
0.01725
0.01775
0.01825
0.01775
0.01775
0.01725
0.01725
0.01725
0.01725
0.01675
0.01675
0.01675
0.01675
0.01675
0.01675
0.01675
0.01675
0.01675
0.01675
0.01625
0.01575
0.01525
0.01475
0.01425
0.01375
0.01325
0.01325
0.01375
0.01425
0.01475
0.01525
0.01575
0.01625
0.01625
0.01625
0.01625
0.01575
0.01575
0.01575
0.01525
0.01525
0.01525
0.01525
0.01575
0.01625
0.01625
0.01625
0.01625
0.01675
0.01675
0.01675
0.01625
0.01625
0.01625
0.01625
0.01675
0.01675
0.01675
0.01675
0.01675
0.01675
0.01675
0.01675
0.01625
0.01625
0.01575
0.01575
0.01525
0.01525
0.01475
0.01475
0.01425
0.01425
0.01375
0.01375
0.01325
0.01325
0.01325
0.01375
0.01425
0.01475
0.01525
0.01575
0.01625
0.01625
0.01625
0.01675
0.01675
0.01625
0.01625
0.01675
0.01675
0.01675
0.01625
0.01625
0.01575
0.01575
0.01525
0.01525
0.01475
0.01475
0.01425
0.01425
0.01375
0.01375
0.01325
0.01325
0.01325
0.01375
0.01425
0.01475
0.01525
0.01575
0.01575
0.01575
0.01575
0.01525
0.01525
0.01525
0.01475
0.01475
0.01475
0.01475
0.01425
0.01425
0.01475
0.01475
0.01425
0.01375
0.01375
0.01375
0.01325
0.01325
0.01325
0.01325
0.01375
0.01425
0.01475
0.01475
0.01525
0.01575
0.01575
0.01575
0.01525
0.01525
0.01475
0.01475
0.01425
0.01425
0.01425
0.01375
0.01325
0.01325
0.01375
0.01375
0.01325
0.01325
0.01375
0.01425
0.01475
0.01525
0.01575
0.01575
0.01575
0.01575
0.01625
0.01625
0.01625
0.01625
0.01675
0.01675
0.01625
0.01625
0.01675
0.01675
0.01675
0.01675
0.01675
0.01625
0.01625
0.01625
0.01625
0.01625
0.01675
0.01675
0.01625
0.01575
0.01575
0.01575
0.01575
0.01575
0.01575
0.01525
0.01525
0.01525
0.01525
0.01525
0.01525
0.01575
0.01575
0.01575
0.01575
0.01525
0.01525
0.01525
0.01475
0.01475
0.01475
0.01425
0.01425
0.01425
0.01425
0.01425
0.01425
0.01475
0.01475
0.01475
0.01475
0.01425
0.01425
0.01425
0.01375
0.01375
0.01375
0.01375
0.01375
0.01425
0.01325
0.01325
0.01325
0.01325
0.01325
0.01325
0.01375
0.01375
0.01325
0.01325
0.01375
0.01425
0.01475
0.01475
0.01475
0.01525
0.01525
0.01575
0.01575
0.01625
0.01675
0.01675
0.01675
0.01675
0.01675
0.01625
0.01625
0.01575
0.01575
0.01525
0.01525
0.01475
0.01475
0.01425
0.01425
0.01375
0.01375
0.01325
0.01325
0.01325
0.01375
0.01425
0.01475
0.01525
0.01575
0.01625
0.01625
0.01625
0.01675
0.01675
0.01625
0.01625
0.01675
0.01675
0.01675
0.01625
0.01625
0.01575
0.01575
0.01525
0.01525
0.01475
0.01475
0.01425
0.01425
0.01375
0.01375
0.01325
0.01325
0.01325
0.01375
0.01425
0.01475
0.01525
0.01575
0.01575
0.01575
0.01575
0.01525
0.01525
0.01525
0.01475
0.01475
0.01475
0.01425
0.01425
0.01425
0.01375
0.01375
0.01375
0.01375
0.01375
0.01325
0.01325
0.01325
0.01375
0.01275
0.01275
0.01275
0.01275
0.01275
0.01275
0.01225
0.01175
0.01125
0.01075
0.01025
0.00975
0.00925
0.00925
0.00975
0.01025
0.01075
0.01125
0.01175
0.01225
0.01225
0.01275
0.01275
0.01275
0.01225
0.01225
0.01175
0.01175
0.01125
0.01125
0.01125
0.01175
0.01175
0.01225
0.01275
0.01275
0.01225
0.01225
0.01275
0.01275
0.01225
0.01175
0.01175
0.01175
0.01125
0.01125
0.01075
0.01075
0.01075
0.01075
0.01025
0.01025
0.01025
0.00975
0.00975
0.00975
0.00925
0.00925
0.00925
0.00925
0.00975
0.01025
0.01025
0.01075
0.01075
0.01125
0.01125
0.01075
0.01025
0.01025
0.00975
0.00975
0.00925
0.00925
0.00925
0.00975
0.00975
0.01025
0.01075
0.01125
0.01175
0.01225
0.01275
0.01275
0.01325
0.01375
0.01425
0.01475
0.01525
0.01525
0.01525
0.01525
0.01575
0.01625
0.01675
0.01675
0.01625
0.01625
0.01625
0.01675
0.01675
0.01675
0.01675
0.01675
0.01625
0.01625
0.01625
0.01625
0.01575
0.01575
0.01575
0.01575
0.01525
0.01525
0.01575
0.01575
0.01525
0.01525
0.01575
0.01625
0.01675
0.01725
0.01775
0.01775
0.01775
0.01725
0.01725
0.01725
0.01775
0.01825
0.01875
0.01925
0.01975
0.01975
0.02025
0.02025
0.02075
0.02075
0.02075
0.02025
0.02025
0.02025
0.02025
0.01975
0.01975
0.01975
0.01975
0.01925
0.01925
0.01925
0.01925
0.01925
0.01975
0.01975
0.01925
0.01925
0.01875
0.01875
0.01875
0.01875
0.01875
0.01875
0.01825
0.01825
0.01825
0.01825
0.01775
0.01775
0.01775
0.01775
0.01725
0.01725
0.01725
0.01725
0.01675
0.01675
0.01675
0.01675
0.01675
0.01625
0.01625
0.01625
0.01575
0.01575
0.01575
0.01525
0.01525
0.01525
0.01525
0.01525
0.01575
0.01625
0.01675
0.01675
0.01675
0.01675
0.01675
0.01625
0.01625
0.01625
0.01625
0.01625
0.01675
0.01675
0.01625
0.01575
0.01575
0.01575
0.01575
0.01575
0.01575
0.01525
0.01525
0.01525
0.01525
0.01525
0.01525
0.01525
0.01575
0.01625
0.01675
0.01725
0.01775
0.01825
0.01825
0.01825
0.01825
0.01875
0.01875
0.01875
0.01825
0.01825
0.01825
0.01875
0.01875
0.01875
0.01925
0.01925
0.01975
0.01975
0.02025
0.02075
0.02125
0.02125
0.02175
0.02175
0.02175
0.02125
0.02125
0.02125
0.02175
0.02175
0.02175
0.02175
0.02125
0.02125
0.02125
0.02175
0.02175
0.02125
0.02125
0.02125
0.02125
0.02075
0.02075
0.02025
0.02025
0.02025
0.02075
0.02075
0.02075
0.02075
0.02075
0.02025
0.02025
0.02025
0.02025
0.02025
0.02075
0.02075
0.02075
0.02075
0.02075
0.02025
0.02025
0.01975
0.01975
0.01975
0.02025
0.02025
0.02025
0.01975
0.01975
0.01975
0.01975
0.01975
0.01925
0.01925
0.01925
0.01925
0.01925
0.01925
0.01975
0.01975
0.02025
0.02075
0.02075
0.02075
0.02075
0.02075
0.02125
0.02125
0.02175
0.02225
0.02275
0.02325
0.02375
0.02375
0.02375
0.02375
0.02375
0.02375
0.02325
0.02325
0.02325
0.02325
0.02325
0.02375
0.02375
0.02325
0.02325
0.02375
0.02375
0.02375
0.02325
0.02325
0.02325
0.02325
0.02275
0.02275
0.02275
0.02275
0.02225
0.02225
0.02225
0.02225
0.02225
0.02275
0.02275
0.02275
0.02225
0.02225
0.02175
0.02175
0.02175
0.02225
0.02225
0.02275
0.02325
0.02375
0.02375
0.02425
0.02425
0.02475
0.02475
0.02425
0.02375
0.02375
0.02325
0.02325
0.02275
0.02275
0.02275
0.02225
0.02225
0.02225
0.02175
0.02175
0.02175
0.02175
0.02175
0.02175
0.02125
0.02125
0.02125
0.02125
0.02125
0.02125
0.02075
0.02075
0.02075
0.02025
0.02025
0.02025
0.02025
0.02075
0.02075
0.02025
0.01975
0.01925
0.01875
0.01825
0.01775
0.01725
0.01725
0.01775
0.01825
0.01875
0.01925
0.01975
0.01975
0.01975
0.01975
0.01925
0.01925
0.01925
0.01875
0.01875
0.01875
0.01825
0.01825
0.01825
0.01825
0.01875
0.01925
0.01925
0.01925
0.01925
0.01975
0.01975
0.02025
0.02075
0.02125
0.02175
0.02225
0.02275
0.02275
0.02275
0.02275
0.02225
0.02225
0.02225
0.02225
0.02275
0.02325
0.02325
0.02375
0.02425
0.02475
0.02425
0.02425
0.02425
0.02425
0.02375
0.02375
0.02375
0.02375
0.02375
0.02325
0.02325
0.02325
0.02325
0.02325
0.02375
0.02375
0.02325
0.02275
0.02275
0.02225
0.02225
0.02225
0.02275
0.02275
0.02275
0.02275
0.02275
0.02275
0.02225
0.02225
0.02225
0.02225
0.02175
0.02175
0.02175
0.02175
0.02175
0.02125
0.02125
0.02125
0.02125
0.02125
0.02175
0.02175
0.02125
0.02125
0.02125
0.02125
0.02075
0.02075
0.02075
0.02075
0.02025
0.02025
0.02025
0.02025
0.02025
0.02075
0.02075
0.02125
0.02125
0.02125
0.02125
0.02175
0.02175
0.02225
0.02275
0.02325
0.02275
0.02275
0.02325
0.02325
0.02375
0.02425
0.02475
0.02475
0.02425
0.02425
0.02475
0.02475
0.02525
0.02575
0.02575
0.02625
0.02675
0.02725
0.02775
0.02825
0.02825
0.02875
0.02875
0.02875
0.02875
0.02825
0.02825
0.02825
0.02775
0.02775
0.02775
0.02825
0.02825
0.02825
0.02825
0.02775
0.02775
0.02775
0.02725
0.02725
0.02725
0.02725
0.02725
0.02775
0.02775
0.02725
0.02725
0.02725
0.02675
0.02675
0.02675
0.02675
0.02675
0.02625
0.02625
0.02625
0.02625
0.02625
0.02625
0.02675
0.02675
0.02675
0.02625
0.02625
0.02575
0.02575
0.02575
0.02575
0.02575
0.02575
0.02575
0.02575
0.02575
0.02575
0.02525
0.02525
0.02525
0.02525
0.02525
0.02525
0.02525
0.02525
0.02575
0.02575
0.02575
0.02575
0.02575
0.02525
0.02525
0.02525
0.02525
0.02525
0.02575
0.02575
0.02575
0.02575
0.02525
0.02525
0.02525
0.02525
0.02575
0.02575
0.02525
0.02525
0.02525
0.02525
0.02575
0.02625
0.02675
0.02725
0.02775
0.02775
0.02775
0.02775
0.02825
0.02825
0.02825
0.02875
0.02875
0.02875
0.02825
0.02825
0.02825
0.02875
0.02875
0.02875
0.02875
0.02825
0.02825
0.02825
0.02775
0.02775
0.02775
0.02725
0.02725
0.02725
0.02725
0.02725
0.02725
0.02725
0.02775
0.02775
0.02775
0.02775
0.02725
0.02725
0.02725
0.02725
0.02775
0.02825
0.02825
0.02825
0.02875
0.02875
0.02925
0.02875
0.02875
0.02825
0.02825
0.02825
0.02775
0.02775
0.02775
0.02725
0.02725
0.02725
0.02775
0.02775
0.02775
0.02725
0.02725
0.02675
0.02675
0.02675
0.02675
0.02675
0.02675
0.02675
0.02675
0.02675
0.02675
0.02675
0.02675
0.02625
0.02625
0.02625
0.02625
0.02625
0.02625
0.02625
0.02675
0.02675
0.02675
0.02675
0.02675
0.02675
0.02625
0.02625
0.02625
0.02625
0.02575
0.02575
0.02575
0.02575
0.02575
0.02525
0.02525
0.02525
0.02525
0.02525
0.02575
0.02575
0.02525
0.02525
0.02475
0.02475
0.02475
0.02475
0.02475
0.02475
0.02475
0.02475
0.02475
0.02475
0.02425
0.02425
0.02425
0.02425
0.02425
0.02475
0.02475
0.02475
0.02475
0.02425
0.02425
0.02425
0.02425
0.02475
0.02475
0.02475
0.02425
0.02425
0.02425
0.02425
0.02375
0.02375
0.02375
0.02375
0.02375
0.02375
0.02325
0.02325
0.02325
0.02325
0.02325
0.02375
0.02375
0.02375
0.02375
0.02325
0.02325
0.02325
0.02325
0.02375
0.02375
0.02425
0.02475
0.02475
0.02475
0.02425
0.02425
0.02375
0.02375
0.02325
0.02325
0.02325
0.02325
0.02375
0.02375
0.02325
0.02325
0.02325
0.02275
0.02275
0.02275
0.02275
0.02275
0.02275
0.02225
0.02225
0.02225
0.02225
0.02175
0.02175
0.02175
0.02175
0.02125
0.02125
0.02125
0.02175
0.02175
0.02175
0.02125
0.02125
0.02125
0.02125
0.02075
0.02075
0.02075
0.02075
0.02075
0.02075
0.02075
0.02075
0.02075
0.02025
0.02025
0.02025
0.02025
0.02075
0.02075
0.02075
0.02025
0.02025
0.01975
0.01975
0.01975
0.01975
0.01975
0.01925
0.01925
0.01925
0.01925
0.01925
0.01925
0.01975
0.01975
0.02025
0.02075
0.02075
0.02025
0.01975
0.01925
0.01925
0.01875
0.01875
0.01875
0.01875
0.01875
0.01875
0.01875
0.01825
0.01825
0.01825
0.01825
0.01775
0.01775
0.01775
0.01775
0.01725
0.01725
0.01725
0.01725
0.01725
0.01775
0.01825
0.01825
0.01825
0.01825
0.01875
0.01875
0.01925
0.01975
0.02025
0.02075
0.02075
0.02125
0.02175
0.02225
0.02275
0.02325
0.02375
0.02425
0.02425
0.02425
0.02425
0.02475
0.02475
0.02475
0.02475
0.02475
0.02425
0.02425
0.02425
0.02375
0.02375
0.02375
0.02325
0.02325
0.02325
0.02275
0.02275
0.02275
0.02275
0.02275
0.02225
0.02225
0.02225
0.02275
0.02275
0.02325
0.02375
0.02375
0.02425
0.02425
0.02475
0.02475
0.02475
0.02475
0.02475
0.02425
0.02425
0.02425
0.02425
0.02375
0.02375
0.02375
0.02375
0.02325
0.02325
0.02325
0.02325
0.02325
0.02375
0.02375
0.02425
0.02475
0.02475
0.02425
0.02425
0.02425
0.02375
0.02375
0.02375
0.02325
0.02325
0.02325
0.02325
0.02325
0.02375
0.02425
0.02425
0.02475
0.02475
0.02425
0.02425
0.02375
0.02375
0.02375
0.02325
0.02325
0.02325
0.02325
0.02375
0.02425
0.02475
0.02475
0.02475
0.02475
0.02475
0.02475
0.02475
0.02425
0.02425
0.02425
0.02425
0.02425
0.02475
0.02475
0.02475
0.02475
0.02425
0.02425
0.02425
0.02425
0.02475
0.02475
0.02475
0.02425
0.02425
0.02425
0.02425
0.02375
0.02375
0.02375
0.02375
0.02375
0.02375
0.02325
0.02325
0.02325
0.02325
0.02325
0.02375
0.02375
0.02375
0.02375
0.02375
0.02325
0.02325
0.02275
0.02275
0.02225
0.02225
0.02225
0.02175
0.02175
0.02175
0.02125
0.02125
0.02125
0.02175
0.02175
0.02175
0.02175
0.02175
0.02175
0.02125
0.02125
0.02125
0.02125
0.02175
0.02225
0.02275
0.02275
0.02325
0.02375
0.02375
0.02375
0.02425
0.02425
0.02475
0.02525
0.02525
0.02575
0.02625
0.02675
0.02725
0.02775
0.02775
0.02825
0.02825
0.02775
0.02725
0.02725
0.02675
0.02675
0.02625
0.02625
0.02575
0.02575
0.02525
0.02525
0.02525
0.02525
0.02575
0.02625
0.02675
0.02675
0.02675
0.02675
0.02625
0.02625
0.02625
0.02575
0.02575
0.02575
0.02525
0.02525
0.02525
0.02475
0.02475
0.02475
0.02425
0.02425
0.02425
0.02425
0.02475
0.02475
0.02475
0.02475
0.02425
0.02425
0.02425
0.02375
0.02375
0.02375
0.02325
0.02325
0.02325
0.02325
0.02325
0.02325
0.02375
0.02375
0.02375
0.02325
0.02325
0.02325
0.02325
0.02275
0.02275
0.02275
0.02275
0.02275
0.02275
0.02275
0.02225
0.02225
0.02225
0.02225
0.02175
0.02175
0.02175
0.02175
0.02125
0.02125
0.02125
0.02075
0.02075
0.02075
0.02075
0.02075
0.02075
0.02075
0.02075
0.02075
0.02075
0.02025
0.02025
0.02025
0.02025
0.02025
0.02025
0.02075
0.02075
0.02025
0.02025
0.01975
0.01975
0.01975
0.01975
0.01975
0.01975
0.01925
0.01925
0.01925
0.01925
0.01925
0.01925
0.01975
0.01975
0.01925
0.01925
0.01925
0.01975
0.02025
0.02025
0.02075
0.02075
0.02025
0.02025
0.02025
0.02025
0.02075
0.02075
0.02025
0.02025
0.01975
0.01975
0.01975
0.01975
0.01975
0.01925
0.01925
0.01925
0.01925
0.01925
0.01975
0.01975
0.01925
0.01925
0.01875
0.01875
0.01875
0.01875
0.01875
0.01875
0.01875
0.01875
0.01875
0.01875
0.01825
0.01825
0.01825
0.01825
0.01825
0.01825
0.01875
0.01875
0.01825
0.01825
0.01775
0.01775
0.01775
0.01775
0.01775
0.01775
0.01725
0.01725
0.01725
0.01725
0.01725
0.01725
0.01775
0.01775
0.01725
0.01725
0.01725
0.01775
0.01825
0.01825
0.01875
0.01875
0.01825
0.01825
0.01825
0.01825
0.01825
0.01825
0.01875
0.01875
0.01925
0.01925
0.01975
0.01975
0.01975
0.01925
0.01925
0.01925
0.01975
0.02025
0.02025
0.02025
0.02025
0.01975
0.01975
0.01975
0.01925
0.01925
0.01925
0.01925
0.01975
0.02025
0.02075
0.02075
0.02075
0.02025
0.02025
0.02025
0.02075
0.02075
0.02075
0.02075
0.02025
0.02025
0.02025
0.01975
0.01975
0.01975
0.01975
0.01975
0.01975
0.01975
0.01975
0.01975
0.01975
0.01925
0.01925
0.01925
0.01925
0.01925
0.01975
0.02025
0.02075
0.02075
0.02075
0.02075
0.02075
0.02025
0.02025
0.02025
0.01975
0.01975
0.01975
0.01925
0.01925
0.01925
0.01925
0.01975
0.01975
0.02025
0.02025
0.01975
0.01925
0.01925
0.01875
0.01875
0.01875
0.01875
0.01875
0.01875
0.01875
0.01875
0.01875
0.01825
0.01825
0.01825
0.01775
0.01775
0.01775
0.01775
0.01775
0.01725
0.01725
0.01725
0.01725
0.01725
0.01725
0.01775
0.01775
0.01725
0.01725
0.01775
0.01775
0.01775
0.01775
0.01825
0.01725
0.01725
0.01725
0.01675
0.01675
0.01675
0.01675
0.01675
0.01675
0.01625
0.01625
0.01575
0.01575
0.01525
0.01525
0.01475
0.01475
0.01425
0.01425
0.01375
0.01375
0.01325
0.01325
0.01325
0.01375
0.01425
0.01475
0.01525
0.01575
0.01625
0.01625
0.01625
0.01625
0.01675
0.01675
0.01675
0.01675
0.01625
0.01625
0.01575
0.01575
0.01525
0.01525
0.01475
0.01475
0.01425
0.01425
0.01375
0.01375
0.01325
0.01325
0.01325
0.01375
0.01425
0.01475
0.01525
0.01575
0.01625
0.01625
0.01625
0.01675
0.01675
0.01625
0.01575
0.01575
0.01575
0.01575
0.01575
0.01525
0.01525
0.01525
0.01575
0.01475
0.01475
0.01475
0.01475
0.01475
0.01425
0.01425
0.01425
0.01475
0.01375
0.01375
0.01375
0.01325
0.01325
0.01325
0.01325
0.01375
0.01425
0.01475
0.01475
0.01425
0.01425
0.01425
0.01375
0.01375
0.01375
0.01325
0.01325
0.01325
0.01325
0.01375
0.01425
0.01475
0.01525
0.01525
0.01525
0.01575
0.01575
0.01625
0.01675
0.01675
0.01625
0.01575
0.01525
0.01525
0.01525
0.01575
0.01475
0.01475
0.01475
0.01475
0.01475
0.01475
0.01425
0.01425
0.01425
0.01425
0.01425
0.01425
0.01475
0.01475
0.01475
0.01475
0.01475
0.01475
0.01425
0.01425
0.01425
0.01475
0.01525
0.01525
0.01575
0.01625
0.01625
0.01675
0.01675
0.01625
0.01625
0.01625
0.01675
0.01675
0.01725
0.01775
0.01775
0.01725
0.01725
0.01775
0.01775
0.01775
0.01775
0.01725
0.01725
0.01725
0.01775
0.01775
0.01775
0.01725
0.01725
0.01725
0.01675
0.01675
0.01675
0.01675
0.01675
0.01625
0.01625
0.01625
0.01625
0.01625
0.01625
0.01625
0.01675
0.01675
0.01675
0.01675
0.01625
0.01625
0.01625
0.01575
0.01575
0.01575
0.01575
0.01575
0.01575
0.01575
0.01525
0.01525
0.01525
0.01525
0.01525
0.01575
0.01575
0.01525
0.01525
0.01525
0.01525
0.01575
0.01575
0.01525
0.01475
0.01475
0.01475
0.01475
0.01475
0.01475
0.01425
0.01425
0.01425
0.01375
0.01375
0.01375
0.01325
0.01325
0.01325
0.01325
0.01375
0.01425
0.01425
0.01475
0.01475
0.01425
0.01425
0.01425
0.01425
0.01475
0.01475
0.01475
0.01475
0.01425
0.01425
0.01425
0.01375
0.01375
0.01375
0.01375
0.01325
0.01325
0.01325
0.01325
0.01325
0.01375
0.01425
0.01475
0.01475
0.01525
0.01575
0.01575
0.01625
0.01675
0.01725
0.01775
0.01825
0.01875
0.01875
0.01875
0.01875
0.01825
0.01825
0.01825
0.01775
0.01775
0.01775
0.01725
0.01725
0.01725
0.01675
0.01675
0.01675
0.01675
0.01675
0.01625
0.01625
0.01625
0.01625
0.01625
0.01675
0.01675
0.01725
0.01775
0.01825
0.01825
0.01825
0.01775
0.01775
0.01725
0.01725
0.01725
0.01775
0.01825
0.01825
0.01875
0.01875
0.01825
0.01825
0.01825
0.01825
0.01775
0.01775
0.01775
0.01725
0.01725
0.01725
0.01675
0.01675
0.01675
0.01675
0.01625
0.01625
0.01575
0.01575
0.01525
0.01525
0.01475
0.01475
0.01425
0.01425
0.01375
0.01375
0.01325
0.01325
0.01325
0.01375
0.01425
0.01475
0.01525
0.01575
0.01625
0.01625
0.01675
0.01675
0.01625
0.01625
0.01625
0.01675
0.01675
0.01625
0.01575
0.01525
0.01475
0.01425
0.01375
0.01325
0.01325
0.01375
0.01425
0.01475
0.01525
0.01575
0.01575
0.01575
0.01575
0.01525
0.01525
0.01525
0.01525
0.01575
0.01575
0.01575
0.01575
0.01575
0.01525
0.01525
0.01525
0.01525
0.01475
0.01475
0.01475
0.01475
0.01425
0.01425
0.01425
0.01425
0.01425
0.01425
0.01375
0.01375
0.01375
0.01325
0.01325
0.01325
0.01275
0.01275
0.01275
0.01325
0.01275
0.01275
0.01275
0.01275
0.01275
0.01275
0.01225
0.01225
0.01225
0.01225
0.01175
0.01175
0.01175
0.01175
0.01125
0.01125
0.01125
0.01125
0.01125
0.01175
0.01225
0.01225
0.01275
0.01275
0.01275
0.01225
0.01225
0.01175
0.01175
0.01125
0.01125
0.01125
0.01175
0.01175
0.01225
0.01225
0.01225
0.01225
0.01225
0.01225
0.01225
0.01225
0.01225
0.01275
0.01275
0.01225
0.01225
0.01275
0.01275
0.01275
0.01275
0.01225
0.01225
0.01225
0.01175
0.01175
0.01175
0.01175
0.01175
0.01125
0.01125
0.01125
0.01125
0.01125
0.01175
0.01175
0.01225
0.01275
0.01275
0.01225
0.01225
0.01275
0.01275
0.01275
0.01275
0.01225
0.01225
0.01225
0.01175
0.01175
0.01175
0.01175
0.01125
0.01125
0.01125
0.01125
0.01125
0.01175
0.01175
0.01175
0.01175
0.01175
0.01125
0.01125
0.01125
0.01125
0.01125
0.01125
0.01125
0.01175
0.01225
0.01275
0.01325
0.01375
0.01375
0.01375
0.01375
0.01375
0.01375
0.01375
0.01325
0.01325
0.01325
0.01325
0.01325
0.01375
0.01375
0.01325
0.01325
0.01375
0.01425
0.01425
0.01425
0.01425
0.01375
0.01375
0.01375
0.01325
0.01325
0.01325
0.01325
0.01325
0.01325
0.01375
0.01425
0.01475
0.01475
0.01475
0.01475
0.01425
0.01425
0.01425
0.01375
0.01375
0.01375
0.01375
0.01325
0.01325
0.01325
0.01325
0.01325
0.01375
0.01375
0.01325
0.01325
0.01375
0.01425
0.01475
0.01525
0.01575
0.01575
0.01525
0.01525
0.01475
0.01475
0.01475
0.01425
0.01425
0.01425
0.01425
0.01375
0.01375
0.01375
0.01325
0.01325
0.01325
0.01375
0.01375
0.01375
0.01425
0.01475
0.01475
0.01525
0.01575
0.01625
0.01675
0.01725
0.01775
0.01825
0.01825
0.01875
0.01875
0.01825
0.01825
0.01875
0.01925
0.01975
0.02025
0.02075
0.02075
0.02125
0.02175
0.02175
0.02125
0.02125
0.02075
0.02075
0.02025
0.02025
0.02025
0.02075
0.02075
0.02075
0.02075
0.02075
0.02075
0.02025
0.02025
0.02025
0.02025
0.02025
0.02025
0.02025
0.02025
0.01975
0.01975
0.01975
0.01975
0.01975
0.01975
0.01925
0.01925
0.01925
0.01925
0.01925
0.01925
0.01975
0.01975
0.01925
0.01925
0.01925
0.01975
0.02025
0.02075
0.02075
0.02075
0.02075
0.02075
0.02075
0.02025
0.02025
0.02025
0.02025
0.02025
0.02025
0.02075
0.02075
0.02025
0.02025
0.02075
0.02075
0.02075
0.02075
0.02075
0.02075
0.02025
0.02025
0.02025
0.02025
0.02025
0.02025
0.02075
0.02075
0.02025
0.01975
0.01975
0.01975
0.01975
0.01975
0.01975
0.01975
0.01975
0.01975
0.01925
0.01925
0.01925
0.01925
0.01925
0.01975
0.01975
0.01975
0.01925
0.01925
0.01925
0.01975
0.01975
0.01925
0.01925
0.01925
0.01925
0.01925
0.01925
0.01925
0.01975
0.01975
0.02025
0.02075
0.02125
0.02125
0.02175
0.02175
0.02175
0.02175
0.02225
0.02225
0.02225
0.02225
0.02175
0.02175
0.02175
0.02125
0.02125
0.02125
0.02125
0.02075
0.02075
0.02075
0.02075
0.02025
0.02025
0.02025
0.02025
0.02025
0.01975
0.01975
0.01975
0.01975
0.01925
0.01925
0.01925
0.01925
0.01875
0.01875
0.01875
0.01875
0.01875
0.01875
0.01875
0.01875
0.01825
0.01825
0.01825
0.01825
0.01825
0.01825
0.01875
0.01875
0.01825
0.01825
0.01775
0.01775
0.01775
0.01775
0.01775
0.01775
0.01725
0.01725
0.01725
0.01725
0.01725
0.01725
0.01775
0.01775
0.01725
0.01725
0.01725
0.01775
0.01825
0.01825
0.01875
0.01875
0.01825
0.01825
0.01775
0.01775
0.01775
0.01725
0.01725
0.01725
0.01775
0.01775
0.01775
0.01775
0.01725
0.01725
0.01725
0.01675
0.01675
0.01675
0.01675
0.01675
0.01675
0.01675
0.01675
0.01675
0.01625
0.01625
0.01575
0.01575
0.01525
0.01525
0.01475
0.01475
0.01425
0.01425
0.01375
0.01375
0.01325
0.01325
0.01325
0.01375
0.01425
0.01475
0.01525
0.01575
0.01625
0.01625
0.01675
0.01675
0.01625
0.01625
0.01625
0.01625
0.01675
0.01675
0.01625
0.01625
0.01575
0.01575
0.01575
0.01575
0.01575
0.01525
0.01525
0.01525
0.01525
0.01525
0.01575
0.01575
0.01525
0.01525
0.01525
0.01575
0.01625
0.01625
0.01675
0.01675
0.01625
0.01625
0.01625
0.01625
0.01675
0.01675
0.01625
0.01625
0.01675
0.01725
0.01775
0.01825
0.01875
0.01925
0.01975
0.02025
0.02025
0.02075
0.02125
0.02175
0.02225
0.02225
0.02275
0.02275
0.02225
0.02225
0.02225
0.02275
0.02275
0.02275
0.02275
0.02225
0.02225
0.02225
0.02175
0.02175
0.02175
0.02175
0.02125
0.02125
0.02125
0.02125
0.02075
0.02075
0.02075
0.02075
0.02025
0.02025
0.02025
0.02025
0.02025
0.02075
0.02125
0.02125
0.02125
0.02175
0.02225
0.02275
0.02275
0.02225
0.02225
0.02225
0.02225
0.02275
0.02275
0.02275
0.02275
0.02225
0.02225
0.02225
0.02225
0.02225
0.02175
0.02175
0.02175
0.02125
0.02125
0.02125
0.02175
0.02175
0.02175
0.02175
0.02125
0.02125
0.02125
0.02125
0.02125
0.02175
0.02175
0.02175
0.02175
0.02125
0.02125
0.02125
0.02075
0.02075
0.02075
0.02025
0.02025
0.02025
0.02075
0.02075
0.02075
0.02075
0.02025
0.02025
0.02025
0.02025
0.02025
0.02075
0.02125
0.02175
0.02225
0.02275
0.02275
0.02325
0.02325
0.02375
0.02375
0.02425
0.02475
0.02475
0.02525
0.02525
0.02575
0.02575
0.02625
0.02675
0.02725
0.02775
0.02825
0.02875
0.02875
0.02825
0.02825
0.02875
0.02875
0.02825
0.02775
0.02775
0.02775
0.02725
0.02725
0.02725
0.02675
0.02675
0.02675
0.02675
0.02675
0.02675
0.02675
0.02625
0.02625
0.02625
0.02625
0.02575
0.02575
0.02575
0.02575
0.02575
0.02575
0.02525
0.02525
0.02525
0.02525
0.02525
0.02525
0.02575
0.02575
0.02525
0.02525
0.02525
0.02575
0.02625
0.02625
0.02625
0.02625
0.02625
0.02625
0.02625
0.02675
0.02675
0.02675
0.02625
0.02625
0.02625
0.02625
0.02575
0.02575
0.02575
0.02575
0.02575
0.02525
0.02525
0.02525
0.02525
0.02525
0.02575
0.02575
0.02575
0.02575
0.02525
0.02525
0.02525
0.02475
0.02475
0.02475
0.02425
0.02425
0.02425
0.02425
0.02475
0.02475
0.02475
0.02475
0.02475
0.02475
0.02475
0.02475
0.02475
0.02425
0.02425
0.02425
0.02425
0.02425
0.02425
0.02475
0.02475
0.02425
0.02425
0.02375
0.02375
0.02375
0.02375
0.02375
0.02375
0.02325
0.02325
0.02325
0.02325
0.02275
0.02275
0.02275
0.02275
0.02275
0.02225
0.02225
0.02225
0.02225
0.02225
0.02225
0.02225
0.02275
0.02275
0.02225
0.02175
0.02175
0.02175
0.02175
0.02175
0.02175
0.02175
0.02125
0.02125
0.02125
0.02125
0.02075
0.02075
0.02075
0.02075
0.02025
0.02025
0.02025
0.02025
0.01975
0.01975
0.01975
0.01975
0.01925
0.01925
0.01925
0.01925
0.01925
0.01975
0.02025
0.02025
0.01975
0.01975
0.01975
0.01925
0.01925
0.01925
0.01925
0.01975
0.01975
0.01925
0.01925
0.01975
0.02025
0.02075
0.02125
0.02125
0.02125
0.02125
0.02125
0.02175
0.02225
0.02275
0.02325
0.02375
0.02425
0.02425
0.02475
0.02525
0.02575
0.02575
0.02525
0.02475
0.02475
0.02425
0.02425
0.02375
0.02375
0.02325
0.02325
0.02325
0.02375
0.02375
0.02425
0.02475
0.02525
0.02575
0.02575
0.02625
0.02675
0.02675
0.02675
0.02625
0.02625
0.02575
0.02575
0.02525
0.02525
0.02525
0.02475
0.02425
0.02425
0.02475
0.02475
0.02425
0.02375
0.02375
0.02375
0.02325
0.02325
0.02275
0.02275
0.02275
0.02275
0.02225
0.02225
0.02225
0.02175
0.02175
0.02175
0.02125
0.02125
0.02125
0.02125
0.02125
0.02175
0.02175
0.02225
0.02275
0.02275
0.02275
0.02275
0.02275
0.02225
0.02225
0.02225
0.02225
0.02225
0.02275
0.02275
0.02275
0.02275
0.02225
0.02225
0.02225
0.02225
0.02275
0.02325
0.02325
0.02275
0.02275
0.02275
0.02225
0.02225
0.02225
0.02175
0.02175
0.02175
0.02175
0.02175
0.02125
0.02125
0.02125
0.02125
0.02125
0.02125
0.02125
0.02175
0.02175
0.02125
0.02125
0.02175
0.02225
0.02275
0.02325
0.02375
0.02375
0.02325
0.02325
0.02325
0.02375
0.02425
0.02425
0.02475
0.02475
0.02425
0.02425
0.02375
0.02375
0.02375
0.02325
0.02325
0.02325
0.02375
0.02375
0.02375
0.02375
0.02375
0.02325
0.02325
0.02325
0.02325
0.02325
0.02375
0.02425
0.02475
0.02525
0.02575
0.02575
0.02625
0.02625
0.02675
0.02575
0.02525
0.02525
0.02475
0.02475
0.02425
0.02425
0.02375
0.02375
0.02325
0.02325
0.02325
0.02275
0.02275
0.02225
0.02225
0.02225
0.02275
0.02275
0.02275
0.02275
0.02225
0.02225
0.02225
0.02175
0.02175
0.02175
0.02125
0.02125
0.02125
0.02175
0.02175
0.02175
0.02175
0.02175
0.02225
0.02225
0.02275
0.02275
0.02325
0.02325
0.02275
0.02225
0.02225
0.02175
0.02125
0.02125
0.02175
0.02175
0.02225
0.02125
0.02125
0.02125
0.02125
0.02125
0.02075
0.02075
0.02075
0.02075
0.02075
0.02075
0.02025
0.02025
0.02025
0.02025
0.01975
0.01975
0.01975
0.01975
0.01925
0.01925
0.01925
0.01925
0.01925
0.01875
0.01875
0.01875
0.01875
0.01875
0.01825
0.01825
0.01825
0.01825
0.01775
0.01775
0.01775
0.01775
0.01725
0.01725
0.01725
0.01725
0.01725
0.01775
0.01825
0.01825
0.01875
0.01875
0.01875
0.01825
0.01825
0.01825
0.01875
0.01925
0.01925
0.01925
0.01925
0.01875
0.01875
0.01875
0.01875
0.01825
0.01825
0.01825
0.01875
0.01875
0.01875
0.01825
0.01825
0.01825
0.01825
0.01775
0.01775
0.01775
0.01775
0.01725
0.01725
0.01725
0.01725
0.01725
0.01775
0.01775
0.01775
0.01775
0.01825
0.01825
0.01875
0.01875
0.01825
0.01775
0.01775
0.01775
0.01775
0.01775
0.01775
0.01725
0.01725
0.01725
0.01775
0.01775
0.01825
0.01825
0.01875
0.01875
0.01875
0.01825
0.01825
0.01825
0.01825
0.01875
0.01875
0.01825
0.01775
0.01775
0.01775
0.01775
0.01775
0.01725
0.01725
0.01725
0.01775
0.01775
0.01825
0.01875
0.01925
0.01975
0.02025
0.02075
0.02075
0.02125
0.02125
0.02175
0.02225
0.02225
0.02175
0.02125
0.02075
0.02075
0.02025
0.02025
0.01975
0.01925
0.01925
0.01975
0.01975
0.02025
0.02025
0.02075
0.02075
0.02025
0.02025
0.02075
0.02075
0.02075
0.02075
0.02025
0.02025
0.02025
0.02025
0.01975
0.01975
0.01975
0.01975
0.01925
0.01925
0.01925
0.01925
0.01875
0.01825
0.01825
0.01875
0.01875
0.01875
0.01875
0.01925
0.01925
0.01875
0.01875
0.01825
0.01825
0.01825
0.01825
0.01775
0.01775
0.01775
0.01775
0.01725
0.01725
0.01725
0.01725
0.01725
0.01725
0.01725
0.01675
0.01675
0.01675
0.01675
0.01675
0.01625
0.01625
0.01625
0.01625
0.01625
0.01675
0.01675
0.01625
0.01625
0.01575
0.01575
0.01575
0.01525
0.01525
0.01525
0.01525
0.01525
0.01575
0.01625
0.01675
0.01675
0.01675
0.01675
0.01675
0.01675
0.01625
0.01625
0.01625
0.01575
0.01575
0.01575
0.01525
0.01525
0.01525
0.01475
0.01475
0.01475
0.01475
0.01475
0.01525
0.01425
0.01425
0.01425
0.01425
0.01425
0.01375
0.01375
0.01375
0.01375
0.01325
0.01325
0.01325
0.01325
0.01325
0.01325
0.01275
0.01275
0.01275
0.01275
0.01225
0.01225
0.01175
0.01175
0.01125
0.01125
0.01075
0.01075
0.01075
0.01075
0.01075
0.01075
0.01075
0.01075
0.01075
0.01025
0.01025
0.01025
0.01025
0.00975
0.00975
0.00975
0.00975
0.00925
0.00925
0.00925
0.00925
0.00925
0.00975
0.01025
0.01025
0.01025
0.01025
0.00975
0.00975
0.00975
0.00925
0.00925
0.00925
0.00925
0.00975
0.01025
0.01075
0.01125
0.01125
0.01175
0.01175
0.01175
0.01175
0.01225
0.01275
0.01275
0.01225
0.01225
0.01275
0.01275
0.01275
0.01275
0.01225
0.01225
0.01225
0.01175
0.01175
0.01175
0.01175
0.01175
0.01125
0.01125
0.01125
0.01125
0.01075
0.01075
0.01075
0.01075
0.01075
0.01075
0.01075
0.01075
0.01025
0.01025
0.01025
0.01025
0.01025
0.01025
0.01075
0.01075
0.01025
0.01025
0.00975
0.00975
0.00975
0.00975
0.00975
0.00975
0.00925
0.00925
0.00925
0.00925
0.00925
0.00925
0.00975
0.00975
0.00925
0.00925
0.00925
0.00975
0.01025
0.01025
0.01075
0.01075
0.01025
0.01025
0.01025
0.01075
0.01075
0.01125
0.01175
0.01225
0.01275
0.01275
0.01225
0.01225
0.01275
0.01275
0.01275
0.01275
0.01225
0.01225
0.01225
0.01175
0.01175
0.01175
0.01175
0.01175
0.01125
0.01125
0.01125
0.01125
0.01125
0.01125
0.01125
0.01125
0.01125
0.01125
0.01175
0.01225
0.01275
0.01275
0.01275
0.01275
0.01275
0.01275
0.01275
0.01275
0.01275
0.01275
0.01275
0.01225
0.01225
0.01225
0.01225
0.01225
0.01275
0.01275
0.01225
0.01225
0.01275
0.01275
0.01275
0.01275
0.01225
0.01225
0.01225
0.01225
0.01225
0.01275
0.01175
0.01175
0.01175
0.01175
0.01175
0.01125
0.01125
0.01125
0.01125
0.01125
0.01125
0.01175
0.01175
0.01225
0.01225
0.01225
0.01225
0.01225
0.01275
0.01275
0.01275
0.01275
0.01275
0.01225
0.01225
0.01225
0.01225
0.01225
0.01275
0.01325
0.01325
0.01325
0.01275
0.01275
0.01225
0.01225
0.01225
0.01275
0.01275
0.01275
0.01225
0.01225
0.01175
0.01175
0.01175
0.01175
0.01175
0.01125
0.01125
0.01125
0.01125
0.01175
0.01175
0.01175
0.01175
0.01225
0.01125
0.01125
0.01125
0.01175
0.01175
0.01175
0.01125
0.01125
0.01125
0.01075
0.01075
0.01075
0.01075
0.01075
0.01075
0.01075
0.01075
0.01075
0.01025
0.01025
0.01025
0.01025
0.01025
0.01075
0.01075
0.01075
0.01075
0.01025
0.01025
0.01025
0.00975
0.00975
0.00975
0.00975
0.00975
0.00925
0.00925
0.00925
0.00925
0.00925
0.00925
0.00975
0.00975
0.00975
0.00925
0.00925
0.00925
0.00975
0.01025
0.01075
0.01075
0.01075
0.01075
0.01025
0.01025
0.01025
0.00975
0.00975
0.00975
0.00975
0.00975
0.00925
0.00925
0.00925
0.00975
0.00975
0.00975
0.01025
0.01025
0.01075
0.01075
0.01075
0.01075
0.01075
0.01025
0.01025
0.01025
0.01025
0.00975
0.00975
0.00975
0.00975
0.00925
0.00925
0.00925
0.00925
0.00925
0.00975
0.01025
0.01075
0.01125
0.01125
0.01125
0.01125
0.01175
0.01175
0.01225
0.01225
0.01275
0.01325
0.01375
0.01425
0.01475
0.01475
0.01475
0.01475
0.01425
0.01425
0.01425
0.01375
0.01375
0.01375
0.01325
0.01325
0.01325
0.01275
0.01275
0.01275
0.01275
0.01275
0.01225
0.01225
0.01225
0.01225
0.01225
0.01275
0.01275
0.01275
0.01225
0.01225
0.01175
0.01175
0.01125
0.01125
0.01075
0.01075
0.01025
0.01025
0.00975
0.00975
0.00925
0.00925
0.00925
0.00975
0.01025
0.01075
0.01125
0.01175
0.01175
0.01175
0.01175
0.01125
0.01125
0.01125
0.01125
0.01175
0.01225
0.01225
0.01225
0.01275
0.01275
0.01225
0.01225
0.01275
0.01325
0.01375
0.01375
0.01375
0.01375
0.01325
0.01325
0.01325
0.01275
0.01275
0.01275
0.01225
0.01225
0.01225
0.01175
0.01175
0.01175
0.01175
0.01125
0.01125
0.01125
0.01125
0.01125
0.01175
0.01225
0.01275
0.01275
0.01275
0.01225
0.01225
0.01175
0.01175
0.01125
0.01125
0.01075
0.01075
0.01025
0.01025
0.00975
0.00975
0.00925
0.00925
0.00925
0.00975
0.01025
0.01075
0.01075
0.01075
0.01075
0.01025
0.01025
0.01025
0.00975
0.00975
0.00975
0.00975
0.00925
0.00925
0.00925
0.00875
0.00875
0.00875
0.00875
0.00875
0.00875
0.00875
0.00875
0.00875
0.00825
0.00774999
0.00724996
0.00674985
0.00624957
0.00574887
0.00524729
0.00524774
0.00574904
0.00624963
0.00674987
0.00724996
0.00774999
0.00825
0.00825
0.00875
0.00875
0.00875
0.00825
0.00825
0.00774999
0.00774999
0.00724996
0.00724997
0.00724997
0.00774999
0.00774999
0.00825
0.00875
0.00875
0.00825
0.00825
0.00875
0.00875
0.00825
0.00775
0.00775
0.00774999
0.00724998
0.00724998
0.00674992
0.00674991
0.0067499
0.00674989
0.00624968
0.00624972
0.00624975
0.00574935
0.00574929
0.00574919
0.00524809
0.0052483
0.00524844
0.00524855
0.00574941
0.00624978
0.00624979
0.00674993
0.00674994
0.00724998
0.00724998
0.00674994
0.00624982
0.00624981
0.00574948
0.00574945
0.00524864
0.0052487
0.00524873
0.0057495
0.00574975
0.00624991
0.00674997
0.00724999
0.00775
0.00825
0.00875
0.00925
0.00925
0.00975
0.01025
0.01025
0.01025
0.01025
0.01075
0.01075
0.01025
0.01025
0.01025
0.01075
0.01075
0.01075
0.01075
0.01075
0.01075
0.01075
0.01075
0.01025
0.01025
0.01025
0.01025
0.01025
0.01025
0.01025
0.01025
0.00975
0.00975
0.00975
0.00975
0.00975
0.00975
0.00975
0.00975
0.00925
0.00925
0.00925
0.00925
0.00925
0.00925
0.00925
0.00925
0.00975
0.00975
0.00975
0.00975
0.00975
0.00925
0.00925
0.00925
0.00925
0.00875
0.00875
0.00875
0.00875
0.00875
0.00875
0.00875
0.00875
0.00825
0.00825
0.00825
0.00825
0.00875
0.00875
0.00825
0.00825
0.00875
0.00875
0.00825
0.00774999
0.00774999
0.00774999
0.00774999
0.00724996
0.00724997
0.00724997
0.00724997
0.00724998
0.00774999
0.00825
0.00875
0.00875
0.00825
0.00825
0.00875
0.00875
0.00825
0.00775
0.00774999
0.00774999
0.00724998
0.00724998
0.00724998
0.00674994
0.00674994
0.00674993
0.00674992
0.00674991
0.0067499
0.00674989
0.00674987
0.00624963
0.00624968
0.00624972
0.00624975
0.00574935
0.00574929
0.00574919
0.00574904
0.00524774
0.00524809
0.0052483
0.00524844
0.00524855
0.00574941
0.00624977
0.00624979
0.00624981
0.00624982
0.0057495
0.00574948
0.00574945
0.00524864
0.0052487
0.00524873
0.00524939
0.00574975
0.00624991
0.00674997
0.00724999
0.00775
0.00825
0.00875
0.00875
0.00875
0.00875
0.00875
0.00875
0.00875
0.00825
0.00825
0.00825
0.00774999
0.00774999
0.00774999
0.00775
0.00724999
0.00724998
0.00724997
0.00724998
0.00724998
0.00775
0.00775
0.00775
0.00825
0.00825
0.00775
0.00724999
0.00724999
0.00724999
0.00725
0.00775
0.00825
0.00875
0.00875
0.00875
0.00825
0.00825
0.00825
0.00825
0.00775
0.00775
0.00775
0.00775
0.00724999
0.00724999
0.00724998
0.00724999
0.00674998
0.00674995
0.00674993
0.00674991
0.00674993
0.00674997
0.00624991
0.00624982
0.00624974
0.00624982
0.00624986
0.00674995
0.00674998
0.00674998
0.00674995
0.00624988
0.00624996
0.00624995
0.00624998
0.00674999
0.00675
0.00725
0.00775
0.00825
0.00875
0.00875
0.00875
0.00825
0.00825
0.00775
0.00775
0.00725
0.00725
0.00725
0.00775
0.00825
0.00825
0.00825
0.00825
0.00825
0.00875
0.00875
0.00825
0.00825
0.00875
0.00875
0.00825
0.00775
0.00775
0.00775
0.00775
0.00775
0.00725
0.00724999
0.00724999
0.00725
0.00725
0.00775
0.00775
0.00825
0.00875
0.00875
0.00825
0.00825
0.00875
0.00925
0.00975
0.00975
0.01025
0.01075
0.01125
0.01175
0.01175
0.01175
0.01175
0.01125
0.01125
0.01125
0.01075
0.01075
0.01075
0.01075
0.01075
0.01025
0.01025
0.01025
0.01075
0.01075
0.01075
0.01075
0.01125
0.01125
0.01175
0.01175
0.01175
0.01175
0.01125
0.01125
0.01125
0.01075
0.01075
0.01075
0.01075
0.01025
0.01025
0.01025
0.01025
0.01025
0.00975
0.00975
0.00975
0.00975
0.00975
0.00925
0.00925
0.00925
0.00975
0.00975
0.01025
0.01025
0.01025
0.01025
0.01075
0.01075
0.01125
0.01175
0.01225
0.01225
0.01275
0.01275
0.01225
0.01225
0.01275
0.01325
0.01375
0.01425
0.01475
0.01525
0.01575
0.01575
0.01575
0.01575
0.01525
0.01525
0.01525
0.01475
0.01475
0.01475
0.01425
0.01425
0.01425
0.01375
0.01375
0.01375
0.01325
0.01325
0.01325
0.01275
0.01275
0.01275
0.01225
0.01225
0.01225
0.01175
0.01175
0.01175
0.01175
0.01175
0.01175
0.01125
0.01125
0.01125
0.01175
0.01175
0.01175
0.01225
0.01275
0.01325
0.01375
0.01425
0.01425
0.01475
0.01475
0.01425
0.01375
0.01375
0.01325
0.01325
0.01325
0.01375
0.01425
0.01475
0.01525
0.01575
0.01625
0.01675
0.01675
0.01675
0.01675
0.01625
0.01625
0.01625
0.01575
0.01575
0.01575
0.01525
0.01525
0.01525
0.01475
0.01475
0.01475
0.01425
0.01425
0.01425
0.01375
0.01375
0.01375
0.01325
0.01325
0.01325
0.01275
0.01275
0.01275
0.01225
0.01225
0.01225
0.01225
0.01275
0.01275
0.01225
0.01175
0.01125
0.01075
0.01075
0.01025
0.01025
0.00975
0.00975
0.00925
0.00925
0.00925
0.00975
0.01025
0.01075
0.01075
0.01075
0.01075
0.01025
0.01025
0.01025
0.00975
0.00975
0.00975
0.00925
0.00925
0.00925
0.00925
0.00975
0.01025
0.01075
0.01075
0.01075
0.01075
0.01025
0.01025
0.01025
0.00975
0.00975
0.00975
0.00925
0.00925
0.00925
0.00925
0.00975
0.01025
0.01025
0.01075
0.01125
0.01125
0.01125
0.01125
0.01175
0.01225
0.01275
0.01325
0.01375
0.01425
0.01475
0.01475
0.01525
0.01575
0.01625
0.01625
0.01625
0.01575
0.01575
0.01525
0.01525
0.01525
0.01575
0.01625
0.01675
0.01675
0.01675
0.01675
0.01725
0.01725
0.01725
0.01725
0.01725
0.01725
0.01725
0.01725
0.01775
0.01825
0.01875
0.01925
0.01975
0.01975
0.01925
0.01925
0.01975
0.01975
0.02025
0.02025
0.02075
0.02125
0.02175
0.02175
0.02225
0.02225
0.02275
0.02275
0.02225
0.02175
0.02175
0.02175
0.02125
0.02125
0.02125
0.02125
0.02125
0.02075
0.02075
0.02075
0.02025
0.02025
0.02025
0.01975
0.01975
0.01975
0.01975
0.01975
0.01975
0.01975
0.01975
0.01975
0.01975
0.01925
0.01925
0.01925
0.01925
0.01925
0.01925
0.01975
0.01975
0.01925
0.01925
0.01925
0.01925
0.01975
0.01975
0.01925
0.01925
0.01925
0.01925
0.01975
0.01975
0.01925
0.01925
0.01925
0.01875
0.01875
0.01825
0.01825
0.01775
0.01775
0.01775
0.01775
0.01725
0.01725
0.01675
0.01675
0.01625
0.01625
0.01625
0.01675
0.01675
0.01675
0.01675
0.01725
0.01725
0.01725
0.01725
0.01775
0.01775
0.01825
0.01825
0.01875
0.01925
0.01925
0.01975
0.01975
0.02025
0.02075
0.02125
0.02125
0.02175
0.02125
0.02125
0.02125
0.02125
0.02175
0.02225
0.02275
0.02275
0.02275
0.02275
0.02275
0.02225
0.02225
0.02225
0.02225
0.02175
0.02175
0.02175
0.02175
0.02175
0.02175
0.02125
0.02125
0.02125
0.02125
0.02125
0.02125
0.02175
0.02175
0.02125
0.02125
0.02075
0.02075
0.02075
0.02075
0.02075
0.02075
0.02075
0.02075
0.02075
0.02025
0.02025
0.02025
0.01975
0.01975
0.01975
0.01975
0.01925
0.01925
0.01925
0.01925
0.01925
0.01975
0.02025
0.02075
0.02075
0.02075
0.02075
0.02025
0.02025
0.02025
0.01975
0.01975
0.01975
0.01925
0.01925
0.01925
0.01925
0.01975
0.02025
0.02025
0.02025
0.02025
0.02075
0.02075
0.02025
0.02025
0.02075
0.02075
0.02075
0.02075
0.02075
0.02075
0.02075
0.02025
0.02025
0.02025
0.02075
0.01975
0.01975
0.01975
0.01925
0.01925
0.01925
0.01925
0.01925
0.01975
0.02025
0.02025
0.02025
0.01975
0.01975
0.01925
0.01925
0.01875
0.01875
0.01875
0.01875
0.01875
0.01875
0.01875
0.01875
0.01875
0.01875
0.01875
0.01875
0.01825
0.01825
0.01825
0.01825
0.01825
0.01875
0.01875
0.01875
0.01875
0.01825
0.01825
0.01825
0.01825
0.01825
0.01825
0.01825
0.01875
0.01875
0.01825
0.01825
0.01875
0.01875
0.01825
0.01825
0.01775
0.01775
0.01775
0.01775
0.01775
0.01775
0.01725
0.01725
0.01725
0.01775
0.01775
0.01825
0.01825
0.01875
0.01925
0.01975
0.02025
0.02025
0.02075
0.02125
0.02175
0.02225
0.02275
0.02325
0.02375
0.02375
0.02375
0.02325
0.02325
0.02275
0.02275
0.02225
0.02225
0.02175
0.02175
0.02125
0.02125
0.02075
0.02075
0.02025
0.02025
0.01975
0.01975
0.01925
0.01925
0.01925
0.01975
0.01975
0.02025
0.02075
0.02075
0.02025
0.02025
0.02075
0.02075
0.02025
0.01975
0.01975
0.01975
0.01925
0.01925
0.01875
0.01875
0.01875
0.01875
0.01825
0.01825
0.01825
0.01775
0.01775
0.01775
0.01775
0.01775
0.01775
0.01725
0.01725
0.01725
0.01725
0.01775
0.01775
0.01775
0.01775
0.01725
0.01725
0.01725
0.01675
0.01675
0.01675
0.01675
0.01625
0.01625
0.01575
0.01575
0.01525
0.01525
0.01525
0.01575
0.01625
0.01625
0.01675
0.01675
0.01675
0.01625
0.01625
0.01575
0.01575
0.01525
0.01525
0.01525
0.01575
0.01575
0.01625
0.01675
0.01725
0.01725
0.01725
0.01725
0.01725
0.01775
0.01775
0.01725
0.01725
0.01725
0.01725
0.01675
0.01675
0.01675
0.01675
0.01675
0.01675
0.01675
0.01675
0.01675
0.01625
0.01625
0.01625
0.01625
0.01625
0.01675
0.01675
0.01675
0.01675
0.01625
0.01625
0.01625
0.01575
0.01575
0.01575
0.01575
0.01575
0.01525
0.01525
0.01525
0.01525
0.01525
0.01525
0.01575
0.01575
0.01575
0.01525
0.01525
0.01525
0.01575
0.01625
0.01675
0.01725
0.01775
0.01775
0.01775
0.01775
0.01725
0.01725
0.01725
0.01675
0.01675
0.01675
0.01625
0.01625
0.01625
0.01625
0.01625
0.01625
0.01625
0.01575
0.01575
0.01575
0.01575
0.01575
0.01525
0.01525
0.01525
0.01525
0.01525
0.01525
0.01575
0.01575
0.01525
0.01525
0.01575
0.01625
0.01675
0.01675
0.01675
0.01675
0.01675
0.01625
0.01625
0.01625
0.01625
0.01625
0.01625
0.01575
0.01575
0.01575
0.01575
0.01575
0.01525
0.01525
0.01525
0.01525
0.01525
0.01525
0.01575
0.01575
0.01625
0.01675
0.01675
0.01725
0.01775
0.01825
0.01875
0.01875
0.01825
0.01825
0.01825
0.01825
0.01875
0.01875
0.01875
0.01875
0.01825
0.01825
0.01825
0.01775
0.01775
0.01775
0.01725
0.01725
0.01725
0.01725
0.01775
0.01775
0.01775
0.01725
0.01725
0.01725
0.01775
0.01775
0.01725
0.01675
0.01675
0.01675
0.01675
0.01675
0.01675
0.01725
0.01725
0.01775
0.01775
0.01825
0.01875
0.01875
0.01825
0.01775
0.01725
0.01725
0.01725
0.01775
0.01825
0.01875
0.01875
0.01875
0.01875
0.01825
0.01825
0.01825
0.01825
0.01825
0.01875
0.01875
0.01825
0.01825
0.01775
0.01775
0.01775
0.01775
0.01775
0.01725
0.01725
0.01725
0.01725
0.01725
0.01775
0.01775
0.01725
0.01725
0.01775
0.01825
0.01875
0.01875
0.01925
0.01925
0.01875
0.01825
0.01825
0.01775
0.01775
0.01775
0.01725
0.01725
0.01675
0.01675
0.01675
0.01675
0.01675
0.01675
0.01625
0.01625
0.01625
0.01625
0.01625
0.01675
0.01675
0.01675
0.01625
0.01625
0.01575
0.01575
0.01575
0.01575
0.01575
0.01575
0.01575
0.01525
0.01525
0.01525
0.01525
0.01525
0.01525
0.01525
0.01575
0.01575
0.01575
0.01575
0.01525
0.01525
0.01525
0.01575
0.01575
0.01575
0.01525
0.01525
0.01525
0.01525
0.01475
0.01475
0.01475
0.01475
0.01475
0.01475
0.01475
0.01475
0.01475
0.01475
0.01425
0.01425
0.01375
0.01375
0.01325
0.01325
0.01325
0.01375
0.01425
0.01425
0.01475
0.01475
0.01475
0.01425
0.01425
0.01425
0.01425
0.01475
0.01475
0.01425
0.01375
0.01375
0.01375
0.01375
0.01375
0.01325
0.01325
0.01325
0.01375
0.01375
0.01425
0.01475
0.01475
0.01475
0.01475
0.01425
0.01425
0.01425
0.01425
0.01425
0.01475
0.01475
0.01425
0.01425
0.01375
0.01375
0.01375
0.01375
0.01375
0.01325
0.01325
0.01325
0.01325
0.01325
0.01325
0.01325
0.01325
0.01325
0.01325
0.01375
0.01425
0.01475
0.01475
0.01475
0.01425
0.01425
0.01375
0.01375
0.01325
0.01325
0.01275
0.01275
0.01275
0.01275
0.01275
0.01225
0.01225
0.01225
0.01225
0.01175
0.01175
0.01175
0.01175
0.01125
0.01125
0.01125
0.01125
0.01125
0.01175
0.01225
0.01225
0.01275
0.01275
0.01325
0.01375
0.01425
0.01475
0.01475
0.01425
0.01375
0.01325
0.01325
0.01375
0.01425
0.01475
0.01525
0.01525
0.01575
0.01625
0.01675
0.01675
0.01625
0.01625
0.01675
0.01675
0.01725
0.01725
0.01775
0.01825
0.01675
0.01675
0.01675
0.01625
0.01625
0.01625
0.01625
0.01625
0.01625
0.01625
0.01625
0.01625
0.01625
0.01675
0.01675
0.01675
0.01675
0.01625
0.01625
0.01625
0.01575
0.01575
0.01575
0.01575
0.01575
0.01525
0.01525
0.01525
0.01525
0.01525
0.01525
0.01575
0.01575
0.01575
0.01525
0.01525
0.01525
0.01575
0.01625
0.01625
0.01675
0.01675
0.01625
0.01575
0.01575
0.01575
0.01575
0.01575
0.01525
0.01525
0.01525
0.01525
0.01475
0.01475
0.01475
0.01475
0.01475
0.01475
0.01475
0.01475
0.01425
0.01425
0.01425
0.01425
0.01425
0.01425
0.01425
0.01475
0.01475
0.01475
0.01475
0.01475
0.01475
0.01425
0.01425
0.01425
0.01425
0.01375
0.01375
0.01375
0.01375
0.01375
0.01325
0.01325
0.01325
0.01325
0.01325
0.01375
0.01375
0.01325
0.01325
0.01325
0.01375
0.01375
0.01325
0.01325
0.01375
0.01425
0.01425
0.01425
0.01425
0.01475
0.01475
0.01475
0.01475
0.01475
0.01475
0.01425
0.01425
0.01425
0.01425
0.01475
0.01475
0.01475
0.01475
0.01425
0.01425
0.01425
0.01375
0.01375
0.01375
0.01375
0.01325
0.01325
0.01325
0.01325
0.01325
0.01375
0.01425
0.01425
0.01425
0.01475
0.01475
0.01425
0.01425
0.01425
0.01475
0.01475
0.01525
0.01575
0.01625
0.01675
0.01725
0.01775
0.01825
0.01875
0.01875
0.01875
0.01875
0.01825
0.01825
0.01825
0.01775
0.01775
0.01775
0.01725
0.01725
0.01725
0.01675
0.01675
0.01675
0.01625
0.01625
0.01625
0.01575
0.01575
0.01575
0.01525
0.01525
0.01525
0.01475
0.01475
0.01475
0.01425
0.01425
0.01425
0.01425
0.01425
0.01475
0.01525
0.01575
0.01625
0.01675
0.01725
0.01775
0.01825
0.01875
0.01875
0.01875
0.01875
0.01825
0.01825
0.01825
0.01825
0.01875
0.01875
0.01875
0.01875
0.01875
0.01825
0.01825
0.01825
0.01825
0.01775
0.01775
0.01775
0.01775
0.01725
0.01725
0.01725
0.01725
0.01725
0.01775
0.01775
0.01775
0.01775
0.01725
0.01725
0.01725
0.01675
0.01675
0.01675
0.01625
0.01625
0.01575
0.01575
0.01575
0.01575
0.01525
0.01525
0.01525
0.01525
0.01525
0.01575
0.01625
0.01625
0.01625
0.01625
0.01625
0.01625
0.01675
0.01675
0.01675
0.01675
0.01675
0.01675
0.01625
0.01625
0.01625
0.01625
0.01625
0.01625
0.01675
0.01675
0.01625
0.01575
0.01575
0.01575
0.01575
0.01575
0.01525
0.01525
0.01525
0.01525
0.01525
0.01575
0.01575
0.01525
0.01525
0.01475
0.01475
0.01475
0.01475
0.01525
0.01525
0.01475
0.01425
0.01425
0.01425
0.01425
0.01425
0.01475
0.01475
0.01475
0.01425
0.01425
0.01425
0.01425
0.01475
0.01475
0.01425
0.01375
0.01375
0.01375
0.01325
0.01325
0.01325
0.01375
0.01375
0.01375
0.01375
0.01375
0.01325
0.01325
0.01325
0.01325
0.01325
0.01325
0.01375
0.01375
0.01325
0.01325
0.01375
0.01425
0.01475
0.01525
0.01575
0.01625
0.01675
0.01725
0.01775
0.01825
0.01875
0.01875
0.01825
0.01775
0.01725
0.01725
0.01675
0.01675
0.01625
0.01625
0.01575
0.01575
0.01525
0.01525
0.01475
0.01475
0.01425
0.01425
0.01375
0.01375
0.01325
0.01325
0.01275
0.01275
0.01275
0.01275
0.01225
0.01225
0.01225
0.01175
0.01175
0.01175
0.01175
0.01175
0.01125
0.01125
0.01125
0.01125
0.01125
0.01175
0.01175
0.01125
0.01125
0.01075
0.01075
0.01075
0.01075
0.01075
0.01025
0.01025
0.01025
0.01025
0.01025
0.00975
0.00925
0.00925
0.00975
0.00975
0.00975
0.00975
0.00925
0.00925
0.00925
0.00875
0.00875
0.00875
0.00925
0.00875
0.00875
0.00875
0.00825
0.00825
0.00775
0.00774999
0.00724998
0.00724998
0.00674994
0.00674994
0.00624981
0.00624982
0.0057495
0.00574948
0.0052487
0.00524873
0.00524939
0.00574975
0.00624991
0.00674997
0.00724999
0.00775
0.00825
0.00825
0.00875
0.00875
0.00825
0.00825
0.00825
0.00825
0.00875
0.00875
0.00825
0.00774999
0.00774999
0.00724998
0.00724998
0.00724997
0.00774999
0.00825
0.00875
0.00875
0.00825
0.00825
0.00875
0.00875
0.00875
0.00925
0.00925
0.00925
0.00975
0.01025
0.01075
0.01125
0.01175
0.01225
0.01275
0.01275
0.01275
0.01275
0.01225
0.01225
0.01175
0.01175
0.01125
0.01125
0.01125
0.01125
0.01125
0.01175
0.01225
0.01225
0.01275
0.01275
0.01225
0.01225
0.01275
0.01275
0.01275
0.01275
0.01225
0.01225
0.01225
0.01175
0.01175
0.01175
0.01175
0.01125
0.01125
0.01125
0.01125
0.01125
0.01175
0.01175
0.01125
0.01125
0.01175
0.01225
0.01275
0.01325
0.01375
0.01425
0.01475
0.01525
0.01575
0.01625
0.01675
0.01675
0.01675
0.01625
0.01625
0.01625
0.01675
0.01725
0.01775
0.01775
0.01825
0.01875
0.01875
0.01825
0.01775
0.01725
0.01725
0.01725
0.01775
0.01775
0.01825
0.01875
0.01875
0.01875
0.01875
0.01875
0.01875
0.01875
0.01825
0.01825
0.01825
0.01825
0.01825
0.01825
0.01875
0.01875
0.01825
0.01825
0.01775
0.01775
0.01775
0.01775
0.01775
0.01775
0.01725
0.01725
0.01725
0.01725
0.01725
0.01725
0.01775
0.01775
0.01725
0.01725
0.01725
0.01675
0.01675
0.01675
0.01675
0.01625
0.01625
0.01625
0.01625
0.01575
0.01575
0.01575
0.01575
0.01575
0.01575
0.01525
0.01525
0.01525
0.01525
0.01525
0.01525
0.01575
0.01575
0.01575
0.01625
0.01625
0.01675
0.01675
0.01675
0.01675
0.01675
0.01725
0.01775
0.01825
0.01875
0.01925
0.01625
0.01575
0.01525
0.01525
0.01575
0.01625
0.01625
0.01625
0.01575
0.01575
0.01575
0.01575
0.01575
0.01525
0.01525
0.01525
0.01525
0.01525
0.01525
0.01525
0.01475
0.01475
0.01475
0.01475
0.01475
0.01475
0.01475
0.01475
0.01475
0.01475
0.01425
0.01425
0.01425
0.01425
0.01425
0.01425
0.01425
0.01375
0.01375
0.01375
0.01375
0.01375
0.01325
0.01325
0.01325
0.01325
0.01325
0.01375
0.01375
0.01325
0.01325
0.01325
0.01375
0.01425
0.01475
0.01475
0.01475
0.01475
0.01475
0.01425
0.01425
0.01425
0.01425
0.01425
0.01475
0.01475
0.01475
0.01425
0.01425
0.01425
0.01475
0.01475
0.01425
0.01425
0.01425
0.01375
0.01375
0.01375
0.01375
0.01375
0.01375
0.01375
0.01325
0.01325
0.01325
0.01325
0.01325
0.01325
0.01325
0.01275
0.01275
0.01275
0.01275
0.01275
0.01275
0.01275
0.01225
0.01225
0.01225
0.01225
0.01225
0.01225
0.01225
0.01275
0.01275
0.01275
0.01275
0.01275
0.01275
0.01225
0.01225
0.01225
0.01225
0.01225
0.01275
0.01325
0.01375
0.01375
0.01375
0.01325
0.01325
0.01325
0.01375
0.01375
0.01425
0.01425
0.01425
0.01475
0.01475
0.01525
0.01525
0.01575
0.01475
0.01475
0.01475
0.01425
0.01375
0.01325
0.01325
0.01375
0.01425
0.01425
0.01425
0.01425
0.01475
0.01525
0.01575
0.01575
0.01625
0.01675
0.01725
0.01725
0.01775
0.01825
0.01875
0.01925
0.01925
0.01975
0.02025
0.02075
0.02075
0.02075
0.02075
0.02075
0.02075
0.02075
0.02025
0.02025
0.02025
0.02025
0.02025
0.02025
0.02075
0.02075
0.02025
0.02025
0.01975
0.01975
0.01975
0.01975
0.01975
0.01975
0.01925
0.01925
0.01925
0.01925
0.01925
0.01925
0.01975
0.01975
0.01925
0.01925
0.01875
0.01875
0.01875
0.01875
0.01875
0.01875
0.01875
0.01825
0.01825
0.01825
0.01775
0.01775
0.01775
0.01725
0.01725
0.01725
0.01725
0.01775
0.01825
0.01825
0.01875
0.01875
0.01825
0.01825
0.01825
0.01825
0.01875
0.01875
0.01825
0.01825
0.01775
0.01775
0.01775
0.01775
0.01775
0.01725
0.01725
0.01725
0.01725
0.01725
0.01775
0.01775
0.01725
0.01725
0.01725
0.01775
0.01825
0.01875
0.01875
0.01925
0.01975
0.02025
0.02075
0.02075
0.02125
0.02175
0.02225
0.02275
0.02325
0.02375
0.02425
0.02425
0.02475
0.02475
0.02525
0.02525
0.02575
0.02625
0.02525
0.02525
0.02575
0.02625
0.02675
0.02725
0.02675
0.02675
0.02675
0.02625
0.02625
0.02625
0.02575
0.02575
0.02575
0.02525
0.02525
0.02525
0.02475
0.02475
0.02475
0.02425
0.02425
0.02425
0.02425
0.02475
0.02475
0.02425
0.02375
0.02375
0.02375
0.02375
0.02325
0.02325
0.02325
0.02325
0.02375
0.02325
0.02325
0.02275
0.02275
0.02275
0.02275
0.02275
0.02275
0.02225
0.02225
0.02175
0.02175
0.02175
0.02125
0.02125
0.02125
0.02125
0.02175
0.02225
0.02225
0.02275
0.02275
0.02225
0.02225
0.02225
0.02225
0.02275
0.02275
0.02275
0.02275
0.02225
0.02225
0.02225
0.02175
0.02175
0.02175
0.02125
0.02125
0.02125
0.02125
0.02175
0.02175
0.02175
0.02125
0.02125
0.02125
0.02175
0.02175
0.02175
0.02225
0.02225
0.02275
0.02275
0.02325
0.02375
0.02425
0.02425
0.02475
0.02375
0.02325
0.02275
0.02225
0.02225
0.02225
0.02275
0.02325
0.02375
0.02175
0.02125
0.02125
0.02175
0.02175
0.02125
0.02125
0.02125
0.02125
0.02175
0.02225
0.02275
0.02325
0.02375
0.02375
0.02375
0.02325
0.02325
0.02325
0.02275
0.02275
0.02225
0.02225
0.02175
0.02175
0.02125
0.02125
0.02075
0.02075
0.02075
0.02025
0.02025
0.02025
0.01975
0.01975
0.01975
0.01975
0.01975
0.01925
0.01925
0.01925
0.01925
0.01875
0.01875
0.01875
0.01875
0.01825
0.01825
0.01825
0.01825
0.01825
0.01875
0.01875
0.01925
0.01975
0.02025
0.02075
0.02075
0.02025
0.02025
0.01975
0.01975
0.01925
0.01925
0.01925
0.01975
0.02025
0.02025
0.02075
0.02075
0.02025
0.02025
0.02025
0.02075
0.02075
0.02075
0.02075
0.02025
0.02025
0.02025
0.02025
0.02075
0.02075
0.02075
0.02075
0.02075
0.02075
0.02075
0.02025
0.02025
0.02025
0.02025
0.01975
0.01975
0.01975
0.01975
0.01975
0.01925
0.01925
0.01925
0.01925
0.01925
0.01975
0.01975
0.01925
0.01925
0.01925
0.01875
0.01875
0.01875
0.01875
0.01875
0.01825
0.01825
0.01825
0.01825
0.01825
0.01825
0.01825
0.01875
0.01875
0.01825
0.01775
0.01775
0.01775
0.01775
0.01775
0.01775
0.01725
0.01725
0.01725
0.01725
0.01725
0.01725
0.01775
0.01775
0.01725
0.01725
0.01725
0.01775
0.01825
0.01875
0.01875
0.01925
0.01975
0.01975
0.01975
0.01925
0.01925
0.01925
0.01975
0.02025
0.02025
0.02025
0.02075
0.02075
0.02025
0.02025
0.02075
0.02075
0.02075
0.02025
0.02025
0.01975
0.01975
0.01975
0.01975
0.01975
0.01925
0.01925
0.01925
0.01925
0.01925
0.01975
0.01975
0.01975
0.01975
0.01975
0.01925
0.01925
0.01925
0.01925
0.01875
0.01875
0.01875
0.01875
0.01825
0.01825
0.01825
0.01875
0.01875
0.01875
0.01875
0.01825
0.01825
0.01825
0.01775
0.01775
0.01775
0.01775
0.01775
0.01775
0.01725
0.01725
0.01725
0.01725
0.01725
0.01725
0.01775
0.01775
0.01725
0.01725
0.01725
0.01775
0.01775
0.01775
0.01775
0.01825
0.01825
0.01825
0.01875
0.01875
0.01825
0.01825
0.01775
0.01775
0.01775
0.01775
0.01725
0.01725
0.01725
0.01725
0.01675
0.01675
0.01675
0.01675
0.01675
0.01675
0.01675
0.01675
0.01675
0.01675
0.01625
0.01625
0.01625
0.01625
0.01625
0.01675
0.01675
0.01675
0.01675
0.01625
0.01625
0.01625
0.01575
0.01575
0.01575
0.01525
0.01525
0.01525
0.01525
0.01575
0.01575
0.01575
0.01575
0.01575
0.01525
0.01525
0.01525
0.01525
0.01475
0.01475
0.01475
0.01475
0.01475
0.01425
0.01425
0.01425
0.01375
0.01375
0.01375
0.01375
0.01375
0.01375
0.01325
0.01325
0.01325
0.01325
0.01275
0.01275
0.01275
0.01275
0.01275
0.01275
0.01275
0.01275
0.01275
0.01275
0.01225
0.01225
0.01225
0.01225
0.01225
0.01225
0.01275
0.01275
0.01225
0.01225
0.01175
0.01175
0.01175
0.01175
0.01175
0.01175
0.01125
0.01125
0.01125
0.01125
0.01125
0.01125
0.01175
0.01175
0.01125
0.01125
0.01125
0.01175
0.01225
0.01225
0.01275
0.01275
0.01225
0.01225
0.01225
0.01225
0.01275
0.01275
0.01225
0.01225
0.01175
0.01175
0.01175
0.01175
0.01175
0.01125
0.01125
0.01125
0.01125
0.01125
0.01175
0.01175
0.01125
0.01125
0.01075
0.01075
0.01075
0.01075
0.01075
0.01075
0.01075
0.01075
0.01075
0.01075
0.01025
0.01025
0.00975
0.00975
0.00925
0.00925
0.00925
0.00975
0.01025
0.01025
0.01075
0.01075
0.01025
0.01025
0.01025
0.01025
0.01075
0.01075
0.01025
0.01025
0.00975
0.00975
0.00975
0.00975
0.00975
0.00925
0.00925
0.00925
0.00925
0.00925
0.00975
0.00975
0.00925
0.00925
0.00925
0.00925
0.00925
0.00925
0.00925
0.00925
0.00975
0.01025
0.01025
0.00975
0.00975
0.00975
0.00975
0.00975
0.00975
0.00925
0.00925
0.00925
0.00925
0.00925
0.00925
0.00875
0.00875
0.00875
0.00875
0.00875
0.00875
0.00875
0.00875
0.00925
0.00925
0.00925
0.00875
0.00875
0.00875
0.00875
0.00825
0.00825
0.00825
0.00825
0.00825
0.00825
0.00825
0.00825
0.00825
0.00825
0.00825
0.00775
0.00775
0.00775
0.00775
0.00775
0.00725
0.00725
0.00724999
0.00724999
0.00724999
0.00725
0.00775
0.00775
0.00825
0.00825
0.00825
0.00875
0.00875
0.00875
0.00875
0.00875
0.00825
0.00825
0.00825
0.00825
0.00825
0.00825
0.00775
0.00775
0.00775
0.00775
0.00775
0.00725
0.00725
0.00725
0.00725
0.00725
0.00725
0.00775
0.00775
0.00775
0.00725
0.00725
0.00725
0.00674999
0.00674999
0.00674999
0.00674999
0.00674996
0.00674996
0.0062499
0.00624989
0.00624996
0.00624997
0.00624999
0.00675
0.00675
0.00675
0.00675
0.00625
0.00624999
0.00624996
0.00674998
0.00674995
0.00624988
0.00624986
0.00624995
0.00574987
0.00574964
0.00574955
0.00574935
0.00574955
0.00574978
0.00524947
0.00524895
0.00524849
0.00524895
0.00524916
0.00574964
0.00574987
0.00574989
0.00574968
0.00524925
0.00524975
0.00524968
0.00524988
0.00574995
0.00574997
0.00574989
0.00574968
0.00524925
0.00524916
0.00524968
0.00524975
0.00524994
0.00524999
0.00574999
0.00574997
0.00624999
0.00624999
0.00625
0.00675
0.00675
0.00625
0.00625
0.00675
0.00675
0.00675
0.00675
0.00625
0.00624999
0.00624999
0.00624997
0.0062499
0.00674997
0.00574974
0.00574973
0.00574971
0.0057499
0.00574991
0.00524978
0.00524977
0.00524931
0.00524935
0.00524937
0.00524979
0.00574992
0.00574992
0.00624997
0.00624997
0.00674999
0.00725
0.00775
0.00775
0.00775
0.00724999
0.00725
0.00725
0.00775
0.00825
0.00875
0.00875
0.00875
0.00875
0.00825
0.00825
0.00825
0.00775
0.00775
0.00775
0.00725
0.00725
0.00725
0.00675
0.00675
0.00675
0.00675
0.00674999
0.00674997
0.0062499
0.00624997
0.00624999
0.00624999
0.00625
0.00625
0.00625
0.00675
0.00725
0.00775
0.00825
0.00875
0.00925
0.00975
0.01025
0.01075
0.01075
0.01075
0.01075
0.01025
0.01025
0.01025
0.00975
0.00975
0.00975
0.00925
0.00925
0.00925
0.00875
0.00875
0.00875
0.00825
0.00825
0.00825
0.00825
0.00875
0.00875
0.00825
0.00775
0.00775
0.00775
0.00775
0.00775
0.00775
0.00825
0.00825
0.00875
0.00875
0.00875
0.00825
0.00825
0.00825
0.00875
0.00925
0.00975
0.01025
0.01075
0.01075
0.01075
0.01025
0.01025
0.00975
0.00975
0.00925
0.00925
0.00925
0.00975
0.01025
0.01075
0.01125
0.01175
0.01175
0.01175
0.01175
0.01125
0.01125
0.01125
0.01075
0.01075
0.01075
0.01075
0.01025
0.01025
0.01025
0.01025
0.01075
0.01075
0.01025
0.01025
0.00975
0.00975
0.00975
0.00975
0.00975
0.00925
0.00925
0.00925
0.00925
0.00925
0.00975
0.00975
0.00925
0.00925
0.00875
0.00875
0.00875
0.00875
0.00875
0.00875
0.00875
0.00825
0.00825
0.00825
0.00775
0.00775
0.00775
0.00775
0.00775
0.00775
0.00725
0.00725
0.00725
0.00775
0.00825
0.00875
0.00875
0.00875
0.00825
0.00825
0.00825
0.00875
0.00875
0.00875
0.00825
0.00825
0.00825
0.00825
0.00825
0.00825
0.00875
0.00875
0.00925
0.00925
0.00975
0.01025
0.01025
0.01025
0.01025
0.01025
0.01075
0.01075
0.01025
0.01025
0.01075
0.01125
0.01175
0.01225
0.01275
0.01275
0.01325
0.01375
0.01375
0.01375
0.01325
0.01325
0.01325
0.01375
0.01425
0.01425
0.01425
0.01475
0.01475
0.01425
0.01425
0.01475
0.01475
0.01475
0.01475
0.01425
0.01425
0.01425
0.01425
0.01475
0.01525
0.01575
0.01525
0.01525
0.01475
0.01475
0.01425
0.01425
0.01425
0.01475
0.01425
0.01425
0.01475
0.01475
0.01525
0.01575
0.01575
0.01625
0.01675
0.01725
0.01725
0.01675
0.01625
0.01625
0.01625
0.01625
0.01575
0.01575
0.01575
0.01525
0.01525
0.01525
0.01525
0.01575
0.01575
0.01525
0.01525
0.01575
0.01525
0.01475
0.01475
0.01475
0.01475
0.01475
0.01475
0.01475
0.01475
0.01425
0.01425
0.01425
0.01425
0.01375
0.01375
0.01375
0.01375
0.01375
0.01375
0.01375
0.01375
0.01325
0.01325
0.01325
0.01325
0.01275
0.01275
0.01275
0.01275
0.01275
0.01275
0.01275
0.01275
0.01225
0.01225
0.01225
0.01225
0.01225
0.01275
0.01275
0.01275
0.01275
0.01225
0.01225
0.01225
0.01175
0.01175
0.01175
0.01175
0.01175
0.01125
0.01125
0.01125
0.01125
0.01125
0.01125
0.01175
0.01175
0.01175
0.01125
0.01125
0.01125
0.01175
0.01225
0.01225
0.01275
0.01275
0.01225
0.01225
0.01275
0.01325
0.01375
0.01375
0.01325
0.01325
0.01325
0.01275
0.01275
0.01275
0.01225
0.01225
0.01225
0.01175
0.01175
0.01175
0.01175
0.01125
0.01125
0.01125
0.01125
0.01125
0.01175
0.01175
0.01125
0.01125
0.01175
0.01225
0.01275
0.01325
0.01375
0.01375
0.01375
0.01375
0.01375
0.01325
0.01325
0.01325
0.01325
0.01325
0.01375
0.01375
0.01325
0.01325
0.01375
0.01425
0.01475
0.01475
0.01525
0.01575
0.01625
0.01675
0.01675
0.01675
0.01675
0.01625
0.01625
0.01625
0.01625
0.01625
0.01675
0.01675
0.01675
0.01625
0.01625
0.01625
0.01625
0.01575
0.01575
0.01525
0.01525
0.01525
0.01575
0.01575
0.01625
0.01675
0.01675
0.01675
0.01675
0.01675
0.01625
0.01625
0.01625
0.01625
0.01625
0.01675
0.01675
0.01675
0.01675
0.01625
0.01625
0.01625
0.01625
0.01675
0.01675
0.01675
0.01675
0.01625
0.01625
0.01625
0.01575
0.01575
0.01575
0.01575
0.01575
0.01525
0.01525
0.01525
0.01525
0.01525
0.01525
0.01525
0.01575
0.01575
0.01525
0.01525
0.01575
0.01625
0.01675
0.01675
0.01675
0.01625
0.01625
0.01575
0.01575
0.01575
0.01575
0.01575
0.01575
0.01575
0.01525
0.01525
0.01525
0.01525
0.01475
0.01475
0.01475
0.01475
0.01475
0.01475
0.01475
0.01425
0.01425
0.01425
0.01375
0.01375
0.01375
0.01375
0.01375
0.01375
0.01325
0.01325
0.01325
0.01325
0.01325
0.01325
0.01375
0.01375
0.01325
0.01325
0.01325
0.01375
0.01425
0.01425
0.01475
0.01475
0.01425
0.01425
0.01425
0.01425
0.01475
0.01475
0.01425
0.01425
0.01375
0.01375
0.01375
0.01375
0.01375
0.01325
0.01325
0.01325
0.01325
0.01325
0.01325
0.01375
0.01375
0.01325
0.01325
0.01375
0.01375
0.01325
0.01275
0.01275
0.01275
0.01225
0.01225
0.01225
0.01275
0.01275
0.01275
0.01275
0.01225
0.01225
0.01225
0.01225
0.01225
0.01225
0.01275
0.01275
0.01225
0.01175
0.01175
0.01175
0.01175
0.01175
0.01175
0.01175
0.01175
0.01125
0.01125
0.01125
0.01175
0.01175
0.01175
0.01125
0.01125
0.01125
0.01125
0.01075
0.01075
0.01075
0.01075
0.01025
0.01025
0.01025
0.01025
0.01025
0.01075
0.01075
0.01075
0.01075
0.01125
0.01125
0.01125
0.01175
0.01175
0.01175
0.01175
0.01125
0.01125
0.01125
0.01075
0.01075
0.01075
0.01025
0.01025
0.01025
0.01025
0.01075
0.01075
0.01075
0.01125
0.01125
0.01175
0.01175
0.01175
0.01175
0.01125
0.01125
0.01125
0.01175
0.01175
0.01125
0.01125
0.01125
0.01125
0.01075
0.01075
0.01075
0.01075
0.01025
0.01025
0.01025
0.01025
0.01025
0.01025
0.00975
0.00975
0.00975
0.00975
0.00975
0.00925
0.00925
0.00925
0.00925
0.00925
0.00925
0.00975
0.00975
0.00975
0.00925
0.00925
0.00925
0.00975
0.00975
0.00975
0.00975
0.00975
0.00925
0.00925
0.00925
0.00925
0.00925
0.00975
0.00975
0.00925
0.00925
0.00975
0.01025
0.01025
0.01025
0.01075
0.01075
0.01075
0.01075
0.01075
0.01075
0.01025
0.01025
0.01025
0.01025
0.01025
0.01075
0.01075
0.01025
0.00975
0.00975
0.00975
0.00975
0.00975
0.01025
0.01025
0.01075
0.01125
0.01175
0.01225
0.01225
0.01275
0.01275
0.01275
0.01225
0.01225
0.01175
0.01175
0.01125
0.01125
0.01125
0.01175
0.01175
0.01225
0.01275
0.01225
0.01225
0.01275
0.01275
0.01325
0.01375
0.01375
0.01425
0.01475
0.01525
0.01525
0.01575
0.01625
0.01675
0.01675
0.01675
0.01725
0.01775
0.01825
0.01825
0.01875
0.01925
0.01975
0.02025
0.02025
0.02075
0.02075
0.02075
0.02125
0.02175
0.02025
0.02025
0.01975
0.01975
0.01925
0.01925
0.01875
0.01875
0.01875
0.01875
0.01825
0.01825
0.01825
0.01875
0.01875
0.01875
0.01825
0.01825
0.01825
0.01825
0.01775
0.01775
0.01775
0.01775
0.01725
0.01725
0.01725
0.01775
0.01775
0.01775
0.01725
0.01725
0.01725
0.01725
0.01725
0.01775
0.01825
0.01875
0.01925
0.01975
0.02025
0.02075
0.02125
0.02175
0.02225
0.02275
0.02325
0.02375
0.02425
0.02475
0.02075
0.02075
0.02125
0.02175
0.02225
0.02275
0.02325
0.02275
0.02275
0.02225
0.02225
0.02175
0.02175
0.02125
0.02125
0.02075
0.02075
0.02025
0.02025
0.01975
0.01975
0.01925
0.01925
0.01875
0.01875
0.01825
0.01825
0.01775
0.01775
0.01725
0.01725
0.01675
0.01675
0.01625
0.01625
0.01625
0.01625
0.01625
0.01675
0.01675
0.01675
0.01675
0.01625
0.01625
0.01625
0.01625
0.01625
0.01575
0.01575
0.01575
0.01575
0.01575
0.01575
0.01525
0.01525
0.01525
0.01525
0.01525
0.01575
0.01575
0.01575
0.01525
0.01525
0.01525
0.01575
0.01575
0.01575
0.01575
0.01525
0.01525
0.01525
0.01525
0.01525
0.01575
0.01575
0.01525
0.01525
0.01525
0.01575
0.01625
0.01625
0.01675
0.01675
0.01725
0.01725
0.01725
0.01725
0.01775
0.01775
0.01825
0.01875
0.01925
0.01975
0.01925
0.01925
0.01975
0.01875
0.01875
0.01825
0.01825
0.01775
0.01775
0.01725
0.01725
0.01675
0.01675
0.01675
0.01675
0.01625
0.01625
0.01625
0.01675
0.01675
0.01625
0.01625
0.01625
0.01625
0.01675
0.01675
0.01675
0.01675
0.01675
0.01625
0.01625
0.01625
0.01625
0.01575
0.01575
0.01575
0.01575
0.01525
0.01525
0.01525
0.01525
0.01525
0.01575
0.01575
0.01575
0.01525
0.01525
0.01525
0.01575
0.01575
0.01575
0.01575
0.01525
0.01525
0.01525
0.01525
0.01475
0.01475
0.01475
0.01475
0.01475
0.01475
0.01475
0.01425
0.01425
0.01425
0.01425
0.01425
0.01425
0.01425
0.01475
0.01475
0.01475
0.01475
0.01475
0.01475
0.01475
0.01425
0.01425
0.01425
0.01425
0.01425
0.01425
0.01475
0.01475
0.01425
0.01425
0.01375
0.01375
0.01375
0.01375
0.01375
0.01375
0.01375
0.01375
0.01325
0.01325
0.01325
0.01325
0.01325
0.01375
0.01375
0.01375
0.01375
0.01425
0.01425
0.01425
0.01475
0.01475
0.01425
0.01425
0.01425
0.01425
0.01475
0.01475
0.01475
0.01425
0.01425
0.01375
0.01375
0.01375
0.01375
0.01375
0.01375
0.01325
0.01325
0.01325
0.01325
0.01325
0.01325
0.01325
0.01325
0.01325
0.01375
0.01375
0.01325
0.01325
0.01375
0.01425
0.01475
0.01475
0.01475
0.01425
0.01425
0.01375
0.01375
0.01375
0.01375
0.01375
0.01375
0.01325
0.01325
0.01325
0.01375
0.01375
0.01375
0.01325
0.01325
0.01325
0.01325
0.01325
0.01325
0.01375
0.01275
0.01275
0.01275
0.01275
0.01275
0.01275
0.01275
0.01275
0.01225
0.01225
0.01225
0.01225
0.01225
0.01225
0.01225
0.01225
0.01275
0.01275
0.01225
0.01175
0.01175
0.01175
0.01175
0.01125
0.01125
0.01125
0.01075
0.01075
0.01075
0.01075
0.01075
0.01075
0.01025
0.01025
0.00975
0.00975
0.00925
0.00925
0.00925
0.00975
0.01025
0.01025
0.01025
0.01025
0.00975
0.00975
0.00975
0.00925
0.00925
0.00925
0.00925
0.00975
0.01025
0.01075
0.01125
0.01125
0.01175
0.01225
0.01275
0.01325
0.01325
0.01325
0.01325
0.01325
0.01375
0.01425
0.01425
0.01425
0.01425
0.01375
0.01375
0.01375
0.01325
0.01325
0.01325
0.01325
0.01275
0.01275
0.01275
0.01275
0.01275
0.01275
0.01275
0.01275
0.01225
0.01225
0.01225
0.01225
0.01225
0.01225
0.01275
0.01275
0.01275
0.01225
0.01225
0.01175
0.01175
0.01175
0.01175
0.01175
0.01175
0.01125
0.01125
0.01125
0.01125
0.01125
0.01125
0.01175
0.01175
0.01125
0.01125
0.01125
0.01175
0.01225
0.01275
0.01275
0.01275
0.01275
0.01225
0.01225
0.01225
0.01225
0.01225
0.01225
0.01175
0.01175
0.01175
0.01175
0.01175
0.01175
0.01125
0.01125
0.01125
0.01125
0.01125
0.01125
0.01175
0.01175
0.01125
0.01125
0.01125
0.01175
0.01225
0.01225
0.01225
0.01225
0.01225
0.01275
0.01275
0.01225
0.01175
0.01175
0.01175
0.01175
0.01125
0.01125
0.01125
0.01125
0.01125
0.01175
0.01175
0.01225
0.01275
0.01275
0.01225
0.01225
0.01225
0.01175
0.01175
0.01175
0.01175
0.01125
0.01125
0.01125
0.01125
0.01125
0.01175
0.01175
0.01175
0.01125
0.01125
0.01125
0.01075
0.01075
0.01075
0.01075
0.01075
0.01075
0.01075
0.01075
0.01075
0.01075
0.01075
0.01075
0.01075
0.01025
0.01025
0.01025
0.01025
0.01025
0.01075
0.01075
0.01075
0.01075
0.01025
0.01025
0.01025
0.00975
0.00975
0.00975
0.00975
0.00975
0.00925
0.00925
0.00925
0.00925
0.00925
0.00925
0.00975
0.00975
0.00975
0.00925
0.00925
0.00925
0.00975
0.01025
0.01075
0.01075
0.01075
0.01025
0.01025
0.00975
0.00975
0.00975
0.00975
0.00975
0.00975
0.00975
0.00925
0.00925
0.00925
0.00925
0.00925
0.00925
0.00925
0.00925
0.00975
0.01025
0.01075
0.01075
0.01075
0.01075
0.01025
0.01025
0.01025
0.01025
0.01025
0.01075
0.01075
0.01075
0.01075
0.01025
0.01025
0.01025
0.00975
0.00975
0.00975
0.00975
0.00975
0.00925
0.00925
0.00925
0.00925
0.00925
0.00975
0.01025
0.01025
0.01025
0.01025
0.00975
0.00975
0.00975
0.00925
0.00925
0.00925
0.00875
0.00875
0.00875
0.00875
0.00875
0.00875
0.00875
0.00875
0.00875
0.00825
0.00825
0.00825
0.00825
0.00774999
0.00774999
0.00775
0.00775
0.00724998
0.00724998
0.00724998
0.00724998
0.00724997
0.00774999
0.00825
0.00825
0.00875
0.00875
0.00875
0.00825
0.00825
0.00774999
0.00774999
0.00724997
0.00724996
0.00724996
0.00774999
0.00774999
0.00825
0.00875
0.00875
0.00925
0.00975
0.01025
0.01075
0.01075
0.01125
0.01175
0.01225
0.01275
0.01275
0.01275
0.01225
0.01225
0.01175
0.01175
0.01125
0.01125
0.01075
0.01075
0.01075
0.01075
0.01075
0.01025
0.01025
0.01025
0.01025
0.00975
0.00975
0.00975
0.00975
0.00975
0.00925
0.00925
0.00925
0.00925
0.00925
0.00975
0.00975
0.00925
0.00925
0.00925
0.00875
0.00875
0.00875
0.00875
0.00875
0.00825
0.00825
0.00825
0.00825
0.00875
0.00875
0.00875
0.00875
0.00875
0.00875
0.00825
0.00825
0.00825
0.00825
0.00825
0.00875
0.00875
0.00875
0.00875
0.00825
0.00825
0.00825
0.00825
0.00875
0.00875
0.00875
0.00825
0.00825
0.00825
0.00775
0.00775
0.00775
0.00775
0.00775
0.00775
0.00725
0.00724999
0.00674997
0.00674996
0.00674996
0.00674999
0.00674999
0.00624997
0.0062499
0.00624989
0.00624996
0.00624999
0.00675
0.00675
0.00675
0.00675
0.00625
0.00625
0.00624999
0.00624999
0.00675
0.00674999
0.00674999
0.00725
0.00725
0.00775
0.00775
0.00775
0.00725
0.00725
0.00725
0.00775
0.00775
0.00775
0.00775
0.00725
0.00725
0.00725
0.00725
0.00725
0.00725
0.00775
0.00775
0.00725
0.00725
0.00675
0.00675
0.00675
0.00675
0.00675
0.00675
0.00625
0.00625
0.00625
0.00625
0.00625
0.00625
0.00675
0.00675
0.00625
0.00625
0.00575
0.00575
0.00575
0.00575
0.00575
0.00574998
0.0057499
0.00574971
0.00574973
0.00574991
0.00524978
0.00524935
0.00524931
0.00524977
0.00524995
0.00524995
0.00574998
0.00575
0.00524999
0.00524999
0.00525
0.00524999
0.00575
0.00574998
0.00574998
0.00575
0.00524999
0.00524995
0.00524995
0.00524994
0.00474985
0.00474973
0.00474928
0.00474816
0.00474627
0.00474585
0.0047451
0.00474407
0.00423808
0.00372811
0.00321334
0.00269443
0.00217455
0.00166013
0.00116005
0.00116628
0.00166908
0.00218432
0.00270294
0.00321953
0.00373197
0.00424021
0.00424164
0.00424242
0.00424288
0.00474654
0.00474674
0.0047469
0.0042435
0.00424323
0.00373706
0.00373653
0.00373578
0.00373446
0.00322343
0.00322549
0.0032266
0.00322735
0.00322791
0.00373747
0.00373775
0.00424369
0.00474702
0.00474707
0.00424378
0.00373789
0.00322848
0.00322829
0.00271491
0.00271446
0.00271378
0.00271282
0.0027113
0.00270838
0.00219082
0.00219444
0.00219627
0.00168085
0.00167909
0.00167544
0.00117111
0.00117387
0.00117502
0.00117557
0.00168181
0.00219733
0.00219807
0.00219855
0.00219879
0.00271514
0.00273145
0.00323929
0.00374415
0.00424703
0.0047486
0.00524939
0.00524937
0.00574974
0.0062499
0.00624997
0.00624997
0.00624999
0.00675
0.00675
0.00675
0.00625
0.00625
0.00575
0.00574998
0.00574992
0.00574992
0.00524979
0.0052498
0.00524996
0.00524995
0.00574998
0.00575
0.00524999
0.00524999
0.00525
0.00575
0.00625
0.00675
0.00675
0.00725
0.00725
0.00725
0.00775
0.00775
0.00775
0.00775
0.00825
0.00875
0.00875
0.00875
0.00875
0.00875
0.00875
0.00825
0.00825
0.00825
0.00825
0.00825
0.00825
0.00875
0.00875
0.00825
0.00825
0.00775
0.00775
0.00775
0.00775
0.00775
0.00775
0.00725
0.00725
0.00725
0.00725
0.00725
0.00725
0.00775
0.00775
0.00725
0.00725
0.00725
0.00725
0.00725
0.00725
0.00724999
0.00724999
0.00725
0.00775
0.00775
0.00775
0.00774999
0.00825
0.00825
0.00825
0.00875
0.00925
0.00925
0.00925
0.00925
0.00975
0.00975
0.01025
0.01075
0.01075
0.01075
0.01025
0.01025
0.00975
0.00975
0.00975
0.00975
0.00925
0.00925
0.00925
0.00925
0.00925
0.00975
0.01025
0.01075
0.01075
0.01025
0.01025
0.01075
0.01075
0.01125
0.01175
0.01175
0.01125
0.01125
0.01075
0.01075
0.01025
0.01025
0.00975
0.00975
0.00975
0.00975
0.00975
0.01025
0.00925
0.00925
0.00925
0.00925
0.00975
0.00975
0.00925
0.00875
0.00875
0.00875
0.00875
0.00875
0.00875
0.00875
0.00825
0.00825
0.00825
0.00825
0.00825
0.00775
0.00725
0.00725
0.00725
0.00725
0.00675
0.00675
0.00675
0.00675
0.00625
0.00625
0.00625
0.00575
0.00575
0.00575
0.00525
0.00525
0.00525
0.00525
0.00575
0.00575
0.00525
0.00525
0.00575
0.00625
0.00675
0.00675
0.00625
0.00625
0.00625
0.00575
0.00575
0.00575
0.00525
0.00525
0.00525
0.00525
0.00475
0.00475
0.00474998
0.00474988
0.00474948
0.00474845
0.00474835
0.00474943
0.00424878
0.00424659
0.00424623
0.00424537
0.00474772
0.00474673
0.0047451
0.00474585
0.00424164
0.00424021
0.00373198
0.00373446
0.00322343
0.00321953
0.00270294
0.00270838
0.00219082
0.00218432
0.00166908
0.00167544
0.00117111
0.00116628
0.00117683
0.00168355
0.00219963
0.00271594
0.00322881
0.00373776
0.00424344
0.00424537
0.00474772
0.00474883
0.00424756
0.00424848
0.0042494
0.00424848
0.00474928
0.00474816
0.00474627
0.00474654
0.00424288
0.00424242
0.00373578
0.00373653
0.0032266
0.00322549
0.0027113
0.00271282
0.00219627
0.00219444
0.00167909
0.00168085
0.00117502
0.00117387
0.00118929
0.00169955
0.00221525
0.00272827
0.00323714
0.0037428
0.00424623
0.00424659
0.00474835
0.00474943
0.00424878
0.00424966
0.00424991
0.00474996
0.00474985
0.00424966
0.00374928
0.00374755
0.00374345
0.0037428
0.00374122
0.00374523
0.00374122
0.00323446
0.00324115
0.00323446
0.00323714
0.00323823
0.00324527
0.00324421
0.00374696
0.00374874
0.00374696
0.00374755
0.00374345
0.00323823
0.00324527
0.00324421
0.00324739
0.00324842
0.00324942
0.00374979
0.00374928
0.00324842
0.00324866
0.0037494
0.00424972
0.00474988
0.00474948
0.00474845
0.00474674
0.0047469
0.0042435
0.00424323
0.00373706
0.00373747
0.00322791
0.00322735
0.00271378
0.00271446
0.00219807
0.00219733
0.00168181
0.00168247
0.00117602
0.00117557
0.0011915
0.00170285
0.00221844
0.00273068
0.00323872
0.00374376
0.00424678
0.00424888
0.00424892
0.0047495
0.00474853
0.00424691
0.00424699
0.00474858
0.00474702
0.00474707
0.00424378
0.00424369
0.00373775
0.00373789
0.00322848
0.00322829
0.00271491
0.00271514
0.00219879
0.00219855
0.00168292
0.00168314
0.00117658
0.00117638
0.00119228
0.00170377
0.00221928
0.00273133
0.0032392
0.00374409
0.00374396
0.00374781
0.00374773
0.00324559
0.00324572
0.00323901
0.00273109
0.00274148
0.00274127
0.00274073
0.00273897
0.00273414
0.00272416
0.00220987
0.00222253
0.00220987
0.00272416
0.00169389
0.00170683
0.00169389
0.00118491
0.00119504
0.00118491
0.000695434
0.000690888
0.000685109
0.00068185
0.000685108
0.000687737
0.000689069
0.000689371
0.000689457
0.000689691
0.000689956
0.000690131
0.000698809
0.00119247
0.00170395
0.00221943
0.00273145
0.00323929
0.00374415
0.00424703
0.0047486
0.00474953
0.0052498
0.00524996
0.00574998
0.00574998
0.00575
0.00575
0.00524999
0.00524999
0.00524995
0.00474989
0.00474988
0.00474998
0.00474998
0.00424995
0.00424996
0.00424974
0.00424974
0.00424895
0.00474952
0.00424896
0.00424974
0.00474989
0.00474998
0.00474998
0.00424996
0.00424996
0.00374991
0.0037499
0.0037499
0.00374989
0.00324962
0.00324965
0.00324871
0.00374943
0.00374944
0.00374785
0.00374787
0.00324582
0.00324579
0.00324873
0.00324966
0.00324966
0.00324874
0.00374944
0.00374944
0.00424974
0.00474989
0.00524996
0.00574998
0.00574992
0.00574992
0.00574974
0.00524937
0.00524979
0.0052498
0.00474953
0.0047486
0.00474707
0.00474702
0.00424369
0.00424378
0.00373789
0.00373775
0.00322829
0.00322848
0.00271514
0.00271491
0.00219855
0.00219879
0.00168314
0.00168292
0.00117638
0.00117658
0.00119247
0.00170395
0.00221943
0.00273145
0.00323929
0.00374415
0.00424703
0.00424896
0.00424895
0.00474952
0.00474858
0.00424699
0.00424691
0.00474853
0.00524935
0.00574973
0.0062499
0.00674996
0.00674993
0.00674992
0.00624977
0.00624979
0.00574945
0.00574941
0.00524855
0.00524864
0.0047469
0.00474674
0.00424323
0.0042435
0.00373747
0.00373706
0.00322735
0.00322791
0.00271446
0.00271378
0.00219733
0.00219807
0.00168247
0.00168181
0.00117557
0.00117602
0.00119192
0.0017034
0.00221896
0.00273109
0.00323901
0.00374396
0.00374409
0.00374785
0.00374787
0.00324582
0.00324579
0.0032392
0.00273133
0.0027416
0.00274165
0.00274165
0.0027416
0.00223276
0.00223257
0.00223223
0.00223143
0.00222898
0.00223588
0.00274408
0.00273897
0.00272827
0.00272996
0.00274073
0.00223143
0.0022175
0.00221525
0.00222898
0.00171365
0.00169955
0.00170188
0.00171627
0.00120215
0.0011909
0.00118929
0.00120032
0.00120598
0.00172098
0.00171365
0.00171627
0.00170188
0.0022175
0.00272996
0.0011909
0.00120215
0.00120032
0.00070358
0.000701056
0.000695434
0.000687737
0.000689069
0.000689371
0.000689457
0.000689691
0.00117602
0.00168247
0.00168292
0.00168314
0.00117658
0.00117638
0.00119228
0.00170377
0.00221928
0.00273133
0.0032392
0.00374409
0.00424699
0.00474858
0.00474853
0.0047495
0.00424892
0.00424691
0.00424678
0.00424888
0.00424972
0.00424974
0.00474988
0.00474998
0.00424996
0.00424995
0.00374989
0.0037494
0.00374773
0.00374376
0.00374396
0.00374781
0.00324572
0.00323901
0.00323872
0.00324559
0.00324866
0.00324871
0.00374943
0.0037499
0.00324965
0.00324962
0.00324982
0.00374998
0.00424999
0.00425
0.00475
0.00475
0.00425
0.00425
0.00425
0.00475
0.00475
0.00475
0.00475
0.00525
0.00525
0.00575
0.00625
0.00675
0.00675
0.00675
0.00675
0.00625
0.00625
0.00625
0.00625
0.00675
0.00725
0.00775
0.00825
0.00825
0.00825
0.00825
0.00775
0.00775
0.00775
0.00775
0.00775
0.00725
0.00725
0.00725
0.00725
0.00725
0.00775
0.00775
0.00725
0.00725
0.00725
0.00775
0.00825
0.00825
0.00875
0.00875
0.00875
0.00875
0.00875
0.00825
0.00825
0.00825
0.00775
0.00775
0.00775
0.00775
0.00724999
0.00724999
0.00724998
0.00724998
0.00724997
0.00774999
0.00774999
0.00724996
0.00674989
0.0067499
0.00674991
0.00624975
0.00624972
0.00624968
0.00574919
0.00574929
0.00574935
0.00524844
0.0052483
0.00524809
0.00524895
0.00574955
0.00624982
0.00674993
0.00724998
0.00774999
0.00775
0.00774999
0.00825
0.00875
0.00875
0.00825
0.00774999
0.00724997
0.00724998
0.00724999
0.00724999
0.00775
0.00825
0.00875
0.00875
0.00875
0.00875
0.00825
0.00825
0.00825
0.00775
0.00775
0.00725
0.00725
0.00725
0.00725
0.00674999
0.00675
0.00675
0.00675
0.00674999
0.00674999
0.00674996
0.00624989
0.00624996
0.00624997
0.00624999
0.00624999
0.00625
0.00675
0.00675
0.00675
0.00675
0.00675
0.00625
0.00625
0.00625
0.00625
0.00575
0.00575
0.00575
0.00575
0.00575
0.00524999
0.00524999
0.00524995
0.00574998
0.00574998
0.00574991
0.0057499
0.00574971
0.00524931
0.00524977
0.00524978
0.00524995
0.00524999
0.00575
0.00575
0.00574998
0.00524995
0.00524999
0.00525
0.00525
0.00525
0.00525
0.00575
0.00575
0.00525
0.00525
0.00575
0.00575
0.00575
0.00525
0.00525
0.00525
0.00475
0.00475
0.00475
0.00474998
0.00474989
0.00474952
0.00474953
0.00424896
0.00424895
0.00424974
0.00424974
0.00474989
0.00474998
0.00424996
0.00424996
0.0037499
0.00374944
0.00374785
0.00374787
0.00324582
0.00324579
0.00324873
0.00324874
0.00374944
0.00374991
0.00324966
0.00324966
0.00324985
0.00374999
0.00425
0.00425
0.00475
0.00475
0.00425
0.00425
0.00425
0.00425
0.00425
0.00425
0.00374999
0.00374999
0.00374999
0.00375
0.00374999
0.00324984
0.00324987
0.00324984
0.00324985
0.00324987
0.00375
0.00375
0.00324987
0.00324985
0.0027485
0.00274848
0.00274845
0.00274837
0.00274797
0.00274628
0.00274127
0.00273068
0.00273109
0.00274148
0.00223257
0.00221896
0.00221844
0.00223223
0.00223911
0.00223839
0.00274584
0.00274756
0.00274584
0.00223839
0.0022409
0.00172655
0.00172372
0.00120797
0.00121015
0.00120797
0.00172372
0.00172463
0.00223911
0.00274628
0.00274797
0.00274806
0.00274639
0.00223936
0.00224185
0.00224161
0.00172752
0.00172797
0.00172505
0.00171763
0.00171718
0.00120276
0.00120316
0.00119192
0.0017034
0.00221896
0.00069832
0.000698097
0.000698031
0.000697583
0.000704089
0.000706878
0.000706253
0.00070358
0.000697583
0.000698031
0.000704089
0.000706878
0.000707707
0.000708125
0.00121101
0.00172752
0.00224161
0.00224185
0.00274806
0.00274639
0.00223936
0.0022395
0.00274644
0.0027416
0.00274165
0.00223285
0.00221943
0.00170395
0.00171806
0.00171791
0.00223276
0.00171763
0.0017034
0.00170285
0.00171718
0.00120276
0.0011915
0.00119192
0.00120316
0.0012035
0.00120369
0.00119247
0.000698809
0.000690131
0.000689955
0.000698615
0.00069832
0.000698097
0.000704168
0.000704414
0.000704734
0.000704941
0.000708032
0.00120967
0.00172542
0.00223955
0.00274647
0.0027481
0.00274809
0.00224197
0.00224202
0.00172837
0.00172824
0.0017253
0.00172505
0.00172463
0.00120867
0.00120912
0.00121157
0.00172797
0.00172908
0.00224259
0.00274845
0.00274854
0.00224285
0.00224259
0.00224234
0.00172856
0.00172908
0.00172963
0.00121351
0.00121273
0.00121204
0.00121101
0.00120867
0.00120912
0.00121157
0.00121198
0.00172824
0.00224197
0.00274809
0.00274644
0.00274647
0.0027481
0.00224202
0.00223955
0.0022395
0.0017253
0.00171791
0.00171806
0.00223285
0.00223285
0.00223276
0.00221928
0.00170377
0.00171791
0.00171806
0.00120369
0.00120369
0.0012035
0.00120947
0.00120967
0.00172542
0.00172837
0.0012122
0.00121344
0.00172951
0.00224276
0.00224271
0.00224298
0.00274857
0.00274858
0.00224304
0.00224317
0.00274861
0.00324987
0.00375
0.00425
0.00475
0.00475
0.00475
0.00425
0.00425
0.00375
0.00375
0.00375
0.00374999
0.00324985
0.00324987
0.00324987
0.00375
0.00375
0.00324987
0.00324987
0.00324988
0.00274863
0.00274861
0.00274858
0.0027485
0.00274848
0.00274857
0.00224298
0.00224271
0.00224276
0.00224304
0.00224317
0.00224312
0.0027486
0.00173029
0.00172995
0.00172937
0.00172951
0.0017301
0.0012143
0.00121344
0.0012122
0.00121198
0.00120947
0.000707802
0.000707427
0.000707083
0.000708621
0.000709078
0.000709341
0.000710245
0.000709947
0.0012132
0.00121404
0.0012146
0.00121404
0.00172995
0.00172937
0.0012132
0.00121273
0.000709405
0.000708755
0.000708125
0.000707083
0.000704168
0.000704414
0.000707427
0.000708621
0.000709078
0.000707802
0.000704733
0.000698615
0.000704941
0.000708032
0.000709341
0.000710245
0.000709947
0.000710779
0.000710169
0.000709405
0.000710779
0.000711106
0.000711778
0.00121488
0.00173045
0.00173061
0.00224323
0.00224323
0.00274863
0.00324988
0.00375
0.00425
0.00475
0.00525
0.00575
0.00625
0.00675
0.00725
0.00775
0.00825
0.00875
0.00875
0.00925
0.00975
0.00975
0.01025
0.01075
0.01075
0.01025
0.01025
0.01075
0.01075
0.01075
0.01075
0.01025
0.01025
0.01025
0.00975
0.00975
0.00975
0.00975
0.00975
0.00925
0.00925
0.00925
0.00925
0.00925
0.00925
0.00875
0.00875
0.00875
0.00875
0.00875
0.00875
0.00875
0.00825
0.00825
0.00825
0.00775
0.00775
0.00775
0.00775
0.00725
0.00724999
0.00724999
0.00725
0.00725
0.00775
0.00775
0.00775
0.00775
0.00725
0.00725
0.00725
0.00725
0.00725
0.00724999
0.00724999
0.00775
0.00775
0.00725
0.00725
0.00775
0.00775
0.00725
0.00725
0.00725
0.00775
0.00825
0.00825
0.00875
0.00875
0.00875
0.00875
0.00825
0.00825
0.00825
0.00775
0.00775
0.00775
0.00775
0.00725
0.00725
0.00725
0.00725
0.00725
0.00775
0.00825
0.00825
0.00875
0.00875
0.00825
0.00775
0.00775
0.00725
0.00725
0.00725
0.00775
0.00825
0.00875
0.00875
0.00925
0.00975
0.01025
0.01025
0.01025
0.01075
0.01075
0.01075
0.01025
0.01025
0.01025
0.01025
0.01025
0.01075
0.01075
0.01075
0.01075
0.01075
0.01075
0.01025
0.01025
0.01025
0.01025
0.01025
0.01025
0.01075
0.01075
0.01025
0.00975
0.00975
0.00975
0.00975
0.00975
0.00975
0.00975
0.00975
0.00925
0.00925
0.00925
0.00925
0.00925
0.00925
0.00925
0.00925
0.00975
0.00975
0.00975
0.00975
0.00975
0.00925
0.00925
0.00925
0.00925
0.00875
0.00875
0.00875
0.00875
0.00825
0.00825
0.00825
0.00875
0.00875
0.00825
0.00825
0.00825
0.00775
0.00775
0.00775
0.00775
0.00724999
0.00724998
0.00724999
0.00724999
0.00725
0.00775
0.00775
0.00775
0.00775
0.00825
0.00725
0.00725
0.00725
0.00724999
0.00775
0.00825
0.00825
0.00825
0.00825
0.00875
0.00875
0.00825
0.00825
0.00875
0.00875
0.00875
0.00825
0.00825
0.00775
0.00774999
0.00774999
0.00774999
0.00774999
0.00775
0.00724999
0.00724998
0.00724997
0.00724998
0.00724998
0.00724998
0.00724999
0.00775
0.00775
0.00825
0.00875
0.00875
0.00875
0.00875
0.00825
0.00825
0.00825
0.00775
0.00775
0.00775
0.00775
0.00775
0.00725
0.00725
0.00725
0.00775
0.00825
0.00825
0.00825
0.00875
0.00875
0.00825
0.00825
0.00825
0.00825
0.00875
0.00875
0.00825
0.00775
0.00775
0.00775
0.00825
0.00725
0.00725
0.00725
0.00725
0.00775
0.00775
0.00775
0.00775
0.00725
0.00725
0.00725
0.00675
0.00675
0.00675
0.00675
0.00675
0.00674999
0.00674996
0.00674993
0.00674994
0.00674994
0.00624982
0.00624981
0.00624979
0.00624978
0.00674992
0.00674991
0.0067499
0.00624972
0.00624975
0.00574935
0.00574941
0.00574945
0.00574948
0.0057495
0.00524873
0.0052487
0.00524864
0.00524855
0.00524844
0.0052483
0.00574929
0.00574919
0.00624968
0.00674989
0.00674987
0.00624963
0.00574904
0.00524774
0.00524809
0.00524895
0.00574955
0.00624982
0.00674993
0.00674995
0.00674995
0.00674996
0.00674999
0.00624996
0.00624989
0.0062499
0.0062499
0.00674997
0.00674997
0.00674999
0.00674999
0.00624997
0.00624997
0.00624991
0.00574975
0.00574974
0.00574992
0.00574992
0.0052498
0.00524939
0.00524937
0.00524979
0.00524978
0.00574991
0.00624997
0.00624999
0.00624999
0.00675
0.00675
0.00675
0.00675
0.00625
0.00625
0.00624999
0.00574998
0.00574998
0.00575
0.00575
0.00524999
0.00524996
0.00524995
0.00524999
0.00524999
0.00575
0.00625
0.00625
0.00675
0.00675
0.00624999
0.00574998
0.0057499
0.00574971
0.00574973
0.00524935
0.00524931
0.00524977
0.00524995
0.00524995
0.00574998
0.00474988
0.0047495
0.00474853
0.0047469
0.00474702
0.00474707
0.00424378
0.00424369
0.0042435
0.00424323
0.00474674
0.00474654
0.00474627
0.00424242
0.00424288
0.00373653
0.00373706
0.00373747
0.00373775
0.00373789
0.00322848
0.00322829
0.00322791
0.00322735
0.0032266
0.00322549
0.00373578
0.00373446
0.00424164
0.00474585
0.0047451
0.00424021
0.00373197
0.00321953
0.00322343
0.00270838
0.0027113
0.00271282
0.00271378
0.00271446
0.00271491
0.00271514
0.00219879
0.00219855
0.00219807
0.00219733
0.00168181
0.00168247
0.00168292
0.00168314
0.00117658
0.00117638
0.00117602
0.00117557
0.00117502
0.00168085
0.00219627
0.00219444
0.00219082
0.00218432
0.00270294
0.00269443
0.00321334
0.0037281
0.00423807
0.00474407
0.00524729
0.00574887
0.00624957
0.00674985
0.00724996
0.00724996
0.00774999
0.00825
0.00825
0.00875
0.00925
0.00975
0.01025
0.01025
0.01025
0.01075
0.01075
0.01125
0.01175
0.01225
0.01275
0.01275
0.01225
0.01225
0.01275
0.01275
0.01225
0.01175
0.01175
0.01175
0.01125
0.01125
0.01125
0.01075
0.01075
0.01075
0.01025
0.01025
0.00975
0.00975
0.00975
0.00925
0.00925
0.00925
0.00925
0.00975
0.00975
0.01025
0.01025
0.00975
0.00925
0.00925
0.00875
0.00875
0.00875
0.00875
0.00875
0.00825
0.00825
0.00774999
0.00774999
0.00774999
0.00724996
0.00724997
0.00724997
0.00724997
0.00774999
0.00825
0.00825
0.00825
0.00825
0.00875
0.00875
0.00875
0.00875
0.00825
0.00825
0.00825
0.00825
0.00875
0.00925
0.00975
0.00975
0.01025
0.01075
0.01125
0.01175
0.01225
0.01275
0.01325
0.01375
0.01425
0.01375
0.01375
0.01425
0.01425
0.01475
0.01475
0.01475
0.01475
0.01425
0.01425
0.01425
0.01375
0.01375
0.01375
0.01325
0.01325
0.01325
0.01325
0.01375
0.01375
0.01375
0.01325
0.01325
0.01325
0.01375
0.01425
0.01475
0.01475
0.01475
0.01475
0.01475
0.01475
0.01425
0.01425
0.01425
0.01425
0.01425
0.01475
0.01475
0.01525
0.01525
0.01525
0.01575
0.01625
0.01675
0.01675
0.01675
0.01625
0.01625
0.01575
0.01575
0.01575
0.01525
0.01525
0.01525
0.01475
0.01475
0.01475
0.01475
0.01425
0.01425
0.01375
0.01375
0.01375
0.01375
0.01375
0.01325
0.01325
0.01325
0.01325
0.01275
0.01275
0.01275
0.01275
0.01275
0.01275
0.01275
0.01275
0.01275
0.01275
0.01225
0.01225
0.01225
0.01225
0.01225
0.01275
0.01275
0.01275
0.01275
0.01225
0.01225
0.01225
0.01225
0.01275
0.01275
0.01275
0.01225
0.01225
0.01225
0.01225
0.01175
0.01175
0.01175
0.01175
0.01175
0.01175
0.01125
0.01125
0.01125
0.01125
0.01125
0.01175
0.01175
0.01175
0.01175
0.01125
0.01125
0.01125
0.01125
0.01175
0.01175
0.01225
0.01275
0.01275
0.01275
0.01225
0.01225
0.01175
0.01175
0.01125
0.01125
0.01125
0.01125
0.01175
0.01175
0.01125
0.01125
0.01125
0.01075
0.01075
0.01075
0.01075
0.01075
0.01075
0.01025
0.01025
0.01025
0.01025
0.01025
0.01075
0.01075
0.01075
0.01075
0.01025
0.01025
0.01025
0.01025
0.01075
0.01075
0.01075
0.01075
0.01025
0.01025
0.01025
0.01025
0.01025
0.01025
0.01075
0.01075
0.01025
0.00975
0.00975
0.00975
0.00975
0.00975
0.00975
0.00975
0.00975
0.00925
0.00925
0.00925
0.00925
0.00925
0.00975
0.00975
0.00975
0.00975
0.00925
0.00925
0.00925
0.00925
0.00925
0.00925
0.00925
0.00975
0.00975
0.00925
0.00925
0.00975
0.00975
0.00925
0.00925
0.00925
0.00975
0.01025
0.01075
0.01125
0.01175
0.01225
0.01275
0.01275
0.01275
0.01275
0.01275
0.01225
0.01225
0.01225
0.01225
0.01225
0.01275
0.01275
0.01325
0.01375
0.01375
0.01325
0.01325
0.01325
0.01325
0.01375
0.01425
0.01475
0.01475
0.01525
0.01575
0.01625
0.01625
0.01575
0.01525
0.01525
0.01575
0.01625
0.01675
0.01625
0.01625
0.01675
0.01675
0.01725
0.01625
0.01575
0.01575
0.01575
0.01525
0.01525
0.01525
0.01475
0.01475
0.01475
0.01475
0.01425
0.01425
0.01425
0.01475
0.01475
0.01425
0.01375
0.01375
0.01375
0.01375
0.01325
0.01325
0.01325
0.01325
0.01325
0.01325
0.01275
0.01275
0.01275
0.01225
0.01225
0.01225
0.01175
0.01175
0.01175
0.01175
0.01175
0.01175
0.01175
0.01125
0.01125
0.01125
0.01125
0.01125
0.01125
0.01125
0.01125
0.01175
0.01225
0.01275
0.01275
0.01275
0.01275
0.01275
0.01275
0.01225
0.01225
0.01225
0.01225
0.01225
0.01275
0.01275
0.01325
0.01325
0.01325
0.01375
0.01425
0.01475
0.01525
0.01575
0.01575
0.01525
0.01525
0.01575
0.01625
0.01675
0.01725
0.01775
0.01825
0.01875
0.01925
0.01975
0.02025
0.02025
0.02075
0.02075
0.02125
0.02175
0.02225
0.02025
0.02025
0.02025
0.01975
0.01975
0.01975
0.01975
0.01925
0.01925
0.01925
0.01925
0.01875
0.01875
0.01875
0.01875
0.01825
0.01775
0.01725
0.01725
0.01775
0.01825
0.01825
0.01825
0.01775
0.01775
0.01725
0.01725
0.01675
0.01675
0.01675
0.01675
0.01625
0.01575
0.01525
0.01525
0.01575
0.01625
0.01625
0.01625
0.01625
0.01675
0.01575
0.01575
0.01575
0.01525
0.01525
0.01525
0.01475
0.01475
0.01475
0.01475
0.01475
0.01475
0.01475
0.01425
0.01425
0.01425
0.01375
0.01375
0.01375
0.01325
0.01325
0.01325
0.01325
0.01375
0.01425
0.01425
0.01425
0.01425
0.01425
0.01425
0.01375
0.01375
0.01375
0.01375
0.01325
0.01325
0.01325
0.01275
0.01275
0.01275
0.01275
0.01275
0.01225
0.01225
0.01225
0.01225
0.01275
0.01275
0.01275
0.01225
0.01225
0.01175
0.01175
0.01175
0.01175
0.01175
0.01175
0.01175
0.01175
0.01125
0.01125
0.01125
0.01125
0.01125
0.01125
0.01125
0.01075
0.01075
0.01075
0.01075
0.01075
0.01075
0.01075
0.01025
0.01025
0.01025
0.01025
0.01025
0.01025
0.01025
0.00975
0.00975
0.00975
0.00975
0.00975
0.00975
0.00975
0.00925
0.00925
0.00925
0.00925
0.00925
0.00925
0.00925
0.00925
0.00875
0.00825
0.00775
0.00775
0.00775
0.00775
0.00775
0.00775
0.00825
0.00825
0.00875
0.00875
0.00875
0.00875
0.00875
0.00875
0.00875
0.00825
0.00825
0.00825
0.00825
0.00825
0.00875
0.00875
0.00875
0.00875
0.00825
0.00825
0.00825
0.00825
0.00875
0.00875
0.00875
0.00825
0.00825
0.00825
0.00825
0.00775
0.00775
0.00775
0.00775
0.00775
0.00775
0.00725
0.00725
0.00725
0.00725
0.00725
0.00775
0.00775
0.00775
0.00775
0.00725
0.00725
0.00725
0.00725
0.00775
0.00775
0.00825
0.00875
0.00875
0.00875
0.00825
0.00825
0.00775
0.00775
0.00725
0.00725
0.00725
0.00725
0.00775
0.00775
0.00725
0.00725
0.00725
0.00675
0.00675
0.00675
0.00675
0.00675
0.00675
0.00675
0.00675
0.00675
0.00625
0.00625
0.00625
0.00625
0.00625
0.00625
0.00625
0.00675
0.00675
0.00625
0.00625
0.00675
0.00675
0.00625
0.00625
0.00625
0.00625
0.00625
0.00675
0.00575
0.00575
0.00575
0.00575
0.00575
0.00525
0.00525
0.00525
0.00525
0.00525
0.00525
0.00575
0.00575
0.00625
0.00625
0.00675
0.00675
0.00675
0.00675
0.00675
0.00625
0.00625
0.00625
0.00575
0.00575
0.00575
0.00525
0.00525
0.00525
0.00475
0.00475
0.00475
0.00475
0.00474998
0.00474998
0.00474989
0.00424974
0.00424996
0.00424996
0.00374991
0.0037499
0.00374944
0.00324873
0.00324874
0.00324966
0.00324966
0.00324965
0.0037499
0.00424996
0.00474998
0.00474988
0.0047495
0.00474948
0.00474845
0.00424678
0.00424888
0.00424892
0.00424974
0.00424972
0.00474988
0.00474998
0.00424995
0.00374989
0.0037494
0.00374943
0.00374781
0.00374773
0.00374376
0.00323872
0.00324559
0.00324572
0.00324871
0.00324866
0.00324962
0.00324982
0.00374998
0.00424999
0.00475
0.00475
0.00475
0.00475
0.00425
0.00425
0.00425
0.00425
0.00425
0.00425
0.00475
0.00525
0.00575
0.00575
0.00525
0.00525
0.00575
0.00625
0.00675
0.00675
0.00675
0.00675
0.00625
0.00625
0.00625
0.00575
0.00575
0.00575
0.00525
0.00525
0.00525
0.00475
0.00475
0.00475
0.00425
0.00425
0.00425
0.00425
0.00425
0.00425
0.00475
0.00475
0.00475
0.00475
0.00425
0.00425
0.00425
0.00374999
0.00375
0.00375
0.00375
0.00375
0.00375
0.00374999
0.00374999
0.00375
0.00324987
0.00324987
0.00324985
0.00324985
0.00324984
0.00374999
0.00375
0.00374999
0.00324984
0.00324987
0.00324987
0.00375
0.00375
0.00324987
0.00324987
0.00324988
0.00324987
0.00324987
0.00324985
0.00324985
0.00374999
0.0037499
0.00424996
0.00474998
0.00524999
0.00575
0.00625
0.00675
0.00675
0.00725
0.00775
0.00775
0.00825
0.00825
0.00875
0.00875
0.00825
0.00825
0.00825
0.00875
0.00875
0.00825
0.00775
0.00775
0.00775
0.00775
0.00775
0.00725
0.00725
0.00675
0.00675
0.00675
0.00624999
0.00625
0.00624999
0.00624996
0.00674998
0.00674995
0.00674995
0.00674998
0.00624995
0.00624986
0.00624988
0.00574968
0.00574989
0.00574987
0.00574964
0.00524916
0.00524925
0.00524975
0.00524968
0.00524988
0.00574995
0.00624998
0.00624995
0.00674998
0.00674997
0.00674993
0.00674991
0.00624974
0.00624982
0.00624991
0.00574978
0.00574955
0.00574935
0.00524849
0.00524895
0.00524947
0.00524968
0.00574987
0.00574989
0.00624996
0.00674998
0.00724999
0.00724998
0.00775
0.00774999
0.00724998
0.00674995
0.00674995
0.00624988
0.00624986
0.00574964
0.00574968
0.00524925
0.00524975
0.00524994
0.00574997
0.00574999
0.00574997
0.00524994
0.00524999
0.00524999
0.00575
0.00625
0.00625
0.00624999
0.00675
0.00725
0.00725
0.00725
0.00725
0.00675
0.00675
0.00675
0.00624999
0.00624999
0.00625
0.00575
0.00574998
0.00574998
0.00574998
0.00575
0.00524999
0.00524995
0.00524995
0.00574998
0.00624999
0.00675
0.00674999
0.00725
0.00775
0.00825
0.00875
0.00875
0.00875
0.00875
0.00825
0.00825
0.00825
0.00825
0.00825
0.00875
0.00875
0.00925
0.00975
0.01025
0.01025
0.01075
0.01125
0.01175
0.01225
0.01225
0.01275
0.01275
0.01275
0.01225
0.01225
0.01225
0.01275
0.01325
0.01375
0.01375
0.01325
0.01325
0.01325
0.01275
0.01275
0.01275
0.01225
0.01225
0.01225
0.01175
0.01175
0.01175
0.01175
0.01175
0.01225
0.01175
0.01125
0.01125
0.01125
0.01125
0.01075
0.01075
0.01075
0.01075
0.01075
0.01075
0.01025
0.01025
0.01025
0.01025
0.01025
0.01025
0.01075
0.01075
0.01025
0.01025
0.00975
0.00975
0.00975
0.00975
0.00975
0.00975
0.00925
0.00925
0.00925
0.00925
0.00925
0.00925
0.00975
0.00975
0.00925
0.00925
0.00925
0.00975
0.01025
0.01075
0.01125
0.01175
0.01175
0.01225
0.01275
0.01275
0.01325
0.01375
0.01425
0.01425
0.01475
0.01475
0.01475
0.01425
0.01425
0.01375
0.01375
0.01325
0.01325
0.01325
0.01275
0.01275
0.01275
0.01275
0.01225
0.01225
0.01225
0.01225
0.01225
0.01225
0.01175
0.01175
0.01175
0.01175
0.01125
0.01125
0.01125
0.01125
0.01075
0.01075
0.01075
0.01075
0.01025
0.01025
0.01025
0.01025
0.00975
0.00975
0.00975
0.00975
0.00925
0.00925
0.00925
0.00925
0.00925
0.00975
0.01025
0.01075
0.01075
0.01075
0.01075
0.01025
0.01025
0.01025
0.00975
0.00975
0.00975
0.00925
0.00925
0.00925
0.00875
0.00875
0.00875
0.00875
0.00875
0.00875
0.00825
0.00825
0.00825
0.00825
0.00825
0.00875
0.00875
0.00875
0.00875
0.00825
0.00825
0.00825
0.00875
0.00875
0.00925
0.00975
0.01025
0.00975
0.00925
0.00875
0.00825
0.00825
0.00825
0.00875
0.00925
0.00925
0.00925
0.00925
0.00925
0.00875
0.00875
0.00825
0.00825
0.00825
0.00875
0.00875
0.00825
0.00774999
0.00774999
0.00774999
0.00774999
0.00724996
0.00724996
0.00724997
0.00724997
0.00724997
0.00774999
0.00825
0.00875
0.00775
0.00775
0.00775
0.00725
0.00724999
0.00724999
0.00674996
0.00674996
0.00674999
0.00624997
0.00624996
0.00624989
0.0062499
0.0062499
0.00674997
0.00724999
0.00775
0.00775
0.00775
0.00775
0.00724999
0.00725
0.00725
0.00674999
0.00674999
0.00674997
0.00624991
0.00624997
0.00624997
0.00574992
0.00574991
0.0057499
0.00574971
0.00574973
0.00524935
0.00524978
0.00524977
0.00524931
0.00524855
0.00574941
0.00624977
0.00674992
0.00674991
0.0067499
0.00674989
0.00674987
0.00624963
0.00624968
0.00624972
0.00624975
0.00574935
0.00574929
0.00574919
0.00574904
0.00524774
0.00524809
0.0052483
0.00524916
0.00474816
0.00474928
0.00474973
0.00474985
0.00474943
0.00474835
0.00474654
0.00474627
0.00424242
0.00424288
0.00373653
0.00373578
0.00322549
0.0032266
0.00271282
0.0027113
0.00219444
0.00219627
0.00168085
0.00167909
0.00117387
0.00117502
0.0011909
0.00170188
0.0022175
0.00272996
0.00323823
0.00374345
0.00424659
0.00424878
0.00424848
0.00474928
0.00474816
0.00424623
0.00424537
0.00474772
0.00474585
0.00424164
0.00373446
0.00322343
0.00270838
0.00219082
0.00167544
0.00117111
0.00118491
0.00169389
0.00220987
0.00272416
0.00323446
0.00374122
0.0037428
0.00374696
0.00374755
0.00324527
0.00324421
0.00323714
0.00272827
0.00273897
0.00274073
0.00274127
0.00274148
0.00223257
0.00223223
0.00221844
0.00273068
0.00170285
0.00171718
0.00171763
0.00120316
0.0012035
0.00119228
0.000698615
0.000698809
0.000690131
0.000689956
0.000689691
0.000689457
0.000689371
0.000689069
0.000687736
0.000695433
0.000697583
0.00118929
0.00169955
0.00221525
0.00222898
0.00223143
0.00223839
0.00274584
0.00324842
0.00374928
0.00424966
0.00424991
0.00474996
0.00474985
0.00424966
0.0042494
0.00424848
0.00424756
0.00474883
0.00474772
0.00474673
0.00424344
0.00424537
0.00424623
0.00424659
0.00474835
0.00474943
0.00424878
0.00374755
0.00374928
0.00374979
0.00324942
0.00324842
0.00324739
0.00374874
0.00374696
0.00374523
0.00374122
0.00373776
0.00322881
0.00323446
0.00324115
0.00324421
0.00324527
0.00323823
0.00374345
0.0037428
0.00323714
0.00272827
0.00273897
0.00274408
0.00274584
0.00274756
0.00274797
0.00274806
0.00274809
0.0027481
0.00274647
0.00274644
0.0022395
0.00223955
0.00224202
0.00224197
0.00224185
0.00223936
0.00274639
0.00274628
0.00223911
0.00224161
0.00172752
0.00172797
0.00172824
0.00172837
0.00172542
0.0017253
0.00120947
0.00120967
0.0012122
0.00121198
0.00121157
0.00120912
0.00172505
0.00172463
0.00120867
0.00120276
0.0011915
0.000698097
0.00069832
0.000704414
0.000704734
0.000704941
0.000708032
0.000709341
0.000709078
0.000707802
0.000707427
0.000708621
0.000708125
0.00121101
0.00121204
0.00172856
0.00224234
0.00274837
0.00274845
0.00274848
0.0027485
0.00274858
0.00274857
0.00224298
0.00224304
0.00224276
0.00224271
0.00224259
0.00224285
0.00274854
0.00274845
0.00224259
0.00224271
0.00274848
0.00274857
0.0027486
0.00274861
0.00274863
0.00274861
0.00224317
0.00224323
0.00224317
0.00224312
0.00224298
0.00224304
0.00274858
0.0027485
0.00224276
0.00172951
0.0017301
0.00173045
0.00173061
0.00173045
0.00173045
0.0017301
0.0012143
0.00121488
0.00121517
0.000712133
0.000711778
0.000711432
0.000711106
0.000711106
0.0012143
0.0017301
0.00172951
0.00172937
0.00172995
0.00121404
0.0012132
0.00121344
0.000710245
0.000709947
0.000710779
0.000711432
0.0012146
0.00173029
0.00172995
0.00172963
0.00172908
0.00121273
0.00121351
0.00121273
0.00172908
0.00172937
0.0012132
0.00121404
0.0012143
0.00121488
0.00121517
0.00121488
0.000711778
0.000712133
0.000711778
0.000711106
0.000710779
0.000710169
0.000709405
0.000708755
0.000709405
0.000709947
0.000710245
0.00121344
0.0012122
0.00172837
0.00224202
0.0027481
0.00324966
0.00374991
0.00424996
0.00474998
0.00524999
0.00524996
0.00524995
0.00524979
0.0052498
0.00574992
0.00574975
0.00574974
0.00524937
0.00524939
0.00524873
0.00574949
0.00624981
0.00674994
0.00724998
0.00775
0.00774999
0.00774999
0.00724998
0.00724998
0.00674993
0.00674993
0.00624979
0.00624981
0.00574948
0.00574945
0.00524864
0.0052487
0.00474702
0.00474858
0.00474952
0.00474989
0.00474988
0.00474998
0.00474998
0.00474988
0.00424972
0.00424995
0.00424996
0.00424974
0.00424974
0.00424974
0.00474989
0.00474953
0.0047486
0.00424703
0.00424896
0.00424895
0.00424892
0.0047495
0.00474948
0.00474845
0.00474853
0.00424691
0.00424678
0.00424888
0.00374773
0.0037494
0.00374989
0.0037499
0.00374943
0.00324871
0.00324965
0.00324962
0.00324866
0.00324559
0.00324572
0.00374781
0.00374396
0.00374376
0.00323872
0.00323901
0.0032392
0.00374409
0.00424699
0.00424369
0.0042435
0.0047469
0.00474674
0.00474654
0.00524844
0.00474627
0.00474585
0.0047451
0.00424021
0.00424164
0.00424242
0.00424288
0.00373653
0.00373578
0.00373446
0.00373198
0.00321953
0.00322343
0.00322549
0.0032266
0.00322735
0.00373706
0.00424323
0.00373747
0.00322791
0.00322829
0.00373775
0.00373789
0.00424378
0.00474707
0.00474707
0.00524873
0.00574949
0.00624981
0.00674994
0.00724998
0.00775
0.00825
0.00875
0.00875
0.00925
0.00975
0.01025
0.01075
0.01125
0.01125
0.01175
0.01225
0.01225
0.01275
0.01275
0.01275
0.01325
0.01375
0.01375
0.01425
0.01425
0.01375
0.01375
0.01375
0.01325
0.01325
0.01325
0.01325
0.01325
0.01375
0.01425
0.01425
0.01375
0.01375
0.01325
0.01325
0.01275
0.01275
0.01275
0.01275
0.01275
0.01225
0.01225
0.01175
0.01175
0.01175
0.01125
0.01125
0.01075
0.01075
0.01025
0.01025
0.00975
0.00975
0.00925
0.00925
0.00875
0.00875
0.00825
0.00774999
0.00774999
0.00774999
0.00724998
0.00724999
0.00724999
0.00725
0.00725
0.00725
0.00725
0.00725
0.00725
0.00725
0.00775
0.00775
0.00725
0.00724999
0.00724999
0.00674997
0.00674996
0.00674996
0.00674995
0.00674995
0.00674993
0.00674991
0.00624974
0.00624982
0.00624991
0.00674997
0.00674998
0.00674998
0.00624996
0.00624988
0.00624986
0.00624995
0.00624998
0.00674999
0.00675
0.00675
0.00675
0.00624999
0.00625
0.00624999
0.00574997
0.00574989
0.00574968
0.00574964
0.00574987
0.00524968
0.00524916
0.00524925
0.00524975
0.00524994
0.00524988
0.00574995
0.00574997
0.00574999
0.00575
0.00524999
0.00524999
0.00524994
0.00524975
0.00574989
0.00624996
0.00674998
0.00674998
0.00624995
0.00624986
0.00624988
0.00574968
0.00574964
0.00574955
0.00574935
0.00524849
0.00524895
0.00524947
0.00574978
0.00574987
0.00524968
0.00524916
0.00524925
0.00524931
0.00574971
0.00624989
0.00624996
0.00674999
0.00675
0.00675
0.00675
0.00675
0.00624999
0.00624999
0.00625
0.00625
0.00625
0.00675
0.00675
0.00675
0.00675
0.00625
0.00624999
0.00624999
0.00624997
0.00674999
0.00674999
0.00624997
0.0062499
0.0062499
0.00624991
0.00674997
0.00674999
0.00624997
0.00574992
0.00574992
0.00574991
0.0057499
0.00574998
0.00575
0.00575
0.00575
0.00575
0.00575
0.00525
0.00525
0.00525
0.00525
0.00525
0.00575
0.00575
0.00575
0.00575
0.00525
0.00525
0.00475
0.00475
0.00475
0.00475
0.00474998
0.00474989
0.00474952
0.00474858
0.0047486
0.00474953
0.00424896
0.00424703
0.00424699
0.00424895
0.00424892
0.00424691
0.00424678
0.00474845
0.00474948
0.00424888
0.00424972
0.00474988
0.00474998
0.00474998
0.00424996
0.00424974
0.00424974
0.00424974
0.00474989
0.00474998
0.00424996
0.00424996
0.0037499
0.00374944
0.00374785
0.00374409
0.00374415
0.00374787
0.00324582
0.00323929
0.0032392
0.00324579
0.00324572
0.00374781
0.00374396
0.00374376
0.00374773
0.00324559
0.00323872
0.00323901
0.00273109
0.00273133
0.00273145
0.00274165
0.0027416
0.00223276
0.00221928
0.00221943
0.00223285
0.00223955
0.00274647
0.00324874
0.00374944
0.00374991
0.00324966
0.00324966
0.00324873
0.00324871
0.00374943
0.0037494
0.00374989
0.00424995
0.00424991
0.00474996
0.00474985
0.00474943
0.00474835
0.00474816
0.00474928
0.00424848
0.00424623
0.00424659
0.00424878
0.00424966
0.0042494
0.00474973
0.00474985
0.00424966
0.00424878
0.00474943
0.00474928
0.00474883
0.00474772
0.00474673
0.00474772
0.00424537
0.00424344
0.00424537
0.00424756
0.00424848
0.00424623
0.00474816
0.00474835
0.00424659
0.00374345
0.0037428
0.00374122
0.00373776
0.00374122
0.0037428
0.00374345
0.00374755
0.00374696
0.00324421
0.00323714
0.00323823
0.00324527
0.00324842
0.00374928
0.00374874
0.00374928
0.00374979
0.00324942
0.00324962
0.00324866
0.00274628
0.00274127
0.00273068
0.00221844
0.00221896
0.00223257
0.00274148
0.00274639
0.00274644
0.00274809
0.0027481
0.00224202
0.00224197
0.0022395
0.00223936
0.00223911
0.00223223
0.00171718
0.00170285
0.0017034
0.00170377
0.00170395
0.00171806
0.00171791
0.0012035
0.00119228
0.00119247
0.00120369
0.00120967
0.00172542
0.0017253
0.00172824
0.00172837
0.0012122
0.00121198
0.00120947
0.00120912
0.00172505
0.00171763
0.00120316
0.00119192
0.0011915
0.00120276
0.00120867
0.00172463
0.00172752
0.00224161
0.00274797
0.00274806
0.00324965
0.0037499
0.00374999
0.00425
0.00475
0.00475
0.00475
0.00475
0.00425
0.00425
0.00425
0.00425
0.00475
0.00475
0.00425
0.00425
0.00475
0.00425
0.00425
0.00425
0.00475
0.00475
0.00475
0.00525
0.00525
0.00524999
0.00575
0.00575
0.00575
0.00574998
0.00524995
0.00524995
0.00524999
0.00524999
0.00524999
0.00524995
0.00574998
0.00574998
0.00524996
0.0052498
0.00524979
0.00524978
0.00524977
0.00474948
0.00474988
0.00474998
0.00474998
0.00474988
0.00424974
0.00424972
0.00424995
0.00424999
0.00425
0.00425
0.00425
0.00375
0.00375
0.00375
0.00374999
0.00374999
0.00375
0.00324987
0.00324985
0.00324985
0.00324987
0.00324987
0.00324984
0.00324982
0.00374998
0.00374999
0.00324984
0.00324985
0.00374999
0.00374999
0.00425
0.00475
0.00474998
0.00474998
0.00474989
0.00474989
0.00424974
0.00424974
0.00424996
0.00424996
0.0037499
0.00374989
0.0037494
0.00374943
0.00324871
0.00324866
0.00324842
0.00324739
0.00324421
0.00374696
0.00374523
0.00324115
0.00323446
0.00322881
0.00323446
0.00323714
0.00323823
0.00324527
0.00374755
0.00374773
0.00424888
0.00424678
0.00474845
0.00474853
0.00524935
0.00574973
0.00574974
0.00574975
0.00524939
0.00524937
0.0052487
0.00574948
0.00624981
0.00674994
0.00724998
0.00724998
0.00674994
0.00624982
0.0057495
0.00524873
0.00474707
0.00474702
0.0047469
0.00524864
0.00574945
0.00624979
0.00674993
0.00674992
0.00674991
0.0067499
0.00674989
0.00674987
0.00624963
0.00624968
0.00624972
0.00624975
0.00574935
0.00574929
0.00574919
0.00574904
0.00524774
0.00524809
0.0052483
0.00524844
0.00524855
0.00574941
0.00624977
0.00474674
0.00474654
0.00474627
0.00474585
0.0047451
0.00424021
0.00424164
0.00424242
0.00424288
0.00373653
0.00373578
0.00373446
0.00373197
0.00321953
0.00322343
0.00322549
0.0032266
0.00322735
0.00373706
0.00424323
0.0042435
0.00424691
0.00424892
0.0047495
0.00474952
0.00474858
0.0047486
0.00474953
0.00424896
0.00424895
0.00424699
0.00424703
0.00374415
0.00374409
0.00374396
0.00374376
0.00323872
0.00324559
0.00324572
0.00374781
0.00374785
0.00374944
0.0037499
0.00374991
0.00424996
0.00424996
0.00474998
0.00524999
0.00575
0.00625
0.00675
0.00725
0.00775
0.00775
0.00825
0.00875
0.00875
0.00875
0.00825
0.00825
0.00825
0.00875
0.00875
0.00875
0.00875
0.00925
0.00925
0.00975
0.01025
0.01075
0.01125
0.01175
0.01175
0.01225
0.01225
0.01175
0.01175
0.01125
0.01125
0.01125
0.01075
0.01075
0.01075
0.01025
0.01025
0.01025
0.00975
0.00975
0.00975
0.00925
0.00925
0.00925
0.00875
0.00875
0.00875
0.00875
0.00875
0.00825
0.00825
0.00825
0.00825
0.00775
0.00775
0.00775
0.00775
0.00725
0.00725
0.00725
0.00775
0.00825
0.00825
0.00825
0.00825
0.00875
0.00875
0.00875
0.00825
0.00825
0.00775
0.00775
0.00775
0.00775
0.00724999
0.00724999
0.00725
0.00725
0.00725
0.00775
0.00775
0.00725
0.00725
0.00725
0.00725
0.00675
0.00675
0.00675
0.00625
0.00625
0.00625
0.00625
0.00675
0.00675
0.00625
0.00625
0.00575
0.00575
0.00575
0.00575
0.00525
0.00525
0.00525
0.00525
0.00525
0.00575
0.00575
0.00575
0.00575
0.00625
0.00625
0.00675
0.00675
0.00675
0.00675
0.00675
0.00675
0.00625
0.00625
0.00625
0.00625
0.00575
0.00575
0.00575
0.00575
0.00525
0.00525
0.00525
0.00525
0.00524999
0.00575
0.00625
0.00675
0.00725
0.00775
0.00775
0.00775
0.00775
0.00725
0.00725
0.00725
0.00725
0.00775
0.00825
0.00825
0.00825
0.00875
0.00875
0.00825
0.00825
0.00875
0.00925
0.00975
0.01025
0.01075
0.01125
0.01125
0.01125
0.01175
0.01175
0.01125
0.01075
0.01075
0.01075
0.01025
0.01025
0.01025
0.00975
0.00975
0.00975
0.00925
0.00925
0.00925
0.00925
0.00975
0.01025
0.01075
0.01075
0.01125
0.01175
0.01175
0.01225
0.01225
0.01225
0.01225
0.01175
0.01175
0.01175
0.01125
0.01125
0.01125
0.01125
0.01175
0.01175
0.01225
0.01275
0.01275
0.01225
0.01225
0.01275
0.01275
0.01275
0.01275
0.01275
0.01225
0.01225
0.01225
0.01225
0.01225
0.01275
0.01275
0.01225
0.01175
0.01175
0.01175
0.01175
0.01175
0.01175
0.01125
0.01125
0.01125
0.01125
0.01125
0.01125
0.01175
0.01225
0.01175
0.01175
0.01175
0.01125
0.01125
0.01125
0.01075
0.01075
0.01075
0.01025
0.01025
0.01025
0.01075
0.01075
0.01075
0.01075
0.01025
0.01025
0.01025
0.01025
0.00975
0.00975
0.00975
0.00975
0.00975
0.00925
0.00925
0.00925
0.00925
0.00925
0.00975
0.00975
0.00925
0.00925
0.00925
0.00975
0.01025
0.01075
0.01125
0.01125
0.01175
0.01225
0.01225
0.01275
0.01325
0.01325
0.01275
0.01225
0.01175
0.01175
0.01125
0.01125
0.01125
0.01075
0.01075
0.01075
0.01075
0.01075
0.01075
0.01025
0.01025
0.01025
0.01025
0.01025
0.01025
0.01075
0.01075
0.01025
0.01025
0.00975
0.00975
0.00975
0.00975
0.00975
0.00975
0.00925
0.00925
0.00925
0.00925
0.00925
0.00925
0.00975
0.00975
0.00925
0.00925
0.00925
0.00975
0.01025
0.01075
0.01125
0.01175
0.01225
0.01275
0.01225
0.01225
0.01225
0.01175
0.01175
0.01125
0.01125
0.01125
0.01125
0.01075
0.01075
0.01025
0.01025
0.00975
0.00975
0.00925
0.00925
0.00875
0.00875
0.00825
0.00825
0.00774999
0.00774999
0.00724998
0.00724998
0.00674994
0.00674997
0.00674999
0.00675
0.00675
0.00624999
0.00624999
0.00624997
0.00624991
0.0062499
0.00674997
0.00674999
0.00624997
0.00624997
0.00674999
0.00675
0.00675
0.00675
0.00675
0.00675
0.00625
0.00625
0.00575
0.00575
0.00575
0.00625
0.00625
0.00625
0.00625
0.00575
0.00574998
0.00574998
0.00524996
0.00524995
0.00524999
0.00525
0.00525
0.00525
0.00475
0.00475
0.00475
0.00475
0.00475
0.00425
0.00425
0.00425
0.00425
0.00425
0.00475
0.00475
0.00475
0.00475
0.00425
0.00425
0.00425
0.00425
0.00475
0.00525
0.00525
0.00525
0.00525
0.00575
0.00575
0.00625
0.00675
0.00675
0.00675
0.00675
0.00624999
0.00624999
0.00625
0.00575
0.00574998
0.00574998
0.00524996
0.00524995
0.00524999
0.00524999
0.00524999
0.00575
0.00625
0.00675
0.00725
0.00775
0.00775
0.00775
0.00725
0.00725
0.00725
0.00775
0.00825
0.00875
0.00875
0.00875
0.00825
0.00825
0.00825
0.00775
0.00775
0.00775
0.00775
0.00724999
0.00725
0.00725
0.00724999
0.00674997
0.00674999
0.00674999
0.00674997
0.0062499
0.00624997
0.00624997
0.00624991
0.00574975
0.00574992
0.00574992
0.00574974
0.00524937
0.00524979
0.0052498
0.00524939
0.0047486
0.00474953
0.00474989
0.00474998
0.00474998
0.00474989
0.00424974
0.00424996
0.00424996
0.00424974
0.00424896
0.00424895
0.00474952
0.00474858
0.00424699
0.00424703
0.00374415
0.00374787
0.00374944
0.00374991
0.00374999
0.00375
0.00375
0.00375
0.00375
0.00375
0.00375
0.00375
0.00324987
0.00324987
0.00324987
0.00324987
0.00375
0.00375
0.00425
0.00425
0.00475
0.00475
0.00475
0.00425
0.00425
0.00425
0.00475
0.00475
0.00475
0.00425
0.00424999
0.00374998
0.00374999
0.00374999
0.00374999
0.00324985
0.00324985
0.00324966
0.00324966
0.00324965
0.00324962
0.00274797
0.00274756
0.00274584
0.00274073
0.00272996
0.00272827
0.00273897
0.00222898
0.00221525
0.0022175
0.00223143
0.00223839
0.00223588
0.00274408
0.00274584
0.00223839
0.0022409
0.00172655
0.00172372
0.00171627
0.00170188
0.00169955
0.00167909
0.00117387
0.00117111
0.00167544
0.00166908
0.00116628
0.00117683
0.00168355
0.00219963
0.00271594
0.00272416
0.00273414
0.00272416
0.00220987
0.00222253
0.00220987
0.00169389
0.00170683
0.00171365
0.00120032
0.00118929
0.0011909
0.00120215
0.00120797
0.00120598
0.00172098
0.00172372
0.00120797
0.00121015
0.00121101
0.00121157
0.00172797
0.00224185
0.00224259
0.00274845
0.00274848
0.0027485
0.00274858
0.00274857
0.00224298
0.00224271
0.00224276
0.00224304
0.00224317
0.00274861
0.0027486
0.00274861
0.00224317
0.00224312
0.00224298
0.00274857
0.00324987
0.00274854
0.00274845
0.00274837
0.00224234
0.00224259
0.00224285
0.00172963
0.00172908
0.00172937
0.00172951
0.0017301
0.00172995
0.00121404
0.0012132
0.00121344
0.0012143
0.00121488
0.00173045
0.00173029
0.00173045
0.00173061
0.00121517
0.00121488
0.0012146
0.00121404
0.00172995
0.00172937
0.00224271
0.00274848
0.0027485
0.00274858
0.00224304
0.00224276
0.00172951
0.0017301
0.0012143
0.00121344
0.0012132
0.00121273
0.00172908
0.00172856
0.00121204
0.00121273
0.00121351
0.000710169
0.000709405
0.000708621
0.000707427
0.000704414
0.00069832
0.000689691
0.000689955
0.000690131
0.000698809
0.000698615
0.000704734
0.000704941
0.000708032
0.000707802
0.000709078
0.000709341
0.000710245
0.000709947
0.000710779
0.000711106
0.000711778
0.000711432
0.000711778
0.000712133
0.000712133
0.00121517
0.00173061
0.00224323
0.00274863
0.00324988
0.00324987
0.00324987
0.00375
0.00375
0.00324987
0.00324987
0.00274858
0.00274861
0.0027486
0.00274861
0.00324987
0.00324987
0.00324987
0.00375
0.00374999
0.00324985
0.00324985
0.00324966
0.00324966
0.0037499
0.00374944
0.00324873
0.00324874
0.00324874
0.00374944
0.00374944
0.00324873
0.00324966
0.00274809
0.00274806
0.00274797
0.00274628
0.00274639
0.00223936
0.00224185
0.00224161
0.0022409
0.00223839
0.00223588
0.00222898
0.00222253
0.00273414
0.00272416
0.00271594
0.00219963
0.00220987
0.00221525
0.0022175
0.00272996
0.00274073
0.00223143
0.00171627
0.00172372
0.00172655
0.00172372
0.00171627
0.00171365
0.00120032
0.00120215
0.00120797
0.00121015
0.00120797
0.00120598
0.00172098
0.00171365
0.00170683
0.00169389
0.00168355
0.00117683
0.00118491
0.00119504
0.00120032
0.00120215
0.0011909
0.00170188
0.00169955
0.00118929
0.00117387
0.00167909
0.00219444
0.0027113
0.00270838
0.00270294
0.00218432
0.00219082
0.00167544
0.00166908
0.00116628
0.00117111
0.000687736
0.000695433
0.000701055
0.00070358
0.000704089
0.000704168
0.000707083
0.000706878
0.000707707
0.000706878
0.000706253
0.00070358
0.000704089
0.000698031
0.000697583
0.000689069
0.000689371
0.00117502
0.00168085
0.00219627
0.00271283
0.00271378
0.00273068
0.00274127
0.00274148
0.00273109
0.00221896
0.00223257
0.00223223
0.00223911
0.00172463
0.00172752
0.00172797
0.00172505
0.00120912
0.00121157
0.00121101
0.00120867
0.00120276
0.00171718
0.00171763
0.0017034
0.00170285
0.00221844
0.00219733
0.00219807
0.00271446
0.00271491
0.00273133
0.0027416
0.00324579
0.00374785
0.00374787
0.00374415
0.00323929
0.00324582
0.00274165
0.00274647
0.00274644
0.0022395
0.00224197
0.00172824
0.0017253
0.00172542
0.00223955
0.00223285
0.00223276
0.00221928
0.00221943
0.00273145
0.00271514
0.00322848
0.00322848
0.00373789
0.00424378
0.00424369
0.00474702
0.0052487
0.00574948
0.00624981
0.00674993
0.00724998
0.00774999
0.00825
0.00825
0.00875
0.00875
0.00925
0.00975
0.01025
0.00825
0.00825
0.00775
0.00775
0.00775
0.00725
0.00724999
0.00724999
0.00724998
0.00775
0.00825
0.00875
0.00875
0.00875
0.00875
0.00875
0.00875
0.00825
0.00825
0.00825
0.00825
0.00825
0.00825
0.00875
0.00875
0.00825
0.00825
0.00875
0.00875
0.00875
0.00875
0.00875
0.00875
0.00825
0.00825
0.00825
0.00775
0.00775
0.00724999
0.00724999
0.00725
0.00775
0.00775
0.00825
0.00825
0.00825
0.00825
0.00875
0.00875
0.00825
0.00774999
0.00774999
0.00775
0.00775
0.00724998
0.00724999
0.00725
0.00775
0.00775
0.00775
0.00775
0.00725
0.00725
0.00725
0.00675
0.00675
0.00675
0.00624999
0.00624999
0.00574998
0.00575
0.00575
0.00574998
0.00524995
0.00524995
0.00524999
0.00524999
0.00524999
0.00574999
0.00625
0.00624999
0.00624998
0.00674999
0.00675
0.00675
0.00675
0.00624999
0.00624999
0.00624996
0.00674999
0.00674999
0.00674996
0.00674996
0.00624989
0.0062499
0.00624997
0.00574991
0.00574998
0.00574998
0.00524995
0.00524995
0.00524978
0.00524977
0.0057499
0.00574971
0.00574973
0.00524935
0.00524931
0.00524925
0.00574968
0.00624988
0.00674995
0.00674998
0.00724999
0.00775
0.00775
0.00774999
0.00724998
0.00724999
0.00724999
0.00775
0.00775
0.00724999
0.00724998
0.00724998
0.00724997
0.00724998
0.00774999
0.00774999
0.00825
0.00875
0.00925
0.00975
0.01025
0.01075
0.01075
0.01025
0.00975
0.00925
0.00875
0.00875
0.00825
0.00825
0.00774999
0.00774999
0.00774999
0.00774999
0.00724998
0.00724997
0.00724997
0.00724997
0.00724996
0.00724996
0.00774999
0.00825
0.00875
0.00925
0.00975
0.01025
0.01075
0.01125
0.00674987
0.00674991
0.00674993
0.00674995
0.00674995
0.00674996
0.00674996
0.0062499
0.00624989
0.00624996
0.00674999
0.00674998
0.00674998
0.00624995
0.00624996
0.00624988
0.00624986
0.00624982
0.00624991
0.00674997
0.00674998
0.00674995
0.00624986
0.00624995
0.00624996
0.00624999
0.00574997
0.00574995
0.00574997
0.00524994
0.00524988
0.00524994
0.00524975
0.00574989
0.00574987
0.00574964
0.00524916
0.00524968
0.00524947
0.00574977
0.00574987
0.00574989
0.0057499
0.00574991
0.00574992
0.00574992
0.00574975
0.00574974
0.00524937
0.00524939
0.0052498
0.00524979
0.00524978
0.00524935
0.00574973
0.00574971
0.00524931
0.00524977
0.00524975
0.00524925
0.00574968
0.00574964
0.00524916
0.00524968
0.00474928
0.00474943
0.00474948
0.0047495
0.00474952
0.00474953
0.00474989
0.00474989
0.00474998
0.00424996
0.00424974
0.00424974
0.00424896
0.00424703
0.0047486
0.00474858
0.00424699
0.00424895
0.00424892
0.00424974
0.00474988
0.00474998
0.00474998
0.00474988
0.00424972
0.00424995
0.00424996
0.0037499
0.0037499
0.00374991
0.00374944
0.00374944
0.00324874
0.00324873
0.00324579
0.0032392
0.00323901
0.00273109
0.00273068
0.00272996
0.00272827
0.00273897
0.00274073
0.00223143
0.00222898
0.00221525
0.0022175
0.00170188
0.00169955
0.00169389
0.00118491
0.00119504
0.00118491
0.000695434
0.000687737
0.000689069
0.000689371
0.000689457
0.000698097
0.000704168
0.000707083
0.000708125
0.000707707
0.000706878
0.000704089
0.000698031
0.000697583
0.00070358
0.000701056
0.000695434
0.000690889
0.000685109
0.000685109
0.00116628
0.00166908
0.00218432
0.00270294
0.00270838
0.00219082
0.00219444
0.0027113
0.00271282
0.00219627
0.00168085
0.00167909
0.00167544
0.00117111
0.00117387
0.00118929
0.00120032
0.00171365
0.00171627
0.00120215
0.0011909
0.0011915
0.00170285
0.00221844
0.00223223
0.00274127
0.00274628
0.00274639
0.00274806
0.00224185
0.00224161
0.00223911
0.00223936
0.00223257
0.00274148
0.0027416
0.00274644
0.00274809
0.0027481
0.00274647
0.00223955
0.0022395
0.00224197
0.00224202
0.00172837
0.00172824
0.00172797
0.00172752
0.00172463
0.00172505
0.00120912
0.00120867
0.00121101
0.00121157
0.00121198
0.00120947
0.0017253
0.00172542
0.00120967
0.0012122
0.000709341
0.000709078
0.000708621
0.000708125
0.000708755
0.000709405
0.000709947
0.000710779
0.000711106
0.000710245
0.000710245
0.00121344
0.00172951
0.00224276
0.0027485
0.00274848
0.00324985
0.00324984
0.00324987
0.00375
0.00374999
0.00324984
0.00324982
0.00324962
0.00374989
0.0037494
0.00374943
0.00374944
0.00324873
0.00324874
0.00324966
0.00324966
0.00324965
0.00324871
0.00324866
0.00324559
0.00374773
0.00424888
0.00424678
0.00474845
0.00474853
0.00424691
0.00374396
0.00374409
0.00374415
0.00374787
0.00374787
0.00324582
0.00323929
0.00273145
0.00273133
0.00221928
0.00221896
0.0017034
0.00171763
0.00171718
0.00120276
0.00120316
0.00119192
0.00119228
0.00170377
0.00171791
0.00223276
0.00223285
0.00274165
0.00274165
0.00324582
0.00323929
0.0032392
0.00324579
0.00374785
0.00374781
0.00324572
0.00323901
0.00323872
0.00374376
0.00374345
0.00424659
0.00474835
0.00474816
0.00424623
0.00424848
0.00424878
0.00424966
0.00474985
0.00474996
0.00474998
0.00474998
0.00474988
0.00474988
0.00424972
0.00424995
0.00424996
0.00424974
0.00424892
0.0047495
0.00474948
0.00474845
0.00474853
0.00424691
0.00424678
0.00424888
0.00374773
0.0037494
0.00374989
0.0037499
0.00374943
0.00324871
0.00324965
0.00324962
0.00324866
0.00324559
0.00324572
0.00374781
0.00374785
0.00374409
0.0032392
0.00324579
0.00324582
0.00323929
0.00273145
0.00274165
0.00274647
0.0027481
0.0027485
0.00274858
0.00274857
0.00274848
0.00224271
0.00224298
0.00224312
0.00224317
0.00224304
0.00224298
0.00274857
0.00274854
0.00274845
0.00274837
0.00274845
0.00224259
0.00224285
0.00224259
0.00224271
0.00172937
0.00172995
0.0017301
0.00173045
0.00173029
0.00173045
0.00224317
0.00224304
0.00224276
0.00172951
0.0017301
0.00172995
0.00172937
0.0012132
0.00121404
0.0012146
0.00121488
0.0012143
0.00121404
0.0012132
0.00121273
0.00172908
0.00172963
0.00172908
0.00172856
0.00224234
0.00224161
0.00274797
0.00274806
0.00274809
0.0027481
0.00274647
0.00274644
0.0022395
0.00223955
0.00224202
0.00224197
0.00224185
0.00223936
0.00274639
0.00274628
0.00223911
0.00223223
0.00274127
0.00274148
0.0027416
0.00273133
0.00273145
0.00221943
0.00221943
0.00170395
0.00171806
0.00120369
0.0012035
0.000704734
0.000704414
0.000704168
0.000704089
0.00070358
0.000706253
0.000706878
0.000707083
0.000707427
0.000707802
0.000708032
0.000704941
0.000698809
0.00119247
0.00117658
0.00168314
0.00219879
0.00271514
0.00322848
0.00373789
0.00424378
0.00424369
0.00373775
0.00373747
0.00322791
0.00322829
0.00271491
0.00271446
0.00271378
0.00219733
0.00219807
0.00219855
0.00168292
0.00168247
0.00168181
0.00117557
0.00117502
0.000689371
0.000689069
0.000687737
0.000697583
0.000698031
0.000698097
0.00069832
0.000698615
0.000689955
0.00117638
0.00117602
0.000689691
0.000689457
0.000690131
0.000690131
0.00117658
0.00168314
0.00219879
0.00271514
0.00322848
0.00373789
0.00424378
0.00474707
0.00524873
0.0057495
0.00624982
0.00624981
0.00674994
0.00674993
0.00724998
0.00774999
0.00825
0.00825
0.00875
0.00875
0.00925
0.00975
0.01025
0.01075
0.01075
0.01025
0.01025
0.01075
0.01125
0.01175
0.00975
0.00975
0.00925
0.00925
0.00875
0.00875
0.00825
0.00825
0.00774999
0.00774999
0.00724998
0.00724997
0.00724997
0.00774999
0.00774999
0.00825
0.00825
0.00875
0.00774999
0.00724996
0.00724996
0.00674989
0.0067499
0.00674991
0.00674992
0.00624977
0.00624979
0.00574945
0.00574948
0.0052487
0.00524864
0.00524855
0.00574941
0.00574935
0.00624975
0.00624972
0.00624968
0.00624963
0.00674987
0.00624974
0.00624982
0.00674993
0.00674989
0.0067499
0.00674991
0.00674992
0.00674993
0.00624979
0.00624977
0.00574941
0.00574945
0.00524864
0.00524855
0.00524844
0.00574935
0.00624975
0.00624972
0.00624968
0.00624963
0.00574904
0.00574935
0.00574955
0.00524895
0.00524849
0.00524895
0.00574955
0.00574919
0.00574929
0.0052483
0.00524809
0.00524774
0.0047451
0.00474673
0.00474772
0.00474883
0.00474928
0.00474973
0.00474985
0.00424966
0.00424991
0.00374979
0.00374928
0.00374874
0.0042494
0.00424848
0.00424878
0.00474943
0.00474835
0.00474816
0.00424623
0.00424659
0.00374345
0.00374755
0.00374928
0.00324842
0.00324942
0.00324842
0.00324739
0.00324421
0.00374696
0.00374755
0.00324527
0.00323823
0.00323714
0.0037428
0.00374122
0.00424537
0.00424756
0.00424537
0.00474772
0.00474585
0.00474627
0.00474654
0.00474674
0.0047469
0.0042435
0.00424323
0.00373706
0.00374376
0.00374396
0.00323901
0.00323872
0.00323823
0.00324527
0.00324421
0.00374696
0.0037428
0.00323714
0.00323446
0.00374122
0.00374523
0.00324115
0.00323446
0.00322881
0.00373776
0.00424344
0.00424021
0.0047451
0.00524774
0.00574904
0.00574919
0.00574929
0.0052483
0.00524844
0.00474654
0.00474674
0.0047469
0.00474702
0.00424369
0.0042435
0.00424323
0.00373706
0.00373747
0.00373775
0.00322829
0.00322791
0.00322735
0.0032266
0.00373653
0.00424288
0.00424242
0.00474627
0.00474585
0.00524809
0.00424164
0.00373446
0.00373578
0.00322549
0.00322343
0.00321953
0.00373197
0.00270294
0.00270838
0.0027113
0.00271282
0.00271378
0.00271446
0.00271491
0.00219855
0.00221928
0.00223276
0.00223285
0.00171806
0.00172542
0.00172837
0.00172824
0.0017253
0.00120947
0.00120967
0.0012122
0.00121198
0.00121157
0.00172797
0.00172505
0.00172463
0.00172752
0.00121101
0.00121204
0.00121273
0.00121351
0.000710169
0.000710779
0.000711106
0.000711778
0.000711432
0.000711778
0.00121488
0.0012143
0.00121344
0.0012122
0.00172837
0.00224202
0.00224197
0.00274809
0.00274644
0.0022395
0.00223955
0.00223285
0.00223276
0.0027416
0.00273133
0.00221928
0.00221943
0.00170395
0.00171806
0.00172542
0.0017253
0.00172824
0.00121198
0.00120947
0.00120967
0.00120967
0.00120947
0.00121198
0.000709078
0.000708621
0.000708125
0.000707083
0.000707427
0.000707802
0.000708032
0.000709341
0.000709341
0.000710245
0.000711106
0.000710779
0.000709947
0.000709405
0.000708755
0.000709405
0.000709947
0.000709078
0.000709341
0.000708032
0.000707802
0.000704733
0.0012035
0.00171791
0.00170377
0.00170395
0.00119247
0.00120369
0.000704941
0.000698809
0.000698615
0.00119228
0.00119192
0.0017034
0.00221896
0.00273109
0.00273068
0.00221844
0.00170285
0.00171718
0.00171763
0.00223257
0.00120316
0.00120912
0.00120867
0.00120276
0.0011915
0.0011909
0.00170188
0.0022175
0.00272996
0.00274073
0.00274584
0.00274756
0.00274797
0.00274806
0.00274639
0.00274628
0.00223911
0.00224161
0.00224185
0.00223936
0.00223257
0.00274148
0.00274127
0.00273068
0.00273109
0.00221896
0.00221844
0.00223223
0.00171718
0.00172463
0.00172752
0.00172797
0.00172505
0.00120912
0.00121157
0.00121101
0.00120867
0.00120276
0.00120316
0.00171763
0.00171791
0.00170377
0.00119228
0.0012035
0.00120369
0.00120369
0.00171806
0.00171791
0.00170377
0.00170395
0.00119247
0.00119228
0.0012035
0.00120316
0.00119192
0.0011915
0.00117557
0.00168181
0.00168247
0.00117602
0.00117638
0.00168292
0.00219855
0.00219879
0.00168314
0.00117658
0.000690131
0.000698809
0.000704941
0.000704734
0.000704414
0.000704168
0.000698097
0.00069832
0.000698615
0.000689956
0.000689691
0.000689457
0.000704941
0.000708032
0.000707802
0.000709078
0.000708621
0.000708125
0.000707083
0.000707427
0.000704414
0.000704734
0.000698615
0.000698809
0.00119247
0.00117658
0.00168314
0.00219879
0.00271514
0.00271491
0.00322829
0.00373775
0.00373747
0.00322791
0.00322735
0.0032266
0.00373653
0.00424288
0.00424242
0.00424164
0.00424021
0.00373198
0.00373446
0.00373578
0.00322549
0.00322343
0.00321953
0.00270294
0.00271594
0.00272416
0.00272827
0.00273897
0.00274408
0.00274584
0.00223839
0.0022409
0.00223839
0.00223588
0.00222898
0.00223143
0.00171627
0.00172372
0.00172655
0.00172372
0.00172098
0.00120598
0.00120797
0.00121015
0.00120797
0.00120215
0.00171627
0.00223143
0.00274073
0.00273897
0.00272827
0.00272996
0.0022175
0.00221525
0.00222898
0.00222253
0.00273414
0.00272416
0.00220987
0.00219963
0.00220987
0.00221525
0.00169955
0.00171365
0.00120032
0.00120215
0.000704089
0.000704168
0.000704414
0.000707427
0.000708621
0.000708125
0.000707083
0.000706878
0.000707707
0.000706878
0.000706253
0.00070358
0.000697583
0.00118929
0.00118491
0.00169389
0.00170683
0.00171365
0.00169955
0.00170188
0.00170285
0.0017034
0.00119192
0.0011915
0.0011909
0.00118929
0.00120032
0.00119504
0.00118491
0.00169389
0.00168355
0.00117683
0.00116628
0.00166908
0.00218432
0.00219082
0.00219444
0.00219627
0.00219733
0.00219807
0.00168247
0.00168292
0.00117638
0.00117602
0.00117557
0.00168181
0.00168085
0.00167909
0.00117387
0.00117502
0.000689371
0.000689457
0.000689691
0.000689955
0.00069832
0.000698097
0.000698031
0.000689069
0.000687737
0.00117111
0.00167544
0.000695434
0.000701056
0.00070358
0.000704089
0.000704168
0.000698097
0.00069832
0.000689691
0.00117602
0.00168247
0.00219807
0.00271446
0.00271378
0.00219733
0.00168181
0.00117557
0.00117502
0.00168085
0.00219627
0.00271282
0.0027113
0.00219444
0.00219082
0.00270838
0.00218432
0.00166908
0.00167544
0.00167909
0.00117387
0.00117111
0.00116628
0.000685108
0.000690888
0.000695433
0.000697583
0.000698031
0.00068937
0.000689457
0.000689069
0.000687736
0.00219855
0.00168292
0.00117638
0.000689956
0.000690131
0.00217455
0.00166013
0.000698031
0.000690888
0.000685108
)
;

boundaryField
{
    outlet
    {
        type            calculated;
        value           nonuniform List<scalar> 
400
(
0.05
0.05
0.05
0.05
0.05
0.05
0.05
0.05
0.05
0.05
0.05
0.05
0.05
0.05
0.05
0.05
0.05
0.05
0.05
0.05
0.05
0.05
0.05
0.05
0.05
0.05
0.05
0.05
0.05
0.05
0.05
0.05
0.05
0.05
0.05
0.05
0.05
0.05
0.05
0.05
0.05
0.05
0.05
0.05
0.05
0.05
0.05
0.05
0.05
0.05
0.05
0.05
0.05
0.05
0.05
0.05
0.05
0.05
0.05
0.05
0.05
0.05
0.05
0.05
0.05
0.05
0.05
0.05
0.05
0.05
0.05
0.05
0.05
0.05
0.05
0.05
0.05
0.05
0.05
0.05
0.05
0.05
0.05
0.05
0.05
0.05
0.05
0.05
0.05
0.05
0.05
0.05
0.05
0.05
0.05
0.05
0.05
0.05
0.05
0.05
0.05
0.05
0.05
0.05
0.05
0.05
0.05
0.05
0.05
0.05
0.05
0.05
0.05
0.05
0.05
0.05
0.05
0.05
0.05
0.05
0.05
0.05
0.05
0.05
0.05
0.05
0.05
0.05
0.05
0.05
0.05
0.05
0.05
0.05
0.05
0.05
0.05
0.05
0.05
0.05
0.05
0.05
0.05
0.05
0.05
0.05
0.05
0.05
0.05
0.05
0.05
0.05
0.05
0.05
0.05
0.05
0.05
0.05
0.05
0.05
0.05
0.05
0.05
0.05
0.05
0.05
0.05
0.05
0.05
0.05
0.05
0.05
0.05
0.05
0.05
0.05
0.05
0.05
0.05
0.05
0.05
0.05
0.05
0.05
0.05
0.05
0.05
0.05
0.05
0.05
0.05
0.05
0.05
0.05
0.05
0.05
0.05
0.05
0.05
0.05
0.05
0.05
0.05
0.05
0.05
0.05
0.05
0.05
0.05
0.05
0.05
0.05
0.05
0.05
0.05
0.05
0.05
0.05
0.05
0.05
0.05
0.05
0.05
0.05
0.05
0.05
0.05
0.05
0.05
0.05
0.05
0.05
0.05
0.05
0.05
0.05
0.05
0.05
0.05
0.05
0.05
0.05
0.05
0.05
0.05
0.05
0.05
0.05
0.05
0.05
0.05
0.05
0.05
0.05
0.05
0.05
0.05
0.05
0.05
0.05
0.05
0.05
0.05
0.05
0.05
0.05
0.05
0.05
0.05
0.05
0.05
0.05
0.05
0.05
0.05
0.05
0.05
0.05
0.05
0.05
0.05
0.05
0.05
0.05
0.05
0.05
0.05
0.05
0.05
0.05
0.05
0.05
0.05
0.05
0.05
0.05
0.05
0.05
0.05
0.05
0.05
0.05
0.05
0.05
0.05
0.05
0.05
0.05
0.05
0.05
0.05
0.05
0.05
0.05
0.05
0.05
0.05
0.05
0.05
0.05
0.05
0.05
0.05
0.05
0.05
0.05
0.05
0.05
0.05
0.05
0.05
0.05
0.05
0.05
0.05
0.05
0.05
0.05
0.05
0.05
0.05
0.05
0.05
0.05
0.05
0.05
0.05
0.05
0.05
0.05
0.05
0.05
0.05
0.05
0.05
0.05
0.05
0.05
0.05
0.05
0.05
0.05
0.05
0.05
0.05
0.05
0.05
0.05
0.05
0.05
0.05
0.05
0.05
0.05
0.05
0.05
0.05
0.05
0.05
0.05
0.05
0.05
0.05
0.05
0.05
0.05
0.05
0.05
0.05
0.05
0.05
0.05
0.05
0.05
0.05
0.05
0.05
0.05
0.05
0.05
)
;
    }
    inlet
    {
        type            calculated;
        value           uniform 0;
    }
    wall
    {
        type            calculated;
        value           nonuniform List<scalar> 
8000
(
0.000673633
0.000672201
0.000669781
0.000669455
0.000668947
0.00066923
0.000669271
0.000669405
0.00066946
0.00114434
0.00163903
0.00215341
0.00267731
0.00320238
0.00372208
0.00423543
0.00474314
0.00114247
0.00114029
0.0016375
0.00163581
0.00113945
0.00113951
0.0016354
0.00163593
0.00215244
0.00215174
0.00267725
0.00267748
0.00215201
0.00215304
0.00267833
0.00267965
0.00113986
0.00114021
0.00163677
0.00163751
0.00114045
0.00114059
0.00163803
0.0016383
0.0021543
0.00215541
0.00268108
0.00268231
0.00215618
0.00215657
0.00268318
0.00268361
0.00320229
0.00320303
0.00372207
0.00372284
0.00320413
0.00320543
0.00372385
0.00372492
0.00423524
0.00423581
0.00474293
0.00474325
0.00423656
0.00423731
0.00474371
0.00474417
0.00320674
0.00320785
0.00372594
0.00372678
0.00320863
0.00320901
0.00372737
0.00372766
0.00423799
0.00423855
0.00474457
0.0047449
0.00423893
0.00423912
0.00474512
0.00474523
0.00524709
0.00574889
0.00624963
0.00674989
0.00724998
0.00775
0.00825
0.00875
0.00524692
0.00524707
0.00574878
0.00574884
0.00524731
0.00524755
0.00574895
0.00574906
0.00624957
0.00624958
0.00674987
0.00674987
0.00624963
0.00624967
0.00674988
0.0067499
0.00524777
0.00524794
0.00574916
0.00574924
0.00524805
0.00524811
0.0057493
0.00574932
0.00624972
0.00624975
0.00674991
0.00674993
0.00624977
0.00624978
0.00674994
0.00674994
0.00724997
0.00724997
0.00775
0.00775
0.00724997
0.00724997
0.00775
0.00775
0.00825
0.00825
0.00875
0.00875001
0.00825
0.00825
0.00875001
0.00875
0.00724998
0.00724998
0.00775
0.00775
0.00724998
0.00724999
0.00775
0.00775
0.00825
0.00825
0.00875
0.00875
0.00825
0.00825
0.00875
0.00875
0.00925
0.00975
0.01025
0.01075
0.01125
0.01175
0.01225
0.01275
0.00925
0.00925
0.00975
0.00975
0.00925
0.00925
0.00975
0.00975
0.01025
0.01025
0.01075
0.01075
0.01025
0.01025
0.01075
0.01075
0.00925
0.00925
0.00975
0.00975
0.00925
0.00925
0.00975
0.00975
0.01025
0.01025
0.01075
0.01075
0.01025
0.01025
0.01075
0.01075
0.01125
0.01125
0.01175
0.01175
0.01125
0.01125
0.01175
0.01175
0.01225
0.01225
0.01275
0.01275
0.01225
0.01225
0.01275
0.01275
0.01125
0.01125
0.01175
0.01175
0.01125
0.01125
0.01175
0.01175
0.01225
0.01225
0.01275
0.01275
0.01225
0.01225
0.01275
0.01275
0.01325
0.01375
0.01425
0.01475
0.01525
0.01575
0.01625
0.01675
0.01325
0.01325
0.01375
0.01375
0.01325
0.01325
0.01375
0.01375
0.01425
0.01425
0.01475
0.01475
0.01425
0.01425
0.01475
0.01475
0.01325
0.01325
0.01375
0.01375
0.01325
0.01325
0.01375
0.01375
0.01425
0.01425
0.01475
0.01475
0.01425
0.01425
0.01475
0.01475
0.01525
0.01525
0.01575
0.01575
0.01525
0.01525
0.01575
0.01575
0.01625
0.01625
0.01675
0.01675
0.01625
0.01625
0.01675
0.01675
0.01525
0.01525
0.01575
0.01575
0.01525
0.01525
0.01575
0.01575
0.01625
0.01625
0.01675
0.01675
0.01625
0.01625
0.01675
0.01675
0.01725
0.01775
0.01825
0.01875
0.01925
0.01975
0.02025
0.02075
0.01725
0.01725
0.01775
0.01775
0.01725
0.01725
0.01775
0.01775
0.01825
0.01825
0.01875
0.01875
0.01825
0.01825
0.01875
0.01875
0.01725
0.01725
0.01775
0.01775
0.01725
0.01725
0.01775
0.01775
0.01825
0.01825
0.01875
0.01875
0.01825
0.01825
0.01875
0.01875
0.01925
0.01925
0.01975
0.01975
0.01925
0.01925
0.01975
0.01975
0.02025
0.02025
0.02075
0.02075
0.02025
0.02025
0.02075
0.02075
0.01925
0.01925
0.01975
0.01975
0.01925
0.01925
0.01975
0.01975
0.02025
0.02025
0.02075
0.02075
0.02025
0.02025
0.02075
0.02075
0.02125
0.02175
0.02225
0.02275
0.02325
0.02375
0.02425
0.02475
0.02125
0.02125
0.02175
0.02175
0.02125
0.02125
0.02175
0.02175
0.02225
0.02225
0.02275
0.02275
0.02225
0.02225
0.02275
0.02275
0.02125
0.02125
0.02175
0.02175
0.02125
0.02125
0.02175
0.02175
0.02225
0.02225
0.02275
0.02275
0.02225
0.02225
0.02275
0.02275
0.02325
0.02325
0.02375
0.02375
0.02325
0.02325
0.02375
0.02375
0.02425
0.02425
0.02475
0.02475
0.02425
0.02425
0.02475
0.02475
0.02325
0.02325
0.02375
0.02375
0.02325
0.02325
0.02375
0.02375
0.02425
0.02425
0.02475
0.02475
0.02425
0.02425
0.02475
0.02475
0.000669459
0.000669405
0.000669271
0.00066923
0.000668947
0.000669456
0.000669783
0.000672204
0.000673635
0.00114059
0.00114045
0.0016383
0.00163803
0.00114021
0.00113986
0.00163751
0.00163677
0.00215657
0.00215618
0.00268361
0.00268318
0.00215541
0.0021543
0.00268231
0.00268108
0.00113951
0.00113945
0.00163593
0.0016354
0.00114029
0.00114247
0.00163581
0.0016375
0.00215304
0.00215201
0.00267965
0.00267833
0.00215174
0.00215245
0.00267748
0.00267725
0.00320901
0.00320863
0.00372766
0.00372737
0.00320785
0.00320674
0.00372678
0.00372594
0.00423912
0.00423893
0.00474523
0.00474512
0.00423855
0.00423799
0.0047449
0.00474457
0.00320543
0.00320413
0.00372492
0.00372385
0.00320303
0.0032023
0.00372284
0.00372207
0.00423731
0.00423656
0.00474417
0.00474371
0.00423581
0.00423524
0.00474325
0.00474293
0.00114435
0.00163903
0.00215341
0.00267732
0.00320238
0.00372209
0.00423543
0.00474314
0.00524811
0.00524805
0.00574932
0.0057493
0.00524794
0.00524777
0.00574924
0.00574916
0.00624978
0.00624977
0.00674994
0.00674993
0.00624975
0.00624972
0.00674993
0.00674991
0.00524755
0.00524731
0.00574906
0.00574895
0.00524707
0.00524692
0.00574884
0.00574878
0.00624967
0.00624963
0.0067499
0.00674988
0.00624958
0.00624957
0.00674987
0.00674987
0.00724999
0.00724998
0.00775
0.00775
0.00724998
0.00724998
0.00775
0.00775
0.00825
0.00825
0.00875
0.00875
0.00825
0.00825
0.00875
0.00875
0.00724997
0.00724997
0.00774999
0.00775
0.00724997
0.00724997
0.00775
0.00775
0.00825
0.00825
0.00875
0.00875
0.00825
0.00825
0.00875001
0.00875
0.00524709
0.00574889
0.00624962
0.00674989
0.00724998
0.00775
0.00825
0.00875
0.00925
0.00925
0.00975
0.00975
0.00925
0.00925
0.00975
0.00975
0.01025
0.01025
0.01075
0.01075
0.01025
0.01025
0.01075
0.01075
0.00925
0.00925
0.00975
0.00975
0.00925001
0.00925
0.00975
0.00975
0.01025
0.01025
0.01075
0.01075
0.01025
0.01025
0.01075
0.01075
0.01125
0.01125
0.01175
0.01175
0.01125
0.01125
0.01175
0.01175
0.01225
0.01225
0.01275
0.01275
0.01225
0.01225
0.01275
0.01275
0.01125
0.01125
0.01175
0.01175
0.01125
0.01125
0.01175
0.01175
0.01225
0.01225
0.01275
0.01275
0.01225
0.01225
0.01275
0.01275
0.00925
0.00975
0.01025
0.01075
0.01125
0.01175
0.01225
0.01275
0.01325
0.01325
0.01375
0.01375
0.01325
0.01325
0.01375
0.01375
0.01425
0.01425
0.01475
0.01475
0.01425
0.01425
0.01475
0.01475
0.01325
0.01325
0.01375
0.01375
0.01325
0.01325
0.01375
0.01375
0.01425
0.01425
0.01475
0.01475
0.01425
0.01425
0.01475
0.01475
0.01525
0.01525
0.01575
0.01575
0.01525
0.01525
0.01575
0.01575
0.01625
0.01625
0.01675
0.01675
0.01625
0.01625
0.01675
0.01675
0.01525
0.01525
0.01575
0.01575
0.01525
0.01525
0.01575
0.01575
0.01625
0.01625
0.01675
0.01675
0.01625
0.01625
0.01675
0.01675
0.01325
0.01375
0.01425
0.01475
0.01525
0.01575
0.01625
0.01675
0.01725
0.01725
0.01775
0.01775
0.01725
0.01725
0.01775
0.01775
0.01825
0.01825
0.01875
0.01875
0.01825
0.01825
0.01875
0.01875
0.01725
0.01725
0.01775
0.01775
0.01725
0.01725
0.01775
0.01775
0.01825
0.01825
0.01875
0.01875
0.01825
0.01825
0.01875
0.01875
0.01925
0.01925
0.01975
0.01975
0.01925
0.01925
0.01975
0.01975
0.02025
0.02025
0.02075
0.02075
0.02025
0.02025
0.02075
0.02075
0.01925
0.01925
0.01975
0.01975
0.01925
0.01925
0.01975
0.01975
0.02025
0.02025
0.02075
0.02075
0.02025
0.02025
0.02075
0.02075
0.01725
0.01775
0.01825
0.01875
0.01925
0.01975
0.02025
0.02075
0.02125
0.02125
0.02175
0.02175
0.02125
0.02125
0.02175
0.02175
0.02225
0.02225
0.02275
0.02275
0.02225
0.02225
0.02275
0.02275
0.02125
0.02125
0.02175
0.02175
0.02125
0.02125
0.02175
0.02175
0.02225
0.02225
0.02275
0.02275
0.02225
0.02225
0.02275
0.02275
0.02325
0.02325
0.02375
0.02375
0.02325
0.02325
0.02375
0.02375
0.02425
0.02425
0.02475
0.02475
0.02425
0.02425
0.02475
0.02475
0.02325
0.02325
0.02375
0.02375
0.02325
0.02325
0.02375
0.02375
0.02425
0.02425
0.02475
0.02475
0.02425
0.02425
0.02475
0.02475
0.02125
0.02175
0.02225
0.02275
0.02325
0.02375
0.02425
0.02475
0.02525
0.02575
0.02625
0.02675
0.02725
0.02775
0.02825
0.02875
0.02525
0.02525
0.02575
0.02575
0.02525
0.02525
0.02575
0.02575
0.02625
0.02625
0.02675
0.02675
0.02625
0.02625
0.02675
0.02675
0.02525
0.02525
0.02575
0.02575
0.02525
0.02525
0.02575
0.02575
0.02625
0.02625
0.02675
0.02675
0.02625
0.02625
0.02675
0.02675
0.02725
0.02725
0.02775
0.02775
0.02725
0.02725
0.02775
0.02775
0.02825
0.02825
0.02875
0.02875
0.02825
0.02825
0.02875
0.02875
0.02725
0.02725
0.02775
0.02775
0.02725
0.02725
0.02775
0.02775
0.02825
0.02825
0.02875
0.02875
0.02825
0.02825
0.02875
0.02875
0.02925
0.02975
0.03025
0.03075
0.03125
0.03175
0.03225
0.03275
0.02925
0.02925
0.02975
0.02975
0.02925
0.02925
0.02975
0.02975
0.03025
0.03025
0.03075
0.03075
0.03025
0.03025
0.03075
0.03075
0.02925
0.02925
0.02975
0.02975
0.02925
0.02925
0.02975
0.02975
0.03025
0.03025
0.03075
0.03075
0.03025
0.03025
0.03075
0.03075
0.03125
0.03125
0.03175
0.03175
0.03125
0.03125
0.03175
0.03175
0.03225
0.03225
0.03275
0.03275
0.03225
0.03225
0.03275
0.03275
0.03125
0.03125
0.03175
0.03175
0.03125
0.03125
0.03175
0.03175
0.03225
0.03225
0.03275
0.03275
0.03225
0.03225
0.03275
0.03275
0.03325
0.03375
0.03425
0.03475
0.03525
0.03575
0.03625
0.03675
0.03325
0.03325
0.03375
0.03375
0.03325
0.03325
0.03375
0.03375
0.03425
0.03425
0.03475
0.03475
0.03425
0.03425
0.03475
0.03475
0.03325
0.03325
0.03375
0.03375
0.03325
0.03325
0.03375
0.03375
0.03425
0.03425
0.03475
0.03475
0.03425
0.03425
0.03475
0.03475
0.03525
0.03525
0.03575
0.03575
0.03525
0.03525
0.03575
0.03575
0.03625
0.03625
0.03675
0.03675
0.03625
0.03625
0.03675
0.03675
0.03525
0.03525
0.03575
0.03575
0.03525
0.03525
0.03575
0.03575
0.03625
0.03625
0.03675
0.03675
0.03625
0.03625
0.03675
0.03675
0.03725
0.03775
0.03825
0.03875
0.03925
0.03975
0.04025
0.04075
0.03725
0.03725
0.03775
0.03775
0.03725
0.03725
0.03775
0.03775
0.03825
0.03825
0.03875
0.03875
0.03825
0.03825
0.03875
0.03875
0.03725
0.03725
0.03775
0.03775
0.03725
0.03725
0.03775
0.03775
0.03825
0.03825
0.03875
0.03875
0.03825
0.03825
0.03875
0.03875
0.03925
0.03925
0.03975
0.03975
0.03925
0.03925
0.03975
0.03975
0.04025
0.04025
0.04075
0.04075
0.04025
0.04025
0.04075
0.04075
0.03925
0.03925
0.03975
0.03975
0.03925
0.03925
0.03975
0.03975
0.04025
0.04025
0.04075
0.04075
0.04025
0.04025
0.04075
0.04075
0.04125
0.04175
0.04225
0.04275
0.0432501
0.0437504
0.0442511
0.0447529
0.04125
0.04125
0.04175
0.04175
0.04125
0.04125
0.04175
0.04175
0.04225
0.04225
0.04275
0.04275
0.04225
0.04225
0.04275
0.04275
0.04125
0.04125
0.04175
0.04175
0.04125
0.04125
0.04175
0.04175
0.04225
0.04225
0.04275
0.04275
0.04225
0.04225
0.04275
0.04275
0.0432501
0.0432501
0.0437504
0.0437504
0.0432501
0.0432501
0.0437504
0.0437503
0.0442512
0.0442512
0.0447531
0.0447529
0.0442511
0.0442509
0.0447527
0.0447524
0.0432501
0.0432501
0.0437503
0.0437503
0.0432501
0.0432501
0.0437502
0.0437502
0.0442508
0.0442508
0.0447522
0.0447521
0.0442507
0.0442507
0.0447519
0.0447519
0.0452569
0.0457646
0.0462779
0.0467976
0.0473227
0.0478466
0.048361
0.0488557
0.0452571
0.0452567
0.0457648
0.0457642
0.0452563
0.0452558
0.0457634
0.0457627
0.0462779
0.0462772
0.0467977
0.046797
0.0462761
0.0462751
0.0467959
0.0467946
0.0452554
0.0452551
0.045762
0.0457615
0.0452549
0.0452548
0.0457611
0.0457609
0.0462741
0.0462732
0.0467933
0.0467921
0.0462726
0.0462723
0.0467914
0.046791
0.0473228
0.0473225
0.0478476
0.0478483
0.0473217
0.0473204
0.047848
0.047847
0.0483625
0.0483642
0.0488575
0.0488597
0.0483646
0.0483641
0.0488606
0.0488605
0.0473189
0.0473177
0.0478457
0.0478446
0.0473168
0.0473164
0.0478438
0.0478434
0.0483632
0.0483625
0.0488601
0.0488598
0.048362
0.0483617
0.0488595
0.0488594
0.0493264
0.0493278
0.0493302
0.0493305
0.0493311
0.0493308
0.0493307
0.0493306
0.0493305
0.02525
0.02525
0.02575
0.02575
0.02525
0.02525
0.02575
0.02575
0.02625
0.02625
0.02675
0.02675
0.02625
0.02625
0.02675
0.02675
0.02525
0.02525
0.02575
0.02575
0.02525
0.02525
0.02575
0.02575
0.02625
0.02625
0.02675
0.02675
0.02625
0.02625
0.02675
0.02675
0.02725
0.02725
0.02775
0.02775
0.02725
0.02725
0.02775
0.02775
0.02825
0.02825
0.02875
0.02875
0.02825
0.02825
0.02875
0.02875
0.02725
0.02725
0.02775
0.02775
0.02725
0.02725
0.02775
0.02775
0.02825
0.02825
0.02875
0.02875
0.02825
0.02825
0.02875
0.02875
0.02525
0.02575
0.02625
0.02675
0.02725
0.02775
0.02825
0.02875
0.02925
0.02925
0.02975
0.02975
0.02925
0.02925
0.02975
0.02975
0.03025
0.03025
0.03075
0.03075
0.03025
0.03025
0.03075
0.03075
0.02925
0.02925
0.02975
0.02975
0.02925
0.02925
0.02975
0.02975
0.03025
0.03025
0.03075
0.03075
0.03025
0.03025
0.03075
0.03075
0.03125
0.03125
0.03175
0.03175
0.03125
0.03125
0.03175
0.03175
0.03225
0.03225
0.03275
0.03275
0.03225
0.03225
0.03275
0.03275
0.03125
0.03125
0.03175
0.03175
0.03125
0.03125
0.03175
0.03175
0.03225
0.03225
0.03275
0.03275
0.03225
0.03225
0.03275
0.03275
0.02925
0.02975
0.03025
0.03075
0.03125
0.03175
0.03225
0.03275
0.03325
0.03325
0.03375
0.03375
0.03325
0.03325
0.03375
0.03375
0.03425
0.03425
0.03475
0.03475
0.03425
0.03425
0.03475
0.03475
0.03325
0.03325
0.03375
0.03375
0.03325
0.03325
0.03375
0.03375
0.03425
0.03425
0.03475
0.03475
0.03425
0.03425
0.03475
0.03475
0.03525
0.03525
0.03575
0.03575
0.03525
0.03525
0.03575
0.03575
0.03625
0.03625
0.03675
0.03675
0.03625
0.03625
0.03675
0.03675
0.03525
0.03525
0.03575
0.03575
0.03525
0.03525
0.03575
0.03575
0.03625
0.03625
0.03675
0.03675
0.03625
0.03625
0.03675
0.03675
0.03325
0.03375
0.03425
0.03475
0.03525
0.03575
0.03625
0.03675
0.03725
0.03725
0.03775
0.03775
0.03725
0.03725
0.03775
0.03775
0.03825
0.03825
0.03875
0.03875
0.03825
0.03825
0.03875
0.03875
0.03725
0.03725
0.03775
0.03775
0.03725
0.03725
0.03775
0.03775
0.03825
0.03825
0.03875
0.03875
0.03825
0.03825
0.03875
0.03875
0.03925
0.03925
0.03975
0.03975
0.03925
0.03925
0.03975
0.03975
0.04025
0.04025
0.04075
0.04075
0.04025
0.04025
0.04075
0.04075
0.03925
0.03925
0.03975
0.03975
0.03925
0.03925
0.03975
0.03975
0.04025
0.04025
0.04075
0.04075
0.04025
0.04025
0.04075
0.04075
0.03725
0.03775
0.03825
0.03875
0.03925
0.03975
0.04025
0.04075
0.04125
0.04125
0.04175
0.04175
0.04125
0.04125
0.04175
0.04175
0.04225
0.04225
0.04275
0.04275
0.04225
0.04225
0.04275
0.04275
0.04125
0.04125
0.04175
0.04175
0.04125
0.04125
0.04175
0.04175
0.04225
0.04225
0.04275
0.04275
0.04225
0.04225
0.04275
0.04275
0.0432501
0.0432501
0.0437502
0.0437502
0.0432501
0.0432501
0.0437502
0.0437503
0.0442507
0.0442507
0.0447519
0.0447519
0.0442508
0.0442508
0.0447521
0.0447522
0.0432501
0.0432501
0.0437503
0.0437504
0.0432501
0.0432501
0.0437504
0.0437504
0.0442509
0.0442511
0.0447524
0.0447527
0.0442512
0.0442512
0.0447529
0.0447531
0.04125
0.04175
0.04225
0.04275
0.0432501
0.0437504
0.0442511
0.0447529
0.0452548
0.0452549
0.0457609
0.0457611
0.0452551
0.0452554
0.0457615
0.045762
0.0462723
0.0462726
0.046791
0.0467914
0.0462732
0.0462741
0.0467921
0.0467933
0.0452558
0.0452563
0.0457627
0.0457634
0.0452567
0.0452571
0.0457642
0.0457648
0.0462751
0.0462761
0.0467946
0.0467959
0.0462772
0.0462779
0.046797
0.0467977
0.0473164
0.0473168
0.0478434
0.0478438
0.0473177
0.0473189
0.0478446
0.0478457
0.0483617
0.048362
0.0488594
0.0488595
0.0483625
0.0483632
0.0488598
0.0488601
0.0473204
0.0473217
0.047847
0.047848
0.0473225
0.0473228
0.0478483
0.0478476
0.0483641
0.0483646
0.0488605
0.0488606
0.0483642
0.0483625
0.0488597
0.0488575
0.0452569
0.0457646
0.0462779
0.0467976
0.0473227
0.0478466
0.048361
0.0488557
0.0493305
0.0493306
0.0493307
0.0493308
0.0493311
0.0493305
0.0493302
0.0493278
0.0493264
0.0497807
0.0497787
0.0497795
0.0497799
0.0497795
0.0497795
0.0497795
0.000220713
0.000672077
0.000223178
0.0011405
0.000218917
0.000221266
0.000219334
0.000220518
0.000220137
0.000220455
0.000220453
0.000220453
0.0457623
0.0452554
0.046276
0.00574932
0.005248
0.00624981
0.00674995
0.00724999
0.01775
0.01725
0.01825
0.01875
0.01925
0.03375
0.03325
0.03425
0.03475
0.03525
0.0467954
0.0473233
0.047847
0.0483643
0.0488595
0.0493279
0.01375
0.01325
0.01425
0.00775
0.00825
0.00875
0.00925
0.01975
0.02025
0.02075
0.02125
0.03575
0.03625
0.03675
0.03725
0.00163566
0.00215301
0.00267673
0.01475
0.01525
0.01575
0.01625
0.01675
0.01725
0.02975
0.02925
0.03025
0.03075
0.03125
0.03175
0.03225
0.04175
0.04125
0.04225
0.04275
0.04325
0.0437502
0.0442507
0.00320463
0.00372402
0.00423765
0.00474463
0.005248
0.03275
0.03325
0.044752
0.0452554
0.0497795
0.0497799
0.0497795
0.0497807
0.0497787
0.0497811
0.0497768
0.0497793
0.000220455
0.000220137
0.000220518
0.000219334
0.000221267
0.000218918
0.000223179
0.000220714
0.02175
0.02225
0.02275
0.02325
0.02375
0.02425
0.03775
0.03825
0.03875
0.03925
0.00975
0.01025
0.01075
0.01125
0.02475
0.02525
0.0457624
0.046276
0.02575
0.02625
0.02675
0.02725
0.03975
0.04025
0.04075
0.04125
0.00574932
0.00624981
0.00674995
0.00724999
0.01775
0.01825
0.01875
0.01925
0.01175
0.01225
0.01275
0.01325
0.03375
0.03425
0.03475
0.03525
0.0467954
0.0473233
0.047847
0.0483643
0.0488595
0.0493279
0.02775
0.02825
0.02875
0.02925
0.00775
0.00825
0.00875
0.00925
0.01975
0.02025
0.02075
0.02125
0.000672078
0.00114051
0.03575
0.03625
0.03675
0.03725
0.01375
0.01425
0.02175
0.00163566
0.00215301
0.00267673
0.01475
0.01525
0.01575
0.01625
0.01675
0.02975
0.03025
0.03075
0.03125
0.03175
0.03225
0.04175
0.04225
0.04275
0.04325
0.0437502
0.02225
0.02275
0.02325
0.02375
0.02425
0.00320463
0.00372402
0.00423765
0.00474463
0.03775
0.03825
0.03875
0.03925
0.0497793
0.0497768
0.03275
0.0442507
0.044752
0.00975
0.01025
0.01075
0.01125
0.01175
0.02475
0.02525
0.02575
0.02625
0.02675
0.02725
0.03975
0.04025
0.04075
0.01225
0.01275
0.02775
0.02825
0.02875
0.0497811
0.000219826
0.0497802
0.000219826
0.0497802
0.00067363
0.000672198
0.000669779
0.000669455
0.000668947
0.000669231
0.000669272
0.000669406
0.000669459
0.00114434
0.00163902
0.0021534
0.00267732
0.00320238
0.00372209
0.00423543
0.00474314
0.00114247
0.00114029
0.00163749
0.00163581
0.00113945
0.00113951
0.0016354
0.00163593
0.00215244
0.00215174
0.00267725
0.00267748
0.00215201
0.00215304
0.00267834
0.00267965
0.00113986
0.00114021
0.00163677
0.00163751
0.00114046
0.00114059
0.00163803
0.0016383
0.0021543
0.00215541
0.00268108
0.00268231
0.00215618
0.00215657
0.00268318
0.00268361
0.0032023
0.00320303
0.00372207
0.00372284
0.00320413
0.00320543
0.00372385
0.00372492
0.00423524
0.00423581
0.00474293
0.00474325
0.00423656
0.00423731
0.00474371
0.00474417
0.00320674
0.00320785
0.00372594
0.00372678
0.00320863
0.00320901
0.00372737
0.00372766
0.00423799
0.00423855
0.00474457
0.0047449
0.00423893
0.00423912
0.00474512
0.00474523
0.03325
0.03325
0.03375
0.03375
0.03325
0.03325
0.03375
0.03375
0.03425
0.03425
0.03475
0.03475
0.03425
0.03425
0.03475
0.03475
0.03325
0.03325
0.03375
0.03375
0.03325
0.03325
0.03375
0.03375
0.03425
0.00524709
0.03425
0.00574889
0.03475
0.00624962
0.03475
0.00674989
0.03425
0.00724998
0.03425
0.00775
0.03475
0.00825
0.03475
0.00875
0.03525
0.00524692
0.03525
0.00524707
0.00574878
0.03575
0.00574884
0.00524731
0.03575
0.00524755
0.00574895
0.03525
0.00574906
0.00624957
0.03525
0.00624958
0.00674987
0.03575
0.00674987
0.00624963
0.03575
0.00624967
0.00674988
0.03625
0.0067499
0.00524777
0.03625
0.00524794
0.00574916
0.03675
0.00574924
0.00524805
0.03675
0.00524811
0.0057493
0.03625
0.00574932
0.00624972
0.03625
0.00624975
0.00674991
0.03675
0.00674993
0.00624977
0.03675
0.00624978
0.00674994
0.03525
0.00674994
0.00724997
0.03525
0.00724997
0.00775
0.03575
0.00775
0.00724997
0.03575
0.00724997
0.00775
0.03525
0.00775
0.00825
0.03525
0.00825
0.00875
0.03575
0.00875
0.00825
0.03575
0.00825
0.00875
0.03625
0.00875
0.00724998
0.03625
0.00724998
0.00775
0.03675
0.00775
0.00724999
0.03675
0.00724999
0.00775
0.03625
0.00775
0.00825
0.03625
0.00825
0.00875
0.03675
0.00875
0.00825
0.03675
0.00825
0.00875
0.00875
0.00925
0.00975
0.01025
0.01075
0.01125
0.01175
0.01225
0.01275
0.00925
0.00925
0.00975
0.00975
0.00925
0.00925
0.00975
0.00975
0.01025
0.01025
0.01075
0.01075
0.01025
0.01025
0.01075
0.01075
0.00925
0.00925
0.00975
0.00975
0.00925
0.00925
0.00975
0.00975
0.01025
0.01025
0.01075
0.01075
0.01025
0.01025
0.01075
0.01075
0.01125
0.01125
0.01175
0.01175
0.01125
0.01125
0.01175
0.01175
0.01225
0.01225
0.01275
0.01275
0.01225
0.01225
0.01275
0.03325
0.01275
0.03375
0.01125
0.03425
0.01125
0.03475
0.01175
0.03525
0.01175
0.03575
0.01125
0.03625
0.01125
0.03675
0.01175
0.01175
0.01225
0.01225
0.01275
0.01275
0.01225
0.01225
0.01275
0.01275
0.01325
0.01375
0.01425
0.01475
0.01525
0.01575
0.01625
0.01675
0.01325
0.01325
0.01375
0.01375
0.01325
0.01325
0.01375
0.01375
0.01425
0.01425
0.01475
0.01475
0.01425
0.01425
0.01475
0.01475
0.01325
0.01325
0.01375
0.01375
0.01325
0.01325
0.01375
0.01375
0.01425
0.01425
0.01475
0.01475
0.01425
0.01425
0.01475
0.01475
0.01525
0.01525
0.01575
0.01575
0.01525
0.01525
0.01575
0.01575
0.01625
0.01625
0.01675
0.01675
0.01625
0.01625
0.01675
0.01675
0.01525
0.01525
0.01575
0.01575
0.01525
0.01525
0.01575
0.01575
0.01625
0.01625
0.01675
0.01675
0.01625
0.01625
0.01675
0.01675
0.01725
0.01775
0.01825
0.01875
0.01925
0.01975
0.02025
0.02075
0.01725
0.01725
0.01775
0.01775
0.01725
0.01725
0.01775
0.01775
0.01825
0.01825
0.01875
0.01875
0.01825
0.01825
0.01875
0.01875
0.01725
0.01725
0.01775
0.01775
0.01725
0.01725
0.01775
0.01775
0.01825
0.01825
0.01875
0.01875
0.01825
0.01825
0.01875
0.01875
0.01925
0.01925
0.01975
0.01975
0.01925
0.01925
0.01975
0.01975
0.02025
0.02025
0.02075
0.02075
0.02025
0.02025
0.02075
0.02075
0.01925
0.01925
0.01975
0.01975
0.01925
0.01925
0.01975
0.01975
0.02025
0.02025
0.02075
0.02075
0.02025
0.02025
0.02075
0.02075
0.02125
0.02175
0.02225
0.02275
0.02325
0.02375
0.02425
0.02475
0.02125
0.02125
0.02175
0.02175
0.02125
0.02125
0.02175
0.02175
0.02225
0.02225
0.02275
0.02275
0.02225
0.02225
0.02275
0.02275
0.02125
0.02125
0.02175
0.02175
0.02125
0.02125
0.02175
0.02175
0.02225
0.02225
0.02275
0.02275
0.02225
0.02225
0.02275
0.02275
0.02325
0.02325
0.02375
0.02375
0.02325
0.02325
0.02375
0.02375
0.02425
0.02425
0.02475
0.02475
0.02425
0.02425
0.02475
0.02475
0.02325
0.02325
0.02375
0.02375
0.02325
0.02325
0.02375
0.02375
0.02425
0.02425
0.02475
0.02475
0.02425
0.02425
0.02475
0.02475
0.000669461
0.000669406
0.000669272
0.000669231
0.000668947
0.000669455
0.000669779
0.000672199
0.00067363
0.00114059
0.00114046
0.0016383
0.00163804
0.00114021
0.00113986
0.00163751
0.00163677
0.00215657
0.00215618
0.00268361
0.00268318
0.00215541
0.0021543
0.00268231
0.00268108
0.00113951
0.00113945
0.00163593
0.0016354
0.00114029
0.00114247
0.00163581
0.00163749
0.00215304
0.00215201
0.00267965
0.00267834
0.00215174
0.00215244
0.00267748
0.00267725
0.00320901
0.03725
0.00320863
0.00372766
0.03725
0.00372737
0.00320785
0.03775
0.00320674
0.00372678
0.03775
0.00372594
0.00423912
0.03725
0.00423893
0.00474523
0.03725
0.00474512
0.00423855
0.03775
0.00423799
0.0047449
0.03775
0.00474457
0.00320543
0.03825
0.00320413
0.00372492
0.03825
0.00372385
0.00320303
0.03875
0.0032023
0.00372284
0.03875
0.00372207
0.00423731
0.03825
0.00423656
0.00474417
0.03825
0.00474371
0.00423581
0.03875
0.00423524
0.00474325
0.03875
0.00474293
0.03725
0.03725
0.03775
0.03775
0.03725
0.03725
0.03775
0.03775
0.03825
0.03825
0.03875
0.03875
0.03825
0.03825
0.03875
0.03875
0.03925
0.03925
0.03975
0.03975
0.03925
0.03925
0.03975
0.03975
0.04025
0.04025
0.04075
0.04075
0.04025
0.04025
0.04075
0.04075
0.00114434
0.03925
0.00163902
0.03925
0.0021534
0.03975
0.00267732
0.03975
0.00320238
0.03925
0.00372209
0.03925
0.00423543
0.03975
0.00474314
0.03975
0.00524811
0.04025
0.00524805
0.00574932
0.04025
0.0057493
0.00524794
0.04075
0.00524777
0.00574924
0.04075
0.00574916
0.00624978
0.04025
0.00624977
0.00674994
0.04025
0.00674994
0.00624975
0.04075
0.00624972
0.00674993
0.04075
0.00674991
0.00524755
0.00524731
0.00574906
0.00574895
0.00524707
0.00524692
0.00574884
0.00574878
0.00624967
0.00624963
0.0067499
0.00674988
0.00624959
0.00624957
0.00674987
0.00674987
0.00724999
0.00724999
0.00775
0.00775
0.00724998
0.00724998
0.00775
0.00775
0.00825
0.00825
0.00875
0.00875
0.00825
0.00825
0.00875
0.00875
0.00724997
0.00724997
0.00775
0.00775
0.00724997
0.00724997
0.00775
0.00775
0.00825
0.00825
0.00875
0.00875
0.00825
0.00825
0.00875
0.00875
0.00524709
0.00574889
0.00624963
0.00674989
0.00724998
0.00775
0.00825
0.00875
0.00925
0.03725
0.00925
0.03775
0.00975
0.03825
0.00975
0.03875
0.00925
0.03925
0.00925
0.03975
0.00975
0.04025
0.00975
0.04075
0.01025
0.01025
0.01075
0.01075
0.01025
0.01025
0.01075
0.01075
0.00925
0.00925
0.00975
0.00975
0.00925
0.00925
0.00975
0.00975
0.01025
0.01025
0.01075
0.01075
0.01025
0.01025
0.01075
0.01075
0.01125
0.01125
0.01175
0.01175
0.01125
0.01125
0.01175
0.01175
0.01225
0.01225
0.01275
0.01275
0.01225
0.01225
0.01275
0.01275
0.01125
0.01125
0.01175
0.01175
0.01125
0.01125
0.01175
0.01175
0.01225
0.01225
0.01275
0.01275
0.01225
0.01225
0.01275
0.01275
0.00925
0.00975
0.01025
0.01075
0.01125
0.01175
0.01225
0.01275
0.01325
0.01325
0.01375
0.01375
0.01325
0.01325
0.01375
0.01375
0.01425
0.01425
0.01475
0.01475
0.01425
0.01425
0.01475
0.01475
0.01325
0.01325
0.01375
0.01375
0.01325
0.01325
0.01375
0.01375
0.01425
0.01425
0.01475
0.01475
0.01425
0.01425
0.01475
0.01475
0.01525
0.01525
0.01575
0.01575
0.01525
0.01525
0.01575
0.01575
0.01625
0.01625
0.01675
0.01675
0.01625
0.01625
0.01675
0.01675
0.01525
0.01525
0.01575
0.01575
0.01525
0.01525
0.01575
0.01575
0.01625
0.01625
0.01675
0.01675
0.01625
0.01625
0.01675
0.01675
0.01325
0.01375
0.01425
0.01475
0.01525
0.01575
0.01625
0.01675
0.01725
0.01725
0.01775
0.01775
0.01725
0.01725
0.01775
0.01775
0.01825
0.01825
0.01875
0.01875
0.01825
0.01825
0.01875
0.01875
0.01725
0.01725
0.01775
0.01775
0.01725
0.01725
0.01775
0.01775
0.01825
0.01825
0.01875
0.01875
0.01825
0.01825
0.01875
0.01875
0.01925
0.01925
0.01975
0.01975
0.01925
0.01925
0.01975
0.01975
0.02025
0.02025
0.02075
0.02075
0.02025
0.02025
0.02075
0.02075
0.01925
0.01925
0.01975
0.01975
0.01925
0.01925
0.01975
0.01975
0.02025
0.02025
0.02075
0.02075
0.02025
0.02025
0.02075
0.02075
0.01725
0.01775
0.01825
0.01875
0.01925
0.01975
0.02025
0.02075
0.02125
0.02125
0.02175
0.02175
0.02125
0.02125
0.02175
0.02175
0.02225
0.02225
0.02275
0.02275
0.02225
0.02225
0.02275
0.02275
0.02125
0.02125
0.02175
0.02175
0.02125
0.02125
0.02175
0.02175
0.02225
0.02225
0.02275
0.02275
0.02225
0.02225
0.02275
0.02275
0.02325
0.02325
0.02375
0.02375
0.02325
0.02325
0.02375
0.02375
0.02425
0.02425
0.02475
0.02475
0.02425
0.02425
0.02475
0.02475
0.02325
0.02325
0.02375
0.02375
0.02325
0.02325
0.02375
0.02375
0.02425
0.02425
0.02475
0.02475
0.02425
0.02425
0.02475
0.02475
0.02125
0.02175
0.02225
0.02275
0.02325
0.02375
0.02425
0.02475
0.04125
0.04125
0.04175
0.04175
0.04125
0.04125
0.04175
0.04175
0.04225
0.04225
0.04275
0.04275
0.04225
0.04225
0.04275
0.04275
0.04125
0.04125
0.04175
0.04175
0.04125
0.04125
0.04175
0.04175
0.04225
0.04225
0.04275
0.04275
0.04225
0.04225
0.02525
0.04275
0.02575
0.04275
0.02625
0.0432501
0.02675
0.0432501
0.02725
0.0437502
0.02775
0.0437502
0.02825
0.0432501
0.02875
0.0432501
0.02525
0.02525
0.0437502
0.02575
0.02575
0.0437503
0.02525
0.02525
0.0442507
0.02575
0.02575
0.0442507
0.02625
0.02625
0.0447519
0.02675
0.02675
0.0447519
0.02625
0.02625
0.0442508
0.02675
0.02675
0.0442508
0.02525
0.02525
0.0447521
0.02575
0.02575
0.0447522
0.02525
0.02525
0.0432501
0.02575
0.02575
0.0432501
0.02625
0.02625
0.0437503
0.02675
0.02675
0.0437504
0.02625
0.02625
0.0432501
0.02675
0.02675
0.0432501
0.02725
0.02725
0.0437504
0.02775
0.02775
0.0437504
0.02725
0.02725
0.0442509
0.02775
0.02775
0.0442511
0.02825
0.02825
0.0447524
0.02875
0.02875
0.0447527
0.02825
0.02825
0.0442512
0.02875
0.02875
0.0442512
0.02725
0.02725
0.0447529
0.02775
0.02775
0.0447531
0.02725
0.02725
0.02775
0.02775
0.02825
0.02825
0.02875
0.02875
0.02825
0.02825
0.02875
0.02875
0.02925
0.02975
0.03025
0.03075
0.03125
0.03175
0.03225
0.03275
0.02925
0.02925
0.02975
0.02975
0.02925
0.02925
0.02975
0.02975
0.03025
0.03025
0.03075
0.03075
0.03025
0.03025
0.03075
0.03075
0.02925
0.02925
0.02975
0.02975
0.02925
0.02925
0.02975
0.02975
0.03025
0.03025
0.03075
0.03075
0.03025
0.03025
0.03075
0.03075
0.03125
0.03125
0.03175
0.03175
0.03125
0.03125
0.04125
0.03175
0.04175
0.03175
0.04225
0.03225
0.04275
0.03225
0.0432501
0.03275
0.0437504
0.03275
0.0442511
0.03225
0.0447529
0.03225
0.03275
0.03275
0.03125
0.03125
0.03175
0.03175
0.03125
0.03125
0.03175
0.03175
0.03225
0.03225
0.03275
0.03275
0.03225
0.03225
0.03275
0.03275
0.03325
0.03375
0.03425
0.03475
0.03525
0.03575
0.03625
0.03675
0.03325
0.03325
0.03375
0.03375
0.03325
0.03325
0.03375
0.03375
0.03425
0.03425
0.03475
0.03475
0.03425
0.03425
0.03475
0.03475
0.03325
0.03325
0.03375
0.03375
0.03325
0.03325
0.03375
0.03375
0.03425
0.03425
0.03475
0.03475
0.03425
0.03425
0.03475
0.03475
0.03525
0.03525
0.03575
0.03575
0.03525
0.03525
0.03575
0.03575
0.03625
0.03625
0.03675
0.03675
0.03625
0.03625
0.03675
0.03675
0.03525
0.03525
0.03575
0.03575
0.03525
0.03525
0.03575
0.03575
0.03625
0.03625
0.03675
0.03675
0.03625
0.03625
0.03675
0.03675
0.03725
0.03775
0.03825
0.03875
0.03925
0.03975
0.04025
0.04075
0.03725
0.03725
0.03775
0.03775
0.03725
0.03725
0.03775
0.03775
0.03825
0.03825
0.03875
0.03875
0.03825
0.03825
0.03875
0.03875
0.03725
0.03725
0.03775
0.03775
0.03725
0.03725
0.03775
0.03775
0.03825
0.03825
0.03875
0.03875
0.03825
0.03825
0.03875
0.03875
0.03925
0.03925
0.03975
0.03975
0.03925
0.03925
0.03975
0.03975
0.04025
0.04025
0.04075
0.04075
0.04025
0.04025
0.04075
0.04075
0.03925
0.03925
0.03975
0.03975
0.03925
0.03925
0.03975
0.03975
0.04025
0.04025
0.04075
0.04075
0.04025
0.04025
0.04075
0.04075
0.04125
0.04175
0.04225
0.04275
0.0432501
0.0437504
0.0442511
0.0447529
0.04125
0.04125
0.04175
0.04175
0.04125
0.04125
0.04175
0.04175
0.04225
0.04225
0.04275
0.04275
0.04225
0.04225
0.04275
0.04275
0.04125
0.04125
0.04175
0.04175
0.04125
0.04125
0.04175
0.04175
0.04225
0.04225
0.04275
0.04275
0.04225
0.04225
0.04275
0.04275
0.0432501
0.0432501
0.0437504
0.0437504
0.0432501
0.0432501
0.0437504
0.0437503
0.0442512
0.0442512
0.0447531
0.0447529
0.0442511
0.0442509
0.0447527
0.0447524
0.0432501
0.0432501
0.0437503
0.0437502
0.0432501
0.0432501
0.0437502
0.0437502
0.0442508
0.0442508
0.0447522
0.0447521
0.0442507
0.0442507
0.0447519
0.0447519
0.0452569
0.0457646
0.0462779
0.0467976
0.0473227
0.0478466
0.048361
0.0488557
0.0452571
0.0452567
0.0457648
0.0457642
0.0452563
0.0452558
0.0457634
0.0457627
0.0462779
0.0462772
0.0467977
0.046797
0.0462761
0.0462751
0.0467959
0.0467946
0.0452554
0.0452551
0.045762
0.0457615
0.0452549
0.0452548
0.0457611
0.0457609
0.0462741
0.0462732
0.0467933
0.0467921
0.0462726
0.0462723
0.0467914
0.046791
0.0473228
0.0473225
0.0478476
0.0478483
0.0473217
0.0473204
0.047848
0.047847
0.0483625
0.0483642
0.0488575
0.0488597
0.0483646
0.0483641
0.0488606
0.0488605
0.0473189
0.0473177
0.0478457
0.0478446
0.0473168
0.0473164
0.0478438
0.0478434
0.0483632
0.0483625
0.0488601
0.0488598
0.048362
0.0483617
0.0488595
0.0488594
0.0493264
0.0493278
0.0493302
0.0493305
0.0493311
0.0493308
0.0493307
0.0493306
0.0493305
0.0452548
0.0452549
0.0457609
0.0457611
0.0452551
0.0452554
0.0457615
0.045762
0.0462723
0.0462726
0.046791
0.0467914
0.0462732
0.0462741
0.0467921
0.0467933
0.0452558
0.0452563
0.0457627
0.0457634
0.0452567
0.0452571
0.0457642
0.0457648
0.0462751
0.0462761
0.0467946
0.0467959
0.0462772
0.0462779
0.046797
0.0467977
0.0473164
0.0473168
0.0478434
0.0478438
0.0473177
0.0473189
0.0478446
0.0478457
0.0483617
0.048362
0.0488594
0.0488595
0.0483625
0.0483632
0.0488598
0.0488601
0.0473204
0.0473217
0.047847
0.047848
0.0473225
0.0473228
0.0478483
0.0478476
0.0483641
0.0483646
0.0488605
0.0488606
0.0483642
0.02525
0.02525
0.0483625
0.02575
0.02575
0.0488597
0.02525
0.02525
0.0488575
0.02575
0.02575
0.02625
0.02625
0.02675
0.02675
0.02625
0.02625
0.02675
0.02675
0.02525
0.02525
0.02575
0.02575
0.02525
0.02525
0.02575
0.02575
0.02625
0.02625
0.02675
0.02675
0.02625
0.02625
0.02675
0.02675
0.02725
0.02725
0.02775
0.02775
0.02725
0.02725
0.02775
0.02775
0.02825
0.02825
0.02875
0.02875
0.02825
0.02825
0.02875
0.02875
0.02725
0.02725
0.02775
0.02775
0.02725
0.02725
0.02775
0.02775
0.02825
0.02825
0.02875
0.02875
0.02825
0.02825
0.02875
0.02875
0.02525
0.02575
0.02625
0.02675
0.0452569
0.02725
0.0457646
0.0462779
0.02775
0.0467976
0.0473227
0.02825
0.0478466
0.048361
0.02875
0.0488557
0.02925
0.02925
0.02975
0.02975
0.02925
0.02925
0.02975
0.02975
0.03025
0.03025
0.03075
0.03075
0.03025
0.03025
0.03075
0.03075
0.02925
0.02925
0.02975
0.02975
0.02925
0.02925
0.02975
0.02975
0.03025
0.03025
0.03075
0.03075
0.03025
0.03025
0.03075
0.03075
0.03125
0.03125
0.03175
0.03175
0.03125
0.03125
0.03175
0.03175
0.03225
0.03225
0.03275
0.03275
0.03225
0.03225
0.03275
0.03275
0.03125
0.03125
0.03175
0.03175
0.03125
0.03125
0.03175
0.03175
0.03225
0.03225
0.03275
0.03275
0.03225
0.03225
0.03275
0.03275
0.0493305
0.02925
0.0493306
0.0493307
0.02975
0.0493308
0.0493311
0.03025
0.0493305
0.0493302
0.03075
0.0493278
0.03125
0.03175
0.03225
0.03275
0.0493264
0.00163565
0.0011405
0.01375
0.01325
0.01425
0.01475
0.01525
0.01575
0.0497793
0.0493279
0.0497768
0.02975
0.02925
0.03025
0.03075
0.03125
0.04175
0.04125
0.04225
0.04275
0.04325
0.02175
0.02125
0.02225
0.02275
0.02325
0.00215301
0.00267673
0.00320463
0.00372402
0.00423765
0.01625
0.01675
0.01725
0.03775
0.03725
0.03825
0.03875
0.03925
0.03175
0.03225
0.03275
0.03325
0.0437502
0.0442507
0.044752
0.0452554
0.00975
0.00925
0.01025
0.01075
0.01125
0.02375
0.02425
0.02475
0.02525
0.00474463
0.005248
0.02575
0.02625
0.03975
0.04025
0.04075
0.04125
0.01175
0.01225
0.01275
0.01325
0.02675
0.02725
0.02775
0.02825
0.02875
0.02925
0.0497811
0.0497787
0.0497807
0.0497795
0.0497799
0.0497795
0.0497795
0.0497795
0.000220712
0.000672076
0.000223177
0.0011405
0.000218917
0.000221266
0.000219334
0.000220518
0.000220137
0.000220455
0.000220454
0.000220453
0.00574932
0.00624981
0.00674995
0.00724999
0.01775
0.01825
0.01875
0.03375
0.03425
0.0457623
0.046276
0.0467954
0.0473233
0.047847
0.0483643
0.00775
0.00825
0.00875
0.00925
0.01925
0.01975
0.02025
0.02075
0.02125
0.03475
0.03525
0.03575
0.03625
0.0488595
0.0493279
0.00163565
0.01375
0.01425
0.01475
0.01525
0.01575
0.01625
0.02975
0.03025
0.03075
0.03125
0.04175
0.04225
0.04275
0.04325
0.03675
0.03725
0.00215301
0.00267673
0.00320463
0.00372402
0.00423765
0.01675
0.01725
0.03175
0.03225
0.03275
0.03325
0.0437502
0.0442507
0.044752
0.0452554
0.00474463
0.005248
0.0497795
0.0497799
0.0497795
0.0497807
0.0497787
0.0497811
0.0497768
0.0497793
0.000220455
0.000220137
0.000220518
0.000219334
0.000221266
0.000218917
0.000223177
0.000220712
0.02175
0.02225
0.02275
0.02325
0.03775
0.03825
0.03875
0.03925
0.00975
0.01025
0.01075
0.01125
0.02375
0.02425
0.02475
0.02525
0.02575
0.02625
0.03975
0.04025
0.04075
0.00574932
0.00624981
0.00674995
0.00724999
0.01775
0.01825
0.01875
0.000672076
0.01175
0.01225
0.01275
0.03375
0.03425
0.0457623
0.046276
0.0467954
0.0473233
0.047847
0.0483643
0.02675
0.02725
0.02775
0.02825
0.02875
0.00775
0.00825
0.00875
0.01925
0.01975
0.02025
0.02075
0.03475
0.03525
0.03575
0.03625
0.0488595
0.03675
0.0497802
0.000219826
0.0497802
0.000219826
0.00067363
0.000672198
0.000669779
0.000669455
0.000668947
0.000669231
0.000669272
0.000669406
0.000669461
0.00114434
0.00163902
0.0021534
0.00267732
0.00320238
0.00372209
0.00423543
0.00474314
0.00114247
0.00114029
0.00163749
0.00163581
0.00113945
0.00113951
0.0016354
0.00163593
0.00215244
0.00215174
0.00267725
0.00267748
0.00215201
0.00215304
0.00267834
0.00267965
0.00113986
0.00114021
0.00163677
0.00163751
0.00114046
0.00114059
0.00163803
0.0016383
0.0021543
0.00215541
0.00268108
0.00268231
0.00215618
0.00215657
0.00268318
0.00268361
0.0032023
0.00320303
0.00372207
0.00372284
0.00320413
0.00320543
0.00372385
0.00372492
0.00423524
0.00423581
0.00474293
0.00474325
0.00423656
0.00423731
0.00474371
0.00474417
0.00320674
0.00320785
0.00372594
0.00372678
0.00320863
0.00320901
0.00372737
0.00372766
0.00423799
0.00423855
0.00474457
0.0047449
0.00423893
0.00423912
0.00474512
0.00474523
0.00524709
0.00574889
0.00624963
0.00674989
0.00724998
0.00775
0.00825
0.00875
0.00524692
0.00524707
0.00574878
0.00574884
0.00524731
0.00524755
0.00574895
0.00574906
0.00624957
0.00624958
0.00674987
0.00674987
0.00624963
0.00624967
0.00674988
0.0067499
0.00524777
0.00524794
0.00574916
0.00574924
0.00524805
0.00524811
0.0057493
0.00574932
0.00624971
0.00624975
0.00674991
0.00674993
0.00624977
0.00624978
0.00674993
0.00674994
0.00724997
0.00724997
0.00775
0.00775
0.00724997
0.00724997
0.00774999
0.00775
0.00825
0.00825
0.00875
0.00875
0.00825
0.00825
0.00875
0.00875
0.00724998
0.00724998
0.00775
0.00775
0.00724998
0.00724999
0.00775
0.00775
0.00825
0.00825
0.00875
0.00875
0.00825
0.00825
0.00875
0.00875
0.00925
0.00975
0.01025
0.01075
0.01125
0.01175
0.01225
0.01275
0.00925
0.00925
0.00975
0.00975
0.00925
0.00925
0.00975
0.00975
0.01025
0.01025
0.01075
0.01075
0.01025
0.01025
0.01075
0.01075
0.00925
0.00925
0.00975
0.00975
0.00925
0.00925
0.00975
0.00975
0.01025
0.01025
0.01075
0.01075
0.01025
0.01025
0.01075
0.01075
0.01125
0.01125
0.01175
0.01175
0.01125
0.01125
0.01175
0.01175
0.01225
0.01225
0.01275
0.01275
0.01225
0.01225
0.01275
0.01275
0.01125
0.01125
0.01175
0.01175
0.01125
0.01125
0.01175
0.01175
0.01225
0.01225
0.01275
0.01275
0.01225
0.01225
0.01275
0.01275
0.01325
0.01375
0.01425
0.01475
0.01525
0.01575
0.01625
0.01675
0.01325
0.01325
0.01375
0.01375
0.01325
0.01325
0.01375
0.01375
0.01425
0.01425
0.01475
0.01475
0.01425
0.01425
0.01475
0.01475
0.01325
0.01325
0.01375
0.01375
0.01325
0.01325
0.01375
0.01375
0.01425
0.01425
0.01475
0.01475
0.01425
0.01425
0.01475
0.01475
0.01525
0.01525
0.01575
0.01575
0.01525
0.01525
0.01575
0.01575
0.01625
0.01625
0.01675
0.01675
0.01625
0.01625
0.01675
0.01675
0.01525
0.01525
0.01575
0.01575
0.01525
0.01525
0.01575
0.01575
0.01625
0.01625
0.01675
0.01675
0.01625
0.01625
0.01675
0.01675
0.01725
0.01775
0.01825
0.01875
0.01925
0.01975
0.02025
0.02075
0.01725
0.01725
0.01775
0.01775
0.01725
0.01725
0.01775
0.01775
0.01825
0.01825
0.01875
0.01875
0.01825
0.01825
0.01875
0.01875
0.01725
0.01725
0.01775
0.01775
0.01725
0.01725
0.01775
0.01775
0.01825
0.01825
0.01875
0.01875
0.01825
0.01825
0.01875
0.01875
0.01925
0.01925
0.01975
0.01975
0.01925
0.01925
0.01975
0.01975
0.02025
0.02025
0.02075
0.02075
0.02025
0.02025
0.02075
0.02075
0.01925
0.01925
0.01975
0.01975
0.01925
0.01925
0.01975
0.01975
0.02025
0.02025
0.02075
0.02075
0.02025
0.02025
0.02075
0.02075
0.02125
0.02175
0.02225
0.02275
0.02325
0.02375
0.02425
0.02475
0.02125
0.02125
0.02175
0.02175
0.02125
0.02125
0.02175
0.02175
0.02225
0.02225
0.02275
0.02275
0.02225
0.02225
0.02275
0.02275
0.02125
0.02125
0.02175
0.02175
0.02125
0.02125
0.02175
0.02175
0.02225
0.02225
0.02275
0.02275
0.02225
0.02225
0.02275
0.02275
0.02325
0.02325
0.02375
0.02375
0.02325
0.02325
0.02375
0.02375
0.02425
0.02425
0.02475
0.02475
0.02425
0.02425
0.02475
0.02475
0.02325
0.02325
0.02375
0.02375
0.02325
0.02325
0.02375
0.02375
0.02425
0.02425
0.02475
0.02475
0.02425
0.02425
0.02475
0.02475
0.000669459
0.000669406
0.000669272
0.000669231
0.000668947
0.000669455
0.000669779
0.000672199
0.00067363
0.00114059
0.00114046
0.0016383
0.00163804
0.00114021
0.00113986
0.00163751
0.00163677
0.00215657
0.00215618
0.00268361
0.00268318
0.00215541
0.0021543
0.00268231
0.00268108
0.00113951
0.00113945
0.00163593
0.0016354
0.00114029
0.00114247
0.00163581
0.00163749
0.00215304
0.00215201
0.00267965
0.00267834
0.00215174
0.00215244
0.00267748
0.00267725
0.00320901
0.00320863
0.00372766
0.00372737
0.00320785
0.00320674
0.00372678
0.00372594
0.00423912
0.00423893
0.00474523
0.00474512
0.00423855
0.00423799
0.0047449
0.00474457
0.00320543
0.00320413
0.00372492
0.00372385
0.00320303
0.0032023
0.00372284
0.00372207
0.00423731
0.00423656
0.00474417
0.00474371
0.00423581
0.00423524
0.00474325
0.00474293
0.00114434
0.00163902
0.0021534
0.00267732
0.00320238
0.00372209
0.00423543
0.00474314
0.00524811
0.00524805
0.00574932
0.0057493
0.00524794
0.00524777
0.00574924
0.00574916
0.00624978
0.00624977
0.00674994
0.00674993
0.00624975
0.00624972
0.00674993
0.00674991
0.00524755
0.00524731
0.00574906
0.00574895
0.00524707
0.00524692
0.00574884
0.00574878
0.00624967
0.00624963
0.0067499
0.00674988
0.00624958
0.00624957
0.00674987
0.00674987
0.00724999
0.00724998
0.00775
0.00775
0.00724998
0.00724998
0.00775
0.00775
0.00825
0.00825
0.00875
0.00875
0.00825
0.00825
0.00875
0.00875
0.00724997
0.00724997
0.00774999
0.00774999
0.00724997
0.00724997
0.00774999
0.00775
0.00825
0.00825
0.00875
0.00875
0.00825
0.00825
0.00875
0.00875
0.00524709
0.00574889
0.00624963
0.00674989
0.00724998
0.00775
0.00825
0.00875
0.00925
0.00925
0.00975
0.00975
0.00925
0.00925
0.00975
0.00975
0.01025
0.01025
0.01075
0.01075
0.01025
0.01025
0.01075
0.01075
0.00925
0.00925
0.00975
0.00975
0.00925
0.00925
0.00975
0.00975
0.01025
0.01025
0.01075
0.01075
0.01025
0.01025
0.01075
0.01075
0.01125
0.01125
0.01175
0.01175
0.01125
0.01125
0.01175
0.01175
0.01225
0.01225
0.01275
0.01275
0.01225
0.01225
0.01275
0.01275
0.01125
0.01125
0.01175
0.01175
0.01125
0.01125
0.01175
0.01175
0.01225
0.01225
0.01275
0.01275
0.01225
0.01225
0.01275
0.01275
0.00925
0.00975
0.01025
0.01075
0.01125
0.01175
0.01225
0.01275
0.01325
0.01325
0.01375
0.01375
0.01325
0.01325
0.01375
0.01375
0.01425
0.01425
0.01475
0.01475
0.01425
0.01425
0.01475
0.01475
0.01325
0.01325
0.01375
0.01375
0.01325
0.01325
0.01375
0.01375
0.01425
0.01425
0.01475
0.01475
0.01425
0.01425
0.01475
0.01475
0.01525
0.01525
0.01575
0.01575
0.01525
0.01525
0.01575
0.01575
0.01625
0.01625
0.01675
0.01675
0.01625
0.01625
0.01675
0.01675
0.01525
0.01525
0.01575
0.01575
0.01525
0.01525
0.01575
0.01575
0.01625
0.01625
0.01675
0.01675
0.01625
0.01625
0.01675
0.01675
0.01325
0.01375
0.01425
0.01475
0.01525
0.01575
0.01625
0.01675
0.01725
0.01725
0.01775
0.01775
0.01725
0.01725
0.01775
0.01775
0.01825
0.01825
0.01875
0.01875
0.01825
0.01825
0.01875
0.01875
0.01725
0.01725
0.01775
0.01775
0.01725
0.01725
0.01775
0.01775
0.01825
0.01825
0.01875
0.01875
0.01825
0.01825
0.01875
0.01875
0.01925
0.01925
0.01975
0.01975
0.01925
0.01925
0.01975
0.01975
0.02025
0.02025
0.02075
0.02075
0.02025
0.02025
0.02075
0.02075
0.01925
0.01925
0.01975
0.01975
0.01925
0.01925
0.01975
0.01975
0.02025
0.02025
0.02075
0.02075
0.02025
0.02025
0.02075
0.02075
0.01725
0.01775
0.01825
0.01875
0.01925
0.01975
0.02025
0.02075
0.02125
0.02125
0.02175
0.02175
0.02125
0.02125
0.02175
0.02175
0.02225
0.02225
0.02275
0.02275
0.02225
0.02225
0.02275
0.02275
0.02125
0.02125
0.02175
0.02175
0.02125
0.02125
0.02175
0.02175
0.02225
0.02225
0.02275
0.02275
0.02225
0.02225
0.02275
0.02275
0.02325
0.02325
0.02375
0.02375
0.02325
0.02325
0.02375
0.02375
0.02425
0.02425
0.02475
0.02475
0.02425
0.02425
0.02475
0.02475
0.02325
0.02325
0.02375
0.02375
0.02325
0.02325
0.02375
0.02375
0.02425
0.02425
0.02475
0.02475
0.02425
0.02425
0.02475
0.02475
0.02125
0.02175
0.02225
0.02275
0.02325
0.02375
0.02425
0.02475
0.02525
0.02575
0.02625
0.02675
0.02725
0.02775
0.02825
0.02875
0.02525
0.02525
0.02575
0.02575
0.02525
0.02525
0.02575
0.02575
0.02625
0.02625
0.02675
0.02675
0.02625
0.02625
0.02675
0.02675
0.02525
0.02525
0.02575
0.02575
0.02525
0.02525
0.02575
0.02575
0.02625
0.02625
0.02675
0.02675
0.02625
0.02625
0.02675
0.02675
0.02725
0.02725
0.02775
0.02775
0.02725
0.02725
0.02775
0.02775
0.02825
0.02825
0.02875
0.02875
0.02825
0.02825
0.02875
0.02875
0.02725
0.02725
0.02775
0.02775
0.02725
0.02725
0.02775
0.02775
0.02825
0.02825
0.02875
0.02875
0.02825
0.02825
0.02875
0.02875
0.02925
0.02975
0.03025
0.03075
0.03125
0.03175
0.03225
0.03275
0.02925
0.02925
0.02975
0.02975
0.02925
0.02925
0.02975
0.02975
0.03025
0.03025
0.03075
0.03075
0.03025
0.03025
0.03075
0.03075
0.02925
0.02925
0.02975
0.02975
0.02925
0.02925
0.02975
0.02975
0.03025
0.03025
0.03075
0.03075
0.03025
0.03025
0.03075
0.03075
0.03125
0.03125
0.03175
0.03175
0.03125
0.03125
0.03175
0.03175
0.03225
0.03225
0.03275
0.03275
0.03225
0.03225
0.03275
0.03275
0.03125
0.03125
0.03175
0.03175
0.03125
0.03125
0.03175
0.03175
0.03225
0.03225
0.03275
0.03275
0.03225
0.03225
0.03275
0.03275
0.03325
0.03375
0.03425
0.03475
0.03525
0.03575
0.03625
0.03675
0.03325
0.03325
0.03375
0.03375
0.03325
0.03325
0.03375
0.03375
0.03425
0.03425
0.03475
0.03475
0.03425
0.03425
0.03475
0.03475
0.03325
0.03325
0.03375
0.03375
0.03325
0.03325
0.03375
0.03375
0.03425
0.03425
0.03475
0.03475
0.03425
0.03425
0.03475
0.03475
0.03525
0.03525
0.03575
0.03575
0.03525
0.03525
0.03575
0.03575
0.03625
0.03625
0.03675
0.03675
0.03625
0.03625
0.03675
0.03675
0.03525
0.03525
0.03575
0.03575
0.03525
0.03525
0.03575
0.03575
0.03625
0.03625
0.03675
0.03675
0.03625
0.03625
0.03675
0.03675
0.03725
0.03775
0.03825
0.03875
0.03925
0.03975
0.04025
0.04075
0.03725
0.03725
0.03775
0.03775
0.03725
0.03725
0.03775
0.03775
0.03825
0.03825
0.03875
0.03875
0.03825
0.03825
0.03875
0.03875
0.03725
0.03725
0.03775
0.03775
0.03725
0.03725
0.03775
0.03775
0.03825
0.03825
0.03875
0.03875
0.03825
0.03825
0.03875
0.03875
0.03925
0.03925
0.03975
0.03975
0.03925
0.03925
0.03975
0.03975
0.04025
0.04025
0.04075
0.04075
0.04025
0.04025
0.04075
0.04075
0.03925
0.03925
0.03975
0.03975
0.03925
0.03925
0.03975
0.03975
0.04025
0.04025
0.04075
0.04075
0.04025
0.04025
0.04075
0.04075
0.04125
0.04175
0.04225
0.04275
0.0432501
0.0437504
0.0442511
0.0447529
0.04125
0.04125
0.04175
0.04175
0.04125
0.04125
0.04175
0.04175
0.04225
0.04225
0.04275
0.04275
0.04225
0.04225
0.04275
0.04275
0.04125
0.04125
0.04175
0.04175
0.04125
0.04125
0.04175
0.04175
0.04225
0.04225
0.04275
0.04275
0.04225
0.04225
0.04275
0.04275
0.0432501
0.0432501
0.0437504
0.0437504
0.0432501
0.0432501
0.0437504
0.0437503
0.0442512
0.0442512
0.0447531
0.0447529
0.0442511
0.0442509
0.0447527
0.0447524
0.0432501
0.0432501
0.0437503
0.0437502
0.0432501
0.0432501
0.0437502
0.0437502
0.0442508
0.0442508
0.0447522
0.0447521
0.0442507
0.0442507
0.0447519
0.0447519
0.0452569
0.0457646
0.0462779
0.0467976
0.0473227
0.0478466
0.048361
0.0488557
0.0452571
0.0452567
0.0457648
0.0457642
0.0452563
0.0452558
0.0457634
0.0457627
0.0462779
0.0462772
0.0467977
0.046797
0.0462761
0.0462751
0.0467959
0.0467946
0.0452554
0.0452551
0.045762
0.0457615
0.0452549
0.0452548
0.0457611
0.0457609
0.0462741
0.0462732
0.0467933
0.0467921
0.0462726
0.0462723
0.0467914
0.046791
0.0473228
0.0473225
0.0478476
0.0478483
0.0473217
0.0473204
0.047848
0.047847
0.0483625
0.0483642
0.0488575
0.0488597
0.0483646
0.0483641
0.0488606
0.0488605
0.0473189
0.0473177
0.0478457
0.0478446
0.0473168
0.0473164
0.0478438
0.0478434
0.0483632
0.0483625
0.0488601
0.0488598
0.048362
0.0483617
0.0488595
0.0488594
0.0493264
0.0493278
0.0493302
0.0493305
0.0493311
0.0493308
0.0493307
0.0493306
0.0493305
0.02525
0.02525
0.02575
0.02575
0.02525
0.02525
0.02575
0.02575
0.02625
0.02625
0.02675
0.02675
0.02625
0.02625
0.02675
0.02675
0.02525
0.02525
0.02575
0.02575
0.02525
0.02525
0.02575
0.02575
0.02625
0.02625
0.02675
0.02675
0.02625
0.02625
0.02675
0.02675
0.02725
0.02725
0.02775
0.02775
0.02725
0.02725
0.02775
0.02775
0.02825
0.02825
0.02875
0.02875
0.02825
0.02825
0.02875
0.02875
0.02725
0.02725
0.02775
0.02775
0.02725
0.02725
0.02775
0.02775
0.02825
0.02825
0.02875
0.02875
0.02825
0.02825
0.02875
0.02875
0.02525
0.02575
0.02625
0.02675
0.02725
0.02775
0.02825
0.02875
0.02925
0.02925
0.02975
0.02975
0.02925
0.02925
0.02975
0.02975
0.03025
0.03025
0.03075
0.03075
0.03025
0.03025
0.03075
0.03075
0.02925
0.02925
0.02975
0.02975
0.02925
0.02925
0.02975
0.02975
0.03025
0.03025
0.03075
0.03075
0.03025
0.03025
0.03075
0.03075
0.03125
0.03125
0.03175
0.03175
0.03125
0.03125
0.03175
0.03175
0.03225
0.03225
0.03275
0.03275
0.03225
0.03225
0.03275
0.03275
0.03125
0.03125
0.03175
0.03175
0.03125
0.03125
0.03175
0.03175
0.03225
0.03225
0.03275
0.03275
0.03225
0.03225
0.03275
0.03275
0.02925
0.02975
0.03025
0.03075
0.03125
0.03175
0.03225
0.03275
0.03325
0.03325
0.03375
0.03375
0.03325
0.03325
0.03375
0.03375
0.03425
0.03425
0.03475
0.03475
0.03425
0.03425
0.03475
0.03475
0.03325
0.03325
0.03375
0.03375
0.03325
0.03325
0.03375
0.03375
0.03425
0.03425
0.03475
0.03475
0.03425
0.03425
0.03475
0.03475
0.03525
0.03525
0.03575
0.03575
0.03525
0.03525
0.03575
0.03575
0.03625
0.03625
0.03675
0.03675
0.03625
0.03625
0.03675
0.03675
0.03525
0.03525
0.03575
0.03575
0.03525
0.03525
0.03575
0.03575
0.03625
0.03625
0.03675
0.03675
0.03625
0.03625
0.03675
0.03675
0.03325
0.03375
0.03425
0.03475
0.03525
0.03575
0.03625
0.03675
0.03725
0.03725
0.03775
0.03775
0.03725
0.03725
0.03775
0.03775
0.03825
0.03825
0.03875
0.03875
0.03825
0.03825
0.03875
0.03875
0.03725
0.03725
0.03775
0.03775
0.03725
0.03725
0.03775
0.03775
0.03825
0.03825
0.03875
0.03875
0.03825
0.03825
0.03875
0.03875
0.03925
0.03925
0.03975
0.03975
0.03925
0.03925
0.03975
0.03975
0.04025
0.04025
0.04075
0.04075
0.04025
0.04025
0.04075
0.04075
0.03925
0.03925
0.03975
0.03975
0.03925
0.03925
0.03975
0.03975
0.04025
0.04025
0.04075
0.04075
0.04025
0.04025
0.04075
0.04075
0.03725
0.03775
0.03825
0.03875
0.03925
0.03975
0.04025
0.04075
0.04125
0.04125
0.04175
0.04175
0.04125
0.04125
0.04175
0.04175
0.04225
0.04225
0.04275
0.04275
0.04225
0.04225
0.04275
0.04275
0.04125
0.04125
0.04175
0.04175
0.04125
0.04125
0.04175
0.04175
0.04225
0.04225
0.04275
0.04275
0.04225
0.04225
0.04275
0.04275
0.0432501
0.0432501
0.0437502
0.0437502
0.0432501
0.0432501
0.0437502
0.0437503
0.0442507
0.0442507
0.0447519
0.0447519
0.0442508
0.0442508
0.0447521
0.0447522
0.0432501
0.0432501
0.0437503
0.0437504
0.0432501
0.0432501
0.0437504
0.0437504
0.0442509
0.0442511
0.0447524
0.0447527
0.0442512
0.0442512
0.0447529
0.0447531
0.04125
0.04175
0.04225
0.04275
0.0432501
0.0437504
0.0442511
0.0447529
0.0452548
0.0452549
0.0457609
0.0457611
0.0452551
0.0452554
0.0457615
0.045762
0.0462723
0.0462726
0.046791
0.0467914
0.0462732
0.0462741
0.0467921
0.0467933
0.0452558
0.0452563
0.0457627
0.0457634
0.0452567
0.0452571
0.0457642
0.0457648
0.0462751
0.0462761
0.0467946
0.0467959
0.0462772
0.0462779
0.046797
0.0467977
0.0473164
0.0473168
0.0478434
0.0478438
0.0473177
0.0473189
0.0478446
0.0478457
0.0483617
0.048362
0.0488594
0.0488595
0.0483625
0.0483632
0.0488598
0.0488601
0.0473204
0.0473217
0.047847
0.047848
0.0473225
0.0473228
0.0478483
0.0478476
0.0483641
0.0483646
0.0488605
0.0488606
0.0483642
0.0483625
0.0488597
0.0488575
0.0452569
0.0457646
0.0462779
0.0467976
0.0473227
0.0478466
0.048361
0.0488557
0.0493305
0.0493306
0.0493307
0.0493308
0.0493311
0.0493305
0.0493302
0.0493278
0.0493264
0.000220712
0.000672076
0.000223177
0.0011405
0.000218917
0.000221266
0.000219334
0.000220518
0.000220137
0.000220455
0.000220454
0.000220453
0.0497795
0.0497795
0.0497799
0.0497795
0.0497807
0.0497787
0.0497811
0.0497768
0.0497793
0.0493279
0.02175
0.02125
0.02225
0.02275
0.02325
0.03775
0.03725
0.03825
0.03875
0.03925
0.00975
0.00925
0.01025
0.01075
0.01125
0.02375
0.02425
0.02475
0.02525
0.02575
0.02625
0.03975
0.04025
0.04075
0.04125
0.01375
0.01325
0.01425
0.01175
0.01225
0.01275
0.01325
0.02675
0.02725
0.02775
0.02825
0.02875
0.02925
0.00163565
0.00215301
0.00267673
0.01475
0.01525
0.01575
0.01625
0.01675
0.01725
0.02975
0.02925
0.03025
0.03075
0.03125
0.03175
0.03225
0.04175
0.04125
0.04225
0.04275
0.04325
0.0437502
0.0442507
0.00320463
0.00372402
0.00423765
0.00474463
0.005248
0.000220455
0.000220137
0.000220518
0.000219334
0.000221266
0.000218917
0.000223177
0.000220712
0.03275
0.03325
0.044752
0.0452554
0.000672076
0.0011405
0.00163565
0.01375
0.01425
0.01475
0.01525
0.01575
0.01625
0.02975
0.03025
0.03075
0.03125
0.04175
0.04225
0.04275
0.04325
0.00215301
0.00267673
0.00320463
0.00372402
0.00423765
0.01675
0.01725
0.0457623
0.046276
0.03175
0.03225
0.03275
0.03325
0.0437502
0.0442507
0.044752
0.0452554
0.00574932
0.00624981
0.00674995
0.00724999
0.01775
0.01825
0.01875
0.01925
0.00474463
0.005248
0.03375
0.03425
0.03475
0.03525
0.0467954
0.0473233
0.047847
0.0483643
0.0488595
0.0493279
0.00775
0.00825
0.00875
0.00925
0.01975
0.02025
0.02075
0.02125
0.03575
0.03625
0.03675
0.03725
0.00574932
0.00624981
0.00674995
0.00724999
0.01775
0.01825
0.01875
0.03375
0.03425
0.0457623
0.046276
0.0467954
0.0473233
0.047847
0.0483643
0.02175
0.00775
0.00825
0.00875
0.01925
0.01975
0.02025
0.02075
0.03475
0.03525
0.03575
0.03625
0.0488595
0.02225
0.02275
0.02325
0.02375
0.02425
0.03775
0.03825
0.03875
0.03925
0.0497793
0.0497768
0.03675
0.00975
0.01025
0.01075
0.01125
0.01175
0.02475
0.02525
0.02575
0.02625
0.02675
0.02725
0.03975
0.04025
0.04075
0.0497811
0.0497787
0.0497807
0.0497795
0.0497799
0.0497795
0.01225
0.01275
0.02775
0.02825
0.02875
0.0497795
0.000219826
0.0497802
0.000219826
0.0497802
0.03325
0.03325
0.03375
0.03375
0.03325
0.03325
0.03375
0.03375
0.03425
0.03425
0.03475
0.03475
0.03425
0.03425
0.03475
0.03475
0.03325
0.03325
0.03375
0.03375
0.03325
0.03325
0.03375
0.03375
0.03425
0.03425
0.03475
0.03475
0.03425
0.03425
0.03475
0.03475
0.03525
0.03525
0.03575
0.03575
0.03525
0.03525
0.03575
0.03575
0.03625
0.03625
0.03675
0.03675
0.03625
0.03625
0.03675
0.03675
0.03525
0.03525
0.03575
0.03575
0.03525
0.03525
0.03575
0.03575
0.03625
0.03625
0.03675
0.03675
0.03625
0.03625
0.03675
0.03675
0.03325
0.03375
0.03425
0.03475
0.03525
0.03575
0.03625
0.03675
0.000673633
0.000672201
0.000669781
0.000669455
0.000668947
0.00066923
0.000669271
0.000669405
0.00066946
0.00114434
0.00163903
0.00215341
0.00267731
0.00320238
0.00372209
0.00423543
0.00474314
0.00114247
0.00114029
0.0016375
0.00163581
0.00113945
0.00113951
0.0016354
0.00163593
0.00215244
0.00215174
0.00267725
0.00267748
0.00215201
0.00215304
0.00267833
0.00267965
0.00113986
0.00114021
0.00163677
0.00163751
0.00114045
0.00114059
0.00163803
0.0016383
0.0021543
0.00215541
0.00268108
0.00268231
0.00215618
0.00215657
0.00268318
0.00268361
0.00320229
0.00320303
0.00372207
0.00372284
0.00320413
0.00320543
0.00372385
0.00372492
0.00423524
0.00423581
0.00474293
0.00474325
0.00423656
0.00423731
0.00474371
0.00474417
0.00320674
0.00320785
0.00372594
0.00372678
0.00320863
0.00320901
0.00372737
0.00372766
0.00423799
0.00423855
0.00474457
0.0047449
0.00423893
0.00423912
0.00474512
0.00474523
0.00524709
0.00574889
0.00624963
0.00674989
0.00724998
0.00775
0.00825
0.00875
0.00524692
0.00524707
0.00574878
0.00574884
0.00524731
0.00524755
0.00574895
0.00574906
0.00624957
0.00624959
0.00674987
0.00674987
0.00624963
0.00624967
0.00674988
0.0067499
0.00524777
0.00524794
0.00574916
0.00574924
0.00524805
0.00524811
0.0057493
0.00574932
0.00624972
0.00624975
0.00674991
0.00674993
0.00624977
0.00624978
0.00674994
0.00674994
0.00724997
0.00724997
0.00775
0.00775
0.00724997
0.00724997
0.00775
0.00775
0.00825
0.00825
0.00875
0.00875
0.00825
0.00825
0.00875
0.00875
0.00724998
0.00724998
0.00775
0.00775
0.00724999
0.00724999
0.00775
0.00775
0.00825
0.00825
0.00875
0.00875
0.00825
0.00825
0.00875
0.00875
0.00925
0.00975
0.01025
0.01075
0.01125
0.01175
0.01225
0.01275
0.00925
0.00925
0.00975
0.00975
0.00925
0.00925
0.00975
0.00975
0.01025
0.01025
0.01075
0.01075
0.01025
0.01025
0.01075
0.01075
0.00925
0.00925
0.00975
0.00975
0.00925
0.00925
0.00975
0.00975
0.01025
0.01025
0.01075
0.01075
0.01025
0.01025
0.01075
0.01075
0.01125
0.01125
0.01175
0.01175
0.01125
0.01125
0.01175
0.01175
0.01225
0.01225
0.01275
0.01275
0.01225
0.01225
0.01275
0.01275
0.01125
0.01125
0.01175
0.01175
0.01125
0.01125
0.01175
0.01175
0.01225
0.01225
0.01275
0.01275
0.01225
0.01225
0.01275
0.01275
0.01325
0.01375
0.01425
0.01475
0.01525
0.01575
0.01625
0.01675
0.01325
0.01325
0.01375
0.01375
0.01325
0.01325
0.01375
0.01375
0.01425
0.01425
0.01475
0.01475
0.01425
0.01425
0.01475
0.01475
0.01325
0.01325
0.01375
0.01375
0.01325
0.01325
0.01375
0.01375
0.01425
0.01425
0.01475
0.01475
0.01425
0.01425
0.01475
0.01475
0.01525
0.01525
0.01575
0.01575
0.01525
0.01525
0.01575
0.01575
0.01625
0.01625
0.01675
0.01675
0.01625
0.01625
0.01675
0.01675
0.01525
0.01525
0.01575
0.01575
0.01525
0.01525
0.01575
0.01575
0.01625
0.01625
0.01675
0.01675
0.01625
0.01625
0.01675
0.01675
0.01725
0.01775
0.01825
0.01875
0.01925
0.01975
0.02025
0.02075
0.01725
0.01725
0.01775
0.01775
0.01725
0.01725
0.01775
0.01775
0.01825
0.01825
0.01875
0.01875
0.01825
0.01825
0.01875
0.01875
0.01725
0.01725
0.01775
0.01775
0.01725
0.01725
0.01775
0.01775
0.01825
0.01825
0.01875
0.01875
0.01825
0.01825
0.01875
0.01875
0.01925
0.01925
0.01975
0.01975
0.01925
0.01925
0.01975
0.01975
0.02025
0.02025
0.02075
0.02075
0.02025
0.02025
0.02075
0.02075
0.01925
0.01925
0.01975
0.01975
0.01925
0.01925
0.01975
0.01975
0.02025
0.02025
0.02075
0.02075
0.02025
0.02025
0.02075
0.02075
0.02125
0.02175
0.02225
0.02275
0.02325
0.02375
0.02425
0.02475
0.02125
0.02125
0.02175
0.02175
0.02125
0.02125
0.02175
0.02175
0.02225
0.02225
0.02275
0.02275
0.02225
0.02225
0.02275
0.02275
0.02125
0.02125
0.02175
0.02175
0.02125
0.02125
0.02175
0.02175
0.02225
0.02225
0.02275
0.02275
0.02225
0.02225
0.02275
0.02275
0.02325
0.02325
0.02375
0.02375
0.02325
0.02325
0.02375
0.02375
0.02425
0.02425
0.02475
0.02475
0.02425
0.02425
0.02475
0.02475
0.02325
0.02325
0.02375
0.02375
0.02325
0.02325
0.02375
0.02375
0.02425
0.02425
0.02475
0.02475
0.02425
0.02425
0.02475
0.02475
0.000669459
0.000669405
0.000669271
0.00066923
0.000668947
0.000669456
0.000669783
0.000672204
0.000673635
0.00114059
0.00114045
0.0016383
0.00163803
0.00114021
0.00113986
0.00163751
0.00163677
0.00215657
0.00215618
0.00268361
0.00268318
0.00215541
0.0021543
0.00268231
0.00268108
0.00113951
0.00113945
0.00163593
0.0016354
0.00114029
0.00114247
0.00163581
0.0016375
0.00215304
0.00215201
0.00267965
0.00267834
0.00215174
0.00215245
0.00267748
0.00267725
0.00320901
0.00320863
0.00372766
0.00372737
0.00320785
0.00320674
0.00372678
0.00372594
0.00423912
0.00423893
0.00474523
0.00474512
0.00423855
0.00423799
0.0047449
0.00474457
0.00320543
0.00320413
0.00372492
0.00372385
0.00320303
0.0032023
0.00372284
0.00372207
0.00423731
0.00423656
0.00474417
0.00474371
0.00423581
0.00423524
0.00474325
0.00474293
0.00114435
0.00163903
0.00215341
0.00267732
0.00320238
0.00372209
0.00423543
0.00474314
0.03725
0.03725
0.03775
0.03775
0.03725
0.03725
0.03775
0.03775
0.03825
0.03825
0.03875
0.03875
0.03825
0.03825
0.03875
0.03875
0.03725
0.03725
0.03775
0.03775
0.03725
0.03725
0.03775
0.03775
0.00524811
0.00524805
0.03825
0.00574932
0.0057493
0.03825
0.00524794
0.00524777
0.03875
0.00574924
0.00574916
0.03875
0.00624978
0.00624977
0.03825
0.00674994
0.00674994
0.03825
0.00624975
0.00624972
0.03875
0.00674993
0.00674992
0.03875
0.00524755
0.00524731
0.03925
0.00574906
0.00574895
0.03925
0.00524707
0.00524692
0.03975
0.00574884
0.00574878
0.03975
0.00624967
0.00624963
0.03925
0.0067499
0.00674988
0.03925
0.00624958
0.00624957
0.03975
0.00674987
0.00674987
0.03975
0.00724999
0.00724999
0.04025
0.00775
0.00775
0.04025
0.00724998
0.00724998
0.04075
0.00775
0.00775
0.04075
0.00825
0.00825
0.04025
0.00875
0.00875
0.04025
0.00825
0.00825
0.04075
0.00875
0.00875
0.04075
0.00724997
0.00724997
0.03925
0.00774999
0.00774999
0.03925
0.00724997
0.00724997
0.03975
0.00774999
0.00775
0.03975
0.00825
0.00825
0.03925
0.00875
0.00875
0.03925
0.00825
0.00825
0.03975
0.00875
0.00875
0.03975
0.00524709
0.04025
0.00574889
0.04025
0.00624962
0.04075
0.00674989
0.04075
0.00724998
0.04025
0.00775
0.04025
0.00825
0.04075
0.00875
0.04075
0.03725
0.03775
0.03825
0.03875
0.03925
0.03975
0.04025
0.04075
0.00925
0.00925
0.00975
0.00975
0.00925
0.00925
0.00975
0.00975
0.01025
0.01025
0.01075
0.01075
0.01025
0.01025
0.01075
0.01075
0.00925
0.00925
0.00975
0.00975
0.00925
0.00925
0.00975
0.00975
0.01025
0.01025
0.01075
0.01075
0.01025
0.01025
0.01075
0.01075
0.01125
0.01125
0.01175
0.01175
0.01125
0.01125
0.01175
0.01175
0.01225
0.01225
0.01275
0.01275
0.01225
0.01225
0.01275
0.01275
0.01125
0.01125
0.01175
0.01175
0.01125
0.01125
0.01175
0.01175
0.01225
0.01225
0.01275
0.01275
0.01225
0.01225
0.01275
0.01275
0.00925
0.00975
0.01025
0.01075
0.01125
0.01175
0.01225
0.01275
0.01325
0.01325
0.01375
0.01375
0.01325
0.01325
0.01375
0.01375
0.01425
0.01425
0.01475
0.01475
0.01425
0.01425
0.01475
0.01475
0.01325
0.01325
0.01375
0.01375
0.01325
0.01325
0.01375
0.01375
0.01425
0.01425
0.01475
0.01475
0.01425
0.01425
0.01475
0.01475
0.01525
0.01525
0.01575
0.01575
0.01525
0.01525
0.01575
0.01575
0.01625
0.01625
0.01675
0.01675
0.01625
0.01625
0.01675
0.01675
0.01525
0.01525
0.01575
0.01575
0.01525
0.01525
0.01575
0.01575
0.01625
0.01625
0.01675
0.01675
0.01625
0.01625
0.01675
0.01675
0.01325
0.01375
0.01425
0.01475
0.01525
0.01575
0.01625
0.01675
0.01725
0.01725
0.01775
0.01775
0.01725
0.01725
0.01775
0.01775
0.01825
0.01825
0.01875
0.01875
0.01825
0.01825
0.01875
0.01875
0.01725
0.01725
0.01775
0.01775
0.01725
0.01725
0.01775
0.01775
0.01825
0.01825
0.01875
0.01875
0.01825
0.01825
0.01875
0.01875
0.01925
0.01925
0.01975
0.01975
0.01925
0.01925
0.01975
0.01975
0.02025
0.02025
0.02075
0.02075
0.02025
0.02025
0.02075
0.02075
0.01925
0.01925
0.01975
0.01975
0.01925
0.01925
0.01975
0.01975
0.02025
0.02025
0.02075
0.02075
0.02025
0.02025
0.02075
0.02075
0.01725
0.01775
0.01825
0.01875
0.01925
0.01975
0.02025
0.02075
0.02125
0.02125
0.02175
0.02175
0.02125
0.02125
0.02175
0.02175
0.02225
0.02225
0.02275
0.02275
0.02225
0.02225
0.02275
0.02275
0.02125
0.02125
0.02175
0.02175
0.02125
0.02125
0.02175
0.02175
0.02225
0.02225
0.02275
0.02275
0.02225
0.02225
0.02275
0.02275
0.02325
0.02325
0.02375
0.02375
0.02325
0.02325
0.02375
0.02375
0.02425
0.02425
0.02475
0.02475
0.02425
0.02425
0.02475
0.02475
0.02325
0.02325
0.02375
0.02375
0.02325
0.02325
0.02375
0.02375
0.02425
0.02425
0.02475
0.02475
0.02425
0.02425
0.02475
0.02475
0.02125
0.02175
0.02225
0.02275
0.02325
0.02375
0.02425
0.02475
0.04125
0.04125
0.04175
0.04175
0.04125
0.04125
0.04175
0.04175
0.04225
0.04225
0.04275
0.04275
0.04225
0.04225
0.04275
0.04275
0.04125
0.04125
0.04175
0.04175
0.04125
0.04125
0.04175
0.04175
0.04225
0.04225
0.04275
0.04275
0.04225
0.04225
0.04275
0.04275
0.0432501
0.0432501
0.0437502
0.0437502
0.0432501
0.0432501
0.0437502
0.0437503
0.0442507
0.0442507
0.0447519
0.0447519
0.0442508
0.0442508
0.0447521
0.0447522
0.0432501
0.0432501
0.0437503
0.0437504
0.0432501
0.0432501
0.0437504
0.0437504
0.0442509
0.0442511
0.0447524
0.0447527
0.0442512
0.0442512
0.0447529
0.0447531
0.04125
0.04175
0.04225
0.04275
0.0432501
0.0437504
0.0442511
0.0447529
0.02525
0.02575
0.02625
0.02675
0.02725
0.02775
0.02825
0.02875
0.02525
0.02525
0.02575
0.02575
0.02525
0.02525
0.02575
0.02575
0.02625
0.02625
0.02675
0.02675
0.02625
0.02625
0.02675
0.02675
0.02525
0.02525
0.02575
0.02575
0.02525
0.02525
0.02575
0.02575
0.02625
0.02625
0.02675
0.02675
0.02625
0.02625
0.02675
0.02675
0.02725
0.02725
0.02775
0.02775
0.02725
0.02725
0.02775
0.02775
0.02825
0.02825
0.02875
0.02875
0.02825
0.02825
0.02875
0.02875
0.02725
0.02725
0.02775
0.02775
0.02725
0.02725
0.02775
0.02775
0.02825
0.02825
0.02875
0.02875
0.02825
0.02825
0.02875
0.02875
0.02925
0.02975
0.03025
0.03075
0.03125
0.03175
0.03225
0.03275
0.02925
0.02925
0.02975
0.02975
0.02925
0.02925
0.02975
0.02975
0.03025
0.03025
0.03075
0.03075
0.03025
0.03025
0.03075
0.03075
0.02925
0.02925
0.02975
0.02975
0.02925
0.02925
0.02975
0.02975
0.03025
0.03025
0.03075
0.03075
0.03025
0.03025
0.03075
0.03075
0.03125
0.03125
0.03175
0.03175
0.03125
0.03125
0.03175
0.03175
0.03225
0.03225
0.03275
0.03275
0.03225
0.03225
0.03275
0.03275
0.03125
0.03125
0.03175
0.03175
0.03125
0.03125
0.03175
0.03175
0.03225
0.03225
0.03275
0.03275
0.03225
0.03225
0.03275
0.03275
0.03325
0.03375
0.03425
0.03475
0.03525
0.03575
0.03625
0.03675
0.03325
0.03325
0.03375
0.03375
0.03325
0.03325
0.03375
0.03375
0.03425
0.03425
0.03475
0.03475
0.03425
0.03425
0.03475
0.03475
0.03325
0.03325
0.03375
0.03375
0.03325
0.03325
0.03375
0.03375
0.03425
0.03425
0.03475
0.03475
0.03425
0.03425
0.03475
0.03475
0.03525
0.03525
0.03575
0.03575
0.03525
0.03525
0.03575
0.03575
0.03625
0.03625
0.03675
0.03675
0.03625
0.03625
0.03675
0.03675
0.03525
0.03525
0.03575
0.03575
0.03525
0.03525
0.03575
0.03575
0.03625
0.03625
0.03675
0.03675
0.03625
0.03625
0.03675
0.03675
0.03725
0.03775
0.03825
0.03875
0.03925
0.03975
0.04025
0.04075
0.03725
0.03725
0.03775
0.03775
0.03725
0.03725
0.03775
0.03775
0.03825
0.03825
0.03875
0.03875
0.03825
0.03825
0.03875
0.03875
0.03725
0.03725
0.03775
0.03775
0.03725
0.03725
0.03775
0.03775
0.03825
0.03825
0.03875
0.03875
0.03825
0.03825
0.03875
0.03875
0.03925
0.03925
0.03975
0.03975
0.03925
0.03925
0.03975
0.03975
0.04025
0.04025
0.04075
0.04075
0.04025
0.04025
0.04075
0.04075
0.03925
0.03925
0.03975
0.03975
0.03925
0.03925
0.03975
0.03975
0.04025
0.04025
0.04075
0.04075
0.04025
0.04025
0.04075
0.04075
0.04125
0.04175
0.04225
0.04275
0.0432501
0.0437504
0.0442511
0.0447529
0.04125
0.04125
0.04175
0.04175
0.04125
0.04125
0.04175
0.04175
0.04225
0.04225
0.04275
0.04275
0.04225
0.04225
0.04275
0.04275
0.04125
0.04125
0.04175
0.04175
0.04125
0.04125
0.04175
0.04175
0.04225
0.04225
0.04275
0.04275
0.04225
0.04225
0.04275
0.04275
0.0432501
0.0432501
0.0437504
0.0437504
0.0432501
0.0432501
0.0437504
0.0437503
0.0442512
0.0442512
0.0447531
0.0447529
0.0442511
0.0442509
0.0447527
0.0447524
0.0432501
0.0432501
0.0437503
0.0437502
0.0432501
0.0432501
0.0437502
0.0437502
0.0442508
0.0442508
0.0447522
0.0447521
0.0442507
0.0442507
0.0447519
0.0447519
0.0452569
0.0457646
0.0462779
0.0467976
0.0473227
0.0478466
0.048361
0.0488557
0.0452571
0.0452567
0.0457648
0.0457642
0.0452563
0.0452558
0.0457634
0.0457627
0.0462779
0.0462772
0.0467977
0.046797
0.0462761
0.0462751
0.0467959
0.0467946
0.0452554
0.0452551
0.045762
0.0457615
0.0452549
0.0452548
0.0457611
0.0457609
0.0462741
0.0462732
0.0467933
0.0467921
0.0462726
0.0462723
0.0467914
0.046791
0.0473228
0.0473225
0.0478476
0.0478483
0.0473217
0.0473204
0.047848
0.047847
0.0483625
0.0483642
0.0488575
0.0488597
0.0483646
0.0483641
0.0488606
0.0488605
0.0473189
0.0473177
0.0478457
0.0478446
0.0473168
0.0473164
0.0478438
0.0478434
0.0483632
0.0483625
0.0488601
0.0488598
0.048362
0.0483617
0.0488595
0.0488594
0.0493264
0.0493278
0.0493302
0.0493305
0.0493311
0.0493308
0.0493307
0.0493306
0.0493305
0.0452548
0.0452549
0.0457609
0.0457611
0.0452551
0.0452554
0.0457615
0.045762
0.0462723
0.0462726
0.046791
0.0467914
0.0462732
0.0462741
0.0467921
0.0467933
0.0452558
0.0452563
0.0457627
0.0457634
0.0452567
0.0452571
0.0457642
0.0457648
0.0462751
0.0462761
0.0467946
0.0467959
0.02525
0.0462772
0.02525
0.02575
0.0462779
0.02575
0.02525
0.046797
0.02525
0.02575
0.0467977
0.02575
0.02625
0.0473164
0.02625
0.02675
0.0473168
0.02675
0.02625
0.0478434
0.02625
0.02675
0.0478438
0.02675
0.02525
0.0473177
0.02525
0.02575
0.0473189
0.02575
0.02525
0.0478446
0.02525
0.02575
0.0478457
0.02575
0.02625
0.0483617
0.02625
0.02675
0.048362
0.02675
0.02625
0.0488594
0.02625
0.02675
0.0488595
0.02675
0.02725
0.0483625
0.02725
0.02775
0.0483632
0.02775
0.02725
0.0488598
0.02725
0.02775
0.0488601
0.02775
0.02825
0.0473204
0.02825
0.02875
0.0473217
0.02875
0.02825
0.047847
0.02825
0.02875
0.047848
0.02875
0.02725
0.0473225
0.02725
0.02775
0.0473228
0.02775
0.02725
0.0478483
0.02725
0.02775
0.0478476
0.02775
0.02825
0.0483641
0.02825
0.02875
0.0483646
0.02875
0.02825
0.0488605
0.02825
0.02875
0.0488606
0.02875
0.0483642
0.02525
0.0483625
0.02575
0.0488597
0.02625
0.0488575
0.02675
0.0452569
0.0457646
0.02725
0.0462779
0.0467976
0.02775
0.0473227
0.0478466
0.02825
0.048361
0.0488557
0.02875
0.02925
0.02925
0.02975
0.02975
0.02925
0.02925
0.02975
0.02975
0.03025
0.03025
0.03075
0.03075
0.03025
0.03025
0.03075
0.03075
0.02925
0.02925
0.02975
0.02975
0.02925
0.02925
0.02975
0.02975
0.03025
0.03025
0.03075
0.03075
0.03025
0.03025
0.03075
0.03075
0.03125
0.03125
0.03175
0.03175
0.03125
0.03125
0.03175
0.03175
0.03225
0.03225
0.03275
0.03275
0.03225
0.03225
0.03275
0.03275
0.03125
0.03125
0.03175
0.03175
0.03125
0.03125
0.03175
0.03175
0.03225
0.03225
0.03275
0.03275
0.03225
0.03225
0.03275
0.03275
0.02925
0.02975
0.03025
0.03075
0.0493305
0.03125
0.0493306
0.0493307
0.03175
0.0493308
0.0493311
0.03225
0.0493305
0.0493302
0.03275
0.0493278
0.0493264
0.00163566
0.00114051
0.01375
0.01325
0.01425
0.01475
0.01525
0.01575
0.02975
0.02925
0.03025
0.03075
0.03125
0.04175
0.04125
0.04225
0.04275
0.04325
0.00215301
0.00267673
0.00320463
0.00372402
0.00423765
0.01625
0.01675
0.01725
0.0457624
0.0452554
0.046276
0.03175
0.03225
0.03275
0.03325
0.0437502
0.0442507
0.044752
0.0452554
0.00574932
0.005248
0.00624981
0.00674995
0.00724999
0.01775
0.01725
0.01825
0.01875
0.01925
0.00474463
0.005248
0.03375
0.03325
0.03425
0.03475
0.03525
0.0467954
0.0473233
0.047847
0.0483643
0.0488595
0.0493279
0.00775
0.00825
0.00875
0.00925
0.01975
0.02025
0.02075
0.02125
0.03575
0.03625
0.03675
0.03725
0.0497793
0.0497768
0.0497811
0.0497787
0.00574932
0.00624981
0.00674995
0.00724999
0.01775
0.01825
0.01875
0.0497807
0.0497795
0.0497799
0.0497795
0.0497795
0.0497795
0.03375
0.03425
0.0457624
0.046276
0.0467954
0.0473233
0.047847
0.0483643
0.02175
0.00775
0.00825
0.00875
0.00925
0.01925
0.01975
0.02025
0.02075
0.02125
0.03475
0.03525
0.03575
0.03625
0.0488595
0.0493279
0.02225
0.02275
0.02325
0.02375
0.02425
0.03775
0.03825
0.03875
0.03925
0.03675
0.03725
0.00975
0.01025
0.01075
0.01125
0.02475
0.02525
0.02575
0.02625
0.02675
0.02725
0.03975
0.04025
0.04075
0.04125
0.01175
0.01225
0.01275
0.01325
0.02775
0.02825
0.02875
0.02925
0.000220713
0.000672077
0.000223178
0.0011405
0.000218917
0.000221266
0.000219334
0.000220518
0.000220137
0.000220455
0.000220453
0.000220453
0.0497795
0.0497799
0.0497795
0.0497807
0.0497787
0.0497811
0.0497768
0.0497793
0.000220455
0.000220137
0.000220518
0.000219334
0.02175
0.02225
0.02275
0.02325
0.03775
0.03825
0.03875
0.03925
0.000221267
0.000218918
0.000223179
0.000220714
0.00975
0.01025
0.01075
0.01125
0.02375
0.02425
0.02475
0.02525
0.02575
0.02625
0.03975
0.04025
0.04075
0.01375
0.01425
0.000672078
0.01175
0.01225
0.01275
0.02675
0.02725
0.02775
0.02825
0.02875
0.00163566
0.00215301
0.00267673
0.01475
0.01525
0.01575
0.01625
0.01675
0.02975
0.03025
0.03075
0.03125
0.03175
0.03225
0.04175
0.04225
0.04275
0.04325
0.0437502
0.00320463
0.00372402
0.00423765
0.00474463
0.03275
0.0442507
0.044752
0.0497802
0.000219826
0.0497802
0.000219826
)
;
    }
}


// ************************************************************************* //
